student_id,year,grade,attendance_category,attendance_rate,days_present,total_days,avg_score,score_std,min_score,max_score,iq_level,study_hours_per_week,student_type,has_tuition,has_learning_difficulty,failing_subjects,weak_subjects,homework_completion_rate,homework_on_time_rate,classwork_completion_rate,parent_engagement_score,parent_meeting_attendance_rate,lms_time_hours,lms_engagement_score,health_status,absences_due_to_sickness,health_incidents,attendance_risk_score,academic_risk_score,behavioral_risk_score,overall_risk_score,risk_level,risk_category,Buddhism_score,English_score,Geography_score,History_score,ICT_score,Mathematics_score,Science_score,Sinhala_score,had_intervention,intervention_type,intervention_effective
STU0001,2023,8,good,74.5,149,200,87.05,10.5,50.2,100.0,98,13.9,science_oriented,1,0,0,0,0.7696,0.711,0.8309,0.8272,0.6667,87.3,0.7243,average,37,3,100.0,9.79,13.02,37.66,Medium,Medium Risk,93.55,78.56,82.22,89.49,89.5,80.68,94.71,88.5,0,None,0
STU0001,2024,9,good,77.27,153,198,88.58,10.29,46.9,100.0,98,13.9,science_oriented,1,0,0,1,0.7692,0.7,0.8308,0.8272,0.6667,84.85,0.7243,average,31,1,100.0,17.18,13.13,41.01,Medium,Medium Risk,94.27,80.79,87.15,90.15,89.63,82.2,96.06,89.99,1,Parent Meeting,1
STU0001,2025,10,good,75.65,146,193,90.16,9.4,47.6,100.0,98,13.9,science_oriented,1,0,0,1,0.7721,0.7048,0.8316,0.8272,0.6667,127.5,0.7243,average,32,8,100.0,16.49,13.07,40.69,Medium,Medium Risk,96.09,82.92,85.92,92.98,92.0,85.57,96.33,91.87,0,None,0
STU0002,2023,8,good,78.5,157,200,69.73,13.67,23.1,100.0,96,11.9,science_oriented,0,0,1,0,0.6152,0.4581,0.7073,0.7607,0.6667,153.35,0.545,good,26,2,93.05,34.81,21.42,48.93,Medium,Medium Risk,69.21,58.75,69.93,59.71,92.29,67.14,72.11,68.53,0,None,0
STU0002,2024,9,good,75.25,149,198,71.2,13.52,28.9,100.0,96,11.9,science_oriented,0,0,1,0,0.6154,0.4583,0.7077,0.7607,0.6667,142.57,0.545,good,29,4,100.0,34.21,21.41,50.75,Medium,Medium Risk,70.3,58.48,72.25,63.08,92.27,68.08,73.55,71.85,1,Study Group,1
STU0002,2025,10,good,81.35,157,193,72.63,13.71,32.8,100.0,96,11.9,science_oriented,0,0,1,0,0.614,0.4571,0.7051,0.7607,0.6667,102.97,0.545,good,22,1,79.06,33.67,21.46,44.23,Medium,Medium Risk,71.36,59.25,71.44,64.63,94.79,70.63,74.9,73.7,1,Study Group,0
STU0003,2023,8,good,79.0,158,200,75.05,16.14,22.1,100.0,88,13.6,language_oriented,1,0,1,0,0.7696,0.6776,0.8665,0.858,0.6667,96.08,0.7104,good,24,4,86.7,29.59,12.41,42.43,Medium,Medium Risk,97.04,79.61,53.31,85.85,66.46,66.11,69.81,88.06,0,None,0
STU0003,2024,9,good,78.79,156,198,77.74,15.82,21.1,100.0,88,13.6,language_oriented,1,0,1,0,0.7692,0.6667,0.8615,0.858,0.6667,93.52,0.7104,good,23,2,83.85,28.52,12.6,41.14,Medium,Medium Risk,98.13,84.25,56.71,87.05,68.4,68.45,73.43,91.99,0,None,0
STU0003,2025,10,good,77.2,149,193,79.69,15.03,29.4,100.0,88,13.6,language_oriented,1,0,1,0,0.7721,0.6706,0.8632,0.858,0.6667,168.3,0.7104,good,24,3,87.96,27.68,12.53,41.98,Medium,Medium Risk,97.69,83.71,59.32,89.75,71.45,70.97,76.39,92.85,1,Parent Meeting,1
STU0004,2023,8,moderate,67.5,135,200,66.91,14.72,31.1,100.0,96,11.3,balanced,0,0,1,0,0.7261,0.5763,0.7537,0.618,0.3333,46.47,0.8685,average,43,5,100.0,33.71,17.54,49.56,High,High Risk,51.0,61.33,70.73,84.28,60.44,71.24,54.7,80.31,0,None,0
STU0004,2024,9,moderate,66.16,131,198,68.42,14.65,31.2,100.0,96,11.3,balanced,0,0,1,0,0.7179,0.5714,0.7538,0.618,0.3333,75.62,0.8685,average,52,1,100.0,33.27,17.59,49.37,High,High Risk,52.02,63.3,71.04,87.14,62.42,72.32,57.82,81.28,1,Study Skills Workshop,1
STU0004,2025,10,moderate,67.88,131,193,71.06,14.56,27.6,100.0,96,11.3,balanced,0,0,1,0,0.7194,0.5733,0.7526,0.618,0.3333,82.4,0.8685,average,48,1,100.0,32.19,17.59,48.88,High,High Risk,55.69,66.43,73.07,89.27,65.43,76.18,58.35,85.0,1,Mentoring Program,1
STU0005,2023,8,moderate,75.0,150,200,74.22,14.36,25.0,100.0,108,11.3,balanced,0,0,1,0,0.6409,0.5603,0.682,0.5984,0.3333,62.12,0.5726,good,25,3,92.5,32.49,23.61,48.28,Medium,Medium Risk,79.37,79.11,78.09,84.57,70.93,61.4,62.22,87.05,0,None,0
STU0005,2024,9,moderate,64.14,127,198,76.62,14.13,39.9,100.0,108,11.3,balanced,0,0,0,1,0.641,0.56,0.6769,0.5984,0.3333,93.47,0.5726,good,48,3,100.0,24.53,23.69,46.96,High,High Risk,81.67,81.91,79.81,87.3,73.29,64.21,64.19,88.77,0,None,0
STU0005,2025,10,moderate,69.95,135,193,77.95,13.21,36.1,100.0,108,11.3,balanced,0,0,0,1,0.6403,0.5617,0.6791,0.5984,0.3333,57.8,0.5726,good,30,0,100.0,24.02,23.64,46.72,High,High Risk,81.0,82.58,80.05,88.44,75.4,66.03,66.59,91.4,1,Tutoring,1
STU0006,2023,8,good,81.0,162,200,87.59,12.28,29.8,100.0,104,11.1,language_oriented,0,0,1,0,0.8376,0.6423,0.882,0.7901,0.6667,162.77,0.8931,poor,34,8,100.0,23.21,11.15,43.23,Medium,Medium Risk,94.0,89.02,92.03,96.38,89.87,80.92,71.62,94.52,0,None,0
STU0006,2024,9,good,75.76,150,198,89.19,11.05,43.6,100.0,104,11.1,language_oriented,0,0,0,1,0.8462,0.6364,0.8769,0.7901,0.6667,76.7,0.8931,poor,42,5,100.0,15.4,11.28,39.75,Medium,Medium Risk,95.16,90.75,93.3,97.01,91.07,83.44,75.9,94.77,0,None,0
STU0006,2025,10,good,77.2,149,193,90.86,10.22,46.6,100.0,104,11.1,language_oriented,0,0,0,1,0.8419,0.6354,0.8791,0.7901,0.6667,97.82,0.8931,poor,35,2,100.0,14.82,11.26,39.48,Medium,Medium Risk,96.4,93.0,93.77,97.49,91.3,85.17,78.77,96.73,0,None,0
STU0007,2023,8,moderate,59.0,118,200,72.19,14.25,26.9,100.0,82,19.7,balanced,1,0,1,0,0.6409,0.5859,0.7073,0.6763,0.6667,79.87,0.6432,below_average,65,8,100.0,33.3,20.36,50.08,High,High Risk,72.29,85.22,80.89,73.26,70.21,57.16,64.14,81.67,0,None,0
STU0007,2024,9,moderate,65.66,130,198,74.69,14.3,31.3,100.0,82,19.7,balanced,1,0,1,0,0.641,0.6,0.7077,0.6763,0.6667,76.15,0.6432,below_average,48,1,100.0,32.31,20.21,49.59,High,High Risk,75.73,88.58,83.68,76.47,70.73,59.03,67.23,84.12,0,None,0
STU0007,2025,10,moderate,62.69,121,193,77.69,13.67,32.0,100.0,82,19.7,balanced,1,0,1,0,0.6403,0.5884,0.7051,0.6763,0.6667,83.85,0.6432,below_average,51,8,100.0,31.12,20.36,49.09,High,High Risk,79.15,90.46,83.89,79.78,74.49,61.76,70.77,88.23,1,Counseling,1
STU0008,2023,8,good,70.0,140,200,61.84,19.36,6.2,100.0,87,8.1,language_oriented,0,1,1,1,0.6667,0.5,0.6772,0.7911,0.6667,92.77,0.7481,good,35,5,100.0,44.93,37.8,59.67,Medium,Medium Risk,76.84,56.61,71.45,83.08,61.75,50.05,35.25,79.25,0,None,0
STU0008,2024,9,good,76.26,151,198,63.42,19.92,8.8,100.0,87,8.1,language_oriented,0,1,2,0,0.6667,0.5,0.6769,0.7911,0.6667,113.7,0.7481,good,25,0,91.62,51.3,37.8,60.02,High,High Risk,78.4,58.5,75.1,84.48,61.04,50.07,34.85,79.66,1,Academic Advising,1
STU0008,2025,10,good,73.06,141,193,63.65,19.53,9.3,100.0,87,8.1,language_oriented,0,1,1,2,0.6667,0.5,0.6791,0.7911,0.6667,105.5,0.7481,good,33,3,100.0,52.21,37.77,62.94,High,High Risk,78.96,58.16,74.38,85.78,62.48,48.54,35.86,79.13,1,Counseling,0
STU0009,2023,8,moderate,66.0,132,200,37.62,13.87,5.1,78.6,98,4.7,science_oriented,0,0,4,6,0.3591,0.3089,0.4463,0.5524,0.3333,60.68,0.6529,good,36,3,100.0,100.0,49.37,87.34,High,High Risk,28.68,23.81,39.68,48.47,40.91,49.81,39.14,25.87,0,None,0
STU0009,2024,9,moderate,74.75,148,198,38.22,14.11,7.1,76.2,98,4.7,science_oriented,0,0,4,5,0.359,0.2857,0.4462,0.5524,0.3333,91.2,0.6529,good,31,1,100.0,100.0,49.61,87.4,High,High Risk,30.89,23.13,43.24,48.67,42.6,50.09,39.78,24.58,0,None,0
STU0009,2025,10,moderate,65.8,127,193,38.88,13.57,6.0,74.4,98,4.7,science_oriented,0,0,4,5,0.3597,0.293,0.4474,0.5524,0.3333,67.03,0.6529,good,38,1,100.0,100.0,49.52,87.38,High,High Risk,30.98,25.19,42.15,48.27,45.06,50.39,39.8,27.01,0,None,0
STU0010,2023,8,good,71.0,142,200,74.74,12.67,30.0,100.0,103,21.3,balanced,0,1,1,0,0.6667,0.5,0.718,0.7316,0.6667,160.77,0.8278,below_average,45,8,100.0,31.77,37.18,53.59,Medium,Medium Risk,83.98,71.97,73.77,78.53,73.46,69.57,69.27,82.05,0,None,0
STU0010,2024,9,good,73.23,145,198,75.81,12.17,38.4,100.0,103,21.3,balanced,0,1,0,1,0.6667,0.5,0.7231,0.7316,0.6667,104.25,0.8278,below_average,38,6,100.0,24.34,37.1,50.23,Medium,Medium Risk,85.53,75.0,73.85,79.91,72.51,73.29,68.81,81.11,0,None,0
STU0010,2025,10,good,80.83,156,193,76.07,12.19,34.7,100.0,103,21.3,balanced,0,1,1,0,0.6667,0.5,0.7209,0.7316,0.6667,122.62,0.8278,below_average,31,11,100.0,31.24,37.14,53.34,Medium,Medium Risk,84.79,75.01,74.67,79.06,74.41,73.05,69.42,83.04,0,None,0
STU0011,2023,8,excellent,88.5,177,200,96.28,5.27,60.4,100.0,106,22.0,science_oriented,0,0,0,0,0.8119,0.6845,0.9026,0.7144,0.6667,73.82,0.832,excellent,12,1,44.05,5.25,12.85,18.79,Low,Low Risk,97.87,85.8,97.79,97.84,97.92,97.31,97.82,98.05,0,None,0
STU0011,2024,9,excellent,93.43,185,198,96.17,5.4,59.7,100.0,106,22.0,science_oriented,0,0,0,0,0.8205,0.6875,0.9077,0.7144,0.6667,117.63,0.832,excellent,6,0,22.6,5.12,12.74,12.27,Low,Low Risk,97.75,85.89,97.55,97.97,97.74,97.53,97.91,97.7,0,None,0
STU0011,2025,10,excellent,90.16,174,193,96.63,4.77,59.9,100.0,106,22.0,science_oriented,0,0,0,0,0.8155,0.6882,0.9051,0.7144,0.6667,150.25,0.832,excellent,7,0,27.89,5.04,12.77,13.83,Low,Low Risk,97.72,88.85,97.67,98.0,97.8,97.87,98.27,97.7,0,None,0
STU0012,2023,8,moderate,67.5,135,200,61.2,19.85,14.2,100.0,70,9.1,language_oriented,1,0,1,2,0.5472,0.4682,0.6,0.6126,0.6667,63.68,0.7149,excellent,35,3,100.0,55.57,23.34,60.84,High,High Risk,72.64,37.77,70.18,81.83,61.4,38.59,59.61,82.76,0,None,0
STU0012,2024,9,moderate,65.66,130,198,63.22,19.7,11.1,100.0,70,9.1,language_oriented,1,0,1,2,0.5385,0.4762,0.6,0.6126,0.6667,63.07,0.7149,excellent,34,2,100.0,54.94,23.26,60.54,High,High Risk,76.05,39.14,72.52,82.16,61.05,41.87,60.38,85.82,1,Tutoring,1
STU0012,2025,10,moderate,68.91,133,193,64.0,20.32,12.8,100.0,70,9.1,language_oriented,1,0,1,2,0.5442,0.4675,0.6,0.6126,0.6667,79.68,0.7149,excellent,34,1,100.0,54.52,23.35,60.37,High,High Risk,76.78,38.51,75.26,84.9,62.21,44.58,60.39,87.89,1,Study Skills Workshop,0
STU0013,2023,8,excellent,88.0,176,200,95.0,6.4,60.0,100.0,96,23.1,language_oriented,1,0,0,0,0.897,0.6946,0.9798,0.6758,0.6667,105.58,0.754,excellent,11,0,41.4,4.06,13.53,17.63,Low,Low Risk,97.67,97.95,87.45,97.49,96.71,89.59,97.61,95.18,0,None,0
STU0013,2024,9,excellent,86.36,171,198,95.57,5.68,60.8,100.0,96,23.1,language_oriented,1,0,0,0,0.8974,0.6857,0.9846,0.6758,0.6667,166.85,0.754,excellent,15,3,54.55,3.82,13.55,21.47,Low,Low Risk,97.5,97.69,90.39,97.75,97.37,90.99,98.02,95.72,0,None,0
STU0013,2025,10,excellent,86.53,167,193,95.93,5.18,54.6,100.0,96,23.1,language_oriented,1,0,0,0,0.8946,0.6863,0.9842,0.6758,0.6667,96.53,0.754,excellent,12,3,45.43,3.73,13.55,18.7,Low,Low Risk,97.67,97.85,92.33,97.79,97.89,91.16,97.73,96.03,0,None,0
STU0014,2023,8,moderate,67.0,134,200,91.06,9.38,51.6,100.0,111,16.0,science_oriented,1,0,0,0,0.897,0.8381,0.9846,0.6046,0.3333,54.25,0.7909,good,38,2,100.0,5.64,12.9,35.76,High,High Risk,92.53,76.31,95.3,94.67,91.24,94.09,94.15,90.36,0,None,0
STU0014,2024,9,moderate,67.68,134,198,92.49,8.49,56.0,100.0,111,16.0,science_oriented,1,0,0,0,0.8974,0.8286,0.9846,0.6046,0.3333,92.25,0.7909,good,41,1,100.0,5.05,12.99,35.52,High,High Risk,94.78,78.28,95.2,95.82,94.24,95.55,95.61,91.42,1,Mentoring Program,1
STU0014,2025,10,moderate,70.98,137,193,93.37,8.13,51.8,100.0,111,16.0,science_oriented,1,0,0,0,0.8946,0.8336,0.9842,0.6046,0.3333,93.43,0.7909,good,37,0,100.0,4.76,12.95,35.38,Medium,Medium Risk,94.7,82.46,96.32,96.67,94.99,95.81,95.39,91.24,1,Tutoring,1
STU0015,2023,8,excellent,89.5,179,200,88.94,10.25,52.6,100.0,123,22.1,language_oriented,0,1,0,0,0.7518,0.5908,0.7846,0.679,0.6667,147.32,0.95,excellent,9,0,34.35,9.39,34.49,23.15,Low,Low Risk,97.81,85.3,88.54,97.59,87.87,82.1,81.31,96.64,0,None,0
STU0015,2024,9,excellent,84.85,168,198,88.75,10.72,42.6,100.0,123,22.1,language_oriented,0,1,0,1,0.7436,0.5862,0.7846,0.679,0.6667,126.22,0.95,excellent,15,1,55.61,17.63,34.54,33.25,Medium,Medium Risk,97.82,86.42,88.16,97.39,88.65,81.28,80.95,96.36,0,None,0
STU0015,2025,10,excellent,93.26,180,193,90.67,9.18,56.0,100.0,123,22.1,language_oriented,0,1,0,0,0.7457,0.5883,0.7842,0.679,0.6667,118.9,0.95,excellent,5,0,19.72,8.82,34.52,18.51,Low,Low Risk,97.91,88.83,90.08,97.31,90.15,84.88,84.93,97.02,0,None,0
STU0016,2023,8,good,67.5,135,200,93.75,7.93,53.0,100.0,128,19.1,practical,0,0,0,0,0.7861,0.6415,0.8309,0.7455,0.6667,178.87,0.763,good,39,1,100.0,6.78,14.77,36.74,High,High Risk,95.61,97.55,97.97,97.18,89.21,84.1,94.83,96.83,0,None,0
STU0016,2024,9,good,75.76,150,198,94.4,7.24,53.1,100.0,128,19.1,practical,0,0,0,0,0.7949,0.6452,0.8308,0.7455,0.6667,178.72,0.763,good,24,0,88.97,6.34,14.73,33.23,Medium,Medium Risk,96.51,97.3,98.1,97.5,92.14,84.03,95.73,97.12,1,Parent Meeting,1
STU0016,2025,10,good,74.61,144,193,94.45,7.51,52.8,100.0,128,19.1,practical,0,0,0,0,0.7892,0.6444,0.8316,0.7455,0.6667,92.97,0.763,good,25,2,92.77,6.44,14.73,34.41,Medium,Medium Risk,96.94,97.71,98.02,97.69,92.11,83.86,96.02,96.88,1,Study Group,0
STU0017,2023,8,irregular,54.0,108,200,62.07,14.13,20.9,100.0,108,7.8,language_oriented,0,0,1,0,0.5043,0.4058,0.5846,0.4921,0.3333,28.55,0.5698,good,55,1,100.0,40.09,48.78,60.23,High,High Risk,79.74,56.13,61.2,68.57,65.99,55.3,52.44,65.11,0,None,0
STU0017,2024,9,irregular,48.99,97,198,63.77,14.01,21.1,100.0,108,7.8,language_oriented,0,0,1,0,0.5128,0.4,0.5846,0.4921,0.3333,52.32,0.5698,good,64,2,100.0,39.24,48.84,59.87,High,High Risk,79.46,59.24,64.79,69.69,67.83,56.42,54.88,65.54,0,None,0
STU0017,2025,10,irregular,57.51,111,193,65.2,14.02,25.4,100.0,108,7.8,language_oriented,0,0,1,0,0.5085,0.3963,0.5842,0.4921,0.3333,51.13,0.5698,good,50,0,100.0,38.75,48.89,59.66,High,High Risk,82.74,59.31,65.31,73.47,68.42,55.92,56.88,67.3,1,Tutoring,1
STU0018,2023,8,good,76.5,153,200,85.15,13.68,35.7,100.0,87,14.5,practical,0,0,0,1,0.6667,0.6277,0.6871,0.7784,0.6667,167.12,0.8538,below_average,37,7,100.0,20.61,15.04,43.03,Medium,Medium Risk,96.94,73.84,90.19,82.73,93.99,66.83,89.92,92.14,0,None,0
STU0018,2024,9,good,73.74,146,198,84.97,13.52,40.1,100.0,87,14.5,practical,0,0,0,1,0.6667,0.6154,0.6923,0.7784,0.6667,114.38,0.8538,below_average,44,2,100.0,20.68,15.09,43.08,Medium,Medium Risk,96.72,72.2,90.37,85.47,93.58,67.55,89.33,92.47,0,None,0
STU0018,2025,10,good,76.17,147,193,84.69,14.2,37.4,100.0,87,14.5,practical,0,0,0,1,0.6667,0.6186,0.6893,0.7784,0.6667,94.42,0.8538,below_average,40,2,100.0,20.79,15.1,43.13,Medium,Medium Risk,96.18,72.13,92.09,83.74,94.91,66.45,89.2,92.3,0,None,0
STU0019,2023,8,irregular,44.5,89,200,48.16,12.95,8.0,86.3,91,7.2,balanced,1,0,2,4,0.3076,0.2512,0.3846,0.3732,0.3333,22.18,0.538,good,73,1,100.0,96.58,56.19,87.51,High,High Risk,53.41,26.84,47.02,48.45,45.68,55.29,53.94,52.72,0,None,0
STU0019,2024,9,irregular,45.96,91,198,47.92,12.95,9.0,77.6,91,7.2,balanced,1,0,2,4,0.3077,0.25,0.3846,0.3732,0.3333,46.72,0.538,good,67,2,100.0,96.68,56.2,87.56,High,High Risk,50.03,27.4,47.54,47.26,47.4,54.51,54.31,52.29,1,Tutoring,1
STU0019,2025,10,irregular,47.67,92,193,48.77,12.17,7.5,80.3,91,7.2,balanced,1,0,2,5,0.307,0.2576,0.3842,0.3732,0.3333,26.67,0.538,good,52,0,100.0,100.0,56.13,89.03,High,High Risk,49.83,30.39,48.82,49.16,47.05,54.96,54.27,53.47,1,Counseling,1
STU0020,2023,8,excellent,87.5,175,200,93.42,7.13,55.6,100.0,103,14.5,practical,1,0,0,0,0.9485,0.7202,0.9537,0.6595,0.6667,146.85,0.7439,good,15,2,53.75,3.66,14.14,21.31,Low,Low Risk,94.7,96.55,96.29,91.52,95.37,90.83,89.4,95.06,0,None,0
STU0020,2024,9,excellent,88.89,176,198,93.85,6.93,52.7,100.0,103,14.5,practical,1,0,0,0,0.9487,0.7297,0.9538,0.6595,0.6667,150.48,0.7439,good,12,3,43.78,3.48,14.05,18.21,Low,Low Risk,94.81,95.5,97.14,92.3,97.02,91.51,89.62,95.31,0,None,0
STU0020,2025,10,excellent,85.49,165,193,94.12,6.76,61.5,100.0,103,14.5,practical,1,0,0,0,0.9473,0.7218,0.9526,0.6595,0.6667,123.57,0.7439,good,14,0,52.16,3.4,14.15,20.72,Low,Low Risk,94.57,97.07,97.05,92.94,95.33,91.21,90.82,95.91,0,None,0
STU0021,2023,8,moderate,62.0,124,200,66.38,17.76,11.6,100.0,109,7.7,science_oriented,1,0,2,0,0.7089,0.6024,0.718,0.6667,0.6667,96.95,0.5279,average,59,0,100.0,49.27,41.95,62.66,High,High Risk,68.33,58.64,70.33,32.02,64.42,76.93,84.95,64.47,0,None,0
STU0021,2024,9,moderate,61.11,121,198,67.89,17.48,9.5,100.0,109,7.7,science_oriented,1,0,2,0,0.7179,0.6071,0.7231,0.6667,0.6667,90.08,0.5279,average,60,2,100.0,48.49,41.83,62.28,High,High Risk,69.06,60.43,70.58,34.9,69.28,78.59,86.58,66.83,1,Study Skills Workshop,1
STU0021,2025,10,moderate,61.14,118,193,70.64,17.34,10.0,100.0,109,7.7,science_oriented,1,0,2,0,0.7101,0.6048,0.7209,0.6667,0.6667,91.37,0.5279,average,56,4,100.0,47.54,41.89,61.86,High,High Risk,73.54,64.75,74.28,34.85,69.88,81.07,86.71,69.51,1,Parent Meeting,1
STU0022,2023,8,excellent,81.5,163,200,94.78,6.93,57.8,100.0,77,23.8,science_oriented,1,0,0,0,0.8119,0.6528,0.882,0.6274,0.3333,77.02,0.95,excellent,15,2,57.95,5.85,13.44,23.38,Medium,Medium Risk,95.78,95.66,96.01,82.62,97.83,96.65,96.12,95.7,0,None,0
STU0022,2024,9,excellent,79.29,157,198,95.11,6.57,60.4,100.0,77,23.8,science_oriented,1,0,0,0,0.8205,0.6562,0.8769,0.6274,0.3333,140.72,0.95,excellent,19,1,71.49,5.55,13.49,27.32,Medium,Medium Risk,95.82,96.14,96.85,83.25,97.73,96.69,96.54,96.13,1,Parent Meeting,1
STU0022,2025,10,excellent,83.94,162,193,95.99,5.63,57.1,100.0,77,23.8,science_oriented,1,0,0,0,0.8155,0.6559,0.8791,0.6274,0.3333,94.77,0.95,excellent,18,2,65.24,5.3,13.46,25.32,Medium,Medium Risk,97.37,97.1,97.07,86.55,97.47,97.13,96.97,96.84,0,None,0
STU0023,2023,8,irregular,47.0,94,200,45.71,13.65,7.7,93.0,108,4.8,practical,0,0,2,6,0.53,0.4347,0.6154,0.8896,0.6667,26.6,0.5176,average,69,1,100.0,100.0,40.86,85.22,High,High Risk,30.76,41.4,64.57,47.03,43.7,42.91,55.14,39.04,0,None,0
STU0023,2024,9,irregular,43.43,86,198,49.03,13.23,12.1,90.9,108,4.8,practical,0,0,1,7,0.5385,0.4286,0.6154,0.8896,0.6667,70.13,0.5176,average,83,0,100.0,100.0,40.93,85.23,High,High Risk,35.48,43.85,66.76,49.79,45.32,46.98,58.14,43.71,0,None,0
STU0023,2025,10,irregular,45.6,88,193,52.1,13.12,14.1,87.8,108,4.8,practical,0,0,1,3,0.5349,0.4261,0.6158,0.8896,0.6667,59.85,0.5176,average,70,3,100.0,67.46,40.95,70.59,High,High Risk,37.37,48.01,69.93,50.99,51.42,50.77,60.34,44.68,1,Tutoring,1
STU0024,2023,8,good,84.5,169,200,85.32,12.75,38.3,100.0,109,14.9,science_oriented,0,0,0,1,0.8633,0.7424,0.918,0.8171,0.6667,148.97,0.8046,good,16,4,58.85,16.6,10.39,27.73,Medium,Medium Risk,95.4,76.92,81.99,72.85,87.31,92.5,97.01,75.03,0,None,0
STU0024,2024,9,good,75.76,150,198,86.42,12.24,40.9,100.0,109,14.9,science_oriented,0,0,0,1,0.8718,0.7353,0.9231,0.8171,0.6667,136.02,0.8046,good,32,4,100.0,16.0,10.39,39.8,Medium,Medium Risk,95.94,79.29,82.7,73.39,89.73,92.7,96.58,78.24,1,Academic Advising,1
STU0024,2025,10,good,78.76,152,193,87.73,10.92,46.0,100.0,109,14.9,science_oriented,0,0,0,1,0.8682,0.7375,0.9209,0.8171,0.6667,179.72,0.8046,good,26,0,92.87,15.54,10.4,37.46,Medium,Medium Risk,95.42,81.13,86.37,76.56,88.83,94.02,95.98,80.85,0,None,0
STU0025,2023,8,good,70.5,141,200,66.36,16.05,25.6,100.0,88,18.9,balanced,0,0,1,0,0.6832,0.5496,0.6974,0.8046,0.6667,177.0,0.8233,average,38,3,100.0,34.79,15.6,49.56,Medium,Medium Risk,60.3,52.95,58.1,59.08,79.83,56.67,76.96,83.36,0,None,0
STU0025,2024,9,good,74.75,148,198,70.05,15.49,17.1,100.0,88,18.9,balanced,0,0,1,0,0.6923,0.5556,0.6923,0.8046,0.6667,172.75,0.8233,average,34,1,100.0,33.13,15.62,48.81,Medium,Medium Risk,62.25,54.86,64.0,63.32,83.47,62.93,80.87,84.67,0,None,0
STU0025,2025,10,good,76.68,148,193,71.75,15.53,33.1,100.0,88,18.9,balanced,0,0,1,0,0.6838,0.5509,0.6949,0.8046,0.6667,120.15,0.8233,average,30,3,100.0,32.62,15.63,48.59,Medium,Medium Risk,66.9,57.64,65.45,64.76,84.4,63.8,83.04,87.31,0,None,0
STU0026,2023,8,irregular,46.5,93,200,40.1,14.47,6.5,78.4,95,4.9,science_oriented,0,0,3,6,0.2818,0.2106,0.3438,0.8723,0.6667,48.75,0.4941,excellent,62,1,100.0,100.0,47.88,86.97,High,High Risk,41.97,44.35,21.66,53.91,49.54,40.78,46.45,22.5,0,None,0
STU0026,2024,9,irregular,43.94,87,198,41.92,14.43,4.4,84.5,95,4.9,science_oriented,0,0,3,5,0.2821,0.1818,0.3385,0.8723,0.6667,46.68,0.4941,excellent,59,1,100.0,100.0,48.25,87.06,High,High Risk,44.69,44.48,24.26,56.41,51.31,43.29,48.27,23.22,1,Parent Meeting,1
STU0026,2025,10,irregular,52.85,102,193,42.89,14.12,8.2,79.0,95,4.9,science_oriented,0,0,3,5,0.2806,0.1879,0.3423,0.8723,0.6667,43.5,0.4941,excellent,54,1,100.0,100.0,48.13,87.03,High,High Risk,45.62,46.04,26.31,58.3,51.51,43.68,48.11,24.65,1,Study Skills Workshop,0
STU0027,2023,8,good,70.0,140,200,96.06,5.06,62.4,100.0,94,17.8,balanced,0,0,0,0,0.9485,0.7572,0.9846,0.8458,0.6667,150.3,0.95,good,31,0,100.0,2.61,6.49,32.8,Medium,Medium Risk,97.34,96.94,96.65,97.58,96.83,97.12,91.88,95.47,0,None,0
STU0027,2024,9,good,78.28,155,198,96.78,3.87,72.8,100.0,94,17.8,balanced,0,0,0,0,0.9487,0.7568,0.9846,0.8458,0.6667,172.53,0.95,good,22,2,81.2,2.32,6.5,27.03,Medium,Medium Risk,97.65,96.96,97.1,98.0,97.58,97.66,93.97,96.1,0,None,0
STU0027,2025,10,good,80.31,155,193,96.94,3.6,67.8,100.0,94,17.8,balanced,0,0,0,0,0.9473,0.7594,0.9842,0.8458,0.6667,144.22,0.95,good,24,6,85.78,2.28,6.48,28.38,Medium,Medium Risk,97.96,97.12,97.4,97.5,97.54,97.7,95.03,95.79,1,Academic Advising,1
STU0028,2023,8,good,83.0,166,200,83.52,13.8,30.3,100.0,92,14.7,language_oriented,0,0,1,0,0.7182,0.5358,0.7438,0.7658,0.6667,114.27,0.7135,good,20,1,71.9,27.23,17.47,38.19,Medium,Medium Risk,97.19,85.54,83.1,96.26,81.06,66.8,76.01,92.93,0,None,0
STU0028,2024,9,good,76.77,152,198,85.72,12.74,39.5,100.0,92,14.7,language_oriented,0,0,0,1,0.7179,0.5357,0.7385,0.7658,0.6667,122.57,0.7135,good,23,1,85.26,19.35,17.55,38.68,Medium,Medium Risk,96.95,89.55,87.2,97.5,83.73,69.39,78.19,94.05,1,Study Group,0
STU0028,2025,10,good,78.24,151,193,86.99,12.25,38.4,100.0,92,14.7,language_oriented,0,0,0,1,0.7194,0.5366,0.7423,0.7658,0.6667,110.75,0.7135,good,28,1,99.23,18.82,17.48,42.61,Medium,Medium Risk,97.23,89.86,88.92,97.19,85.8,70.19,81.77,95.64,0,None,0
STU0029,2023,8,good,62.5,125,200,68.02,13.97,12.4,98.7,114,18.7,balanced,0,1,1,0,0.7776,0.7038,0.8717,0.7703,0.6667,142.68,0.7662,excellent,39,0,100.0,32.24,32.99,52.76,High,High Risk,63.96,73.27,66.11,63.0,78.65,52.41,68.15,79.26,0,None,0
STU0029,2024,9,good,74.24,147,198,70.48,13.8,25.5,100.0,114,18.7,balanced,0,1,1,0,0.7692,0.7,0.8769,0.7703,0.6667,137.88,0.7662,excellent,23,1,87.03,31.42,32.95,48.49,Medium,Medium Risk,68.52,74.97,68.17,67.38,79.81,54.12,72.48,82.3,1,Tutoring,0
STU0029,2025,10,good,76.17,147,193,75.15,13.85,32.6,100.0,114,18.7,balanced,0,1,1,0,0.7721,0.7048,0.8735,0.7703,0.6667,149.33,0.7662,excellent,20,3,76.68,29.5,32.95,44.52,Medium,Medium Risk,75.16,79.23,75.0,71.89,85.25,58.71,75.51,85.19,0,None,0
STU0030,2023,8,good,79.5,159,200,85.06,12.42,33.0,100.0,103,5.5,science_oriented,1,0,1,0,0.8713,0.6765,0.9283,0.7398,0.6667,99.2,0.7059,good,23,2,83.35,23.55,33.93,44.08,Medium,Medium Risk,85.08,69.99,95.57,86.95,88.36,87.65,93.51,74.03,0,None,0
STU0030,2024,9,good,74.24,147,198,86.62,11.7,42.9,100.0,103,5.5,science_oriented,1,0,0,1,0.8718,0.6765,0.9231,0.7398,0.6667,116.7,0.7059,good,32,1,100.0,15.92,34.01,45.66,Medium,Medium Risk,86.53,76.2,96.02,88.48,88.54,89.68,92.62,75.45,0,None,0
STU0030,2025,10,good,78.76,152,193,88.83,10.59,49.7,100.0,103,5.5,science_oriented,1,0,0,1,0.8682,0.6768,0.9265,0.7398,0.6667,138.85,0.7059,good,22,2,80.87,15.1,33.95,39.55,Medium,Medium Risk,89.36,77.12,96.69,90.59,92.29,90.83,94.56,78.91,0,None,0
STU0031,2023,8,excellent,82.0,164,200,97.1,3.29,71.5,100.0,116,23.7,science_oriented,1,0,0,0,0.9485,0.8914,0.9691,0.6476,0.6667,177.03,0.95,excellent,15,0,57.6,2.19,9.35,20.6,Medium,Medium Risk,96.9,93.61,97.32,97.35,97.67,97.81,97.86,97.87,0,None,0
STU0031,2024,9,excellent,82.83,164,198,97.37,2.99,76.6,100.0,116,23.7,science_oriented,1,0,0,0,0.9487,0.8919,0.9692,0.6476,0.6667,129.45,0.95,excellent,14,1,54.02,2.08,9.34,19.48,Medium,Medium Risk,97.94,94.51,97.25,97.65,97.8,98.11,97.92,97.63,0,None,0
STU0031,2025,10,excellent,84.97,164,193,97.65,2.36,78.6,100.0,116,23.7,science_oriented,1,0,0,0,0.9473,0.8887,0.9684,0.6476,0.6667,113.32,0.95,excellent,14,2,52.52,1.99,9.38,19.0,Medium,Medium Risk,97.7,96.06,97.77,98.04,98.14,97.96,97.77,97.78,1,Academic Advising,0
STU0032,2023,8,good,74.5,149,200,86.37,12.88,46.9,100.0,121,10.7,language_oriented,0,0,0,1,0.6924,0.5796,0.7846,0.8351,0.6667,88.45,0.7916,below_average,45,2,100.0,19.6,13.86,42.29,Medium,Medium Risk,97.56,89.76,76.58,97.88,86.13,72.97,77.47,97.58,0,None,0
STU0032,2024,9,good,71.21,141,198,86.28,12.73,48.0,100.0,121,10.7,language_oriented,0,0,0,1,0.6923,0.5926,0.7846,0.8351,0.6667,98.02,0.7916,below_average,40,6,100.0,19.64,13.73,42.27,Medium,Medium Risk,97.25,91.72,77.32,97.41,86.05,74.7,75.45,97.76,0,None,0
STU0032,2025,10,good,69.43,134,193,86.33,12.78,37.2,100.0,121,10.7,language_oriented,0,0,0,1,0.693,0.5817,0.7842,0.8351,0.6667,97.57,0.7916,below_average,51,6,100.0,19.61,13.84,42.29,High,High Risk,97.12,90.91,78.31,97.36,86.91,74.87,75.53,97.68,0,None,0
STU0033,2023,8,at-risk,27.0,54,200,25.58,14.8,5.2,70.5,97,1.0,language_oriented,1,0,7,3,0.2818,0.2106,0.3129,0.3587,0.3333,26.1,0.2582,good,101,1,100.0,100.0,62.15,90.54,High,High Risk,37.28,45.52,11.95,31.09,14.75,15.34,14.81,38.36,0,None,0
STU0033,2024,9,at-risk,23.74,47,198,29.02,15.69,5.3,75.3,97,1.0,language_oriented,1,0,6,4,0.2821,0.1818,0.3077,0.3587,0.3333,7.97,0.2582,good,85,2,100.0,100.0,62.52,90.63,High,High Risk,40.85,48.0,12.9,35.85,19.39,17.59,17.24,43.4,0,None,0
STU0033,2025,10,at-risk,27.46,53,193,32.87,15.97,5.4,92.1,97,1.0,language_oriented,1,0,6,3,0.2806,0.1879,0.3107,0.3587,0.3333,23.72,0.2582,good,77,2,100.0,100.0,62.41,90.6,High,High Risk,46.82,52.27,18.22,40.71,24.69,20.95,21.72,48.13,1,Mentoring Program,1
STU0034,2023,8,moderate,65.0,130,200,90.84,8.54,52.3,100.0,103,14.4,balanced,0,0,0,0,0.6667,0.5386,0.7129,0.7019,0.6667,40.95,0.6536,average,54,3,100.0,10.33,20.08,39.67,High,High Risk,88.27,91.13,92.23,88.33,93.68,84.47,94.77,93.41,0,None,0
STU0034,2024,9,moderate,65.15,129,198,92.56,7.48,62.1,100.0,103,14.4,balanced,0,0,0,0,0.6667,0.5385,0.7077,0.7019,0.6667,87.38,0.6536,average,54,3,100.0,9.64,20.16,39.38,High,High Risk,90.74,93.12,93.16,89.96,95.5,86.88,96.01,95.4,1,Tutoring,0
STU0034,2025,10,moderate,60.1,116,193,94.02,6.87,50.9,100.0,103,14.4,balanced,0,0,0,0,0.6667,0.5395,0.7107,0.7019,0.6667,52.63,0.6536,average,61,2,100.0,9.06,20.1,39.1,High,High Risk,91.89,94.02,95.17,92.07,97.19,89.07,96.97,95.92,1,Counseling,1
STU0035,2023,8,excellent,77.5,155,200,95.79,5.57,68.6,100.0,100,24.8,balanced,0,0,0,0,0.8713,0.7742,0.9691,0.736,0.6667,178.08,0.95,average,35,2,100.0,4.26,8.75,34.1,Medium,Medium Risk,98.21,97.89,97.35,97.36,96.62,97.12,87.71,96.98,0,None,0
STU0035,2024,9,excellent,84.34,167,198,95.86,5.45,60.0,100.0,100,24.8,balanced,0,0,0,0,0.8718,0.7647,0.9692,0.736,0.6667,72.6,0.95,average,19,3,67.96,4.22,8.84,24.5,Medium,Medium Risk,98.08,97.66,97.33,97.43,97.11,95.92,88.5,96.87,1,Study Group,1
STU0035,2025,10,excellent,83.42,161,193,96.25,5.13,65.8,100.0,100,24.8,balanced,0,0,0,0,0.8682,0.7679,0.9684,0.736,0.6667,98.87,0.95,average,20,3,71.61,4.14,8.83,25.55,Medium,Medium Risk,97.95,97.48,97.91,97.73,97.44,96.83,89.15,97.69,1,Academic Advising,1
STU0036,2023,8,moderate,71.0,142,200,64.23,13.74,20.4,100.0,115,8.3,science_oriented,0,0,1,0,0.7518,0.5908,0.7846,0.6514,0.3333,90.6,0.5671,average,44,2,100.0,34.27,20.79,50.62,Medium,Medium Risk,76.84,59.13,75.63,60.92,70.66,60.11,53.31,64.35,0,None,0
STU0036,2024,9,moderate,73.23,145,198,65.37,13.74,24.6,100.0,115,8.3,science_oriented,0,0,1,0,0.7436,0.5862,0.7846,0.6514,0.3333,76.6,0.5671,average,41,4,100.0,33.98,20.83,50.5,Medium,Medium Risk,77.78,60.88,76.39,59.7,74.16,61.7,55.56,63.74,1,Academic Advising,1
STU0036,2025,10,moderate,65.8,127,193,66.19,14.24,28.1,100.0,115,8.3,science_oriented,0,0,1,0,0.7457,0.5883,0.7842,0.6514,0.3333,79.58,0.5671,average,49,2,100.0,33.61,20.82,50.33,High,High Risk,78.01,58.61,79.23,60.06,73.9,64.32,53.05,68.66,1,Academic Advising,1
STU0037,2023,8,excellent,86.0,172,200,89.47,10.07,44.9,100.0,113,19.2,science_oriented,1,0,0,1,0.7861,0.5759,0.8408,0.7581,0.6667,89.13,0.8633,good,15,2,54.8,16.49,13.52,27.24,Low,Low Risk,93.47,91.49,87.51,86.36,97.25,86.38,95.69,77.89,0,None,0
STU0037,2024,9,excellent,76.77,152,198,91.07,9.56,53.5,100.0,113,19.2,science_oriented,1,0,0,0,0.7949,0.5806,0.8462,0.7581,0.6667,115.42,0.8633,good,24,1,88.26,7.67,13.39,33.28,Medium,Medium Risk,92.05,93.03,91.16,88.85,97.42,88.49,96.99,79.11,0,None,0
STU0037,2025,10,excellent,84.46,163,193,92.48,8.52,52.6,100.0,113,19.2,science_oriented,1,0,0,0,0.7892,0.5776,0.8419,0.7581,0.6667,119.45,0.8633,good,20,2,70.88,7.22,13.48,27.89,Medium,Medium Risk,95.49,94.27,91.62,90.25,97.23,91.93,96.6,81.96,0,None,0
STU0038,2023,8,moderate,69.0,138,200,81.16,13.17,40.7,100.0,117,8.9,practical,1,0,0,1,0.6244,0.4928,0.6562,0.5464,0.3333,75.97,0.755,good,40,3,100.0,23.05,22.98,46.12,High,High Risk,64.04,97.16,83.91,80.71,78.72,87.21,77.15,76.97,0,None,0
STU0038,2024,9,moderate,69.7,138,198,84.31,12.28,36.7,100.0,117,8.9,practical,1,0,0,1,0.6154,0.5,0.6615,0.5464,0.3333,81.27,0.755,good,41,3,100.0,21.97,22.82,45.59,High,High Risk,72.1,97.17,84.69,83.07,83.4,89.83,80.23,80.46,0,None,0
STU0038,2025,10,moderate,67.36,130,193,86.26,11.16,47.9,100.0,117,8.9,practical,1,0,0,1,0.6232,0.4928,0.6577,0.5464,0.3333,82.3,0.755,good,41,5,100.0,21.03,22.95,45.2,High,High Risk,76.19,97.44,87.38,84.37,83.84,92.45,81.16,82.8,1,Study Skills Workshop,1
STU0039,2023,8,good,77.0,154,200,83.1,16.69,19.4,100.0,90,19.0,balanced,0,0,1,0,0.7089,0.6024,0.7335,0.8447,0.6667,150.15,0.8158,good,29,0,100.0,27.58,13.84,45.87,Medium,Medium Risk,88.93,85.51,70.67,92.79,92.99,54.42,94.71,92.25,0,None,0
STU0039,2024,9,good,80.3,159,198,86.6,15.41,36.0,100.0,90,19.0,balanced,0,0,0,1,0.7179,0.6071,0.7385,0.8447,0.6667,111.05,0.8158,good,19,5,70.79,19.0,13.72,33.22,Medium,Medium Risk,93.89,90.31,76.51,94.35,96.31,59.24,95.6,95.03,0,None,0
STU0039,2025,10,good,78.76,152,193,88.84,13.92,41.1,100.0,90,19.0,balanced,0,0,0,1,0.7101,0.6048,0.7368,0.8447,0.6667,136.52,0.8158,good,21,3,77.87,18.26,13.77,35.02,Medium,Medium Risk,95.7,92.27,81.72,96.61,96.81,63.24,96.76,96.28,0,None,0
STU0040,2023,8,good,76.5,153,200,79.28,16.62,19.6,100.0,75,15.1,language_oriented,1,0,1,0,0.7861,0.707,0.8665,0.7406,0.6667,140.7,0.95,below_average,39,1,100.0,27.57,10.87,45.12,Medium,Medium Risk,92.58,89.86,77.56,95.01,73.13,68.49,55.17,93.57,0,None,0
STU0040,2024,9,good,74.24,147,198,80.36,15.69,32.1,100.0,75,15.1,language_oriented,1,0,1,0,0.7949,0.7097,0.8615,0.7406,0.6667,85.57,0.95,below_average,45,2,100.0,26.96,10.92,44.86,Medium,Medium Risk,91.98,89.64,80.27,96.23,74.98,70.7,57.4,92.56,1,Parent Meeting,1
STU0040,2025,10,good,75.13,145,193,81.65,15.94,28.1,100.0,75,15.1,language_oriented,1,0,1,0,0.7892,0.7112,0.8632,0.7406,0.6667,105.0,0.95,below_average,35,5,100.0,26.56,10.88,44.67,Medium,Medium Risk,94.82,91.24,79.13,96.86,74.66,71.79,58.95,93.4,0,None,0
STU0041,2023,8,excellent,81.0,162,200,94.81,6.75,47.8,100.0,90,23.8,science_oriented,0,0,0,1,0.8291,0.7221,0.8871,0.6649,0.6667,159.08,0.95,good,19,0,70.3,13.49,11.92,30.14,Medium,Medium Risk,97.01,85.59,91.41,95.5,97.1,96.59,97.7,96.93,0,None,0
STU0041,2024,9,excellent,82.83,164,198,95.88,5.58,53.1,100.0,90,23.8,science_oriented,0,0,0,0,0.8205,0.7188,0.8923,0.6649,0.6667,76.28,0.95,good,21,0,75.02,5.24,11.88,27.83,Medium,Medium Risk,97.24,89.54,93.44,96.71,97.55,97.1,98.04,97.03,0,None,0
STU0041,2025,10,excellent,83.42,161,193,96.43,4.9,58.4,100.0,90,23.8,science_oriented,0,0,0,0,0.8248,0.7236,0.8893,0.6649,0.6667,74.6,0.95,good,19,2,68.61,4.93,11.88,25.77,Medium,Medium Risk,97.67,92.45,93.42,96.43,97.6,97.47,97.87,97.69,0,None,0
STU0042,2023,8,irregular,47.0,94,200,30.61,14.59,4.3,68.1,70,7.4,language_oriented,0,1,7,3,0.2818,0.2409,0.3129,0.5209,0.3333,23.28,0.5162,below_average,92,8,100.0,100.0,74.74,93.68,High,High Risk,47.67,33.69,21.85,37.61,11.31,26.22,27.34,43.77,0,None,0
STU0042,2024,9,irregular,49.49,98,198,34.68,15.29,4.8,76.2,70,7.4,language_oriented,0,1,6,3,0.2821,0.2727,0.3077,0.5209,0.3333,19.1,0.5162,below_average,72,7,100.0,100.0,74.5,93.62,High,High Risk,50.77,38.22,24.5,45.52,13.11,30.09,32.67,46.94,1,Mentoring Program,1
STU0042,2025,10,irregular,50.26,97,193,38.48,16.39,5.8,93.3,70,7.4,language_oriented,0,1,3,5,0.2806,0.2485,0.3107,0.5209,0.3333,28.38,0.5162,below_average,79,3,100.0,100.0,74.69,93.67,High,High Risk,56.36,39.56,28.35,49.3,14.62,35.05,37.12,52.77,1,Counseling,1
STU0043,2023,8,moderate,62.5,125,200,80.44,13.34,26.3,100.0,108,13.1,science_oriented,1,0,1,0,0.5815,0.4848,0.5846,0.6292,0.3333,98.03,0.8343,good,50,3,100.0,31.2,21.29,49.36,High,High Risk,88.83,70.02,87.33,63.13,91.28,85.61,80.86,77.73,0,None,0
STU0043,2024,9,moderate,57.58,114,198,82.55,12.71,32.1,100.0,108,13.1,science_oriented,1,0,1,0,0.5897,0.4783,0.5846,0.6292,0.3333,55.5,0.8343,good,48,3,100.0,30.19,21.35,48.92,High,High Risk,90.14,72.5,88.7,64.56,93.3,87.29,82.57,80.18,0,None,0
STU0043,2025,10,moderate,59.07,114,193,83.4,12.55,41.1,100.0,108,13.1,science_oriented,1,0,0,1,0.5876,0.4776,0.5842,0.6292,0.3333,42.72,0.8343,good,44,4,100.0,22.89,21.36,45.64,High,High Risk,91.98,73.89,89.44,66.58,93.18,88.43,83.81,80.54,0,None,0
STU0044,2023,8,excellent,86.5,173,200,96.44,4.62,66.9,100.0,119,16.6,science_oriented,1,0,0,0,0.897,0.7145,0.9129,0.7026,0.6667,104.65,0.95,good,17,4,60.45,3.48,10.86,22.42,Low,Low Risk,97.93,92.19,96.87,97.91,97.21,97.69,95.66,96.59,0,None,0
STU0044,2024,9,excellent,86.87,172,198,96.99,3.66,63.2,100.0,119,16.6,science_oriented,1,0,0,0,0.8974,0.7143,0.9077,0.7026,0.6667,157.28,0.95,good,16,2,57.19,3.25,10.94,21.36,Low,Low Risk,97.87,94.23,97.31,97.33,97.47,97.74,97.04,97.21,0,None,0
STU0044,2025,10,excellent,86.01,166,193,97.25,3.19,69.9,100.0,119,16.6,science_oriented,1,0,0,0,0.8946,0.7158,0.9107,0.7026,0.6667,133.55,0.95,good,18,1,63.79,3.21,10.88,23.3,Low,Low Risk,97.72,95.71,97.25,97.12,97.57,97.86,97.67,97.02,0,None,0
STU0045,2023,8,excellent,75.5,151,200,55.89,12.02,16.9,97.3,92,11.7,balanced,0,0,1,1,0.6924,0.5558,0.7026,0.7037,0.6667,128.1,0.6647,excellent,20,0,77.15,46.8,19.86,49.17,Medium,Medium Risk,61.28,52.87,71.84,63.88,53.27,49.25,51.23,52.72,0,None,0
STU0045,2024,9,excellent,81.82,162,198,60.46,12.93,20.6,100.0,92,11.7,balanced,0,0,1,0,0.6923,0.5556,0.7077,0.7037,0.6667,135.2,0.6647,excellent,18,1,66.73,36.97,19.79,41.6,Medium,Medium Risk,68.52,55.81,76.17,68.22,56.67,51.52,54.93,57.81,1,Study Group,1
STU0045,2025,10,excellent,79.79,154,193,64.3,12.43,23.3,100.0,92,11.7,balanced,0,0,1,0,0.693,0.557,0.7051,0.7037,0.6667,109.15,0.6647,excellent,20,3,74.15,35.42,19.81,43.13,Medium,Medium Risk,71.88,61.4,78.26,71.74,60.07,56.36,60.97,60.53,0,None,0
STU0046,2023,8,at-risk,21.0,42,200,15.66,7.33,4.3,46.9,83,2.4,balanced,0,0,10,1,0.2818,0.1828,0.3846,0.3042,0.0,18.37,0.1,excellent,76,0,100.0,100.0,64.82,91.2,High,High Risk,18.25,15.56,18.28,16.32,11.67,14.07,11.53,21.71,0,None,0
STU0046,2024,9,at-risk,23.23,46,198,15.14,7.43,4.0,50.9,83,2.4,balanced,0,0,10,0,0.2821,0.1818,0.3846,0.3042,0.0,19.98,0.1,excellent,68,1,100.0,100.0,64.83,91.21,High,High Risk,16.35,15.11,17.6,15.82,11.47,14.88,11.14,20.18,1,Counseling,0
STU0046,2025,10,at-risk,27.46,53,193,15.34,7.29,5.0,44.0,83,2.4,balanced,0,0,10,1,0.2806,0.1879,0.3842,0.3042,0.0,16.82,0.1,excellent,57,2,100.0,100.0,64.77,91.19,High,High Risk,17.46,15.56,19.59,14.2,11.88,14.71,11.19,20.75,1,Counseling,0
STU0047,2023,8,excellent,84.5,169,200,79.28,14.57,29.1,100.0,108,12.9,science_oriented,0,0,1,0,0.7346,0.6514,0.8,0.6913,0.6667,90.68,0.7004,good,19,2,67.85,28.59,17.15,37.51,Medium,Medium Risk,89.76,79.47,75.64,64.93,92.72,84.34,85.94,61.04,0,None,0
STU0047,2024,9,excellent,84.34,167,198,81.8,13.67,32.4,100.0,108,12.9,science_oriented,0,0,1,0,0.7436,0.6552,0.8,0.6913,0.6667,85.02,0.7004,good,15,1,55.96,27.41,17.12,33.4,Medium,Medium Risk,91.68,80.49,78.96,68.21,94.71,85.93,89.04,66.37,0,None,0
STU0047,2025,10,excellent,88.6,171,193,84.05,13.17,29.7,100.0,108,12.9,science_oriented,0,0,1,0,0.7365,0.6547,0.8,0.6913,0.6667,126.0,0.7004,good,14,2,49.98,26.65,17.12,31.27,Medium,Medium Risk,92.09,85.19,80.87,71.17,95.65,88.05,90.25,68.24,1,Study Group,0
STU0048,2023,8,moderate,66.5,133,200,68.09,14.81,28.3,100.0,96,8.4,practical,0,0,1,1,0.6409,0.5201,0.7382,0.6617,0.6667,55.87,0.7258,good,36,1,100.0,42.95,19.61,54.23,High,High Risk,58.95,67.12,87.56,68.99,71.59,49.01,76.42,68.76,0,None,0
STU0048,2024,9,moderate,64.14,127,198,70.53,15.19,28.0,100.0,96,8.4,practical,0,0,1,0,0.641,0.52,0.7385,0.6617,0.6667,107.95,0.7258,good,39,2,100.0,33.97,19.6,50.19,High,High Risk,60.95,68.07,88.95,69.57,74.51,50.12,79.24,72.41,1,Study Skills Workshop,0
STU0048,2025,10,moderate,61.14,118,193,71.87,14.71,29.3,100.0,96,8.4,practical,0,0,1,0,0.6403,0.5206,0.7368,0.6617,0.6667,92.03,0.7258,good,49,4,100.0,33.44,19.62,49.96,High,High Risk,63.76,71.13,91.48,72.76,76.1,52.26,79.65,73.51,1,Mentoring Program,0
STU0049,2023,8,moderate,70.5,141,200,68.73,16.51,17.4,100.0,123,3.1,balanced,0,0,1,1,0.7604,0.6632,0.8,0.6138,0.3333,84.07,0.5592,excellent,29,1,100.0,40.3,40.7,58.31,Medium,Medium Risk,48.59,53.72,80.1,67.13,57.9,69.96,78.63,86.74,0,None,0
STU0049,2024,9,moderate,67.17,133,198,70.88,16.42,19.4,100.0,123,3.1,balanced,0,0,1,0,0.7692,0.6667,0.8,0.6138,0.3333,90.12,0.5592,excellent,30,1,100.0,31.26,40.67,54.24,High,High Risk,51.02,56.62,83.35,70.77,60.32,73.17,78.56,86.77,0,None,0
STU0049,2025,10,moderate,68.91,133,193,72.84,15.78,20.9,100.0,123,3.1,balanced,0,0,1,0,0.7628,0.6667,0.8,0.6138,0.3333,68.3,0.5592,excellent,25,3,96.76,30.61,40.67,52.97,High,High Risk,53.46,59.83,84.08,70.57,62.35,73.83,82.18,89.21,1,Counseling,1
STU0050,2023,8,excellent,84.0,168,200,83.98,12.3,30.6,100.0,100,13.7,science_oriented,1,0,1,0,0.8805,0.8156,0.9643,0.7131,0.6667,130.6,0.95,excellent,15,3,56.2,23.8,8.87,29.78,Medium,Medium Risk,93.77,78.61,87.01,82.45,90.69,85.02,87.43,68.11,0,None,0
STU0050,2024,9,excellent,87.88,174,198,85.74,12.12,43.0,100.0,100,13.7,science_oriented,1,0,0,1,0.8718,0.8235,0.9692,0.7131,0.6667,76.43,0.95,excellent,13,3,47.48,16.27,8.71,23.74,Low,Low Risk,95.68,80.34,89.61,86.38,92.14,86.39,90.38,68.84,1,Academic Advising,1
STU0050,2025,10,excellent,88.08,170,193,87.62,11.69,34.5,100.0,100,13.7,science_oriented,1,0,1,0,0.8775,0.8199,0.9684,0.7131,0.6667,125.9,0.95,excellent,12,2,44.34,22.4,8.76,25.57,Medium,Medium Risk,96.42,82.65,91.1,87.31,92.95,88.18,90.99,73.66,0,None,0
STU0051,2023,8,excellent,86.0,172,200,93.28,7.94,56.1,100.0,94,19.8,science_oriented,0,0,0,0,0.9063,0.689,0.9846,0.6189,0.6667,103.08,0.95,average,21,4,72.8,4.56,11.71,26.82,Low,Low Risk,95.51,80.03,88.3,93.72,97.54,96.73,95.55,97.02,0,None,0
STU0051,2024,9,excellent,89.9,178,198,94.07,7.41,59.0,100.0,94,19.8,science_oriented,0,0,0,0,0.8974,0.6857,0.9846,0.6189,0.6667,154.38,0.95,average,14,6,49.07,4.42,11.75,19.65,Low,Low Risk,96.31,83.04,91.14,92.44,97.37,97.23,95.65,97.8,0,None,0
STU0051,2025,10,excellent,85.49,165,193,93.81,7.78,53.5,100.0,94,19.8,science_oriented,0,0,0,0,0.9038,0.6895,0.9842,0.6189,0.6667,150.07,0.95,average,17,4,61.16,4.4,11.71,23.25,Low,Low Risk,95.98,83.21,89.21,93.53,97.7,97.3,95.57,97.42,0,None,0
STU0052,2023,8,excellent,87.0,174,200,89.97,10.77,46.5,100.0,115,10.2,balanced,0,0,0,1,0.8633,0.6437,0.9335,0.7273,0.6667,102.28,0.8195,good,17,1,60.1,14.75,12.72,27.85,Low,Low Risk,97.84,85.02,92.95,95.15,97.62,83.75,79.73,93.61,0,None,0
STU0052,2024,9,excellent,79.8,158,198,90.56,9.99,47.0,100.0,115,10.2,balanced,0,0,0,1,0.8718,0.6471,0.9385,0.7273,0.6667,177.88,0.8195,good,26,1,92.14,14.34,12.61,37.25,Medium,Medium Risk,97.64,87.28,94.53,95.32,97.75,84.67,80.7,93.96,0,None,0
STU0052,2025,10,excellent,81.35,157,193,91.0,10.04,51.0,100.0,115,10.2,balanced,0,0,0,0,0.8682,0.6464,0.9368,0.7273,0.6667,151.08,0.8195,good,23,2,82.06,6.23,12.65,30.58,Medium,Medium Risk,97.89,87.08,95.49,95.43,97.62,84.38,81.68,95.04,0,None,0
STU0053,2023,8,irregular,31.0,62,200,38.62,12.16,7.3,79.0,102,8.1,language_oriented,1,0,4,6,0.2818,0.1828,0.3592,0.9134,0.6667,32.5,0.2731,average,86,3,100.0,100.0,30.42,82.6,High,High Risk,39.53,47.55,30.7,37.6,33.25,34.41,37.07,47.22,0,None,0
STU0053,2024,9,irregular,38.38,76,198,40.44,12.88,7.1,78.9,102,8.1,language_oriented,1,0,2,7,0.2821,0.1818,0.3538,0.9134,0.6667,29.58,0.2731,average,80,2,100.0,100.0,30.51,82.63,High,High Risk,43.16,51.07,33.36,36.36,35.71,35.29,38.6,49.81,0,None,0
STU0053,2025,10,irregular,37.31,72,193,43.83,12.75,7.0,91.1,102,8.1,language_oriented,1,0,2,6,0.2806,0.1879,0.3581,0.9134,0.6667,54.17,0.2731,average,79,2,100.0,100.0,30.38,82.6,High,High Risk,46.6,54.73,34.93,40.99,39.78,39.79,41.23,52.82,1,Study Skills Workshop,1
STU0054,2023,8,excellent,86.0,172,200,91.0,8.98,47.7,100.0,93,23.6,science_oriented,0,0,0,1,0.9148,0.72,0.9382,0.6812,0.6667,130.62,0.95,average,20,3,69.8,13.3,10.85,29.64,Low,Low Risk,92.0,90.57,84.75,83.4,96.76,90.67,97.08,90.35,0,None,0
STU0054,2024,9,excellent,91.92,182,198,92.96,7.82,52.5,100.0,93,23.6,science_oriented,0,0,0,0,0.9231,0.7222,0.9385,0.6812,0.6667,113.75,0.95,average,11,5,38.66,4.36,10.83,16.26,Low,Low Risk,95.61,92.06,87.76,86.88,97.21,92.86,97.58,92.32,0,None,0
STU0054,2025,10,excellent,86.53,167,193,95.08,5.77,65.2,100.0,93,23.6,science_oriented,0,0,0,0,0.9209,0.7239,0.9368,0.6812,0.6667,110.18,0.95,average,15,1,54.43,3.55,10.84,20.64,Low,Low Risk,96.65,95.56,92.16,90.31,97.43,95.05,97.35,94.78,0,None,0
STU0055,2023,8,good,81.5,163,200,79.36,15.8,28.3,100.0,114,7.4,science_oriented,0,0,1,0,0.7182,0.6305,0.8,0.778,0.6667,179.18,0.6167,excellent,19,2,69.95,28.89,36.88,43.21,Medium,Medium Risk,95.11,79.01,84.56,91.23,77.59,58.24,91.79,67.63,0,None,0
STU0055,2024,9,good,78.79,156,198,79.5,15.93,33.3,100.0,114,7.4,science_oriented,0,0,1,0,0.7179,0.6429,0.8,0.778,0.6667,87.05,0.6167,excellent,19,3,71.85,28.84,36.76,43.72,Medium,Medium Risk,94.25,80.57,85.03,91.87,79.61,56.88,90.17,67.76,1,Study Group,0
STU0055,2025,10,good,76.17,147,193,80.82,15.82,32.8,100.0,114,7.4,science_oriented,0,0,1,0,0.7194,0.6337,0.8,0.778,0.6667,165.9,0.6167,excellent,26,0,94.68,28.29,36.85,50.35,Medium,Medium Risk,94.68,82.94,87.09,94.16,80.24,57.48,91.55,68.18,0,None,0
STU0056,2023,8,good,80.0,160,200,62.47,13.5,25.2,100.0,93,11.5,science_oriented,0,0,1,0,0.7261,0.6118,0.7691,0.678,0.6667,170.7,0.6242,excellent,22,1,80.0,35.49,19.42,44.83,Medium,Medium Risk,84.22,63.28,52.87,61.87,62.09,54.96,69.11,55.69,0,None,0
STU0056,2024,9,good,80.3,159,198,66.59,13.2,30.3,100.0,93,11.5,science_oriented,0,0,1,0,0.7179,0.6071,0.7692,0.678,0.6667,83.47,0.6242,excellent,20,2,73.79,34.01,19.47,42.31,Medium,Medium Risk,87.09,64.77,58.76,65.64,65.73,59.78,73.79,61.15,1,Parent Meeting,1
STU0056,2025,10,good,85.49,165,193,70.68,13.71,33.1,100.0,93,11.5,science_oriented,0,0,1,0,0.7194,0.6099,0.7684,0.678,0.6667,97.35,0.6242,excellent,11,2,43.16,32.34,19.45,32.36,Medium,Medium Risk,91.63,69.49,64.12,69.88,69.87,60.51,78.99,65.07,1,Academic Advising,1
STU0057,2023,8,moderate,66.5,133,200,61.29,14.3,16.6,98.4,114,13.4,balanced,0,0,1,1,0.53,0.4196,0.5798,0.5533,0.3333,42.45,0.7548,good,36,0,100.0,47.89,24.72,57.73,High,High Risk,52.3,68.54,64.25,38.91,67.57,74.09,55.85,62.21,0,None,0
STU0057,2024,9,moderate,60.1,119,198,61.28,13.97,16.9,95.5,114,13.4,balanced,0,0,1,1,0.5385,0.4286,0.5846,0.5533,0.3333,36.43,0.7548,good,53,0,100.0,47.72,24.56,57.61,High,High Risk,50.85,67.55,62.15,42.37,68.08,72.96,56.52,62.46,1,Mentoring Program,1
STU0057,2025,10,moderate,71.5,138,193,60.17,14.24,12.1,95.8,114,13.4,balanced,0,0,1,1,0.5349,0.4261,0.5842,0.5533,0.3333,52.53,0.7548,good,35,1,100.0,48.23,24.59,57.85,Medium,Medium Risk,52.87,66.24,62.07,38.73,67.53,71.52,53.74,62.46,1,Mentoring Program,1
STU0058,2023,8,good,72.5,145,200,93.99,7.44,60.8,100.0,108,17.4,language_oriented,1,0,0,0,0.9228,0.8148,0.9846,0.8182,0.6667,86.18,0.9252,below_average,45,7,100.0,3.95,6.84,33.49,Medium,Medium Risk,96.22,97.41,90.41,95.89,90.18,89.33,95.47,97.7,0,None,0
STU0058,2024,9,good,78.28,155,198,95.07,6.62,60.8,100.0,108,17.4,language_oriented,1,0,0,0,0.9231,0.8056,0.9846,0.8182,0.6667,150.38,0.9252,below_average,37,5,100.0,3.51,6.93,33.31,Medium,Medium Risk,97.35,97.64,91.46,97.46,93.17,90.88,96.18,97.7,0,None,0
STU0058,2025,10,good,70.98,137,193,96.17,5.34,62.2,100.0,108,17.4,language_oriented,1,0,0,0,0.9209,0.8098,0.9842,0.8182,0.6667,124.67,0.9252,below_average,44,4,100.0,3.12,6.9,33.13,Medium,Medium Risk,97.7,97.85,94.2,97.28,94.79,92.7,97.04,98.1,0,None,0
STU0059,2023,8,good,80.0,160,200,87.83,12.46,38.1,100.0,122,19.6,language_oriented,0,0,0,1,0.8119,0.6845,0.8871,0.71,0.6667,138.7,0.8452,excellent,21,0,77.0,16.63,12.97,33.83,Medium,Medium Risk,95.68,91.98,88.95,97.63,82.64,87.5,69.62,96.32,0,None,0
STU0059,2024,9,good,72.22,143,198,89.13,11.61,42.9,100.0,122,19.6,language_oriented,0,0,0,1,0.8205,0.6875,0.8923,0.71,0.6667,179.2,0.8452,excellent,24,2,91.44,15.94,12.86,37.82,Medium,Medium Risk,95.67,95.34,91.45,97.22,83.15,86.98,72.62,96.73,0,None,0
STU0059,2025,10,good,70.47,136,193,90.83,10.55,38.4,100.0,122,19.6,language_oriented,0,0,0,1,0.8155,0.6882,0.8893,0.71,0.6667,132.13,0.8452,excellent,25,0,95.67,15.36,12.9,38.84,Medium,Medium Risk,97.2,94.83,92.2,97.95,86.67,88.9,77.27,97.5,1,Study Group,1
STU0060,2023,8,excellent,84.0,168,200,96.51,4.36,60.9,100.0,123,12.3,language_oriented,1,0,0,0,0.8376,0.6328,0.8618,0.6729,0.6667,90.35,0.95,below_average,27,5,92.2,4.64,13.04,33.01,Medium,Medium Risk,97.83,97.99,97.79,97.19,93.33,95.42,95.87,97.61,0,None,0
STU0060,2024,9,excellent,86.87,172,198,97.18,3.27,60.9,100.0,123,12.3,language_oriented,1,0,0,0,0.8462,0.6364,0.8615,0.6729,0.6667,175.52,0.95,below_average,18,2,63.19,4.21,13.01,24.1,Low,Low Risk,97.9,97.87,97.99,96.83,95.62,96.83,96.73,97.81,1,Study Group,1
STU0060,2025,10,excellent,90.67,175,193,97.34,3.14,62.3,100.0,123,12.3,language_oriented,1,0,0,0,0.8419,0.6354,0.8632,0.6729,0.6667,93.68,0.95,below_average,15,4,51.53,4.23,12.99,20.61,Low,Low Risk,97.81,97.83,97.94,97.36,95.81,96.91,97.29,97.9,0,None,0
STU0061,2023,8,excellent,85.0,170,200,92.93,8.34,57.1,100.0,114,18.2,science_oriented,1,0,0,0,0.9743,0.9207,0.9846,0.7731,0.6667,81.5,0.95,excellent,14,4,52.5,3.34,6.31,18.83,Low,Low Risk,95.88,86.52,91.11,94.05,96.18,97.84,97.07,84.34,0,None,0
STU0061,2024,9,excellent,85.86,170,198,93.51,8.13,53.8,100.0,114,18.2,science_oriented,1,0,0,0,0.9744,0.9211,0.9846,0.7731,0.6667,100.0,0.95,excellent,15,1,54.9,3.11,6.31,19.45,Low,Low Risk,94.93,86.79,91.31,94.13,96.89,97.85,97.56,87.16,0,None,0
STU0061,2025,10,excellent,83.94,162,193,93.88,7.61,58.9,100.0,114,18.2,science_oriented,1,0,0,0,0.9736,0.9188,0.9842,0.7731,0.6667,167.83,0.95,excellent,18,2,65.24,2.98,6.34,22.5,Medium,Medium Risk,95.99,89.13,90.34,94.23,97.1,97.74,97.49,87.26,0,None,0
STU0062,2023,8,good,76.5,153,200,88.91,10.14,47.9,100.0,91,20.9,science_oriented,0,0,0,1,0.6924,0.6539,0.8,0.7183,0.6667,143.58,0.7864,below_average,40,2,100.0,18.59,15.3,42.19,Medium,Medium Risk,92.52,86.63,90.34,77.37,93.89,91.5,93.37,84.88,0,None,0
STU0062,2024,9,good,78.28,155,198,91.05,8.94,42.4,100.0,91,20.9,science_oriented,0,0,0,1,0.6923,0.6667,0.8,0.7183,0.6667,171.38,0.7864,below_average,30,6,100.0,17.73,15.17,41.77,Medium,Medium Risk,94.26,90.53,92.42,80.97,94.7,92.74,94.04,86.93,0,None,0
STU0062,2025,10,good,82.9,160,193,91.73,8.86,54.4,100.0,91,20.9,science_oriented,0,0,0,0,0.693,0.6578,0.8,0.7183,0.6667,150.5,0.7864,below_average,23,5,80.97,9.45,15.26,32.36,Medium,Medium Risk,95.36,90.61,93.63,81.01,95.75,94.49,95.21,86.28,1,Academic Advising,1
STU0063,2023,8,moderate,62.5,125,200,75.92,12.55,45.9,100.0,127,7.8,practical,1,0,0,1,0.7954,0.7311,0.8357,0.6376,0.6667,72.18,0.914,below_average,60,3,100.0,21.72,33.69,48.2,High,High Risk,74.06,67.01,76.21,80.08,83.25,69.01,87.52,71.42,0,None,0
STU0063,2024,9,moderate,65.66,130,198,76.49,12.64,29.7,100.0,127,7.8,practical,1,0,1,0,0.7949,0.7419,0.8308,0.6376,0.6667,73.12,0.914,below_average,51,2,100.0,28.51,33.66,51.24,High,High Risk,76.58,65.96,77.69,79.73,83.22,68.85,88.6,72.97,1,Tutoring,1
STU0063,2025,10,moderate,65.28,126,193,76.49,12.55,38.6,100.0,127,7.8,practical,1,0,0,1,0.7984,0.736,0.8316,0.6376,0.6667,99.2,0.914,below_average,52,4,100.0,21.44,33.7,48.07,High,High Risk,74.11,67.49,76.42,78.97,83.88,71.24,88.23,72.91,1,Study Skills Workshop,1
STU0064,2023,8,good,77.5,155,200,75.65,12.08,37.5,100.0,105,16.3,balanced,0,0,0,1,0.8119,0.6528,0.8665,0.7889,0.6667,120.07,0.7351,excellent,26,0,93.75,21.5,13.67,41.22,Medium,Medium Risk,74.11,77.04,73.46,75.91,77.3,81.6,65.74,79.54,0,None,0
STU0064,2024,9,good,67.68,134,198,79.77,11.45,46.9,100.0,105,16.3,balanced,0,0,0,1,0.8205,0.6562,0.8615,0.7889,0.6667,173.68,0.7351,excellent,32,0,100.0,19.68,13.71,42.28,High,High Risk,80.12,83.54,76.42,81.5,81.3,86.6,69.07,80.62,0,None,0
STU0064,2025,10,good,64.77,125,193,83.44,10.92,46.8,100.0,105,16.3,balanced,0,0,0,1,0.8155,0.6559,0.8632,0.7889,0.6667,175.65,0.7351,excellent,27,0,100.0,18.31,13.69,41.66,High,High Risk,83.66,86.57,79.23,84.97,86.66,89.07,73.84,84.45,1,Parent Meeting,1
STU0065,2023,8,moderate,68.0,136,200,67.91,14.15,14.2,100.0,92,8.5,practical,1,0,1,0,0.7518,0.6594,0.7691,0.5593,0.3333,60.25,0.6528,average,40,3,100.0,32.8,20.89,49.98,High,High Risk,67.22,65.65,74.5,60.28,65.59,57.48,85.32,66.85,0,None,0
STU0065,2024,9,moderate,60.61,120,198,73.19,14.0,28.3,100.0,92,8.5,practical,1,0,1,0,0.7436,0.6552,0.7692,0.5593,0.3333,42.22,0.6528,average,61,2,100.0,30.85,20.93,49.12,High,High Risk,71.84,71.32,83.02,64.14,70.98,61.84,89.12,71.99,1,Mentoring Program,0
STU0065,2025,10,moderate,60.1,116,193,74.85,13.62,27.6,100.0,92,8.5,practical,1,0,1,0,0.7457,0.659,0.7684,0.5593,0.3333,89.4,0.6528,average,53,5,100.0,30.14,20.91,48.79,High,High Risk,75.78,74.74,83.73,68.52,71.59,63.19,89.22,74.4,1,Mentoring Program,0
STU0066,2023,8,good,71.0,142,200,78.71,11.0,38.4,100.0,109,10.8,science_oriented,0,0,0,1,0.7776,0.725,0.8309,0.6829,0.6667,97.7,0.7936,good,37,4,100.0,20.96,14.73,43.12,Medium,Medium Risk,82.49,74.46,74.85,73.39,77.91,84.2,77.18,82.98,0,None,0
STU0066,2024,9,good,80.3,159,198,80.36,10.95,44.8,100.0,109,10.8,science_oriented,0,0,0,1,0.7692,0.7333,0.8308,0.6829,0.6667,111.75,0.7936,good,23,1,82.79,20.47,14.64,37.71,Medium,Medium Risk,82.84,75.3,80.08,74.6,79.43,84.32,80.03,84.82,1,Study Group,1
STU0066,2025,10,good,75.65,146,193,81.04,11.4,43.1,100.0,109,10.8,science_oriented,0,0,0,1,0.7721,0.727,0.8316,0.6829,0.6667,132.83,0.7936,good,29,3,100.0,20.14,14.69,42.74,Medium,Medium Risk,84.43,76.03,80.31,75.94,79.82,86.15,80.71,83.89,0,None,0
STU0067,2023,8,excellent,78.0,156,200,97.61,2.12,82.9,100.0,116,22.0,science_oriented,0,0,0,0,0.9743,0.8679,0.9846,0.7811,0.6667,110.4,0.95,average,29,4,100.0,1.47,6.68,32.33,Medium,Medium Risk,98.01,97.15,97.71,97.9,97.47,97.56,97.74,97.43,0,None,0
STU0067,2024,9,excellent,83.84,166,198,97.77,1.92,82.0,100.0,116,22.0,science_oriented,0,0,0,0,0.9744,0.8684,0.9846,0.7811,0.6667,164.38,0.95,average,24,5,83.31,1.4,6.67,27.29,Medium,Medium Risk,97.79,97.86,97.72,97.79,97.48,98.03,97.82,97.57,0,None,0
STU0067,2025,10,excellent,81.87,158,193,97.82,1.85,85.2,100.0,116,22.0,science_oriented,0,0,0,0,0.9736,0.8647,0.9842,0.7811,0.6667,80.55,0.95,average,23,1,81.69,1.4,6.72,26.82,Medium,Medium Risk,98.01,97.75,97.62,97.74,97.58,98.02,97.97,97.75,0,None,0
STU0068,2023,8,good,74.5,149,200,97.27,3.47,69.7,100.0,108,16.9,science_oriented,0,0,0,0,0.8291,0.66,0.9129,0.8243,0.6667,77.68,0.95,excellent,21,4,80.85,4.51,8.97,28.53,Medium,Medium Risk,97.99,97.52,97.85,97.97,97.77,97.94,97.75,93.74,0,None,0
STU0068,2024,9,good,80.3,159,198,97.45,2.7,74.6,100.0,108,16.9,science_oriented,0,0,0,0,0.8205,0.6562,0.9077,0.8243,0.6667,161.72,0.95,excellent,19,2,70.79,4.61,9.09,25.58,Medium,Medium Risk,97.88,97.63,97.63,97.75,97.83,97.78,97.67,95.45,0,None,0
STU0068,2025,10,good,80.83,156,193,97.45,2.65,69.5,100.0,108,16.9,science_oriented,0,0,0,0,0.8248,0.6597,0.9107,0.8243,0.6667,102.6,0.95,excellent,18,0,67.42,4.52,9.01,24.51,Medium,Medium Risk,97.55,97.55,97.8,98.16,97.51,97.72,97.92,95.45,1,Study Group,1
STU0069,2023,8,good,71.0,142,200,82.0,11.95,45.6,100.0,98,18.2,balanced,0,0,0,1,0.8633,0.802,0.9228,0.8559,0.6667,122.15,0.6794,good,34,3,100.0,17.93,10.83,40.78,Medium,Medium Risk,96.06,74.21,86.37,90.59,74.12,77.16,78.16,86.7,0,None,0
STU0069,2024,9,good,78.28,155,198,85.32,11.36,46.4,100.0,98,18.2,balanced,0,0,0,1,0.8718,0.7941,0.9231,0.8559,0.6667,164.85,0.6794,good,28,2,99.2,16.43,10.9,39.88,Medium,Medium Risk,96.85,78.88,90.55,92.99,76.68,81.41,81.79,88.83,0,None,0
STU0069,2025,10,good,78.76,152,193,87.26,10.74,47.3,100.0,98,18.2,balanced,0,0,0,1,0.8682,0.7982,0.9209,0.8559,0.6667,129.72,0.6794,good,24,0,86.87,15.73,10.89,35.86,Medium,Medium Risk,96.85,80.58,92.59,94.56,78.16,83.5,84.93,91.46,0,None,0
STU0070,2023,8,good,77.0,154,200,79.93,15.47,32.7,100.0,106,10.8,science_oriented,0,0,1,0,0.8376,0.7345,0.9283,0.7924,0.6667,172.27,0.7128,below_average,32,4,100.0,26.28,12.19,44.87,Medium,Medium Risk,95.45,85.32,91.15,83.45,82.77,70.48,83.86,54.85,0,None,0
STU0070,2024,9,good,78.79,156,198,81.54,14.71,34.9,100.0,106,10.8,science_oriented,0,0,1,0,0.8462,0.7273,0.9231,0.7924,0.6667,161.0,0.7128,below_average,29,9,100.0,25.46,12.34,44.54,Medium,Medium Risk,96.1,87.16,94.23,83.41,83.13,72.11,85.92,57.7,0,None,0
STU0070,2025,10,good,80.83,156,193,83.03,14.63,26.3,100.0,106,10.8,science_oriented,0,0,1,0,0.8419,0.7293,0.9265,0.7924,0.6667,77.18,0.7128,below_average,31,3,100.0,24.95,12.27,44.29,Medium,Medium Risk,96.35,88.36,94.36,86.29,84.73,73.87,87.4,59.66,0,None,0
STU0071,2023,8,irregular,44.5,89,200,57.16,11.78,21.7,94.6,82,11.3,science_oriented,1,0,1,1,0.5894,0.4782,0.6,0.8381,0.6667,63.55,0.6288,excellent,65,1,100.0,48.35,20.02,56.76,High,High Risk,65.41,56.59,65.19,45.09,59.03,58.7,56.44,50.75,0,None,0
STU0071,2024,9,irregular,46.97,93,198,57.79,12.08,24.0,96.9,82,11.3,science_oriented,1,0,1,1,0.5897,0.4783,0.6,0.8381,0.6667,57.25,0.6288,excellent,42,0,100.0,48.09,20.02,56.65,High,High Risk,66.89,56.87,64.02,45.19,60.78,58.32,58.86,52.16,1,Counseling,1
STU0071,2025,10,irregular,43.01,83,193,58.55,11.78,19.1,90.1,82,11.3,science_oriented,1,0,1,1,0.5876,0.4776,0.6,0.8381,0.6667,54.53,0.6288,excellent,49,2,100.0,47.83,20.03,56.53,High,High Risk,68.22,58.32,64.67,45.0,61.81,59.3,59.66,51.92,1,Parent Meeting,0
STU0072,2023,8,excellent,90.0,180,200,97.42,2.82,72.7,100.0,121,17.6,balanced,0,0,0,0,0.9228,0.6946,0.9846,0.6853,0.6667,134.58,0.9414,good,10,1,37.0,2.58,10.46,14.87,Low,Low Risk,98.01,96.75,97.93,97.65,96.26,97.03,97.93,97.94,0,None,0
STU0072,2024,9,excellent,95.96,190,198,97.37,2.74,79.8,100.0,121,17.6,balanced,0,0,0,0,0.9231,0.6944,0.9846,0.6853,0.6667,140.93,0.9414,good,4,2,14.83,2.59,10.46,8.23,Low,Low Risk,97.8,96.62,97.7,97.65,96.37,97.39,97.7,97.74,0,None,0
STU0072,2025,10,excellent,84.46,163,193,97.42,2.74,65.9,100.0,121,17.6,balanced,0,0,0,0,0.9209,0.6953,0.9842,0.6853,0.6667,141.87,0.9414,good,17,3,61.88,2.61,10.46,22.36,Medium,Medium Risk,97.87,96.67,97.81,97.9,96.18,97.56,97.72,97.73,0,None,0
STU0073,2023,8,irregular,58.0,116,200,52.37,15.84,10.3,95.6,95,5.1,practical,0,0,1,5,0.4363,0.3723,0.4463,0.8371,0.6667,50.07,0.6613,good,55,3,100.0,85.33,42.92,79.13,High,High Risk,62.23,40.22,71.75,46.12,72.21,38.83,49.93,49.35,0,None,0
STU0073,2024,9,irregular,46.97,93,198,56.24,15.68,13.0,100.0,95,5.1,practical,0,0,1,2,0.4359,0.3529,0.4462,0.8371,0.6667,32.08,0.6613,good,53,1,100.0,59.79,43.12,67.68,High,High Risk,66.1,44.27,74.42,50.61,72.86,42.25,54.92,51.13,1,Tutoring,1
STU0073,2025,10,irregular,41.97,81,193,58.62,15.94,10.1,99.8,95,5.1,practical,0,0,1,2,0.4387,0.3603,0.4474,0.8371,0.6667,25.15,0.6613,good,63,2,100.0,58.78,43.02,67.21,High,High Risk,68.14,48.0,79.64,53.01,76.79,44.71,55.13,53.52,1,Study Skills Workshop,0
STU0074,2023,8,irregular,47.5,95,200,46.47,18.24,6.2,98.0,104,9.2,balanced,1,0,3,4,0.4957,0.3794,0.5537,0.3577,0.3333,38.33,0.3485,excellent,60,3,100.0,100.0,35.52,83.88,High,High Risk,50.11,40.41,57.01,32.25,22.63,44.86,74.36,42.34,0,None,0
STU0074,2024,9,irregular,39.39,78,198,45.83,18.53,7.4,99.6,104,9.2,balanced,1,0,3,4,0.4872,0.3684,0.5538,0.3577,0.3333,55.15,0.3485,excellent,59,1,100.0,100.0,35.63,83.91,High,High Risk,52.01,40.23,55.62,31.63,20.4,44.79,74.09,42.2,1,Counseling,1
STU0074,2025,10,irregular,44.04,85,193,45.07,18.09,4.7,92.9,104,9.2,balanced,1,0,3,4,0.4915,0.3752,0.5526,0.3577,0.3333,46.48,0.3485,excellent,50,1,100.0,100.0,35.58,83.89,High,High Risk,51.61,41.2,52.95,31.47,20.61,44.64,72.79,40.0,0,None,0
STU0075,2023,8,good,75.0,150,200,93.35,8.91,43.3,100.0,109,18.1,science_oriented,1,0,0,1,0.897,0.7145,0.9073,0.7309,0.6667,87.15,0.751,average,36,6,100.0,12.72,13.36,39.06,Medium,Medium Risk,97.71,94.02,94.82,88.59,97.46,97.76,96.84,78.85,0,None,0
STU0075,2024,9,good,77.78,154,198,93.59,8.41,55.0,100.0,109,18.1,science_oriented,1,0,0,0,0.8974,0.7143,0.9077,0.7309,0.6667,176.05,0.751,average,26,2,93.56,4.61,13.36,33.48,Medium,Medium Risk,97.9,93.74,94.06,90.38,98.1,97.68,97.54,80.56,1,Parent Meeting,0
STU0075,2025,10,good,72.54,140,193,94.83,7.46,49.1,100.0,109,18.1,science_oriented,1,0,0,1,0.8946,0.7158,0.9051,0.7309,0.6667,122.95,0.751,average,34,1,100.0,12.18,13.38,38.82,Medium,Medium Risk,97.59,96.68,95.68,92.08,97.97,97.62,97.6,82.45,0,None,0
STU0076,2023,8,excellent,88.5,177,200,80.97,15.4,28.0,100.0,100,13.1,language_oriented,0,0,1,0,0.7003,0.5975,0.7691,0.6958,0.6667,76.03,0.8111,excellent,12,0,44.05,28.6,16.41,30.19,Medium,Medium Risk,93.3,82.27,83.53,95.1,68.76,63.79,76.85,96.23,0,None,0
STU0076,2024,9,excellent,89.9,178,198,83.14,14.24,30.6,100.0,100,13.1,language_oriented,0,0,1,0,0.6923,0.5926,0.7692,0.6958,0.6667,94.57,0.8111,excellent,10,1,37.07,27.9,16.45,27.79,Medium,Medium Risk,93.62,86.11,86.44,95.3,69.14,67.46,80.26,96.85,1,Academic Advising,1
STU0076,2025,10,excellent,89.64,173,193,84.4,13.95,31.7,100.0,100,13.1,language_oriented,0,0,1,0,0.693,0.5951,0.7684,0.6958,0.6667,152.07,0.8111,excellent,11,1,40.25,27.38,16.44,28.51,Medium,Medium Risk,93.61,86.7,87.19,96.2,73.29,68.06,82.13,96.91,0,None,0
STU0077,2023,8,excellent,85.0,170,200,97.3,3.05,72.0,100.0,124,21.0,language_oriented,1,0,0,0,0.9406,0.8906,0.9747,0.6471,0.6667,148.22,0.7883,good,20,3,70.5,2.27,11.71,25.1,Low,Low Risk,97.82,97.81,97.79,97.73,97.6,95.21,97.74,97.56,0,None,0
STU0077,2024,9,excellent,81.31,161,198,97.56,2.23,79.5,100.0,124,21.0,language_oriented,1,0,0,0,0.9487,0.8919,0.9692,0.6471,0.6667,127.43,0.7883,good,23,3,82.08,2.0,11.78,28.47,Medium,Medium Risk,97.8,97.98,97.89,97.66,97.6,96.58,97.54,97.71,0,None,0
STU0077,2025,10,excellent,85.49,165,193,97.49,2.33,77.7,100.0,124,21.0,language_oriented,1,0,0,0,0.9473,0.8887,0.9739,0.6471,0.6667,77.1,0.7883,good,18,1,64.16,2.06,11.74,23.11,Low,Low Risk,97.49,97.46,97.65,97.89,97.44,96.65,97.86,97.71,1,Academic Advising,1
STU0078,2023,8,good,70.0,140,200,79.69,19.8,12.0,100.0,114,13.7,practical,0,0,1,1,0.8119,0.6528,0.8253,0.8379,0.6667,124.52,0.95,excellent,26,0,99.0,34.89,10.08,47.92,Medium,Medium Risk,96.86,88.61,95.88,65.19,95.82,46.11,81.74,83.43,0,None,0
STU0078,2024,9,good,74.24,147,198,81.96,18.62,23.6,100.0,114,13.7,practical,0,0,1,1,0.8205,0.6562,0.8308,0.8379,0.6667,159.32,0.95,excellent,28,1,100.0,33.81,9.97,47.7,Medium,Medium Risk,97.08,90.79,96.8,69.97,95.64,47.49,83.97,85.38,0,None,0
STU0078,2025,10,good,70.98,137,193,82.32,18.19,22.2,100.0,114,13.7,practical,0,0,1,0,0.8155,0.6559,0.8261,0.8379,0.6667,96.73,0.95,excellent,30,1,100.0,25.76,10.04,44.1,Medium,Medium Risk,96.79,93.23,96.68,73.43,96.25,50.87,83.86,85.95,0,None,0
STU0079,2023,8,good,79.0,158,200,94.55,6.49,62.4,100.0,141,11.7,balanced,0,0,0,0,0.7182,0.6792,0.8,0.8147,0.6667,82.85,0.7254,excellent,18,1,68.7,7.82,14.03,27.63,Medium,Medium Risk,92.56,96.75,93.28,91.34,96.79,94.47,96.43,93.33,0,None,0
STU0079,2024,9,good,78.28,155,198,94.99,6.16,54.9,100.0,141,11.7,balanced,0,0,0,0,0.7179,0.6786,0.8,0.8147,0.6667,158.67,0.7254,excellent,19,0,72.2,7.64,14.04,28.61,Medium,Medium Risk,92.85,96.51,93.32,91.93,96.5,95.71,96.88,94.42,1,Parent Meeting,1
STU0079,2025,10,good,75.65,146,193,95.41,5.67,61.1,100.0,141,11.7,balanced,0,0,0,0,0.7194,0.6832,0.8,0.8147,0.6667,134.58,0.7254,excellent,27,1,98.05,7.45,13.99,36.26,Medium,Medium Risk,94.03,96.34,95.35,92.84,96.86,95.11,97.25,94.89,1,Study Group,1
STU0080,2023,8,excellent,78.5,157,200,48.01,13.78,5.9,97.0,96,16.2,balanced,1,1,2,5,0.5637,0.4404,0.6,0.7227,0.6667,146.98,0.7466,below_average,32,6,100.0,99.52,40.94,85.02,High,High Risk,34.27,46.71,53.56,40.71,44.22,56.17,41.73,61.33,0,None,0
STU0080,2024,9,excellent,83.33,165,198,50.72,14.17,8.9,95.8,96,16.2,balanced,1,1,1,4,0.5641,0.4545,0.6,0.7227,0.6667,117.45,0.7466,below_average,25,6,86.67,75.43,40.8,70.14,High,High Risk,35.95,51.26,54.94,43.14,47.74,58.21,43.65,65.06,1,Tutoring,1
STU0080,2025,10,excellent,81.87,158,193,53.59,13.57,15.3,99.3,96,16.2,balanced,1,1,1,3,0.5613,0.453,0.6,0.7227,0.6667,119.17,0.7466,below_average,29,4,99.69,66.34,40.82,69.97,High,High Risk,39.26,55.14,60.94,46.05,50.64,60.7,45.58,66.88,1,Parent Meeting,1
STU0081,2023,8,moderate,60.0,120,200,64.39,13.54,21.6,100.0,95,9.3,practical,1,0,1,0,0.6152,0.5419,0.6463,0.6149,0.3333,72.95,0.8043,good,45,2,100.0,36.94,20.52,51.75,High,High Risk,77.71,70.8,71.87,57.69,61.91,51.41,66.71,61.96,0,None,0
STU0081,2024,9,moderate,59.09,117,198,66.11,13.79,18.5,100.0,95,9.3,practical,1,0,1,0,0.6154,0.5417,0.6462,0.6149,0.3333,101.88,0.8043,good,43,1,100.0,36.25,20.53,51.44,High,High Risk,79.92,73.12,74.88,60.36,62.16,52.28,67.06,65.3,1,Tutoring,1
STU0081,2025,10,moderate,63.73,123,193,68.3,14.52,28.1,100.0,95,9.3,practical,1,0,1,0,0.614,0.5429,0.6474,0.6149,0.3333,79.42,0.8043,good,35,2,100.0,35.4,20.5,51.05,High,High Risk,82.69,77.46,75.68,60.63,65.67,54.26,69.7,66.43,1,Counseling,1
STU0082,2023,8,moderate,58.0,116,200,65.92,16.3,21.3,100.0,91,13.9,language_oriented,0,0,1,1,0.7261,0.6473,0.8,0.654,0.6667,100.47,0.8344,good,50,3,100.0,42.11,15.93,52.93,High,High Risk,89.27,79.82,66.66,72.15,57.74,68.05,42.71,63.57,0,None,0
STU0082,2024,9,moderate,62.63,124,198,67.13,16.93,19.3,100.0,91,13.9,language_oriented,0,0,1,1,0.7179,0.6429,0.8,0.654,0.6667,80.68,0.8344,good,48,2,100.0,41.79,15.97,52.8,High,High Risk,90.85,81.36,65.81,72.81,57.35,70.32,43.4,65.88,1,Tutoring,0
STU0082,2025,10,moderate,66.84,129,193,68.16,16.41,25.6,100.0,91,13.9,language_oriented,0,0,1,1,0.7194,0.6465,0.8,0.654,0.6667,51.65,0.8344,good,40,2,100.0,41.35,15.94,52.59,High,High Risk,90.52,80.94,67.22,76.03,58.15,71.48,44.84,66.23,1,Counseling,0
STU0083,2023,8,good,71.0,142,200,59.83,16.38,9.7,98.7,104,14.1,balanced,0,0,1,2,0.6152,0.4581,0.6871,0.8247,0.6667,177.02,0.605,excellent,31,1,100.0,54.76,19.54,59.53,Medium,Medium Risk,72.12,48.56,60.66,71.68,66.06,63.22,65.86,35.86,0,None,0
STU0083,2024,9,good,78.79,156,198,62.58,16.6,7.4,100.0,104,14.1,balanced,0,0,1,2,0.6154,0.4583,0.6923,0.8247,0.6667,145.7,0.605,excellent,19,1,71.85,53.66,19.46,50.57,Medium,Medium Risk,74.17,48.98,63.59,73.63,73.13,62.84,67.88,38.41,0,None,0
STU0083,2025,10,good,71.5,138,193,64.17,15.94,12.0,100.0,104,14.1,balanced,0,0,1,1,0.614,0.4571,0.6893,0.8247,0.6667,89.53,0.605,excellent,25,0,94.95,45.05,19.52,53.64,Medium,Medium Risk,76.31,53.8,64.05,74.36,70.52,64.84,71.4,40.5,0,None,0
STU0084,2023,8,excellent,83.5,167,200,97.69,2.06,80.4,100.0,114,23.7,balanced,1,0,0,0,0.7604,0.5843,0.7691,0.7555,0.6667,82.23,0.95,good,19,1,68.55,5.72,13.26,26.45,Medium,Medium Risk,97.28,97.81,97.75,97.33,97.67,97.67,97.91,97.85,0,None,0
STU0084,2024,9,excellent,80.3,159,198,97.89,1.88,81.7,100.0,114,23.7,balanced,1,0,0,0,0.7692,0.5667,0.7692,0.7555,0.6667,106.4,0.95,good,26,0,91.79,5.46,13.44,33.35,Medium,Medium Risk,98.04,97.85,98.08,97.78,97.95,97.97,97.69,97.83,0,None,0
STU0084,2025,10,excellent,87.05,168,193,97.75,1.88,89.3,100.0,114,23.7,balanced,1,0,0,0,0.7628,0.5753,0.7684,0.7555,0.6667,97.28,0.95,good,15,5,54.07,5.64,13.36,22.1,Low,Low Risk,97.8,97.65,97.75,97.6,97.92,97.65,97.66,98.0,0,None,0
STU0085,2023,8,at-risk,33.0,66,200,28.66,11.91,4.9,64.3,104,4.5,practical,0,0,8,2,0.3756,0.3178,0.3846,0.3478,0.3333,19.02,0.3064,good,80,1,100.0,100.0,59.5,89.88,High,High Risk,24.16,34.0,36.77,18.61,42.64,22.55,25.41,29.28,0,None,0
STU0085,2024,9,at-risk,32.32,64,198,31.84,12.41,6.0,69.3,104,4.5,practical,0,0,7,3,0.3846,0.3333,0.3846,0.3478,0.3333,21.87,0.3064,good,74,3,100.0,100.0,59.34,89.84,High,High Risk,25.68,37.37,36.96,20.9,47.64,24.43,29.43,33.87,0,None,0
STU0085,2025,10,at-risk,35.23,68,193,34.57,12.38,5.7,73.5,104,4.5,practical,0,0,6,4,0.3768,0.3248,0.3842,0.3478,0.3333,34.85,0.3064,good,79,1,100.0,100.0,59.44,89.86,High,High Risk,28.86,40.84,40.0,24.44,49.43,26.73,30.94,35.74,1,Mentoring Program,0
STU0086,2023,8,moderate,72.0,144,200,57.59,13.06,18.4,96.3,110,6.6,balanced,0,0,1,2,0.6072,0.5067,0.6511,0.5502,0.3333,67.27,0.757,average,35,1,100.0,55.82,42.81,65.82,High,High Risk,51.31,65.79,65.75,68.25,47.74,60.7,48.43,55.95,0,None,0
STU0086,2024,9,moderate,67.68,134,198,59.51,13.15,23.9,92.8,110,6.6,balanced,0,0,1,2,0.6154,0.5,0.6462,0.5502,0.3333,78.45,0.757,average,41,6,100.0,54.89,42.95,65.44,High,High Risk,56.21,68.63,66.13,68.89,49.62,62.73,49.42,56.67,0,None,0
STU0086,2025,10,moderate,73.58,142,193,62.58,12.76,25.7,100.0,110,6.6,balanced,0,0,1,0,0.614,0.5,0.6474,0.5502,0.3333,97.9,0.757,average,34,3,100.0,37.69,42.93,57.69,Medium,Medium Risk,57.48,70.33,70.56,71.59,53.9,66.16,52.7,59.51,1,Mentoring Program,0
STU0087,2023,8,good,83.5,167,200,66.74,16.22,24.0,100.0,110,8.6,practical,0,0,1,1,0.6667,0.5772,0.6717,0.8089,0.6667,113.37,0.7585,average,23,1,80.55,42.97,16.6,47.65,Medium,Medium Risk,66.1,54.92,72.41,63.13,70.97,49.95,89.49,66.58,0,None,0
STU0087,2024,9,good,75.76,150,198,69.6,15.89,24.3,100.0,110,8.6,practical,0,0,1,0,0.6667,0.5769,0.6769,0.8089,0.6667,128.1,0.7585,average,36,1,100.0,33.83,16.52,49.35,Medium,Medium Risk,69.56,57.5,78.45,64.47,70.46,54.45,90.74,70.52,0,None,0
STU0087,2025,10,good,69.95,135,193,72.22,15.52,27.5,100.0,110,8.6,practical,0,0,1,0,0.6667,0.5791,0.6735,0.8089,0.6667,100.1,0.7585,average,41,1,100.0,32.78,16.55,48.89,High,High Risk,71.12,61.06,79.71,69.96,76.7,57.02,92.0,73.45,0,None,0
STU0088,2023,8,at-risk,29.0,58,200,23.08,12.44,5.3,63.8,73,5.7,science_oriented,0,0,9,1,0.2818,0.2106,0.3798,0.3015,0.3333,9.32,0.4172,good,89,3,100.0,100.0,59.91,89.98,High,High Risk,12.0,19.58,26.54,12.44,41.39,28.8,27.84,11.99,0,None,0
STU0088,2024,9,at-risk,27.27,54,198,25.42,12.7,4.7,72.0,73,5.7,science_oriented,0,0,9,1,0.2821,0.1818,0.3846,0.3015,0.3333,8.22,0.4172,good,99,2,100.0,100.0,60.12,90.03,High,High Risk,15.11,21.07,30.81,13.0,43.57,31.06,28.93,13.41,0,None,0
STU0088,2025,10,at-risk,25.91,50,193,27.75,13.42,3.6,67.4,73,5.7,science_oriented,0,0,9,1,0.2806,0.1879,0.3842,0.3015,0.3333,17.02,0.4172,good,84,3,100.0,100.0,60.07,90.02,High,High Risk,17.46,22.14,32.65,15.81,46.63,33.78,32.98,15.29,1,Mentoring Program,1
STU0089,2023,8,moderate,65.0,130,200,75.08,14.79,29.6,100.0,114,12.1,science_oriented,1,0,1,1,0.7439,0.5865,0.8154,0.5993,0.3333,55.08,0.6009,average,48,5,100.0,38.09,20.9,52.37,High,High Risk,81.1,76.74,79.42,49.87,79.08,88.59,76.09,66.05,0,None,0
STU0089,2024,9,moderate,66.67,132,198,79.7,14.32,25.1,100.0,114,12.1,science_oriented,1,0,1,0,0.7436,0.5862,0.8154,0.5993,0.3333,84.23,0.6009,average,44,5,100.0,28.25,20.91,47.94,High,High Risk,86.87,80.52,84.14,55.91,82.59,93.2,79.96,69.26,1,Parent Meeting,0
STU0089,2025,10,moderate,70.47,136,193,83.28,13.83,31.4,100.0,114,12.1,science_oriented,1,0,1,0,0.7457,0.5883,0.8158,0.5993,0.3333,101.63,0.6009,average,43,1,100.0,26.77,20.88,47.27,Medium,Medium Risk,91.28,85.86,88.49,59.18,84.82,94.64,84.08,74.79,1,Study Skills Workshop,1
STU0090,2023,8,irregular,54.5,109,200,71.39,15.64,23.3,100.0,122,7.6,language_oriented,0,0,1,0,0.5043,0.4243,0.5691,0.9035,0.6667,33.1,0.8137,good,51,1,100.0,36.36,36.94,55.6,High,High Risk,95.95,83.73,57.4,71.37,67.15,56.94,76.0,70.21,0,None,0
STU0090,2024,9,irregular,54.55,108,198,73.1,14.97,26.9,100.0,122,7.6,language_oriented,0,0,1,0,0.5128,0.4,0.5692,0.9035,0.6667,59.77,0.8137,good,56,1,100.0,35.5,37.19,55.27,High,High Risk,96.85,82.46,59.06,71.23,68.02,61.11,77.57,73.05,1,Study Skills Workshop,1
STU0090,2025,10,irregular,58.55,113,193,74.6,14.87,20.4,100.0,122,7.6,language_oriented,0,0,1,0,0.5085,0.4148,0.5684,0.9035,0.6667,43.83,0.8137,good,44,3,100.0,34.99,37.05,55.01,High,High Risk,96.99,84.91,58.99,74.51,69.79,62.6,79.39,72.96,0,None,0
STU0091,2023,8,irregular,45.0,90,200,56.03,18.08,8.9,100.0,96,11.0,language_oriented,0,0,2,1,0.4528,0.3774,0.518,0.9106,0.6667,63.02,0.6293,good,71,2,100.0,66.53,20.8,65.14,High,High Risk,87.1,50.63,53.95,71.35,46.32,34.81,54.2,65.19,0,None,0
STU0091,2024,9,irregular,45.45,90,198,58.45,17.69,12.9,100.0,96,11.0,language_oriented,0,0,1,2,0.4615,0.3889,0.5231,0.9106,0.6667,43.1,0.6293,good,61,3,100.0,58.39,20.61,61.43,High,High Risk,87.85,54.41,55.72,73.69,49.08,37.27,56.57,66.89,1,Counseling,1
STU0091,2025,10,irregular,38.86,75,193,60.14,18.21,9.7,100.0,96,11.0,language_oriented,0,0,1,2,0.4558,0.3843,0.5209,0.9106,0.6667,47.28,0.6293,good,70,2,100.0,57.83,20.69,61.2,High,High Risk,88.33,54.92,58.76,76.36,48.98,38.25,58.08,69.51,0,None,0
STU0092,2023,8,at-risk,23.0,46,200,17.21,9.74,4.5,59.8,72,3.3,balanced,1,0,10,0,0.2818,0.1828,0.3846,0.8307,0.6667,19.25,0.1,good,91,2,100.0,100.0,54.29,88.57,High,High Risk,13.63,16.29,12.63,14.92,11.81,12.14,33.22,18.87,0,None,0
STU0092,2024,9,at-risk,18.18,36,198,18.49,10.58,3.5,61.6,72,3.3,balanced,1,0,9,1,0.2821,0.1818,0.3846,0.8307,0.6667,20.45,0.1,good,91,3,100.0,100.0,54.3,88.57,High,High Risk,15.06,17.69,15.4,15.31,11.48,13.49,35.93,19.38,1,Counseling,1
STU0092,2025,10,at-risk,15.54,30,193,20.12,11.17,5.0,56.8,72,3.3,balanced,1,0,9,1,0.2806,0.1879,0.3842,0.8307,0.6667,35.83,0.1,good,82,2,100.0,100.0,54.24,88.56,High,High Risk,15.08,20.23,16.05,17.42,13.99,13.9,36.99,22.25,1,Tutoring,0
STU0093,2023,8,good,67.5,135,200,76.35,12.83,40.0,100.0,101,5.1,balanced,0,0,0,1,0.6409,0.4799,0.6463,0.8141,0.6667,177.38,0.6797,excellent,38,1,100.0,24.64,39.03,50.85,High,High Risk,79.36,78.57,73.17,69.81,81.08,68.81,93.4,65.66,0,None,0
STU0093,2024,9,good,68.69,136,198,77.47,13.05,40.9,100.0,101,5.1,balanced,0,0,0,1,0.641,0.48,0.6462,0.8141,0.6667,75.37,0.6797,excellent,36,1,100.0,24.19,39.03,50.64,High,High Risk,81.5,80.32,74.38,71.63,81.31,69.73,94.53,66.1,0,None,0
STU0093,2025,10,good,80.31,155,193,79.61,12.47,34.0,100.0,101,5.1,balanced,0,0,1,0,0.6403,0.4794,0.6474,0.8141,0.6667,147.93,0.6797,excellent,20,1,73.78,30.35,39.02,45.55,Medium,Medium Risk,83.03,83.86,75.6,72.67,82.38,71.37,95.24,70.99,1,Mentoring Program,1
STU0094,2023,8,excellent,90.0,180,200,96.74,4.12,62.5,100.0,114,17.1,language_oriented,1,0,0,0,0.8033,0.7017,0.8408,0.7017,0.6667,142.78,0.9176,excellent,10,0,37.0,5.24,12.57,16.6,Low,Low Risk,97.88,97.9,97.24,97.64,97.8,92.04,97.19,97.77,0,None,0
STU0094,2024,9,excellent,88.89,176,198,96.88,4.17,65.5,100.0,114,17.1,language_oriented,1,0,0,0,0.7949,0.7097,0.8462,0.7017,0.6667,126.38,0.9176,excellent,12,0,43.78,5.35,12.41,18.64,Low,Low Risk,98.05,97.93,97.56,97.78,97.83,92.29,97.51,97.84,0,None,0
STU0094,2025,10,excellent,90.16,174,193,97.39,3.15,68.5,100.0,114,17.1,language_oriented,1,0,0,0,0.7984,0.703,0.8419,0.7017,0.6667,150.38,0.9176,excellent,11,2,39.89,5.07,12.54,17.39,Low,Low Risk,97.89,98.0,97.57,97.76,97.82,95.2,97.71,97.91,0,None,0
STU0095,2023,8,moderate,56.5,113,200,67.01,13.04,26.2,100.0,78,9.5,balanced,1,0,1,0,0.7089,0.5297,0.7382,0.6822,0.6667,66.05,0.5228,average,59,3,100.0,34.02,22.14,50.84,High,High Risk,66.48,65.94,65.61,57.56,65.33,68.54,80.51,61.11,0,None,0
STU0095,2024,9,moderate,64.14,127,198,68.07,12.89,35.4,99.7,78,9.5,balanced,1,0,0,1,0.7179,0.5357,0.7385,0.6822,0.6667,100.4,0.5228,average,52,3,100.0,26.41,22.08,47.41,High,High Risk,65.32,66.52,65.91,61.12,65.8,69.08,82.66,62.94,1,Tutoring,0
STU0095,2025,10,moderate,67.88,131,193,68.36,13.07,29.6,100.0,78,9.5,balanced,1,0,1,0,0.7101,0.5305,0.7368,0.6822,0.6667,51.15,0.5228,average,43,1,100.0,33.45,22.16,50.59,High,High Risk,66.65,67.74,66.19,61.45,65.64,68.34,81.16,65.34,1,Counseling,1
STU0096,2023,8,moderate,66.0,132,200,52.66,12.9,10.4,98.5,85,9.4,science_oriented,1,0,1,4,0.4528,0.3774,0.5537,0.647,0.3333,71.68,0.7006,excellent,37,0,100.0,76.88,24.47,70.71,High,High Risk,45.08,52.97,51.8,47.66,71.95,44.69,59.79,46.9,0,None,0
STU0096,2024,9,moderate,70.2,139,198,55.05,12.45,19.7,96.5,85,9.4,science_oriented,1,0,1,2,0.4615,0.3889,0.5538,0.647,0.3333,46.82,0.7006,excellent,34,1,100.0,59.75,24.35,62.98,High,High Risk,48.38,55.0,53.43,50.72,74.13,47.58,61.39,50.53,1,Counseling,1
STU0096,2025,10,moderate,60.62,117,193,57.22,12.61,24.0,97.0,85,9.4,science_oriented,1,0,1,1,0.4558,0.3843,0.5526,0.647,0.3333,79.95,0.7006,excellent,32,1,100.0,51.0,24.42,59.05,High,High Risk,50.08,56.13,56.4,51.11,74.65,49.84,66.42,51.83,1,Parent Meeting,1
STU0097,2023,8,excellent,82.5,165,200,87.58,12.87,39.0,100.0,103,26.5,science_oriented,1,0,0,1,0.897,0.8094,0.918,0.7681,0.6667,173.07,0.903,excellent,14,0,54.25,15.03,9.23,25.35,Medium,Medium Risk,87.7,72.22,71.86,94.25,96.22,96.22,89.08,91.63,0,None,0
STU0097,2024,9,excellent,85.35,169,198,90.2,10.88,48.8,100.0,103,26.5,science_oriented,1,0,0,1,0.8974,0.8,0.9231,0.7681,0.6667,92.57,0.903,excellent,14,1,52.25,13.97,9.25,24.27,Low,Low Risk,87.95,77.65,79.1,96.09,96.38,97.24,92.13,93.03,0,None,0
STU0097,2025,10,excellent,83.42,161,193,91.72,9.81,47.3,100.0,103,26.5,science_oriented,1,0,0,1,0.8946,0.8042,0.9209,0.7681,0.6667,81.67,0.903,excellent,17,2,62.61,13.42,9.24,27.13,Medium,Medium Risk,92.05,80.83,80.41,95.85,97.48,97.29,92.0,94.74,0,None,0
STU0098,2023,8,moderate,68.5,137,200,66.48,15.12,23.6,100.0,94,8.3,science_oriented,0,0,1,1,0.7182,0.6545,0.7691,0.6139,0.3333,99.4,0.7498,excellent,26,0,100.0,42.04,18.39,53.52,High,High Risk,70.64,49.06,76.51,66.33,87.1,66.36,65.42,55.38,0,None,0
STU0098,2024,9,moderate,70.71,140,198,69.76,14.61,23.0,100.0,94,8.3,science_oriented,0,0,1,0,0.7179,0.6429,0.7692,0.6139,0.3333,54.3,0.7498,excellent,28,1,100.0,32.74,18.51,49.36,Medium,Medium Risk,74.93,52.21,79.39,72.33,86.18,67.3,69.81,59.04,1,Parent Meeting,0
STU0098,2025,10,moderate,69.95,135,193,72.13,14.52,21.7,100.0,94,8.3,science_oriented,0,0,1,0,0.7194,0.6465,0.7684,0.6139,0.3333,95.22,0.7498,excellent,30,0,100.0,31.76,18.48,48.91,High,High Risk,76.96,53.83,80.68,71.29,89.88,71.32,72.22,62.79,0,None,0
STU0099,2023,8,excellent,89.5,179,200,78.42,14.93,34.0,100.0,109,12.3,language_oriented,0,0,1,0,0.7518,0.6813,0.8511,0.689,0.6667,151.22,0.7529,good,10,5,37.35,28.59,15.35,27.91,Medium,Medium Risk,96.81,68.58,63.78,85.15,72.03,68.17,80.28,96.51,0,None,0
STU0099,2024,9,excellent,84.85,168,198,78.36,15.13,41.6,100.0,109,12.3,language_oriented,0,0,0,1,0.7436,0.6897,0.8462,0.689,0.6667,147.17,0.7529,good,16,4,58.61,21.78,15.34,31.22,Medium,Medium Risk,97.06,67.78,62.98,87.37,70.82,68.6,79.77,96.65,0,None,0
STU0099,2025,10,excellent,89.12,172,193,79.16,14.84,38.8,100.0,109,12.3,language_oriented,0,0,0,1,0.7457,0.682,0.8474,0.689,0.6667,146.22,0.7529,good,14,1,49.62,21.42,15.4,28.37,Low,Low Risk,97.41,69.61,61.82,84.94,72.01,70.36,81.87,97.01,1,Study Group,1
STU0100,2023,8,excellent,86.0,172,200,91.69,8.83,55.8,100.0,121,13.4,balanced,1,0,0,0,0.9485,0.7926,0.9846,0.7409,0.6667,153.62,0.7635,good,17,2,60.8,4.35,11.03,22.96,Low,Low Risk,91.92,80.29,95.48,96.18,85.18,97.38,90.27,95.78,0,None,0
STU0100,2024,9,excellent,84.34,167,198,93.42,7.61,59.4,100.0,121,13.4,balanced,1,0,0,0,0.9487,0.7838,0.9846,0.7409,0.6667,130.48,0.7635,good,18,2,64.96,3.66,11.12,23.91,Medium,Medium Risk,92.49,83.93,96.68,96.98,87.7,97.95,93.13,97.35,0,None,0
STU0100,2025,10,excellent,80.83,156,193,94.76,6.53,52.1,100.0,121,13.4,balanced,1,0,0,0,0.9473,0.7872,0.9842,0.7409,0.6667,172.3,0.7635,good,22,2,79.42,3.15,11.09,28.02,Medium,Medium Risk,95.84,87.46,97.05,97.87,90.19,97.75,93.84,97.74,1,Study Group,1
STU0101,2023,8,excellent,77.0,154,200,96.94,3.8,70.6,100.0,129,19.4,language_oriented,0,0,0,0,0.7696,0.711,0.8562,0.6928,0.6667,163.18,0.8507,good,23,2,85.1,5.83,13.43,31.51,Medium,Medium Risk,97.76,97.83,96.43,97.89,97.78,93.41,97.67,97.99,0,None,0
STU0101,2024,9,excellent,81.31,161,198,97.21,3.23,58.6,100.0,129,19.4,language_oriented,0,0,0,0,0.7692,0.7,0.8615,0.6928,0.6667,74.5,0.8507,good,22,6,79.08,5.73,13.46,29.67,Medium,Medium Risk,97.88,97.63,96.36,97.89,97.9,94.95,97.73,97.93,0,None,0
STU0101,2025,10,excellent,83.42,161,193,97.38,2.7,73.2,100.0,129,19.4,language_oriented,0,0,0,0,0.7721,0.7048,0.8577,0.6928,0.6667,114.47,0.8507,good,18,2,65.61,5.61,13.47,25.57,Medium,Medium Risk,97.99,97.76,97.4,97.88,97.49,95.91,97.7,97.62,1,Study Group,0
STU0102,2023,8,excellent,88.5,177,200,95.97,5.04,61.3,100.0,95,21.2,balanced,0,0,0,0,0.8376,0.7753,0.8463,0.7257,0.6667,169.3,0.7329,excellent,12,1,44.05,4.86,14.04,18.91,Low,Low Risk,97.47,97.56,95.8,97.36,92.8,92.19,97.73,97.8,0,None,0
STU0102,2024,9,excellent,82.32,163,198,96.37,4.58,68.7,100.0,95,21.2,balanced,0,0,0,0,0.8462,0.7879,0.8462,0.7257,0.6667,175.25,0.7329,excellent,19,1,69.37,4.53,13.92,26.33,Medium,Medium Risk,98.05,97.87,95.88,98.04,94.17,92.89,97.88,97.4,0,None,0
STU0102,2025,10,excellent,87.05,168,193,96.91,3.56,73.0,100.0,95,21.2,balanced,0,0,0,0,0.8419,0.7808,0.8474,0.7257,0.6667,155.08,0.7329,excellent,10,0,39.07,4.4,13.97,17.19,Low,Low Risk,98.02,97.65,96.52,97.9,95.27,94.74,97.69,98.13,1,Study Group,0
STU0103,2023,8,moderate,71.5,143,200,51.17,17.64,8.0,100.0,98,3.6,practical,0,0,1,4,0.6924,0.5186,0.7846,0.6624,0.6667,68.92,0.432,excellent,28,2,100.0,72.68,43.32,73.54,High,High Risk,51.52,40.66,51.81,41.81,63.09,38.16,79.13,42.86,0,None,0
STU0103,2024,9,moderate,72.73,144,198,55.19,17.76,14.2,100.0,98,3.6,practical,0,0,1,4,0.6923,0.5185,0.7846,0.6624,0.6667,56.53,0.432,excellent,30,0,100.0,71.08,43.32,72.81,High,High Risk,56.21,44.79,53.26,46.49,68.08,42.41,83.08,48.23,1,Counseling,0
STU0103,2025,10,moderate,73.06,141,193,59.62,18.09,12.7,100.0,98,3.6,practical,0,0,1,2,0.693,0.519,0.7842,0.6624,0.6667,38.8,0.432,excellent,21,1,81.86,53.29,43.32,59.37,Medium,Medium Risk,60.0,49.71,59.36,51.78,73.34,45.49,85.53,50.0,0,None,0
STU0104,2023,8,good,77.0,154,200,96.75,3.87,70.0,100.0,117,18.9,balanced,1,0,0,0,0.9743,0.8333,0.9846,0.7895,0.6667,160.9,0.7653,average,27,2,97.1,1.81,9.63,32.35,Medium,Medium Risk,97.56,96.99,97.68,96.07,91.74,97.64,98.05,97.38,0,None,0
STU0104,2024,9,good,79.29,157,198,96.84,4.03,66.1,100.0,117,18.9,balanced,1,0,0,0,0.9744,0.8421,0.9846,0.7895,0.6667,139.67,0.7653,average,24,5,86.49,1.78,9.54,29.13,Medium,Medium Risk,97.62,96.91,97.45,96.25,92.71,97.92,97.82,97.95,1,Academic Advising,1
STU0104,2025,10,good,78.24,151,193,97.07,3.78,68.4,100.0,117,18.9,balanced,1,0,0,0,0.9736,0.8376,0.9842,0.7895,0.6667,117.37,0.7653,average,29,1,100.0,1.7,9.59,33.16,Medium,Medium Risk,97.64,97.66,97.52,97.16,92.84,97.89,97.78,97.65,0,None,0
STU0105,2023,8,excellent,82.0,164,200,97.36,2.79,72.3,100.0,115,18.5,science_oriented,0,0,0,0,0.8291,0.68,0.9129,0.6836,0.6667,131.13,0.9046,good,23,2,81.6,4.48,12.27,29.56,Medium,Medium Risk,98.01,95.66,97.89,97.62,97.68,97.28,97.83,97.2,0,None,0
STU0105,2024,9,excellent,84.85,168,198,97.43,2.66,76.6,100.0,115,18.5,science_oriented,0,0,0,0,0.8205,0.6875,0.9077,0.6836,0.6667,124.05,0.9046,good,19,0,67.61,4.62,12.27,25.43,Medium,Medium Risk,97.86,96.16,97.71,97.77,97.67,97.61,97.62,97.2,0,None,0
STU0105,2025,10,excellent,86.01,166,193,97.66,2.28,80.9,100.0,115,18.5,science_oriented,0,0,0,0,0.8248,0.6806,0.9107,0.6836,0.6667,178.12,0.9046,good,18,0,63.79,4.44,12.29,24.21,Low,Low Risk,97.73,96.58,97.9,97.77,97.9,97.87,98.05,97.42,0,None,0
STU0106,2023,8,moderate,69.5,139,200,78.28,16.46,34.9,100.0,118,8.9,language_oriented,0,0,1,0,0.7776,0.7038,0.8309,0.5844,0.3333,89.77,0.7384,below_average,47,2,100.0,28.14,17.73,47.1,High,High Risk,89.89,95.25,77.44,94.13,68.48,60.31,63.76,86.73,0,None,0
STU0106,2024,9,moderate,64.14,127,198,78.26,16.74,25.5,100.0,118,8.9,language_oriented,0,0,1,0,0.7692,0.7,0.8308,0.5844,0.3333,73.07,0.7384,below_average,53,5,100.0,28.31,17.77,47.18,High,High Risk,88.93,95.14,78.3,93.51,71.17,61.45,63.19,88.0,0,None,0
STU0106,2025,10,moderate,69.95,135,193,80.27,15.65,28.5,100.0,118,8.9,language_oriented,0,0,1,0,0.7721,0.7048,0.8316,0.5844,0.3333,40.13,0.7384,below_average,48,4,100.0,27.45,17.71,46.78,High,High Risk,92.83,95.26,80.42,94.75,72.9,63.36,67.22,88.6,1,Counseling,1
STU0107,2023,8,moderate,66.5,133,200,51.64,11.69,9.9,88.6,86,8.7,balanced,0,0,1,3,0.4363,0.3538,0.5283,0.7274,0.6667,56.35,0.7023,good,42,2,100.0,69.62,23.45,67.19,High,High Risk,53.93,46.13,51.28,43.99,56.77,61.6,45.75,51.97,0,None,0
STU0107,2024,9,moderate,62.12,123,198,54.85,12.09,19.1,88.8,86,8.7,balanced,0,0,1,3,0.4359,0.3529,0.5231,0.7274,0.6667,93.3,0.7023,good,46,0,100.0,68.34,23.54,66.64,High,High Risk,57.35,48.52,53.1,47.49,61.43,65.39,49.52,53.77,1,Counseling,0
STU0107,2025,10,moderate,63.73,123,193,57.71,11.87,27.6,88.0,86,8.7,balanced,0,0,1,0,0.4387,0.3603,0.5265,0.7274,0.6667,57.32,0.7023,good,44,0,100.0,43.14,23.42,55.27,High,High Risk,58.46,53.1,56.27,50.78,64.36,67.85,52.51,54.35,1,Tutoring,1
STU0108,2023,8,excellent,83.5,167,200,93.43,9.01,43.7,100.0,121,20.4,language_oriented,1,0,0,1,0.8119,0.6211,0.8974,0.7457,0.6667,81.78,0.95,average,21,1,74.55,14.39,11.16,31.63,Medium,Medium Risk,96.35,98.01,86.35,97.31,97.62,78.94,96.58,98.36,0,None,0
STU0108,2024,9,excellent,78.28,155,198,94.16,7.86,52.7,100.0,121,20.4,language_oriented,1,0,0,0,0.8205,0.625,0.8923,0.7457,0.6667,93.93,0.95,average,34,3,100.0,5.92,11.2,35.47,Medium,Medium Risk,97.28,97.85,89.9,97.97,97.73,81.71,96.79,97.86,0,None,0
STU0108,2025,10,excellent,80.83,156,193,95.26,6.52,56.3,100.0,121,20.4,language_oriented,1,0,0,0,0.8155,0.6236,0.8949,0.7457,0.6667,72.0,0.95,average,27,5,94.42,5.58,11.18,33.63,Medium,Medium Risk,97.07,98.0,91.82,97.91,97.93,86.47,97.2,97.99,1,Study Group,1
STU0109,2023,8,good,77.0,154,200,90.36,10.36,49.0,100.0,99,14.5,language_oriented,1,0,0,1,0.8455,0.6362,0.9228,0.8004,0.6667,127.32,0.7627,excellent,25,1,91.1,14.95,12.35,37.14,Medium,Medium Risk,97.39,97.84,91.37,96.49,80.56,81.34,86.36,96.68,0,None,0
STU0109,2024,9,good,76.77,152,198,91.69,9.07,54.6,100.0,99,14.5,language_oriented,1,0,0,0,0.8462,0.6364,0.9231,0.8004,0.6667,81.78,0.7627,excellent,21,0,79.26,6.4,12.34,29.74,Medium,Medium Risk,97.02,97.62,93.43,97.33,83.66,83.08,88.68,96.72,0,None,0
STU0109,2025,10,good,76.17,147,193,92.57,8.58,48.2,100.0,99,14.5,language_oriented,1,0,0,1,0.8419,0.6354,0.9209,0.8004,0.6667,138.1,0.7627,excellent,25,3,91.68,14.13,12.39,36.96,Medium,Medium Risk,97.24,97.75,94.63,97.59,83.72,86.35,90.49,97.28,0,None,0
STU0110,2023,8,excellent,84.0,168,200,91.91,8.79,59.5,100.0,98,20.1,balanced,1,0,0,0,0.7439,0.6779,0.7643,0.7046,0.6667,107.57,0.7393,good,16,1,59.2,8.36,16.57,25.66,Medium,Medium Risk,78.02,97.07,95.58,96.59,88.04,89.52,93.63,95.49,0,None,0
STU0110,2024,9,excellent,81.82,162,198,93.37,7.48,55.5,100.0,98,20.1,balanced,1,0,0,0,0.7436,0.6897,0.7692,0.7046,0.6667,140.3,0.7393,good,25,3,87.73,7.78,16.38,33.92,Medium,Medium Risk,81.75,97.18,96.39,97.08,90.74,91.49,95.15,95.53,0,None,0
STU0110,2025,10,excellent,84.46,163,193,94.36,6.82,57.9,100.0,98,20.1,balanced,1,0,0,0,0.7457,0.682,0.7684,0.7046,0.6667,133.83,0.7393,good,19,1,67.88,7.34,16.47,27.79,Medium,Medium Risk,83.49,97.97,97.11,97.09,91.59,92.81,96.05,97.06,1,Parent Meeting,0
STU0111,2023,8,excellent,83.0,166,200,94.99,6.23,58.7,100.0,109,18.4,language_oriented,0,0,0,0,0.7696,0.7221,0.8154,0.7542,0.6667,121.73,0.8646,average,24,0,83.9,6.61,12.49,31.27,Medium,Medium Risk,97.66,97.94,90.8,96.61,94.48,90.34,95.92,97.45,0,None,0
STU0111,2024,9,excellent,86.87,172,198,95.72,5.51,59.0,100.0,109,18.4,language_oriented,0,0,0,0,0.7692,0.7333,0.8154,0.7542,0.6667,96.92,0.8646,average,17,2,60.19,6.33,12.38,24.0,Low,Low Risk,97.66,97.61,92.74,97.3,95.35,92.03,96.38,97.65,1,Study Group,1
STU0111,2025,10,excellent,82.9,160,193,96.53,4.19,67.7,100.0,109,18.4,language_oriented,0,0,0,0,0.7721,0.727,0.8158,0.7542,0.6667,177.55,0.8646,average,19,2,68.97,5.95,12.44,26.48,Medium,Medium Risk,97.45,97.67,94.58,97.86,95.91,94.25,97.37,97.62,0,None,0
STU0112,2023,8,excellent,91.0,182,200,95.23,5.89,47.7,100.0,108,16.7,language_oriented,0,0,0,1,0.9485,0.8914,0.9846,0.6736,0.6667,75.0,0.7315,excellent,9,2,33.3,10.94,11.87,17.88,Low,Low Risk,97.92,97.68,92.84,97.42,93.39,91.43,95.33,97.18,0,None,0
STU0112,2024,9,excellent,76.77,152,198,95.43,5.96,58.7,100.0,108,16.7,language_oriented,0,0,0,0,0.9487,0.8919,0.9846,0.6736,0.6667,85.0,0.7315,excellent,23,1,85.26,2.85,11.87,29.83,Medium,Medium Risk,97.62,97.93,93.2,97.39,93.16,91.41,96.24,97.49,0,None,0
STU0112,2025,10,excellent,88.08,170,193,95.25,5.87,61.0,100.0,108,16.7,language_oriented,0,0,0,0,0.9473,0.8887,0.9842,0.6736,0.6667,127.05,0.7315,excellent,9,1,35.34,2.95,11.9,14.91,Low,Low Risk,97.66,97.78,93.72,96.52,92.71,91.75,95.69,97.27,0,None,0
STU0113,2023,8,excellent,84.5,169,200,90.99,9.08,47.1,100.0,127,12.0,balanced,0,0,0,1,0.8119,0.6211,0.882,0.7647,0.6667,130.77,0.8357,below_average,24,6,82.85,15.37,12.73,34.95,Medium,Medium Risk,83.55,91.79,91.32,95.19,97.13,92.96,82.51,94.15,0,None,0
STU0113,2024,9,excellent,83.84,166,198,91.23,9.21,51.1,100.0,127,12.0,balanced,0,0,0,0,0.8205,0.625,0.8769,0.7647,0.6667,172.07,0.8357,below_average,23,0,80.31,7.1,12.77,30.48,Medium,Medium Risk,81.42,92.98,88.05,95.14,97.67,93.78,84.08,95.35,0,None,0
STU0113,2025,10,excellent,86.53,167,193,91.72,8.78,50.3,100.0,127,12.0,balanced,0,0,0,0,0.8155,0.6236,0.8791,0.7647,0.6667,94.82,0.8357,below_average,22,2,75.43,7.0,12.75,28.97,Low,Low Risk,83.81,92.91,90.26,95.73,97.39,94.87,84.22,95.45,0,None,0
STU0114,2023,8,moderate,65.5,131,200,71.92,18.02,19.8,100.0,109,10.7,science_oriented,1,0,1,1,0.6409,0.5859,0.6974,0.584,0.3333,53.0,0.5359,good,40,3,100.0,41.41,23.96,54.63,High,High Risk,70.16,62.65,45.94,82.02,89.74,89.11,74.59,54.04,0,None,0
STU0114,2024,9,moderate,64.14,127,198,74.3,16.77,31.6,100.0,109,10.7,science_oriented,1,0,1,0,0.641,0.6,0.6923,0.584,0.3333,52.02,0.5359,good,40,1,100.0,32.46,23.9,50.58,High,High Risk,71.02,68.4,50.8,84.76,89.96,89.62,76.16,57.95,1,Counseling,1
STU0114,2025,10,moderate,59.07,114,193,75.5,16.53,21.1,100.0,109,10.7,science_oriented,1,0,1,0,0.6403,0.5884,0.6949,0.584,0.3333,66.82,0.5359,good,45,2,100.0,31.99,23.97,50.39,High,High Risk,72.98,68.6,51.83,85.6,90.41,89.79,78.68,59.31,0,None,0
STU0115,2023,8,excellent,83.0,166,200,81.97,11.83,44.2,100.0,109,22.7,science_oriented,0,0,0,1,0.6924,0.5796,0.7129,0.7754,0.6667,106.82,0.6883,below_average,30,6,100.0,21.36,17.68,44.03,Medium,Medium Risk,82.84,78.91,74.11,89.33,91.22,86.57,77.28,76.89,0,None,0
STU0115,2024,9,excellent,89.9,178,198,83.18,11.77,42.8,100.0,109,22.7,science_oriented,0,0,0,1,0.6923,0.5926,0.7077,0.7754,0.6667,92.8,0.6883,below_average,16,4,55.07,20.88,17.63,30.32,Low,Low Risk,86.18,81.14,75.7,89.94,91.68,87.39,77.14,77.48,0,None,0
STU0115,2025,10,excellent,93.78,181,193,83.5,11.87,33.8,100.0,109,22.7,science_oriented,0,0,1,0,0.693,0.5817,0.7107,0.7754,0.6667,146.53,0.6883,below_average,10,4,34.35,27.74,17.69,27.21,Medium,Medium Risk,85.16,80.41,77.7,88.6,92.62,87.14,77.22,80.23,0,None,0
STU0116,2023,8,moderate,62.5,125,200,57.57,18.67,7.6,100.0,106,1.5,language_oriented,0,0,2,0,0.4957,0.4128,0.5537,0.6696,0.6667,42.2,0.5619,excellent,35,1,100.0,57.06,45.75,67.11,High,High Risk,64.01,53.17,68.48,83.7,54.08,29.94,55.02,67.86,0,None,0
STU0116,2024,9,moderate,60.61,120,198,61.56,19.93,7.9,100.0,106,1.5,language_oriented,0,0,2,0,0.4872,0.4211,0.5538,0.6696,0.6667,49.82,0.5619,excellent,42,3,100.0,55.63,45.66,66.45,High,High Risk,65.92,57.14,75.3,91.36,59.63,32.02,57.0,71.0,0,None,0
STU0116,2025,10,moderate,67.88,131,193,65.66,19.21,11.3,100.0,106,1.5,language_oriented,0,0,1,1,0.4915,0.4103,0.5526,0.6696,0.6667,88.65,0.5619,excellent,36,0,100.0,46.91,45.79,62.56,High,High Risk,71.57,62.89,81.24,92.55,62.01,35.97,62.89,76.02,1,Study Skills Workshop,1
STU0117,2023,8,good,76.0,152,200,90.55,9.54,51.9,100.0,106,15.9,science_oriented,0,0,0,0,0.9485,0.7745,0.9846,0.7563,0.6667,168.68,0.95,average,34,4,100.0,4.81,8.11,34.19,Medium,Medium Risk,93.62,86.66,85.68,97.13,92.95,92.11,97.6,78.58,0,None,0
STU0117,2024,9,good,77.78,154,198,91.92,9.0,55.7,100.0,106,15.9,science_oriented,0,0,0,0,0.9487,0.7838,0.9846,0.7563,0.6667,98.87,0.95,average,28,3,99.56,4.26,8.02,33.79,Medium,Medium Risk,94.61,88.02,88.47,97.15,95.35,94.24,97.75,79.64,0,None,0
STU0117,2025,10,good,83.42,161,193,93.43,7.92,55.3,100.0,106,15.9,science_oriented,0,0,0,0,0.9473,0.7774,0.9842,0.7563,0.6667,137.92,0.95,average,24,3,83.61,3.68,8.09,28.76,Medium,Medium Risk,95.72,90.6,92.08,97.64,95.48,95.13,97.87,82.84,0,None,0
STU0118,2023,8,moderate,64.0,128,200,69.31,15.72,18.2,100.0,87,15.7,science_oriented,0,0,1,1,0.573,0.537,0.682,0.6389,0.3333,93.38,0.4978,excellent,43,2,100.0,43.82,24.15,55.76,High,High Risk,64.86,49.58,77.97,76.98,87.04,70.95,75.25,57.81,0,None,0
STU0118,2024,9,moderate,61.11,121,198,72.25,15.54,23.6,100.0,87,15.7,science_oriented,0,0,1,0,0.5641,0.5455,0.6769,0.6389,0.3333,64.25,0.4978,excellent,45,2,100.0,34.82,24.15,51.7,High,High Risk,65.99,51.2,81.63,79.19,90.5,73.71,77.14,61.69,1,Counseling,0
STU0118,2025,10,moderate,63.73,123,193,74.28,15.3,29.1,100.0,87,15.7,science_oriented,0,0,1,0,0.5705,0.5382,0.6791,0.6389,0.3333,82.65,0.4978,excellent,41,1,100.0,33.88,24.19,51.29,High,High Risk,67.98,54.78,83.24,80.89,92.24,74.41,77.19,64.09,1,Parent Meeting,0
STU0119,2023,8,moderate,67.0,134,200,57.5,15.72,13.1,100.0,70,8.1,balanced,0,0,1,3,0.47,0.4002,0.5691,0.5635,0.3333,36.78,0.7571,below_average,52,4,100.0,66.6,24.84,66.18,High,High Risk,53.78,57.1,46.79,47.46,42.5,71.51,55.97,76.12,0,None,0
STU0119,2024,9,moderate,58.08,115,198,61.44,15.24,14.8,100.0,70,8.1,balanced,0,0,1,2,0.4615,0.3889,0.5692,0.5635,0.3333,91.52,0.7571,below_average,58,7,100.0,57.19,24.95,61.97,High,High Risk,58.22,61.86,51.64,49.65,48.16,73.65,58.71,81.69,0,None,0
STU0119,2025,10,moderate,65.28,126,193,62.88,15.13,23.1,100.0,70,8.1,balanced,0,0,1,1,0.4651,0.3965,0.5684,0.5635,0.3333,39.02,0.7571,below_average,54,10,100.0,48.55,24.88,58.07,High,High Risk,59.97,61.73,51.54,52.53,49.62,75.84,61.02,81.71,0,None,0
STU0120,2023,8,good,68.0,136,200,69.41,18.65,25.3,100.0,96,8.0,language_oriented,0,0,1,1,0.5815,0.4848,0.6357,0.749,0.6667,132.63,0.6152,good,33,3,100.0,43.61,21.41,54.97,High,High Risk,95.1,65.92,71.66,72.27,48.21,59.17,54.66,94.66,0,None,0
STU0120,2024,9,good,72.22,143,198,72.93,17.91,19.1,100.0,96,8.0,language_oriented,0,0,1,0,0.5897,0.4783,0.6308,0.749,0.6667,102.07,0.6152,good,36,1,100.0,34.03,21.55,50.7,Medium,Medium Risk,96.87,68.13,79.4,77.45,51.0,61.4,61.41,94.79,1,Parent Meeting,1
STU0120,2025,10,good,74.61,144,193,76.66,16.48,23.3,100.0,96,8.0,language_oriented,0,0,1,0,0.5876,0.4776,0.6316,0.749,0.6667,108.95,0.6152,good,26,1,95.77,32.58,21.54,48.78,Medium,Medium Risk,97.37,74.21,82.86,83.52,55.48,67.18,66.4,96.59,0,None,0
STU0121,2023,8,good,75.5,151,200,55.17,15.57,13.9,99.4,79,15.3,practical,0,0,1,3,0.6409,0.5603,0.718,0.8584,0.6667,173.03,0.509,good,25,2,92.15,64.12,18.82,61.2,High,High Risk,55.35,42.3,75.9,65.9,68.15,41.33,53.89,47.41,0,None,0
STU0121,2024,9,good,76.26,151,198,58.43,15.95,18.9,100.0,79,15.3,practical,0,0,1,2,0.641,0.56,0.7231,0.8584,0.6667,134.48,0.509,good,25,1,91.62,54.81,18.75,56.84,Medium,Medium Risk,57.4,45.37,79.29,71.43,70.78,46.12,55.98,50.48,0,None,0
STU0121,2025,10,good,77.72,150,193,61.21,16.27,19.8,100.0,79,15.3,practical,0,0,1,2,0.6403,0.5617,0.7209,0.8584,0.6667,132.75,0.509,good,22,5,81.6,53.71,18.76,53.34,Medium,Medium Risk,59.97,46.31,81.07,73.9,75.71,47.54,59.2,53.66,0,None,0
STU0122,2023,8,good,68.0,136,200,92.71,8.85,58.0,100.0,114,17.5,practical,1,0,0,0,0.8376,0.7753,0.8772,0.7941,0.6667,74.5,0.95,good,38,2,100.0,6.16,8.96,35.01,High,High Risk,98.06,90.8,97.38,96.1,84.59,85.48,97.3,95.64,0,None,0
STU0122,2024,9,good,80.3,159,198,93.41,8.08,57.6,100.0,114,17.5,practical,1,0,0,0,0.8462,0.7879,0.8769,0.7941,0.6667,143.67,0.95,good,21,2,76.79,5.71,8.84,27.82,Medium,Medium Risk,97.67,91.83,97.95,96.71,85.75,87.08,97.12,96.5,1,Mentoring Program,0
STU0122,2025,10,good,76.17,147,193,94.37,7.31,46.6,100.0,114,17.5,practical,1,0,0,1,0.8419,0.7808,0.8791,0.7941,0.6667,135.55,0.95,good,26,1,94.68,13.41,8.87,36.66,Medium,Medium Risk,97.51,93.27,97.88,96.82,88.03,89.48,97.41,96.55,1,Study Group,0
STU0123,2023,8,excellent,86.0,172,200,94.19,6.86,52.6,100.0,87,15.3,balanced,1,0,0,0,0.9743,0.9038,0.9846,0.7043,0.6667,164.97,0.8274,excellent,14,0,51.8,2.84,9.7,19.24,Low,Low Risk,89.8,96.97,90.6,95.52,92.13,97.58,92.71,95.93,0,None,0
STU0123,2024,9,excellent,83.84,166,198,94.17,6.89,59.4,100.0,87,15.3,balanced,1,0,0,0,0.9744,0.8947,0.9846,0.7043,0.6667,116.2,0.8274,excellent,16,0,59.31,2.84,9.79,21.52,Medium,Medium Risk,90.2,96.43,90.01,95.64,91.47,96.78,94.03,96.44,0,None,0
STU0123,2025,10,excellent,84.46,163,193,94.38,6.43,63.8,100.0,87,15.3,balanced,1,0,0,0,0.9736,0.9013,0.9842,0.7043,0.6667,136.75,0.8274,excellent,12,3,46.88,2.78,9.73,17.75,Medium,Medium Risk,91.16,97.03,90.31,94.77,91.39,97.2,93.94,96.85,0,None,0
STU0124,2023,8,moderate,68.0,136,200,68.87,15.52,18.2,100.0,90,15.1,science_oriented,0,0,1,1,0.5894,0.4345,0.6309,0.6991,0.6667,50.1,0.5597,excellent,35,0,100.0,43.66,23.82,55.6,High,High Risk,71.82,47.7,60.6,78.75,65.94,84.19,67.7,71.12,0,None,0
STU0124,2024,9,moderate,68.69,136,198,70.23,15.16,26.1,100.0,90,15.1,science_oriented,0,0,1,0,0.5897,0.4348,0.6308,0.6991,0.6667,81.47,0.5597,excellent,34,2,100.0,35.11,23.81,51.75,High,High Risk,72.92,50.42,61.96,77.68,69.66,84.32,68.11,73.39,1,Mentoring Program,0
STU0124,2025,10,moderate,61.14,118,193,70.68,15.0,23.5,100.0,90,15.1,science_oriented,0,0,1,0,0.5876,0.4327,0.6316,0.6991,0.6667,67.02,0.5597,excellent,36,0,100.0,34.98,23.82,51.7,High,High Risk,74.65,50.34,64.02,80.03,69.11,84.09,68.63,73.24,1,Tutoring,0
STU0125,2023,8,excellent,90.0,180,200,97.87,1.91,83.4,100.0,122,23.7,science_oriented,1,0,0,0,0.9228,0.6946,0.9846,0.7263,0.3333,105.98,0.8433,average,15,0,52.0,2.4,11.11,19.46,Low,Low Risk,97.5,98.03,97.54,97.65,98.05,98.02,98.08,97.86,0,None,0
STU0125,2024,9,excellent,84.85,168,198,97.93,1.74,92.1,100.0,122,23.7,science_oriented,1,0,0,0,0.9231,0.6944,0.9846,0.7263,0.3333,117.88,0.8433,average,20,2,70.61,2.37,11.11,25.02,Medium,Medium Risk,97.88,97.88,97.63,98.14,98.05,98.18,97.67,97.93,0,None,0
STU0125,2025,10,excellent,90.16,174,193,97.88,1.78,87.0,100.0,122,23.7,science_oriented,1,0,0,0,0.9209,0.6953,0.9842,0.7263,0.3333,130.38,0.8433,average,14,4,48.89,2.43,11.11,18.54,Low,Low Risk,98.06,98.11,97.64,97.83,97.92,97.81,97.79,97.89,1,Study Group,0
STU0126,2023,8,excellent,87.0,174,200,89.57,10.3,50.1,100.0,130,13.2,balanced,0,1,0,0,0.9063,0.7742,0.9846,0.7082,0.6667,178.43,0.7422,below_average,20,3,69.1,6.04,32.19,31.5,Low,Low Risk,92.9,84.0,81.25,91.59,88.62,86.56,94.5,96.17,0,None,0
STU0126,2024,9,excellent,88.89,176,198,90.61,9.63,38.1,100.0,130,13.2,balanced,0,1,0,1,0.8974,0.7714,0.9846,0.7082,0.6667,127.42,0.7422,below_average,17,6,58.78,13.81,32.22,31.9,Low,Low Risk,93.7,84.45,83.16,92.79,88.1,89.19,95.53,96.89,0,None,0
STU0126,2025,10,excellent,86.53,167,193,92.7,8.07,55.7,100.0,130,13.2,balanced,0,1,0,0,0.9038,0.7769,0.9842,0.7082,0.6667,130.45,0.7422,below_average,21,8,72.43,4.84,32.17,31.95,Low,Low Risk,94.83,87.7,87.47,93.61,91.72,91.55,96.89,97.23,0,None,0
STU0127,2023,8,good,70.0,140,200,93.01,8.49,52.1,100.0,90,17.4,language_oriented,0,0,0,0,0.8548,0.6595,0.9382,0.8574,0.6667,179.95,0.675,good,37,4,100.0,5.7,12.06,35.58,Medium,Medium Risk,98.13,93.52,96.98,97.39,93.79,83.58,89.12,96.96,0,None,0
STU0127,2024,9,good,75.25,149,198,92.9,8.31,53.3,100.0,90,17.4,language_oriented,0,0,0,0,0.8462,0.6667,0.9385,0.8574,0.6667,158.52,0.675,good,33,1,100.0,5.92,11.98,35.66,Medium,Medium Risk,98.02,93.71,96.68,96.68,94.44,84.06,88.41,97.19,1,Academic Advising,1
STU0127,2025,10,good,68.39,132,193,92.89,8.36,53.4,100.0,90,17.4,language_oriented,0,0,0,0,0.8511,0.6595,0.9368,0.8574,0.6667,112.95,0.675,good,42,2,100.0,5.82,12.08,35.64,High,High Risk,97.91,93.05,96.69,96.7,94.13,84.23,88.34,97.18,0,None,0
STU0128,2023,8,moderate,64.0,128,200,64.62,15.93,21.9,100.0,113,5.9,language_oriented,0,0,1,1,0.7346,0.6514,0.7846,0.6937,0.6667,99.13,0.4724,excellent,38,0,100.0,42.46,40.76,59.3,High,High Risk,96.99,62.56,66.15,69.96,45.46,54.67,63.1,68.99,0,None,0
STU0128,2024,9,moderate,68.69,136,198,66.56,16.03,22.8,100.0,113,5.9,language_oriented,0,0,1,1,0.7436,0.6552,0.7846,0.6937,0.6667,42.6,0.4724,excellent,27,3,100.0,41.51,40.72,58.86,High,High Risk,96.79,63.76,68.59,70.55,49.89,54.23,66.64,68.85,1,Counseling,1
STU0128,2025,10,moderate,64.77,125,193,67.43,16.28,23.0,100.0,113,5.9,language_oriented,0,0,1,1,0.7365,0.6547,0.7842,0.6937,0.6667,44.57,0.4724,excellent,32,1,100.0,41.3,40.73,58.77,High,High Risk,97.12,65.85,71.29,73.16,47.54,54.44,66.89,72.81,1,Study Skills Workshop,1
STU0129,2023,8,excellent,84.5,169,200,95.56,5.38,62.1,100.0,120,12.9,science_oriented,0,0,0,0,0.9743,0.8943,0.9846,0.6936,0.6667,81.47,0.95,excellent,17,1,61.85,2.29,8.17,21.63,Medium,Medium Risk,93.35,95.77,95.5,95.67,97.85,94.21,97.73,94.17,0,None,0
STU0129,2024,9,excellent,79.29,157,198,95.96,4.69,65.8,100.0,120,12.9,science_oriented,0,0,0,0,0.9744,0.8947,0.9846,0.6936,0.6667,109.75,0.95,excellent,17,2,65.49,2.13,8.16,22.65,Medium,Medium Risk,94.49,96.43,96.81,95.48,97.87,94.9,97.66,93.99,1,Study Group,0
STU0129,2025,10,excellent,84.46,163,193,96.38,4.53,65.5,100.0,120,12.9,science_oriented,0,0,0,0,0.9736,0.8917,0.9842,0.6936,0.6667,166.1,0.95,excellent,17,1,61.88,1.97,8.2,21.5,Medium,Medium Risk,94.2,97.38,96.41,95.91,97.86,95.7,97.58,95.32,0,None,0
STU0130,2023,8,moderate,66.5,133,200,48.55,16.05,8.4,98.1,81,5.0,language_oriented,1,0,2,4,0.5043,0.4569,0.5283,0.5945,0.6667,71.73,0.7298,good,36,2,100.0,92.5,44.67,82.79,High,High Risk,54.41,65.76,39.61,66.13,37.85,41.45,34.61,56.1,0,None,0
STU0130,2024,9,moderate,73.74,146,198,50.97,16.52,11.4,94.4,81,5.0,language_oriented,1,0,1,4,0.5128,0.45,0.5231,0.5945,0.6667,55.83,0.7298,good,32,2,100.0,76.35,44.82,75.56,High,High Risk,58.03,68.21,39.3,70.61,40.25,45.35,36.32,57.37,1,Tutoring,1
STU0130,2025,10,moderate,64.77,125,193,52.97,16.4,10.2,97.4,81,5.0,language_oriented,1,0,1,4,0.5085,0.4481,0.5265,0.5945,0.6667,41.52,0.7298,good,47,1,100.0,75.64,44.78,75.23,High,High Risk,58.72,69.91,42.96,71.27,42.13,46.86,38.03,59.51,1,Tutoring,1
STU0131,2023,8,good,71.5,143,200,90.13,10.37,46.5,100.0,108,13.0,practical,0,0,0,1,0.8291,0.68,0.9228,0.8205,0.6667,113.93,0.95,excellent,30,0,100.0,15.37,8.7,39.09,Medium,Medium Risk,95.22,92.91,86.87,83.36,96.28,77.57,96.75,95.58,0,None,0
STU0131,2024,9,good,75.76,150,198,90.84,10.04,46.9,100.0,108,13.0,practical,0,0,0,1,0.8205,0.6875,0.9231,0.8205,0.6667,95.17,0.95,excellent,21,1,79.97,15.26,8.62,33.01,Medium,Medium Risk,96.41,93.0,88.87,85.08,96.97,77.52,96.82,95.19,0,None,0
STU0131,2025,10,good,78.76,152,193,91.73,9.27,50.5,100.0,108,13.0,practical,0,0,0,0,0.8248,0.6806,0.9209,0.8205,0.6667,87.28,0.95,excellent,20,0,74.87,6.81,8.72,27.71,Medium,Medium Risk,97.04,94.23,89.75,85.58,96.78,80.07,97.14,95.43,0,None,0
STU0132,2023,8,good,72.5,145,200,55.69,16.23,5.6,100.0,98,16.8,science_oriented,0,1,2,1,0.6924,0.5796,0.7283,0.7472,0.6667,137.1,0.6934,excellent,30,0,100.0,61.88,37.94,67.33,High,High Risk,58.82,30.03,69.88,47.6,69.07,60.97,55.68,55.24,0,None,0
STU0132,2024,9,good,71.72,142,198,58.25,16.23,9.4,100.0,98,16.8,science_oriented,0,1,2,0,0.6923,0.5926,0.7231,0.7472,0.6667,113.53,0.6934,excellent,23,0,88.8,52.86,37.88,59.9,Medium,Medium Risk,60.44,32.5,72.11,50.22,71.85,64.27,60.56,54.8,1,Mentoring Program,0
STU0132,2025,10,good,79.79,154,193,60.72,16.56,5.3,98.9,98,16.8,science_oriented,0,1,1,1,0.693,0.5817,0.7265,0.7472,0.6667,113.18,0.6934,excellent,15,0,59.15,44.85,37.94,47.41,Medium,Medium Risk,65.89,35.79,72.96,50.92,75.71,66.71,60.98,58.54,0,None,0
STU0133,2023,8,moderate,70.5,141,200,61.34,12.56,24.8,94.5,124,6.4,language_oriented,0,0,1,0,0.5122,0.4497,0.6154,0.6216,0.3333,73.05,0.6085,good,30,1,100.0,40.22,44.71,59.28,Medium,Medium Risk,74.95,61.61,69.6,58.13,69.55,52.94,57.15,54.63,0,None,0
STU0133,2024,9,moderate,70.71,140,198,63.22,12.6,19.4,98.6,124,6.4,language_oriented,0,0,1,0,0.5128,0.45,0.6154,0.6216,0.3333,67.17,0.6085,good,38,1,100.0,39.46,44.71,58.93,Medium,Medium Risk,77.22,62.68,70.17,60.39,70.85,55.44,57.75,58.2,1,Study Group,0
STU0133,2025,10,moderate,68.91,133,193,65.38,12.33,32.0,100.0,124,6.4,language_oriented,0,0,1,0,0.5085,0.4481,0.6158,0.6216,0.3333,37.55,0.6085,good,30,0,100.0,38.68,44.72,58.59,High,High Risk,78.89,63.89,72.86,61.01,72.6,58.05,62.04,60.05,1,Parent Meeting,1
STU0134,2023,8,excellent,79.0,158,200,79.03,17.23,21.3,100.0,91,19.8,science_oriented,0,0,1,1,0.897,0.7719,0.9846,0.7537,0.6667,156.55,0.9335,good,26,2,92.7,33.45,8.43,44.97,Medium,Medium Risk,93.55,50.0,75.78,70.56,94.41,75.14,94.19,77.72,0,None,0
STU0134,2024,9,excellent,85.35,169,198,80.25,16.0,26.5,100.0,91,19.8,science_oriented,0,0,1,0,0.8974,0.7714,0.9846,0.7537,0.6667,98.93,0.9335,good,19,2,67.25,24.95,8.44,33.51,Medium,Medium Risk,92.24,51.2,76.91,72.01,94.39,77.74,94.8,78.32,1,Academic Advising,1
STU0134,2025,10,excellent,83.42,161,193,81.74,15.92,19.5,100.0,91,19.8,science_oriented,0,0,1,0,0.8946,0.7747,0.9842,0.7537,0.6667,151.53,0.9335,good,17,4,62.61,24.41,8.41,31.87,Medium,Medium Risk,93.91,54.84,80.38,74.98,94.87,81.05,95.46,80.5,1,Academic Advising,1
STU0135,2023,8,moderate,73.5,147,200,86.86,12.84,36.1,100.0,108,16.2,science_oriented,1,0,0,1,0.8891,0.7015,0.9026,0.6134,0.3333,100.9,0.95,below_average,41,7,100.0,15.47,12.93,40.2,Medium,Medium Risk,88.11,71.6,75.81,94.11,94.52,97.22,88.43,83.55,0,None,0
STU0135,2024,9,moderate,81.31,161,198,89.29,11.02,37.7,100.0,108,16.2,science_oriented,1,0,0,1,0.8974,0.7143,0.9077,0.6134,0.3333,51.88,0.95,below_average,28,7,97.08,14.33,12.72,38.76,Medium,Medium Risk,91.32,75.77,78.79,95.65,95.66,97.52,91.3,87.68,0,None,0
STU0135,2025,10,moderate,71.5,138,193,91.18,9.71,50.1,100.0,108,16.2,science_oriented,1,0,0,0,0.8946,0.7054,0.9051,0.6134,0.3333,105.43,0.95,below_average,43,7,100.0,5.63,12.85,35.75,Medium,Medium Risk,91.6,79.27,82.28,96.32,96.05,97.71,94.21,89.42,0,None,0
STU0136,2023,8,good,71.5,143,200,85.08,13.82,42.1,100.0,105,12.9,language_oriented,0,0,0,1,0.8805,0.7572,0.9537,0.8118,0.6667,150.42,0.8707,excellent,33,0,100.0,16.36,8.83,39.57,Medium,Medium Risk,95.41,78.07,93.34,95.19,89.34,72.45,70.9,97.54,0,None,0
STU0136,2024,9,good,69.7,138,198,86.69,13.38,40.2,100.0,105,12.9,language_oriented,0,0,0,1,0.8718,0.7647,0.9538,0.8118,0.6667,77.73,0.8707,excellent,35,0,100.0,15.89,8.75,39.34,High,High Risk,96.24,78.91,94.02,95.61,91.89,74.09,74.27,97.51,1,Academic Advising,1
STU0136,2025,10,good,74.61,144,193,87.73,12.24,44.0,100.0,105,12.9,language_oriented,0,0,0,1,0.8775,0.7598,0.9526,0.8118,0.6667,115.6,0.8707,excellent,24,0,89.77,15.36,8.82,36.05,Medium,Medium Risk,96.01,79.2,95.04,96.18,91.37,77.01,77.06,97.61,0,None,0
STU0137,2023,8,good,79.5,159,200,84.11,13.09,34.9,100.0,113,16.5,balanced,1,0,1,0,0.8291,0.68,0.8974,0.8257,0.6667,140.07,0.6972,poor,38,9,100.0,24.77,12.77,44.34,Medium,Medium Risk,96.13,80.52,88.02,93.24,78.15,79.17,94.82,68.09,0,None,0
STU0137,2024,9,good,79.29,157,198,86.39,12.28,39.7,100.0,113,16.5,balanced,1,0,0,1,0.8205,0.6875,0.8923,0.8257,0.6667,127.42,0.6972,poor,38,8,100.0,17.03,12.77,40.86,Medium,Medium Risk,96.89,83.9,91.41,94.23,81.32,80.17,95.47,70.2,0,None,0
STU0137,2025,10,good,81.87,158,193,86.32,12.67,40.0,100.0,113,16.5,balanced,1,0,0,1,0.8248,0.6806,0.8949,0.8257,0.6667,161.97,0.6972,poor,28,5,96.69,16.98,12.8,39.85,Medium,Medium Risk,96.71,83.26,92.75,93.76,81.39,80.63,94.69,71.43,1,Parent Meeting,1
STU0138,2023,8,irregular,51.0,102,200,66.93,14.39,22.3,100.0,109,8.4,balanced,1,0,1,0,0.5894,0.5218,0.6871,0.8775,0.6667,54.6,0.7996,average,63,1,100.0,36.44,14.93,50.13,High,High Risk,58.59,83.11,81.52,57.59,66.98,62.36,70.7,52.42,0,None,0
STU0138,2024,9,irregular,55.56,110,198,69.36,15.01,25.4,100.0,109,8.4,balanced,1,0,1,0,0.5897,0.5217,0.6923,0.8775,0.6667,26.27,0.7996,average,52,4,100.0,35.46,14.85,49.67,High,High Risk,59.85,84.9,84.56,59.91,68.33,64.25,76.81,55.27,1,Mentoring Program,1
STU0138,2025,10,irregular,52.85,102,193,71.47,14.68,27.8,100.0,109,8.4,balanced,1,0,1,0,0.5876,0.5224,0.6893,0.8775,0.6667,44.83,0.7996,average,69,4,100.0,34.66,14.89,49.32,High,High Risk,62.38,88.65,86.84,62.68,70.98,65.72,76.52,57.71,1,Study Skills Workshop,1
STU0139,2023,8,moderate,58.0,116,200,72.5,15.62,30.9,100.0,118,9.4,science_oriented,1,0,1,0,0.6409,0.5603,0.6974,0.6573,0.6667,84.97,0.4993,average,51,4,100.0,33.18,23.3,50.76,High,High Risk,92.59,58.4,77.72,56.46,80.41,74.99,84.54,57.89,0,None,0
STU0139,2024,9,moderate,63.64,126,198,71.96,14.81,22.4,100.0,118,9.4,science_oriented,1,0,1,0,0.641,0.56,0.6923,0.6573,0.6667,83.48,0.4993,average,50,3,100.0,33.4,23.38,50.87,High,High Risk,89.46,58.15,76.97,56.12,78.68,74.14,81.56,59.14,1,Study Skills Workshop,0
STU0139,2025,10,moderate,60.1,116,193,71.21,15.14,31.3,100.0,118,9.4,science_oriented,1,0,1,0,0.6403,0.5617,0.6949,0.6573,0.6667,77.63,0.4993,average,51,0,100.0,33.71,23.32,51.0,High,High Risk,90.22,57.6,75.63,56.81,78.68,74.01,82.71,56.67,0,None,0
STU0140,2023,8,excellent,81.5,163,200,82.57,14.66,29.0,100.0,118,14.8,language_oriented,1,1,1,0,0.7261,0.5409,0.8,0.643,0.6667,77.93,0.6639,below_average,32,6,100.0,27.45,39.77,52.3,Medium,Medium Risk,93.51,93.47,64.45,94.79,84.5,67.41,79.83,90.07,0,None,0
STU0140,2024,9,excellent,92.42,183,198,84.98,13.75,42.1,100.0,118,14.8,language_oriented,1,1,0,1,0.7179,0.5357,0.8,0.643,0.6667,117.18,0.6639,below_average,12,2,41.3,19.65,39.82,31.19,Low,Low Risk,94.87,95.54,69.09,95.12,88.92,69.63,83.18,90.37,1,Academic Advising,1
STU0140,2025,10,excellent,86.01,166,193,86.89,13.18,33.4,100.0,118,14.8,language_oriented,1,1,1,0,0.7194,0.5366,0.8,0.643,0.6667,127.9,0.6639,below_average,22,7,75.79,25.86,39.82,44.33,Medium,Medium Risk,96.03,94.99,70.61,96.99,89.89,72.95,85.98,92.63,0,None,0
STU0141,2023,8,excellent,88.5,177,200,97.46,2.89,67.1,100.0,114,16.1,science_oriented,1,0,0,0,0.9485,0.7572,0.9691,0.6971,0.6667,171.1,0.95,average,14,2,50.05,2.05,9.7,18.36,Low,Low Risk,97.29,97.84,97.21,96.02,97.76,98.06,98.22,96.59,0,None,0
STU0141,2024,9,excellent,91.92,182,198,97.5,2.36,80.2,100.0,114,16.1,science_oriented,1,0,0,0,0.9487,0.7568,0.9692,0.6971,0.6667,148.73,0.95,average,12,2,41.66,2.03,9.7,15.83,Low,Low Risk,97.83,97.36,97.41,97.5,97.84,97.66,97.5,96.94,0,None,0
STU0141,2025,10,excellent,90.16,174,193,97.71,2.13,72.5,100.0,114,16.1,science_oriented,1,0,0,0,0.9473,0.7594,0.9684,0.6971,0.6667,138.17,0.95,average,11,4,39.89,1.97,9.69,15.28,Low,Low Risk,97.55,98.03,97.54,97.86,98.08,97.76,97.59,97.27,0,None,0
STU0142,2023,8,moderate,59.5,119,200,51.78,11.44,15.2,88.3,103,2.8,language_oriented,0,0,1,3,0.4957,0.4128,0.5438,0.5944,0.3333,69.63,0.366,good,44,2,100.0,68.37,50.34,73.35,High,High Risk,63.21,50.11,54.12,47.88,44.78,47.84,55.06,54.5,0,None,0
STU0142,2024,9,moderate,65.15,129,198,53.75,12.54,10.2,95.2,103,2.8,language_oriented,0,0,1,2,0.4872,0.4211,0.5385,0.5944,0.3333,42.62,0.366,good,39,1,100.0,59.76,50.34,69.48,High,High Risk,65.93,54.62,53.71,50.12,44.5,46.56,59.13,58.42,1,Tutoring,1
STU0142,2025,10,moderate,63.73,123,193,53.95,12.45,13.9,90.8,103,2.8,language_oriented,0,0,1,2,0.4915,0.4103,0.5423,0.5944,0.3333,81.45,0.366,good,39,4,100.0,59.59,50.39,69.41,High,High Risk,66.67,53.43,56.48,51.49,45.61,46.91,57.2,56.88,1,Tutoring,0
STU0143,2023,8,at-risk,30.5,61,200,24.02,13.9,4.2,72.5,78,1.7,language_oriented,0,0,9,1,0.3591,0.2611,0.4408,0.3876,0.3333,16.3,0.4413,excellent,70,0,100.0,100.0,56.41,89.1,High,High Risk,33.35,47.04,23.73,23.07,16.01,12.93,12.88,30.38,0,None,0
STU0143,2024,9,at-risk,28.79,57,198,27.69,15.36,5.3,84.8,78,1.7,language_oriented,0,0,8,1,0.359,0.2857,0.4462,0.3876,0.3333,26.02,0.4413,excellent,57,2,100.0,100.0,56.08,89.02,High,High Risk,35.87,53.96,28.65,27.76,18.49,14.71,14.46,34.56,0,None,0
STU0143,2025,10,at-risk,36.27,70,193,31.48,15.59,6.0,81.6,78,1.7,language_oriented,0,0,7,2,0.3597,0.2674,0.4419,0.3876,0.3333,16.5,0.4413,excellent,67,0,100.0,100.0,56.33,89.08,High,High Risk,41.66,56.37,32.74,30.3,20.74,17.82,16.95,38.39,0,None,0
STU0144,2023,8,good,78.5,157,200,76.65,15.03,35.1,100.0,88,12.7,science_oriented,0,0,0,1,0.7182,0.6305,0.8253,0.8159,0.6667,106.03,0.6334,average,28,1,99.05,22.98,15.5,43.93,Medium,Medium Risk,59.8,73.89,60.38,72.42,87.18,95.52,82.49,69.38,0,None,0
STU0144,2024,9,good,82.83,164,198,77.73,15.2,40.6,100.0,88,12.7,science_oriented,0,0,0,1,0.7179,0.6429,0.8308,0.8159,0.6667,134.33,0.6334,average,23,3,81.02,22.55,15.29,38.28,Medium,Medium Risk,60.03,73.11,59.84,74.96,88.95,96.03,85.74,71.25,0,None,0
STU0144,2025,10,good,78.24,151,193,79.25,14.55,36.9,100.0,88,12.7,science_oriented,0,0,0,1,0.7194,0.6337,0.8261,0.8159,0.6667,156.37,0.6334,average,26,4,93.23,21.91,15.45,41.69,Medium,Medium Risk,61.73,75.96,63.69,77.09,88.52,96.13,87.29,72.03,0,None,0
STU0145,2023,8,excellent,83.5,167,200,97.08,3.37,64.1,100.0,117,18.0,balanced,1,0,0,0,0.8033,0.7453,0.8309,0.6929,0.6667,78.47,0.9287,average,20,6,71.55,5.1,12.3,26.83,Medium,Medium Risk,97.66,97.61,93.81,97.78,97.05,97.15,97.86,97.14,0,None,0
STU0145,2024,9,excellent,84.85,168,198,97.17,3.3,67.3,100.0,117,18.0,balanced,1,0,0,0,0.7949,0.7419,0.8308,0.6929,0.6667,74.87,0.9287,average,19,7,67.61,5.24,12.33,25.72,Medium,Medium Risk,97.8,97.71,93.38,97.91,97.3,97.83,97.7,97.26,0,None,0
STU0145,2025,10,excellent,88.6,171,193,97.2,3.25,65.4,100.0,117,18.0,balanced,1,0,0,0,0.7984,0.7475,0.8316,0.6929,0.6667,170.83,0.9287,average,15,1,52.98,5.15,12.26,21.28,Low,Low Risk,97.68,97.79,93.25,97.63,97.28,97.76,97.75,97.7,1,Parent Meeting,1
STU0146,2023,8,excellent,87.0,174,200,88.43,11.54,45.4,100.0,123,14.5,science_oriented,0,0,0,1,0.8291,0.7731,0.8717,0.7218,0.6667,168.85,0.7528,good,17,4,60.1,16.05,13.47,28.62,Low,Low Risk,94.66,88.83,95.3,85.28,73.25,94.71,96.01,78.2,0,None,0
STU0146,2024,9,excellent,89.9,178,198,88.44,11.39,50.5,100.0,123,14.5,science_oriented,0,0,0,0,0.8205,0.7812,0.8769,0.7218,0.6667,118.83,0.7528,good,13,3,46.07,8.21,13.31,20.84,Low,Low Risk,93.36,88.9,95.59,86.66,71.33,94.95,96.11,77.34,0,None,0
STU0146,2025,10,excellent,86.01,166,193,87.88,11.91,39.7,100.0,123,14.5,science_oriented,0,0,0,1,0.8248,0.7764,0.8735,0.7218,0.6667,151.35,0.7528,good,17,2,60.79,16.35,13.41,28.95,Low,Low Risk,94.43,87.88,96.9,83.75,70.96,94.46,96.67,76.97,0,None,0
STU0147,2023,8,excellent,79.5,159,200,69.87,15.52,30.0,100.0,99,17.4,balanced,0,0,1,0,0.7518,0.5908,0.7691,0.7695,0.6667,117.05,0.6605,good,22,0,80.35,32.02,17.26,42.83,Medium,Medium Risk,89.28,62.23,83.6,84.54,69.36,56.42,71.5,55.66,0,None,0
STU0147,2024,9,excellent,83.84,166,198,69.16,15.44,29.1,100.0,99,17.4,balanced,0,0,1,0,0.7436,0.5862,0.7692,0.7695,0.6667,143.73,0.6605,good,21,1,74.31,32.46,17.3,41.23,Medium,Medium Risk,88.47,60.93,81.85,83.07,70.4,54.97,71.74,54.95,0,None,0
STU0147,2025,10,excellent,87.05,168,193,71.35,14.96,33.7,100.0,99,17.4,balanced,0,0,1,0,0.7457,0.5883,0.7684,0.7695,0.6667,147.33,0.6605,good,15,3,54.07,31.55,17.29,34.74,Medium,Medium Risk,90.27,62.4,84.85,83.87,70.54,58.15,71.8,58.53,1,Parent Meeting,0
STU0148,2023,8,excellent,92.5,185,200,94.95,6.21,60.7,100.0,110,18.7,balanced,1,0,0,0,0.7954,0.6132,0.8665,0.6708,0.3333,77.27,0.95,excellent,7,1,26.25,6.11,13.2,13.93,Low,Low Risk,96.66,88.33,96.0,93.53,93.88,97.54,97.06,95.87,0,None,0
STU0148,2024,9,excellent,85.35,169,198,95.76,5.83,58.5,100.0,110,18.7,balanced,1,0,0,0,0.7949,0.6129,0.8615,0.6708,0.3333,97.37,0.95,excellent,15,1,55.25,5.8,13.28,22.51,Low,Low Risk,96.85,89.61,96.46,95.2,94.65,97.92,97.19,97.06,0,None,0
STU0148,2025,10,excellent,87.05,168,193,95.82,5.33,66.7,100.0,110,18.7,balanced,1,0,0,0,0.7984,0.6155,0.8632,0.6708,0.3333,129.67,0.95,excellent,12,3,45.07,5.7,13.23,19.39,Low,Low Risk,96.34,90.49,96.63,95.03,96.18,97.86,96.82,96.63,0,None,0
STU0149,2023,8,good,79.0,158,200,69.7,14.29,32.3,100.0,97,15.0,science_oriented,0,0,1,0,0.6409,0.5201,0.682,0.7941,0.6667,80.77,0.5727,good,24,2,86.7,34.3,20.1,46.47,Medium,Medium Risk,89.06,62.01,76.07,62.47,78.57,59.5,77.04,59.73,0,None,0
STU0149,2024,9,good,83.33,165,198,71.71,14.22,30.7,100.0,97,15.0,science_oriented,0,0,1,0,0.641,0.52,0.6769,0.7941,0.6667,118.53,0.5727,good,17,3,62.67,33.5,20.17,38.92,Medium,Medium Risk,92.28,64.53,77.56,63.73,80.69,63.31,77.89,60.66,0,None,0
STU0149,2025,10,good,76.17,147,193,74.1,14.17,29.9,100.0,97,15.0,science_oriented,0,0,1,0,0.6403,0.5206,0.6791,0.7941,0.6667,161.38,0.5727,good,27,3,97.68,32.56,20.14,48.99,Medium,Medium Risk,93.27,65.1,81.58,67.25,82.67,64.54,80.99,63.39,1,Parent Meeting,0
STU0150,2023,8,moderate,67.0,134,200,65.4,16.87,10.7,100.0,97,8.4,science_oriented,0,0,1,1,0.6832,0.5258,0.6871,0.6495,0.6667,94.28,0.5259,average,50,3,100.0,43.18,23.56,55.32,High,High Risk,67.97,69.79,72.02,42.98,90.1,60.05,69.02,51.92,0,None,0
STU0150,2024,9,moderate,69.19,137,198,69.71,16.61,13.0,100.0,97,8.4,science_oriented,0,0,1,0,0.6923,0.5185,0.6923,0.6495,0.6667,45.63,0.5259,average,46,8,100.0,33.27,23.55,50.86,High,High Risk,73.51,75.37,75.71,50.3,93.95,62.98,72.06,56.33,1,Tutoring,1
STU0150,2025,10,moderate,59.07,114,193,73.17,15.29,27.3,100.0,97,8.4,science_oriented,0,0,1,0,0.6838,0.5262,0.6893,0.6495,0.6667,76.73,0.5259,average,54,3,100.0,32.06,23.52,50.31,High,High Risk,74.59,78.47,81.66,57.28,93.84,66.67,76.59,59.06,0,None,0
STU0151,2023,8,excellent,87.0,174,200,97.4,2.73,77.0,100.0,126,19.4,science_oriented,1,0,0,0,0.8119,0.6528,0.8309,0.736,0.6667,90.02,0.95,good,15,0,54.1,4.8,12.04,21.4,Low,Low Risk,98.35,96.82,97.12,96.69,97.71,97.69,97.92,96.93,0,None,0
STU0151,2024,9,excellent,88.38,175,198,97.59,2.49,76.8,100.0,126,19.4,science_oriented,1,0,0,0,0.8205,0.6562,0.8308,0.736,0.6667,80.32,0.95,good,15,2,53.13,4.55,12.01,20.99,Low,Low Risk,97.82,96.95,97.62,97.63,97.56,97.87,98.06,97.19,0,None,0
STU0151,2025,10,excellent,89.64,173,193,97.57,2.3,79.1,100.0,126,19.4,science_oriented,1,0,0,0,0.8155,0.6559,0.8316,0.736,0.6667,97.15,0.95,good,13,3,46.25,4.66,12.0,18.97,Low,Low Risk,98.15,96.69,98.01,97.45,97.8,97.59,97.92,97.14,0,None,0
STU0152,2023,8,excellent,83.5,167,200,92.37,8.55,47.0,100.0,92,11.7,balanced,1,0,0,1,0.7696,0.6441,0.8154,0.6719,0.6667,86.13,0.9374,poor,30,4,100.0,15.66,13.83,40.5,Medium,Medium Risk,97.67,89.29,94.43,80.01,93.38,89.26,97.3,96.04,0,None,0
STU0152,2024,9,excellent,85.86,170,198,92.64,8.34,50.4,100.0,92,11.7,balanced,1,0,0,0,0.7692,0.6333,0.8154,0.6719,0.6667,110.02,0.9374,poor,24,7,81.9,7.56,13.94,31.46,Low,Low Risk,97.84,90.32,94.49,81.19,93.88,89.9,96.74,96.75,0,None,0
STU0152,2025,10,excellent,90.67,175,193,94.08,6.95,57.3,100.0,92,11.7,balanced,1,0,0,0,0.7721,0.6365,0.8158,0.6719,0.6667,148.32,0.9374,poor,16,11,54.53,6.93,13.9,22.95,Low,Low Risk,97.61,93.69,95.52,85.87,95.11,90.87,97.34,97.0,0,None,0
STU0153,2023,8,good,79.5,159,200,78.47,11.22,42.5,100.0,111,8.5,science_oriented,1,0,0,1,0.7518,0.6594,0.8309,0.7158,0.6667,82.88,0.8501,below_average,36,2,100.0,21.58,13.87,43.18,Medium,Medium Risk,71.04,83.04,84.9,68.98,72.55,84.76,80.36,75.83,0,None,0
STU0153,2024,9,good,78.28,155,198,79.84,10.98,39.8,100.0,111,8.5,science_oriented,1,0,0,1,0.7436,0.6552,0.8308,0.7158,0.6667,75.28,0.8501,below_average,34,6,100.0,21.19,13.92,43.02,Medium,Medium Risk,74.27,84.14,86.72,69.89,75.12,85.29,82.95,77.17,1,Parent Meeting,1
STU0153,2025,10,good,71.5,138,193,81.75,10.76,39.5,100.0,111,8.5,science_oriented,1,0,0,1,0.7457,0.659,0.8316,0.7158,0.6667,99.22,0.8501,below_average,48,4,100.0,20.39,13.87,42.64,Medium,Medium Risk,76.09,85.59,89.2,71.31,78.25,86.99,85.45,78.16,1,Parent Meeting,0
STU0154,2023,8,excellent,87.0,174,200,81.41,12.17,39.4,100.0,109,16.8,balanced,0,1,0,1,0.8376,0.6328,0.9335,0.6826,0.6667,169.43,0.6915,good,16,0,57.1,18.68,35.65,34.45,Low,Low Risk,90.76,88.73,80.5,84.14,76.31,79.23,81.43,74.56,0,None,0
STU0154,2024,9,excellent,82.83,164,198,83.46,11.41,49.3,100.0,109,16.8,balanced,0,1,0,1,0.8462,0.6364,0.9385,0.6826,0.6667,137.58,0.6915,good,19,1,69.02,17.69,35.54,37.55,Medium,Medium Risk,92.05,88.67,81.22,88.79,77.48,80.8,82.75,77.56,0,None,0
STU0154,2025,10,excellent,87.56,169,193,84.23,11.58,39.9,100.0,109,16.8,balanced,0,1,0,1,0.8419,0.6354,0.9368,0.6826,0.6667,117.43,0.6915,good,12,1,44.7,17.47,35.57,30.17,Low,Low Risk,93.89,91.47,80.89,88.37,78.1,81.95,84.88,78.37,1,Academic Advising,1
STU0155,2023,8,good,76.5,153,200,77.79,13.48,29.5,100.0,108,7.9,balanced,1,0,1,0,0.6409,0.5201,0.718,0.7722,0.6667,179.93,0.6307,average,37,0,100.0,31.06,39.13,53.76,Medium,Medium Risk,75.76,79.12,89.89,72.19,79.8,73.07,87.26,66.37,0,None,0
STU0155,2024,9,good,76.26,151,198,80.87,12.6,44.6,100.0,108,7.9,balanced,1,0,0,1,0.641,0.52,0.7231,0.7722,0.6667,124.8,0.6307,average,36,4,100.0,22.83,39.05,50.04,Medium,Medium Risk,79.32,81.52,91.08,74.96,84.25,74.34,90.55,71.17,0,None,0
STU0155,2025,10,good,69.95,135,193,85.76,11.51,42.0,100.0,108,7.9,balanced,1,0,0,1,0.6403,0.5206,0.7209,0.7722,0.6667,129.9,0.6307,average,36,3,100.0,20.89,39.08,49.17,High,High Risk,84.6,87.97,92.52,81.75,90.32,79.28,93.69,76.38,0,None,0
STU0156,2023,8,good,77.5,155,200,92.39,8.9,49.1,100.0,101,16.9,practical,0,0,0,1,0.7439,0.5865,0.8,0.7594,0.6667,137.03,0.95,good,29,3,100.0,16.17,12.7,40.45,Medium,Medium Risk,97.95,97.21,97.76,90.44,91.5,80.32,93.2,95.39,0,None,0
STU0156,2024,9,good,77.78,154,198,93.08,8.41,53.6,100.0,101,16.9,practical,0,0,0,0,0.7436,0.5862,0.8,0.7594,0.6667,117.02,0.95,good,26,3,93.56,7.89,12.7,34.79,Medium,Medium Risk,97.49,97.5,97.35,90.67,92.56,82.57,94.26,96.85,0,None,0
STU0156,2025,10,good,72.02,139,193,93.9,7.69,58.7,100.0,101,16.9,practical,0,0,0,0,0.7457,0.5883,0.8,0.7594,0.6667,104.75,0.95,good,37,3,100.0,7.53,12.68,36.56,Medium,Medium Risk,98.07,97.28,97.87,92.04,93.01,85.45,94.1,96.23,1,Study Group,1
STU0157,2023,8,excellent,87.5,175,200,96.61,4.12,65.3,100.0,115,15.1,science_oriented,0,0,0,0,0.9228,0.7589,0.9846,0.6907,0.6667,125.02,0.917,average,18,4,62.75,2.9,10.07,22.65,Low,Low Risk,97.53,95.76,97.46,97.65,97.74,96.69,97.55,92.86,0,None,0
STU0157,2024,9,excellent,89.9,178,198,96.83,4.16,66.7,100.0,115,15.1,science_oriented,0,0,0,0,0.9231,0.75,0.9846,0.6907,0.6667,136.67,0.917,average,13,3,46.07,2.81,10.16,17.63,Low,Low Risk,97.65,96.45,97.38,97.69,97.69,96.83,98.08,93.18,0,None,0
STU0157,2025,10,excellent,84.46,163,193,97.02,3.34,69.0,100.0,115,15.1,science_oriented,0,0,0,0,0.9209,0.7525,0.9842,0.6907,0.6667,155.68,0.917,average,22,1,76.88,2.77,10.14,26.85,Medium,Medium Risk,97.88,95.83,97.41,97.57,97.71,96.89,97.5,95.58,0,None,0
STU0158,2023,8,good,80.0,160,200,70.7,14.62,30.0,100.0,91,8.9,science_oriented,1,0,1,0,0.573,0.4472,0.6665,0.775,0.6667,85.02,0.821,average,26,3,92.0,35.26,17.71,47.9,Medium,Medium Risk,55.43,74.8,68.64,63.16,92.91,70.41,66.8,66.87,0,None,0
STU0158,2024,9,good,75.76,150,198,70.14,14.3,30.1,100.0,91,8.9,science_oriented,1,0,1,0,0.5641,0.4545,0.6615,0.775,0.6667,101.68,0.821,average,29,1,100.0,35.66,17.72,50.48,Medium,Medium Risk,56.78,75.82,68.71,61.72,93.14,68.9,67.64,67.63,0,None,0
STU0158,2025,10,good,72.02,139,193,70.56,13.81,26.2,100.0,91,8.9,science_oriented,1,0,1,0,0.5705,0.4459,0.6632,0.775,0.6667,153.52,0.821,average,39,3,100.0,35.37,17.78,50.36,Medium,Medium Risk,57.13,76.18,67.86,63.73,90.82,71.49,66.59,67.44,0,None,0
STU0159,2023,8,excellent,91.5,183,200,87.46,11.61,41.5,100.0,113,9.5,language_oriented,1,0,0,1,0.8633,0.7424,0.918,0.7327,0.6667,164.83,0.8629,excellent,7,0,26.95,15.75,11.21,17.97,Low,Low Risk,96.42,91.86,75.5,84.96,89.67,77.01,87.28,97.94,0,None,0
STU0159,2024,9,excellent,90.91,180,198,89.86,10.0,51.8,100.0,113,9.5,language_oriented,1,0,0,0,0.8718,0.7353,0.9231,0.7327,0.6667,154.87,0.8629,excellent,7,3,27.36,6.62,11.2,13.99,Low,Low Risk,96.26,94.06,76.55,89.17,92.13,82.75,90.79,97.82,0,None,0
STU0159,2025,10,excellent,90.67,175,193,91.9,8.89,57.8,100.0,113,9.5,language_oriented,1,0,0,0,0.8682,0.7375,0.9209,0.7327,0.6667,156.92,0.8629,excellent,10,0,36.53,5.87,11.21,16.41,Low,Low Risk,97.55,94.8,82.01,91.38,94.53,84.34,93.23,97.81,0,None,0
STU0160,2023,8,at-risk,28.0,56,200,19.46,10.12,4.2,59.7,85,5.1,language_oriented,1,1,10,0,0.2818,0.1828,0.3283,0.8493,0.6667,20.02,0.3151,excellent,66,1,100.0,100.0,71.53,92.88,High,High Risk,27.71,18.82,12.86,31.51,15.98,17.49,21.63,11.6,0,None,0
STU0160,2024,9,at-risk,31.31,62,198,23.55,11.74,3.4,62.8,85,5.1,language_oriented,1,1,9,1,0.2821,0.1818,0.3231,0.8493,0.6667,25.03,0.3151,excellent,57,1,100.0,100.0,71.62,92.91,High,High Risk,31.15,23.31,12.89,37.43,20.38,22.41,27.46,13.81,0,None,0
STU0160,2025,10,at-risk,27.46,53,193,25.52,11.57,4.0,69.2,85,5.1,language_oriented,1,1,9,1,0.2806,0.1879,0.3265,0.8493,0.6667,9.98,0.3151,excellent,69,0,100.0,100.0,71.51,92.88,High,High Risk,34.76,25.97,14.43,39.71,20.38,25.94,28.42,16.6,1,Parent Meeting,1
STU0161,2023,8,good,76.0,152,200,52.11,12.99,16.0,93.7,96,11.0,balanced,0,0,1,3,0.4957,0.3794,0.5335,0.8512,0.6667,114.63,0.4888,excellent,24,2,88.8,68.24,23.85,63.31,High,High Risk,63.25,42.4,50.67,48.61,63.88,47.02,50.93,54.47,0,None,0
STU0161,2024,9,good,80.81,160,198,56.18,13.17,11.3,98.9,96,11.0,balanced,0,0,1,1,0.4872,0.3684,0.5385,0.8512,0.6667,128.55,0.4888,excellent,18,5,67.43,50.79,23.88,49.05,Medium,Medium Risk,68.61,45.48,54.91,55.16,67.9,51.73,55.09,55.77,1,Counseling,0
STU0161,2025,10,good,80.83,156,193,59.72,13.32,11.5,99.2,96,11.0,balanced,0,0,1,0,0.4915,0.3752,0.5368,0.8512,0.6667,153.48,0.4888,excellent,20,2,73.42,41.28,23.84,46.56,Medium,Medium Risk,70.38,50.24,59.02,58.82,72.4,52.19,59.17,60.1,1,Study Group,0
STU0162,2023,8,irregular,43.5,87,200,47.93,13.88,6.4,87.5,104,4.6,science_oriented,1,0,3,3,0.3333,0.2811,0.4154,0.5128,0.3333,21.17,0.5116,average,79,1,100.0,100.0,53.03,88.26,High,High Risk,33.83,50.53,41.57,32.77,48.19,57.89,56.64,50.55,0,None,0
STU0162,2024,9,irregular,43.43,86,198,49.67,13.3,8.6,93.1,104,4.6,science_oriented,1,0,1,6,0.3333,0.3077,0.4154,0.5128,0.3333,66.52,0.5116,average,86,2,100.0,96.47,52.76,86.6,High,High Risk,38.24,49.48,43.85,35.77,49.6,59.09,55.48,55.31,1,Mentoring Program,1
STU0162,2025,10,irregular,45.08,87,193,51.66,13.87,9.3,94.2,104,4.6,science_oriented,1,0,1,3,0.3333,0.2885,0.4158,0.5128,0.3333,59.8,0.5116,average,65,2,100.0,71.67,52.95,75.49,High,High Risk,39.03,52.74,43.03,36.74,53.35,60.3,60.46,55.02,1,Tutoring,1
STU0163,2023,8,moderate,65.0,130,200,84.73,12.7,42.4,100.0,120,8.9,language_oriented,1,0,0,1,0.8119,0.6845,0.8665,0.5815,0.3333,36.8,0.7942,poor,58,8,100.0,17.87,16.61,42.2,High,High Risk,94.16,93.16,76.77,86.02,75.73,68.52,96.1,89.76,0,None,0
STU0163,2024,9,moderate,69.19,137,198,84.78,13.26,39.1,100.0,120,8.9,language_oriented,1,0,0,1,0.8205,0.6875,0.8615,0.5815,0.3333,37.62,0.7942,poor,50,9,100.0,17.68,16.66,42.12,High,High Risk,94.03,93.84,80.04,85.83,74.14,70.07,96.23,88.77,0,None,0
STU0163,2025,10,moderate,63.73,123,193,85.48,12.59,33.0,100.0,120,8.9,language_oriented,1,0,1,0,0.8155,0.6882,0.8632,0.5815,0.3333,73.13,0.7942,poor,56,10,100.0,24.5,16.63,45.18,High,High Risk,93.57,94.42,79.5,85.32,74.67,71.77,95.43,91.65,1,Parent Meeting,0
STU0164,2023,8,excellent,83.0,166,200,93.35,9.08,51.0,100.0,105,12.4,practical,0,0,0,0,0.8891,0.7974,0.9073,0.7881,0.6667,107.07,0.7193,below_average,26,2,89.9,4.88,11.86,32.13,Medium,Medium Risk,93.18,96.88,96.79,97.0,96.43,77.63,96.42,96.93,0,None,0
STU0164,2024,9,excellent,87.88,174,198,94.12,8.26,55.3,100.0,105,12.4,practical,0,0,0,0,0.8974,0.8,0.9077,0.7881,0.6667,86.47,0.7193,below_average,18,5,62.48,4.4,11.83,23.68,Low,Low Risk,93.65,96.74,96.92,97.4,97.09,80.08,96.82,97.06,0,None,0
STU0164,2025,10,excellent,84.97,164,193,94.54,7.17,58.7,100.0,105,12.4,practical,0,0,0,0,0.8946,0.7938,0.9051,0.7881,0.6667,72.0,0.7193,below_average,20,6,70.52,4.29,11.93,26.07,Medium,Medium Risk,94.84,96.41,97.01,97.47,96.54,83.52,96.99,97.16,0,None,0
STU0165,2023,8,moderate,66.5,133,200,58.28,14.38,11.4,98.7,115,5.7,practical,0,0,1,1,0.5472,0.4378,0.6154,0.6,0.6667,66.52,0.4909,good,40,4,100.0,48.74,47.03,63.69,High,High Risk,54.75,63.92,72.88,72.71,57.98,42.09,58.11,51.66,0,None,0
STU0165,2024,9,moderate,68.18,135,198,61.16,15.01,13.8,100.0,115,5.7,practical,0,0,1,1,0.5385,0.4286,0.6154,0.6,0.6667,101.32,0.4909,good,36,2,100.0,47.77,47.12,63.27,High,High Risk,57.19,68.51,76.65,76.18,58.91,44.67,62.05,54.28,1,Study Skills Workshop,0
STU0165,2025,10,moderate,72.02,139,193,64.34,14.82,22.7,100.0,115,5.7,practical,0,0,1,1,0.5442,0.4357,0.6158,0.6,0.6667,89.87,0.4909,good,36,2,100.0,46.38,47.04,62.63,High,High Risk,59.66,69.48,79.88,80.35,63.59,47.57,64.65,58.44,1,Parent Meeting,1
STU0166,2023,8,good,84.5,169,200,43.89,12.98,6.8,79.3,89,7.0,practical,1,0,2,7,0.53,0.4833,0.5643,0.8185,0.6667,95.13,0.3852,below_average,25,6,85.85,100.0,44.55,81.89,High,High Risk,22.36,46.97,46.35,44.62,47.75,41.49,56.43,40.49,0,None,0
STU0166,2024,9,good,79.8,158,198,47.72,12.48,8.8,83.8,89,7.0,practical,1,0,2,4,0.5385,0.4762,0.5692,0.8185,0.6667,115.83,0.3852,below_average,29,4,100.0,92.14,44.55,82.6,High,High Risk,27.57,50.35,52.19,47.44,51.29,43.94,59.13,46.38,1,Counseling,1
STU0166,2025,10,good,76.17,147,193,51.78,13.2,12.7,86.3,89,7.0,practical,1,0,2,2,0.5349,0.4754,0.5684,0.8185,0.6667,76.23,0.3852,below_average,33,6,100.0,74.59,44.57,74.71,High,High Risk,29.35,56.64,54.56,53.47,54.94,46.28,64.79,47.88,1,Counseling,1
STU0167,2023,8,excellent,79.0,158,200,81.64,14.57,35.0,100.0,118,21.0,science_oriented,0,0,0,1,0.6924,0.5186,0.7026,0.6873,0.6667,178.52,0.9497,good,25,0,89.7,21.5,16.28,40.65,Medium,Medium Risk,89.26,87.53,86.95,58.63,78.87,84.81,93.3,71.19,0,None,0
STU0167,2024,9,excellent,82.83,164,198,82.13,14.62,33.4,100.0,118,21.0,science_oriented,0,0,1,0,0.6923,0.5185,0.7077,0.6873,0.6667,81.43,0.9497,good,23,2,81.02,28.3,16.21,41.09,Medium,Medium Risk,88.14,87.8,88.3,56.64,77.94,87.36,93.48,73.17,0,None,0
STU0167,2025,10,excellent,82.38,159,193,83.03,14.35,33.1,100.0,118,21.0,science_oriented,0,0,1,0,0.693,0.519,0.7051,0.6873,0.6667,169.5,0.9497,good,22,1,78.33,27.93,16.24,40.13,Medium,Medium Risk,89.4,89.06,87.3,59.59,82.0,87.16,94.89,71.22,0,None,0
STU0168,2023,8,moderate,60.5,121,200,48.41,17.7,8.1,100.0,75,9.4,science_oriented,1,0,2,6,0.4363,0.3329,0.5283,0.6422,0.6667,37.68,0.3917,excellent,44,1,100.0,100.0,30.03,82.51,High,High Risk,48.04,46.04,36.47,44.18,57.13,75.51,45.57,26.31,0,None,0
STU0168,2024,9,moderate,60.1,119,198,49.09,17.74,5.3,100.0,75,9.4,science_oriented,1,0,2,5,0.4359,0.3529,0.5231,0.6422,0.6667,46.22,0.3917,excellent,42,0,100.0,100.0,29.91,82.48,High,High Risk,51.89,46.87,39.41,45.87,58.0,76.67,44.05,26.2,1,Counseling,1
STU0168,2025,10,moderate,69.95,135,193,51.51,17.84,7.2,100.0,75,9.4,science_oriented,1,0,2,3,0.4387,0.3395,0.5265,0.6422,0.6667,47.28,0.3917,excellent,24,1,93.04,84.62,29.99,73.49,High,High Risk,52.74,50.35,40.84,48.96,61.57,76.01,46.95,25.74,1,Tutoring,1
STU0169,2023,8,irregular,45.5,91,200,42.45,17.71,7.1,85.8,82,9.0,balanced,1,1,3,3,0.3333,0.2555,0.4309,0.9354,0.6667,57.12,0.3283,poor,93,11,100.0,100.0,47.35,86.84,High,High Risk,41.39,56.16,52.83,36.07,19.7,54.93,23.7,53.22,0,None,0
STU0169,2024,9,irregular,48.99,97,198,46.33,17.7,6.5,91.6,82,9.0,balanced,1,1,3,3,0.3333,0.2308,0.4308,0.9354,0.6667,67.73,0.3283,poor,95,6,100.0,100.0,47.6,86.9,High,High Risk,45.1,59.09,57.82,41.84,22.5,57.36,27.27,57.04,1,Tutoring,1
STU0169,2025,10,irregular,53.37,103,193,49.54,17.89,7.7,98.6,82,9.0,balanced,1,1,3,3,0.3333,0.2372,0.4316,0.9354,0.6667,33.12,0.3283,poor,77,4,100.0,100.0,47.52,86.88,High,High Risk,49.79,62.3,61.84,44.16,27.3,60.33,28.92,60.34,1,Tutoring,0
STU0170,2023,8,irregular,49.0,98,200,40.13,17.21,7.7,84.9,100,5.2,language_oriented,0,0,4,3,0.3076,0.2209,0.4,0.8571,0.6667,21.17,0.24,average,62,2,100.0,100.0,51.05,87.76,High,High Risk,63.09,45.16,21.65,53.75,28.36,44.61,20.08,53.74,0,None,0
STU0170,2024,9,irregular,51.01,101,198,40.96,17.57,6.5,87.2,100,5.2,language_oriented,0,0,4,3,0.3077,0.25,0.4,0.8571,0.6667,57.28,0.24,average,76,0,100.0,100.0,50.76,87.69,High,High Risk,64.29,45.51,22.79,54.89,30.37,44.76,19.88,53.19,1,Counseling,0
STU0170,2025,10,irregular,47.15,91,193,42.32,17.49,6.3,86.0,100,5.2,language_oriented,0,0,4,3,0.307,0.2273,0.4,0.8571,0.6667,25.73,0.24,average,75,2,100.0,100.0,50.98,87.75,High,High Risk,64.07,45.95,21.91,57.17,33.57,45.0,20.56,55.02,1,Counseling,1
STU0171,2023,8,excellent,87.0,174,200,97.71,1.9,84.0,100.0,132,18.8,language_oriented,0,0,0,0,0.9743,0.7805,0.9846,0.7026,0.6667,161.82,0.8963,excellent,10,0,39.1,1.43,9.93,14.86,Low,Low Risk,97.6,97.72,97.71,97.89,97.69,97.45,97.84,97.82,0,None,0
STU0171,2024,9,excellent,85.86,170,198,97.84,1.79,89.0,100.0,132,18.8,language_oriented,0,0,0,0,0.9744,0.7895,0.9846,0.7026,0.6667,139.08,0.8963,excellent,13,1,48.9,1.38,9.84,17.75,Low,Low Risk,98.03,97.92,97.97,97.65,97.86,97.78,97.96,97.59,0,None,0
STU0171,2025,10,excellent,87.56,169,193,97.9,1.74,90.7,100.0,132,18.8,language_oriented,0,0,0,0,0.9736,0.7835,0.9842,0.7026,0.6667,105.23,0.8963,excellent,11,0,41.7,1.37,9.91,15.6,Low,Low Risk,97.95,97.86,97.92,97.73,97.94,97.58,98.1,98.14,0,None,0
STU0172,2023,8,at-risk,31.5,63,200,14.89,6.71,3.7,45.0,70,6.1,balanced,0,0,10,1,0.3076,0.2512,0.3489,0.2947,0.0,22.98,0.2372,excellent,64,0,100.0,100.0,62.8,90.7,High,High Risk,13.56,11.7,17.97,18.6,12.92,14.79,16.92,12.86,0,None,0
STU0172,2024,9,at-risk,35.35,70,198,16.58,7.57,5.2,43.2,70,6.1,balanced,0,0,10,1,0.3077,0.25,0.3538,0.2947,0.0,16.08,0.2372,excellent,56,1,100.0,100.0,62.74,90.69,High,High Risk,15.38,13.49,20.32,21.81,14.57,16.61,17.94,13.45,1,Tutoring,0
STU0172,2025,10,at-risk,39.38,76,193,20.1,8.83,3.8,52.4,70,6.1,balanced,0,0,10,0,0.307,0.2576,0.3526,0.2947,0.0,29.42,0.2372,excellent,61,0,100.0,100.0,62.68,90.67,High,High Risk,18.38,16.2,24.04,25.01,17.66,19.56,23.34,17.17,1,Tutoring,1
STU0173,2023,8,moderate,68.0,136,200,57.5,12.72,8.3,93.6,108,7.4,practical,1,0,1,2,0.6152,0.4581,0.6618,0.5696,0.3333,75.75,0.5978,good,37,2,100.0,55.7,45.13,66.35,High,High Risk,63.79,63.89,58.97,62.48,62.43,45.96,63.8,43.71,0,None,0
STU0173,2024,9,moderate,57.07,113,198,59.02,12.82,18.1,91.8,108,7.4,practical,1,0,1,2,0.6154,0.4583,0.6615,0.5696,0.3333,82.8,0.5978,good,58,1,100.0,55.08,45.13,66.07,High,High Risk,66.49,66.06,61.4,62.03,64.44,49.34,64.82,44.16,1,Study Skills Workshop,0
STU0173,2025,10,moderate,47.67,92,193,60.78,12.98,11.7,91.5,108,7.4,practical,1,0,1,2,0.614,0.4571,0.6632,0.5696,0.3333,82.42,0.5978,good,68,0,100.0,54.41,45.12,65.76,High,High Risk,68.17,68.0,60.89,65.85,65.93,48.87,66.75,47.48,1,Tutoring,1
STU0174,2023,8,good,72.5,145,200,63.5,16.85,17.5,100.0,101,16.1,balanced,0,1,1,0,0.6667,0.5386,0.7335,0.7367,0.6667,169.45,0.6566,poor,44,5,100.0,36.27,39.03,56.08,Medium,Medium Risk,52.9,53.17,56.12,88.99,52.83,54.06,79.26,71.43,0,None,0
STU0174,2024,9,good,77.78,154,198,65.9,17.27,22.8,100.0,101,16.1,balanced,0,1,1,0,0.6667,0.5385,0.7385,0.7367,0.6667,142.35,0.6566,poor,36,9,100.0,35.31,38.96,55.63,Medium,Medium Risk,51.02,55.61,58.92,90.37,56.89,56.3,81.72,73.03,1,Parent Meeting,1
STU0174,2025,10,good,80.83,156,193,68.6,16.68,18.2,100.0,101,16.1,balanced,0,1,1,0,0.6667,0.5395,0.7368,0.7367,0.6667,106.37,0.6566,poor,33,8,100.0,34.23,38.97,55.14,Medium,Medium Risk,56.89,56.99,63.82,92.91,59.95,57.91,85.1,75.99,0,None,0
STU0175,2023,8,moderate,65.0,130,200,70.98,14.66,32.8,100.0,87,11.2,practical,0,0,1,0,0.6152,0.5,0.6618,0.7075,0.6667,84.68,0.7707,good,45,2,100.0,34.31,19.36,50.28,High,High Risk,64.76,72.86,65.75,53.29,77.63,65.79,69.18,94.68,0,None,0
STU0175,2024,9,moderate,64.14,127,198,73.24,14.75,28.2,100.0,87,11.2,practical,0,0,1,0,0.6154,0.5,0.6615,0.7075,0.6667,87.33,0.7707,good,48,0,100.0,33.4,19.37,49.87,High,High Risk,69.04,75.23,70.26,56.82,81.05,64.84,72.07,95.82,1,Parent Meeting,1
STU0175,2025,10,moderate,66.32,128,193,74.73,14.52,33.4,100.0,87,11.2,practical,0,0,1,0,0.614,0.5,0.6632,0.7075,0.6667,60.05,0.7707,good,42,3,100.0,32.83,19.34,49.61,High,High Risk,68.63,77.25,71.18,57.72,83.68,67.89,72.26,96.23,0,None,0
STU0176,2023,8,moderate,59.0,118,200,70.75,14.13,28.9,100.0,80,15.3,balanced,0,0,1,0,0.6667,0.5,0.682,0.6172,0.6667,73.17,0.7509,good,53,2,100.0,33.37,21.16,50.31,High,High Risk,87.25,61.94,67.74,89.33,75.52,60.06,66.6,67.29,0,None,0
STU0176,2024,9,moderate,62.12,123,198,74.27,14.28,28.4,100.0,80,15.3,balanced,0,0,1,0,0.6667,0.5,0.6769,0.6172,0.6667,61.03,0.7509,good,48,1,100.0,31.96,21.24,49.69,High,High Risk,91.32,63.43,71.68,91.6,79.22,64.79,69.15,71.02,1,Counseling,0
STU0176,2025,10,moderate,68.39,132,193,76.61,14.25,30.9,100.0,80,15.3,balanced,0,0,1,0,0.6667,0.5,0.6791,0.6172,0.6667,36.9,0.7509,good,40,3,100.0,31.02,21.21,49.26,High,High Risk,92.48,66.45,75.74,92.85,84.55,65.17,73.21,72.82,1,Mentoring Program,1
STU0177,2023,8,good,75.5,151,200,80.32,14.62,33.9,100.0,92,17.0,balanced,0,0,1,0,0.6667,0.6158,0.7438,0.7608,0.6667,108.58,0.7497,good,27,1,98.15,29.54,16.22,46.79,Medium,Medium Risk,84.74,93.83,95.92,81.86,81.53,70.92,63.18,80.6,0,None,0
STU0177,2024,9,good,73.74,146,198,81.94,13.41,36.3,100.0,92,17.0,balanced,0,0,0,1,0.6667,0.6154,0.7385,0.7608,0.6667,116.43,0.7497,good,33,1,100.0,21.89,16.31,43.93,Medium,Medium Risk,84.95,94.28,96.43,82.77,81.93,76.22,64.6,81.26,0,None,0
STU0177,2025,10,good,84.97,164,193,83.96,13.31,40.7,100.0,92,17.0,balanced,0,0,0,1,0.6667,0.6186,0.7423,0.7608,0.6667,136.03,0.7497,good,17,1,61.52,21.08,16.22,32.0,Medium,Medium Risk,89.18,94.64,96.34,86.04,85.7,77.96,66.66,82.28,0,None,0
STU0178,2023,8,excellent,83.5,167,200,92.28,9.01,47.0,100.0,111,13.3,language_oriented,0,0,0,1,0.8033,0.7017,0.8665,0.707,0.6667,167.37,0.8511,excellent,19,0,68.55,15.02,13.08,30.59,Medium,Medium Risk,97.07,96.9,90.08,97.57,85.16,82.91,94.05,96.88,0,None,0
STU0178,2024,9,excellent,85.86,170,198,93.44,7.88,47.7,100.0,111,13.3,language_oriented,0,0,0,1,0.7949,0.7097,0.8615,0.707,0.6667,149.72,0.8511,excellent,15,1,54.9,14.73,13.07,26.37,Low,Low Risk,97.96,97.37,93.36,97.68,86.17,85.33,95.18,97.21,0,None,0
STU0178,2025,10,excellent,83.94,162,193,94.58,6.53,59.9,100.0,111,13.3,language_oriented,0,0,0,0,0.7984,0.703,0.8632,0.707,0.6667,132.28,0.8511,excellent,13,2,50.24,6.2,13.11,21.14,Medium,Medium Risk,97.56,97.59,94.08,97.47,89.59,88.9,96.12,97.86,0,None,0
STU0179,2023,8,at-risk,34.0,68,200,23.02,14.05,3.9,74.3,88,2.7,language_oriented,0,0,9,1,0.2818,0.1828,0.3846,0.8661,0.6667,27.88,0.1177,excellent,63,1,100.0,100.0,53.32,88.33,High,High Risk,30.04,19.39,20.06,26.63,21.16,11.29,11.62,47.81,0,None,0
STU0179,2024,9,at-risk,33.84,67,198,24.92,14.72,5.6,73.5,88,2.7,language_oriented,0,0,9,1,0.2821,0.1818,0.3846,0.8661,0.6667,31.4,0.1177,excellent,54,1,100.0,100.0,53.32,88.33,High,High Risk,33.83,22.17,21.53,28.81,23.38,11.76,13.14,49.9,0,None,0
STU0179,2025,10,at-risk,33.16,64,193,27.48,15.7,4.0,74.3,88,2.7,language_oriented,0,0,8,1,0.2806,0.1879,0.3842,0.8661,0.6667,21.7,0.1177,excellent,68,0,100.0,100.0,53.27,88.32,High,High Risk,36.47,25.02,25.82,33.7,27.59,12.9,14.5,54.36,0,None,0
STU0180,2023,8,good,76.5,153,200,92.8,8.04,52.9,100.0,90,17.4,practical,0,0,0,0,0.9063,0.8492,0.9846,0.7787,0.6667,129.5,0.8063,excellent,27,1,97.45,4.75,9.07,33.64,Medium,Medium Risk,95.67,90.86,97.54,91.22,95.74,95.21,94.67,82.25,0,None,0
STU0180,2024,9,good,75.76,150,198,93.23,7.56,54.3,100.0,90,17.4,practical,0,0,0,0,0.8974,0.8571,0.9846,0.7787,0.6667,146.75,0.8063,excellent,25,1,91.97,4.76,8.99,31.98,Medium,Medium Risk,96.36,91.2,97.11,92.93,96.57,95.29,93.79,83.79,1,Parent Meeting,1
STU0180,2025,10,good,74.61,144,193,93.36,7.58,59.2,100.0,90,17.4,practical,0,0,0,0,0.9038,0.8543,0.9842,0.7787,0.6667,104.9,0.8063,excellent,23,1,86.77,4.58,9.03,30.35,Medium,Medium Risk,95.29,92.58,97.54,93.13,96.14,94.73,94.59,83.84,1,Study Group,1
STU0181,2023,8,excellent,86.5,173,200,91.64,9.33,45.7,100.0,103,17.9,balanced,0,0,0,1,0.9743,0.7636,0.9846,0.6929,0.6667,96.27,0.8696,below_average,22,1,75.45,11.86,10.69,30.64,Low,Low Risk,97.96,89.45,94.4,93.74,96.09,80.26,90.19,97.86,0,None,0
STU0181,2024,9,excellent,83.84,166,198,93.2,8.07,58.5,100.0,103,17.9,balanced,0,0,0,0,0.9744,0.7632,0.9846,0.6929,0.6667,147.12,0.8696,below_average,22,7,77.31,3.23,10.7,27.32,Medium,Medium Risk,97.5,93.13,95.43,94.91,96.65,82.24,92.3,97.78,0,None,0
STU0181,2025,10,excellent,86.53,167,193,93.97,7.53,50.4,100.0,103,17.9,balanced,0,0,0,0,0.9736,0.7659,0.9842,0.6929,0.6667,104.58,0.8696,below_average,19,7,66.43,2.94,10.68,23.92,Low,Low Risk,97.81,92.27,97.33,95.4,97.13,84.57,94.27,97.99,1,Parent Meeting,1
STU0182,2023,8,irregular,48.0,96,200,31.8,12.56,4.9,76.3,94,3.4,balanced,0,0,8,1,0.3756,0.3178,0.4618,0.391,0.3333,21.97,0.438,excellent,62,0,100.0,100.0,55.51,88.88,High,High Risk,33.58,25.21,50.58,32.46,33.36,36.45,23.56,23.16,0,None,0
STU0182,2024,9,irregular,48.99,97,198,33.42,13.2,7.0,79.9,94,3.4,balanced,0,0,6,3,0.3846,0.3333,0.4615,0.391,0.3333,32.92,0.438,excellent,50,0,100.0,100.0,55.35,88.84,High,High Risk,34.13,24.89,51.77,35.98,36.48,38.4,25.51,23.43,1,Counseling,1
STU0182,2025,10,irregular,49.22,95,193,34.44,13.59,6.0,77.4,94,3.4,balanced,0,0,5,4,0.3768,0.3248,0.4632,0.391,0.3333,20.55,0.438,excellent,51,0,100.0,100.0,55.41,88.85,High,High Risk,35.76,26.77,54.65,36.07,36.26,39.78,25.6,24.05,0,None,0
STU0183,2023,8,good,69.5,139,200,74.66,13.4,29.5,100.0,132,9.1,language_oriented,1,1,1,0,0.6409,0.4799,0.7382,0.7751,0.6667,84.63,0.6766,good,36,2,100.0,32.32,38.48,54.16,High,High Risk,79.26,72.84,87.69,78.23,60.59,70.67,69.28,83.41,0,None,0
STU0183,2024,9,good,82.32,163,198,74.5,13.38,30.6,100.0,132,9.1,language_oriented,1,1,1,0,0.641,0.48,0.7385,0.7751,0.6667,79.75,0.6766,good,20,1,72.37,32.38,38.47,45.9,Medium,Medium Risk,77.92,73.0,84.81,77.77,61.14,70.18,71.17,82.85,1,Counseling,1
STU0183,2025,10,good,82.38,159,193,75.65,13.21,32.9,100.0,132,9.1,language_oriented,1,1,1,0,0.6403,0.4794,0.7368,0.7751,0.6667,172.95,0.6766,good,19,3,69.33,31.93,38.5,44.79,Medium,Medium Risk,80.68,73.51,83.99,79.34,61.55,72.78,71.25,85.19,1,Study Group,0
STU0184,2023,8,good,76.0,152,200,90.15,9.07,55.2,100.0,123,13.1,practical,1,0,0,0,0.8548,0.7197,0.9489,0.7579,0.6667,77.6,0.9259,good,33,1,100.0,6.85,9.52,35.46,Medium,Medium Risk,92.91,87.12,78.65,95.8,90.53,87.18,94.93,93.42,0,None,0
STU0184,2024,9,good,66.67,132,198,92.6,7.98,55.3,100.0,123,13.1,practical,1,0,0,0,0.8462,0.7273,0.9538,0.7579,0.6667,141.73,0.9259,good,36,1,100.0,6.04,9.37,35.06,High,High Risk,96.3,91.49,82.64,97.34,92.57,90.26,96.14,95.07,1,Parent Meeting,1
STU0184,2025,10,good,79.79,154,193,94.31,6.54,64.0,100.0,123,13.1,practical,1,0,0,0,0.8511,0.7214,0.9526,0.7579,0.6667,94.28,0.9259,good,26,1,92.15,5.25,9.45,32.37,Medium,Medium Risk,96.58,92.65,86.27,97.38,95.36,92.87,97.08,96.13,0,None,0
STU0185,2023,8,good,66.5,133,200,84.61,13.58,35.4,100.0,95,14.2,language_oriented,1,0,0,1,0.7604,0.6847,0.8,0.8144,0.6667,98.47,0.7505,poor,54,6,100.0,18.95,13.61,41.93,High,High Risk,83.22,96.57,91.23,93.44,82.0,67.3,75.31,94.92,0,None,0
STU0185,2024,9,good,77.78,154,198,86.76,12.69,40.0,100.0,95,14.2,language_oriented,1,0,0,1,0.7692,0.7,0.8,0.8144,0.6667,85.42,0.7505,poor,38,6,100.0,17.91,13.46,41.42,Medium,Medium Risk,85.67,97.0,94.68,93.25,84.68,71.09,79.53,95.57,1,Study Skills Workshop,1
STU0185,2025,10,good,81.35,157,193,89.43,11.4,44.2,100.0,95,14.2,language_oriented,1,0,0,1,0.7628,0.6889,0.8,0.8144,0.6667,160.45,0.7505,poor,30,11,100.0,16.97,13.57,41.03,Medium,Medium Risk,89.23,97.32,96.38,96.44,88.99,74.82,81.8,96.48,0,None,0
STU0186,2023,8,excellent,89.5,179,200,81.86,13.3,43.2,100.0,103,15.2,balanced,0,0,0,1,0.8033,0.6491,0.8562,0.6959,0.6667,141.82,0.6545,excellent,9,2,34.35,19.19,16.93,23.17,Low,Low Risk,87.01,91.44,68.95,84.69,79.47,86.46,66.82,91.76,0,None,0
STU0186,2024,9,excellent,86.87,172,198,83.13,12.84,40.4,100.0,103,15.2,balanced,0,0,0,1,0.7949,0.6452,0.8615,0.6959,0.6667,74.97,0.6545,excellent,11,0,42.19,18.85,16.89,25.36,Low,Low Risk,86.96,92.42,70.13,86.13,79.58,88.09,69.91,93.05,0,None,0
STU0186,2025,10,excellent,83.94,162,193,84.42,12.78,38.2,100.0,103,15.2,balanced,0,0,0,1,0.7984,0.6485,0.8577,0.6959,0.6667,159.4,0.6545,excellent,12,0,47.24,18.26,16.91,26.62,Medium,Medium Risk,89.75,93.48,72.27,88.61,80.15,88.66,70.46,93.84,0,None,0
STU0187,2023,8,good,71.5,143,200,53.63,19.54,8.8,100.0,95,8.8,science_oriented,1,0,2,3,0.5215,0.4594,0.5846,0.7532,0.6667,160.65,0.5141,good,33,2,100.0,82.12,23.86,72.92,High,High Risk,64.16,38.43,55.62,33.51,84.49,44.75,70.38,40.89,0,None,0
STU0187,2024,9,good,72.73,144,198,55.57,19.28,7.2,100.0,95,8.8,science_oriented,1,0,2,3,0.5128,0.45,0.5846,0.7532,0.6667,85.87,0.5141,good,35,1,100.0,81.52,23.96,72.67,High,High Risk,66.49,41.06,56.58,33.96,85.39,48.38,72.2,44.03,1,Parent Meeting,1
STU0187,2025,10,good,74.09,143,193,57.26,19.24,12.6,100.0,95,8.8,science_oriented,1,0,1,4,0.5178,0.4579,0.5842,0.7532,0.6667,87.68,0.5141,good,30,0,100.0,73.74,23.88,69.15,High,High Risk,66.15,41.98,57.67,36.12,87.91,48.86,75.36,47.29,1,Mentoring Program,0
STU0188,2023,8,moderate,63.5,127,200,39.97,15.3,4.3,87.4,94,7.0,balanced,0,0,4,5,0.5637,0.5,0.6618,0.6081,0.3333,50.35,0.6532,excellent,31,0,100.0,100.0,43.11,85.78,High,High Risk,36.17,34.71,49.29,60.18,30.17,41.06,48.7,22.17,0,None,0
STU0188,2024,9,moderate,64.14,127,198,42.32,16.16,7.1,94.1,94,7.0,balanced,0,0,3,4,0.5641,0.5,0.6615,0.6081,0.3333,65.62,0.6532,excellent,35,1,100.0,100.0,43.12,85.78,High,High Risk,36.18,35.58,50.0,66.16,33.42,43.54,51.05,23.5,1,Counseling,1
STU0188,2025,10,moderate,56.48,109,193,45.07,15.55,7.5,100.0,94,7.0,balanced,0,0,3,4,0.5613,0.5,0.6632,0.6081,0.3333,36.08,0.6532,excellent,37,1,100.0,100.0,43.09,85.77,High,High Risk,41.17,37.86,51.86,67.66,34.27,46.31,52.93,29.15,1,Mentoring Program,0
STU0189,2023,8,good,80.0,160,200,70.3,17.11,8.4,100.0,90,9.3,science_oriented,0,0,1,1,0.7439,0.5972,0.8309,0.7855,0.6667,89.4,0.6977,average,31,1,100.0,40.0,15.39,51.85,Medium,Medium Risk,64.48,41.12,71.96,76.59,84.76,84.05,70.97,64.87,0,None,0
STU0189,2024,9,good,78.28,155,198,72.88,16.28,16.3,100.0,90,9.3,science_oriented,0,0,1,1,0.7436,0.5862,0.8308,0.7855,0.6667,171.23,0.6977,average,34,2,100.0,38.98,15.5,51.41,Medium,Medium Risk,69.46,45.82,75.1,79.59,86.75,85.09,72.52,69.79,1,Academic Advising,0
STU0189,2025,10,good,73.06,141,193,76.47,16.25,19.4,100.0,90,9.3,science_oriented,0,0,1,1,0.7457,0.5883,0.8316,0.7855,0.6667,136.1,0.6977,average,33,1,100.0,37.5,15.47,50.74,Medium,Medium Risk,72.79,49.65,79.95,82.63,88.42,87.19,76.08,72.71,1,Study Group,1
STU0190,2023,8,at-risk,34.0,68,200,34.38,14.52,6.4,74.8,129,3.8,science_oriented,0,0,6,3,0.3591,0.2867,0.4463,0.3454,0.3333,30.98,0.4259,good,80,4,100.0,100.0,57.14,89.29,High,High Risk,40.89,14.0,23.37,38.98,31.51,32.52,37.56,54.62,0,None,0
STU0190,2024,9,at-risk,33.33,66,198,37.43,15.28,5.0,96.1,129,3.8,science_oriented,0,0,3,6,0.359,0.2857,0.4462,0.3454,0.3333,15.43,0.4259,good,66,1,100.0,100.0,57.15,89.29,High,High Risk,42.13,17.0,25.83,42.29,35.4,36.61,40.88,58.22,0,None,0
STU0190,2025,10,at-risk,37.82,73,193,41.37,15.62,6.9,94.4,129,3.8,science_oriented,0,0,3,6,0.3597,0.293,0.4474,0.3454,0.3333,31.87,0.4259,good,65,3,100.0,100.0,57.06,89.27,High,High Risk,48.25,19.26,31.53,44.61,39.4,40.47,43.41,63.33,1,Parent Meeting,1
STU0191,2023,8,excellent,83.5,167,200,96.35,4.35,66.4,100.0,98,18.1,balanced,0,0,0,0,0.8033,0.6491,0.8772,0.6961,0.6667,158.57,0.95,average,26,4,89.55,5.39,12.18,32.34,Medium,Medium Risk,97.83,96.96,96.27,97.5,94.39,94.23,96.85,97.72,0,None,0
STU0191,2024,9,excellent,84.85,168,198,96.38,4.41,62.6,100.0,98,18.1,balanced,0,0,0,0,0.7949,0.6452,0.8769,0.6961,0.6667,104.17,0.95,average,18,3,64.61,5.55,12.22,24.94,Medium,Medium Risk,97.5,97.32,96.86,97.46,94.52,94.93,95.66,97.61,1,Parent Meeting,1
STU0191,2025,10,excellent,89.12,172,193,96.81,3.89,69.6,100.0,98,18.1,balanced,0,0,0,0,0.7984,0.6485,0.8791,0.6961,0.6667,166.17,0.95,average,13,1,46.62,5.31,12.16,19.41,Low,Low Risk,97.75,97.43,97.33,97.74,95.65,94.46,97.18,97.71,0,None,0
STU0192,2023,8,good,77.0,154,200,86.26,12.87,45.3,100.0,109,17.5,science_oriented,1,0,0,1,0.6667,0.5772,0.7537,0.8141,0.6667,110.23,0.95,excellent,23,0,85.1,20.16,12.39,37.7,Medium,Medium Risk,94.95,90.32,69.79,69.58,96.17,87.15,96.95,79.73,0,None,0
STU0192,2024,9,good,70.2,139,198,87.48,11.9,47.0,100.0,109,17.5,science_oriented,1,0,0,1,0.6667,0.5769,0.7538,0.8141,0.6667,148.87,0.95,excellent,34,1,100.0,19.68,12.39,41.95,Medium,Medium Risk,95.27,88.99,74.85,72.13,96.83,87.58,97.16,83.11,1,Academic Advising,1
STU0192,2025,10,good,72.02,139,193,88.7,11.39,44.5,100.0,109,17.5,science_oriented,1,0,0,1,0.6667,0.5791,0.7526,0.8141,0.6667,157.8,0.95,excellent,24,0,91.59,19.19,12.39,39.21,Medium,Medium Risk,96.22,91.2,76.21,73.88,97.22,87.93,97.69,85.98,0,None,0
STU0193,2023,8,at-risk,23.5,47,200,18.13,9.94,3.4,55.8,104,2.9,balanced,0,0,9,1,0.2818,0.2409,0.3798,0.8368,0.6667,19.15,0.2576,below_average,125,13,100.0,100.0,51.29,87.82,High,High Risk,12.11,17.64,13.15,18.25,20.46,12.69,15.51,36.22,0,None,0
STU0193,2024,9,at-risk,24.75,49,198,20.51,11.18,5.4,64.8,104,2.9,balanced,0,0,9,1,0.2821,0.2727,0.3846,0.8368,0.6667,21.55,0.2576,below_average,108,6,100.0,100.0,50.9,87.73,High,High Risk,13.59,22.26,15.77,18.63,21.63,14.81,17.38,41.29,1,Study Skills Workshop,1
STU0193,2025,10,at-risk,21.76,42,193,22.08,11.17,4.6,73.1,104,2.9,balanced,0,0,9,1,0.2806,0.2485,0.3842,0.8368,0.6667,11.0,0.2576,below_average,112,5,100.0,100.0,51.15,87.79,High,High Risk,14.95,22.94,16.67,22.53,24.24,15.74,19.2,40.31,1,Parent Meeting,1
STU0194,2023,8,excellent,84.0,168,200,95.6,5.82,61.7,100.0,110,25.9,balanced,0,0,0,0,0.7861,0.6415,0.8,0.7071,0.6667,79.47,0.8459,excellent,14,0,53.2,6.04,14.76,22.37,Medium,Medium Risk,96.19,95.54,96.24,97.71,97.61,97.66,86.67,97.59,0,None,0
STU0194,2024,9,excellent,89.39,177,198,95.57,6.01,57.4,100.0,110,25.9,balanced,0,0,0,0,0.7949,0.6452,0.8,0.7071,0.6667,108.7,0.8459,excellent,10,1,37.42,5.87,14.72,17.55,Low,Low Risk,97.63,97.4,96.14,97.4,97.52,97.7,85.75,97.43,0,None,0
STU0194,2025,10,excellent,82.9,160,193,96.32,4.87,64.7,100.0,110,25.9,balanced,0,0,0,0,0.7892,0.6444,0.8,0.7071,0.6667,121.12,0.8459,excellent,15,1,56.97,5.69,14.73,23.33,Medium,Medium Risk,97.63,97.41,96.74,97.58,97.76,97.86,89.47,97.5,0,None,0
STU0195,2023,8,moderate,61.5,123,200,55.69,14.54,12.1,100.0,105,5.4,balanced,1,0,1,2,0.5043,0.441,0.5691,0.6654,0.3333,75.77,0.5253,average,52,6,100.0,58.64,45.86,67.85,High,High Risk,73.48,52.89,46.9,36.41,57.45,67.1,52.65,56.67,0,None,0
STU0195,2024,9,moderate,67.17,133,198,57.24,15.18,7.2,96.9,105,5.4,balanced,1,0,1,2,0.5128,0.45,0.5692,0.6654,0.3333,89.02,0.5253,average,44,3,100.0,57.85,45.77,67.47,High,High Risk,75.38,56.28,47.58,39.56,59.22,67.49,53.16,56.3,0,None,0
STU0195,2025,10,moderate,71.5,138,193,59.14,14.3,8.9,100.0,105,5.4,balanced,1,0,1,2,0.5085,0.4481,0.5684,0.6654,0.3333,97.22,0.5253,average,33,1,100.0,57.17,45.8,67.18,High,High Risk,72.93,57.66,49.28,41.79,61.13,70.93,55.02,60.34,1,Mentoring Program,1
STU0196,2023,8,good,76.0,152,200,83.1,13.38,32.5,100.0,101,12.5,balanced,0,0,1,0,0.8291,0.7006,0.8618,0.696,0.6667,122.83,0.7346,excellent,21,3,79.8,25.18,15.13,39.05,Medium,Medium Risk,91.9,80.6,89.06,81.9,92.91,63.57,82.93,90.96,0,None,0
STU0196,2024,9,good,77.78,154,198,84.38,12.87,42.6,100.0,101,12.5,balanced,0,0,0,1,0.8205,0.6875,0.8615,0.696,0.6667,79.87,0.7346,excellent,24,0,87.56,17.84,15.26,38.11,Medium,Medium Risk,93.53,81.25,87.92,85.28,92.46,65.29,85.41,93.0,1,Academic Advising,1
STU0196,2025,10,good,74.61,144,193,86.22,12.32,44.7,100.0,101,12.5,balanced,0,0,0,1,0.8248,0.6917,0.8632,0.696,0.6667,76.22,0.7346,excellent,20,0,77.77,17.01,15.2,34.79,Medium,Medium Risk,94.96,83.38,91.75,84.94,94.67,68.79,85.61,93.32,0,None,0
STU0197,2023,8,good,74.0,148,200,86.85,9.99,54.8,100.0,117,12.2,balanced,0,0,0,0,0.7182,0.6545,0.7592,0.8029,0.6667,127.85,0.8548,good,34,3,100.0,10.9,13.19,38.2,Medium,Medium Risk,85.66,88.41,76.19,96.49,84.56,83.71,89.65,90.3,0,None,0
STU0197,2024,9,good,76.26,151,198,89.02,9.4,51.0,100.0,117,12.2,balanced,0,0,0,0,0.7179,0.6429,0.7538,0.8029,0.6667,94.4,0.8548,good,27,2,97.62,10.03,13.38,37.15,Medium,Medium Risk,91.22,87.94,79.91,96.69,88.18,85.53,91.26,91.91,1,Study Group,1
STU0197,2025,10,good,73.58,142,193,90.64,8.85,54.4,100.0,117,12.2,balanced,0,0,0,0,0.7194,0.6465,0.7581,0.8029,0.6667,135.18,0.8548,good,28,2,100.0,9.35,13.28,37.53,Medium,Medium Risk,92.9,91.54,83.04,97.37,88.84,87.19,92.09,93.51,1,Academic Advising,0
STU0198,2023,8,at-risk,23.0,46,200,28.19,13.35,5.1,61.2,79,6.1,science_oriented,0,0,8,2,0.2818,0.2409,0.3537,0.2865,0.3333,12.42,0.4525,average,110,5,100.0,100.0,59.77,89.94,High,High Risk,20.65,14.62,25.92,32.85,34.87,40.41,39.66,13.71,0,None,0
STU0198,2024,9,at-risk,19.7,39,198,30.73,14.21,4.1,70.4,79,6.1,science_oriented,0,0,6,4,0.2821,0.2727,0.3538,0.2865,0.3333,17.42,0.4525,average,122,2,100.0,100.0,59.45,89.86,High,High Risk,24.29,15.95,28.11,35.87,37.62,40.84,42.68,14.37,1,Study Skills Workshop,1
STU0198,2025,10,at-risk,27.98,54,193,32.47,14.24,6.0,78.7,79,6.1,science_oriented,0,0,6,4,0.2806,0.2485,0.3526,0.2865,0.3333,19.7,0.4525,average,87,2,100.0,100.0,59.71,89.93,High,High Risk,25.14,17.31,29.68,37.75,37.84,44.06,43.81,17.01,0,None,0
STU0199,2023,8,moderate,69.5,139,200,68.16,14.54,28.5,100.0,110,4.1,science_oriented,1,0,1,0,0.6667,0.5772,0.7691,0.6621,0.6667,94.33,0.6024,excellent,29,1,100.0,34.4,40.41,55.58,High,High Risk,66.48,66.33,61.18,59.93,79.34,65.12,84.89,58.9,0,None,0
STU0199,2024,9,moderate,65.15,129,198,73.41,13.94,26.0,100.0,110,4.1,science_oriented,1,0,1,0,0.6667,0.5769,0.7692,0.6621,0.6667,86.33,0.6024,excellent,29,0,100.0,32.3,40.41,54.64,High,High Risk,70.66,69.87,67.03,65.06,85.27,72.64,89.44,63.09,1,Counseling,0
STU0199,2025,10,moderate,69.43,134,193,77.84,13.53,35.1,100.0,110,4.1,science_oriented,1,0,0,1,0.6667,0.5791,0.7684,0.6621,0.6667,62.32,0.6024,excellent,31,5,100.0,23.53,40.41,50.69,High,High Risk,76.4,77.42,67.08,70.0,88.94,77.55,92.49,68.44,1,Mentoring Program,1
STU0200,2023,8,excellent,87.5,175,200,97.16,2.96,75.6,100.0,112,19.4,science_oriented,0,0,0,0,0.9743,0.8414,0.9846,0.6808,0.6667,170.98,0.95,good,14,0,50.75,1.65,8.95,18.21,Low,Low Risk,97.44,97.4,97.86,95.42,97.37,97.89,97.56,96.0,0,None,0
STU0200,2024,9,excellent,86.36,171,198,97.52,2.52,77.3,100.0,112,19.4,science_oriented,0,0,0,0,0.9744,0.8421,0.9846,0.6808,0.6667,158.63,0.95,good,17,0,60.55,1.5,8.94,21.08,Low,Low Risk,97.71,97.91,97.98,96.35,97.44,97.62,97.86,97.09,0,None,0
STU0200,2025,10,excellent,88.08,170,193,97.62,2.38,80.3,100.0,112,19.4,science_oriented,0,0,0,0,0.9736,0.8376,0.9842,0.6808,0.6667,124.3,0.95,good,14,1,50.34,1.48,8.99,18.02,Low,Low Risk,98.06,97.91,97.77,96.95,97.66,97.84,97.73,96.96,0,None,0
STU0201,2023,8,irregular,55.0,110,200,38.75,15.23,6.1,82.6,85,12.1,science_oriented,0,0,4,5,0.4785,0.3571,0.5537,0.8932,0.6667,19.23,0.6337,good,51,3,100.0,100.0,20.75,80.19,High,High Risk,16.7,30.58,39.98,27.32,43.51,58.98,44.63,35.64,0,None,0
STU0201,2024,9,irregular,54.04,107,198,40.62,14.98,7.4,79.8,85,12.1,science_oriented,0,0,4,5,0.4872,0.3684,0.5538,0.8932,0.6667,28.2,0.6337,good,46,1,100.0,100.0,20.64,80.16,High,High Risk,19.83,30.33,43.53,28.05,45.48,58.11,47.47,39.42,0,None,0
STU0201,2025,10,irregular,62.18,120,193,42.68,15.24,5.3,97.0,85,12.1,science_oriented,0,0,4,5,0.4822,0.3633,0.5526,0.8932,0.6667,56.9,0.6337,good,46,3,100.0,100.0,20.71,80.18,High,High Risk,21.06,32.75,46.96,30.65,48.81,60.74,47.58,41.1,1,Study Skills Workshop,1
STU0202,2023,8,excellent,82.5,165,200,96.11,4.79,68.1,100.0,116,13.3,balanced,0,0,0,0,0.8548,0.7698,0.9537,0.6872,0.6667,130.92,0.7768,average,23,1,81.25,4.46,12.6,29.53,Medium,Medium Risk,97.81,94.27,97.45,97.58,92.06,96.12,96.37,97.69,0,None,0
STU0202,2024,9,excellent,85.86,170,198,96.56,4.21,68.4,100.0,116,13.3,balanced,0,0,0,0,0.8462,0.7576,0.9538,0.6872,0.6667,150.82,0.7768,average,22,1,75.9,4.45,12.72,27.95,Low,Low Risk,97.65,95.51,97.73,97.6,93.04,96.22,97.42,97.64,0,None,0
STU0202,2025,10,excellent,83.94,162,193,96.8,3.95,64.3,100.0,116,13.3,balanced,0,0,0,0,0.8511,0.7631,0.9526,0.6872,0.6667,79.5,0.7768,average,19,1,68.24,4.26,12.68,25.56,Medium,Medium Risk,98.0,95.22,97.81,97.69,93.81,97.04,97.47,97.76,0,None,0
STU0203,2023,8,good,75.5,151,200,42.89,13.59,7.5,83.4,88,6.4,balanced,1,1,3,6,0.5472,0.4066,0.6309,0.7596,0.6667,94.72,0.6239,good,27,5,98.15,100.0,61.92,89.92,High,High Risk,33.13,35.43,44.65,44.82,34.12,55.01,46.08,44.16,0,None,0
STU0203,2024,9,good,76.77,152,198,46.81,14.36,8.4,90.3,88,6.4,balanced,1,1,1,6,0.5385,0.4286,0.6308,0.7596,0.6667,94.52,0.6239,good,24,0,88.26,93.51,61.7,83.98,High,High Risk,38.82,36.01,50.15,46.04,37.76,60.92,50.46,48.42,1,Parent Meeting,1
STU0203,2025,10,good,81.87,158,193,51.09,14.22,11.8,96.5,88,6.4,balanced,1,1,1,3,0.5442,0.419,0.6316,0.7596,0.6667,134.18,0.6239,good,18,2,66.69,67.68,61.78,65.91,High,High Risk,41.57,42.16,55.18,52.33,41.34,63.0,55.21,52.81,1,Parent Meeting,1
STU0204,2023,8,excellent,87.5,175,200,97.82,1.84,90.8,100.0,124,22.5,science_oriented,1,0,0,0,0.8033,0.7453,0.8618,0.7183,0.6667,119.13,0.95,excellent,14,1,50.75,4.81,11.0,20.14,Low,Low Risk,97.66,97.95,97.92,98.03,97.92,97.73,97.78,97.65,0,None,0
STU0204,2024,9,excellent,90.4,179,198,97.81,1.76,89.0,100.0,124,22.5,science_oriented,1,0,0,0,0.7949,0.7419,0.8615,0.7183,0.6667,174.33,0.95,excellent,7,1,27.72,4.98,11.04,13.32,Low,Low Risk,98.0,97.87,97.78,97.99,97.77,97.88,97.72,97.52,0,None,0
STU0204,2025,10,excellent,83.42,161,193,97.74,1.83,84.3,100.0,124,22.5,science_oriented,1,0,0,0,0.7984,0.7475,0.8632,0.7183,0.6667,118.02,0.95,excellent,16,1,59.61,4.94,10.96,22.84,Medium,Medium Risk,97.46,98.14,98.1,97.75,97.69,97.6,97.7,97.51,0,None,0
STU0205,2023,8,excellent,92.0,184,200,97.73,2.05,81.9,100.0,107,18.9,balanced,0,0,0,0,0.9228,0.7589,0.9537,0.7367,0.6667,85.25,0.95,below_average,11,11,38.6,2.45,9.12,14.96,Low,Low Risk,98.12,98.11,97.88,97.81,97.93,97.41,97.24,97.67,0,None,0
STU0205,2024,9,excellent,86.87,172,198,97.77,1.84,89.2,100.0,107,18.9,balanced,0,0,0,0,0.9231,0.75,0.9538,0.7367,0.6667,91.68,0.95,below_average,20,6,69.19,2.43,9.21,24.15,Low,Low Risk,97.75,97.67,97.83,98.04,97.76,97.73,97.54,97.91,0,None,0
STU0205,2025,10,excellent,80.83,156,193,97.76,1.83,86.4,100.0,107,18.9,balanced,0,0,0,0,0.9209,0.7525,0.9526,0.7367,0.6667,118.08,0.95,below_average,29,5,100.0,2.48,9.2,33.41,Medium,Medium Risk,97.83,97.86,97.61,97.84,97.94,97.85,97.47,97.75,0,None,0
STU0206,2023,8,excellent,91.5,183,200,95.79,5.14,62.5,100.0,103,18.4,language_oriented,1,0,0,0,0.9743,0.7276,0.9846,0.7545,0.6667,105.25,0.95,below_average,14,6,47.95,2.2,8.62,17.53,Low,Low Risk,97.62,96.03,96.57,97.27,96.68,93.06,94.03,96.79,0,None,0
STU0206,2024,9,excellent,89.39,177,198,96.35,4.29,70.3,100.0,103,18.4,language_oriented,1,0,0,0,0.9744,0.7368,0.9846,0.7545,0.6667,150.33,0.95,below_average,16,3,55.42,1.97,8.52,19.65,Low,Low Risk,97.88,97.08,97.01,97.88,96.01,93.53,95.69,97.29,0,None,0
STU0206,2025,10,excellent,87.05,168,193,96.81,3.74,68.6,100.0,103,18.4,language_oriented,1,0,0,0,0.9736,0.7293,0.9842,0.7545,0.6667,162.05,0.95,below_average,19,6,66.07,1.8,8.6,22.78,Low,Low Risk,98.0,97.47,97.39,97.51,97.05,94.93,96.18,96.94,0,None,0
STU0207,2023,8,irregular,63.5,127,200,32.76,13.17,5.1,81.5,91,1.0,practical,0,0,7,2,0.4185,0.388,0.4618,0.8805,0.6667,69.25,0.2843,excellent,43,1,100.0,100.0,47.32,86.83,High,High Risk,28.07,28.91,51.1,25.19,21.5,35.89,41.04,29.38,0,None,0
STU0207,2024,9,irregular,54.55,108,198,35.44,13.49,4.5,85.9,91,1.0,practical,0,0,6,3,0.4103,0.375,0.4615,0.8805,0.6667,18.6,0.2843,excellent,39,0,100.0,100.0,47.45,86.86,High,High Risk,29.3,31.85,54.0,27.93,22.56,37.51,44.57,34.04,1,Mentoring Program,1
STU0207,2025,10,irregular,58.55,113,193,39.24,13.5,9.1,84.1,91,1.0,practical,0,0,4,5,0.4124,0.3833,0.4632,0.8805,0.6667,60.15,0.2843,excellent,38,0,100.0,100.0,47.34,86.84,High,High Risk,35.8,33.52,56.92,31.29,26.44,42.15,48.39,37.43,1,Parent Meeting,1
STU0208,2023,8,good,70.5,141,200,90.6,9.66,54.5,100.0,130,13.3,language_oriented,0,0,0,0,0.8713,0.7357,0.918,0.8459,0.6667,128.07,0.6992,average,45,4,100.0,6.34,11.47,35.72,Medium,Medium Risk,97.86,90.67,88.56,96.36,88.34,81.35,89.22,96.84,0,None,0
STU0208,2024,9,good,76.26,151,198,91.06,9.58,48.8,100.0,130,13.3,language_oriented,0,0,0,1,0.8718,0.7353,0.9231,0.8459,0.6667,127.75,0.6992,average,29,3,100.0,14.14,11.39,39.21,Medium,Medium Risk,97.62,92.25,90.74,96.91,88.0,80.59,89.87,97.15,0,None,0
STU0208,2025,10,good,80.83,156,193,91.1,9.66,48.0,100.0,130,13.3,language_oriented,0,0,0,1,0.8682,0.7375,0.9209,0.8459,0.6667,88.72,0.6992,average,22,5,79.42,14.2,11.4,33.06,Medium,Medium Risk,97.88,89.9,91.46,96.33,90.3,81.13,90.25,97.53,0,None,0
STU0209,2023,8,excellent,89.5,179,200,83.03,13.41,35.1,100.0,114,11.6,language_oriented,1,0,0,1,0.7182,0.5589,0.7691,0.6955,0.6667,95.08,0.8516,average,13,6,46.35,20.42,16.19,27.14,Low,Low Risk,96.69,84.81,73.1,89.48,80.06,82.94,67.01,94.43,0,None,0
STU0209,2024,9,excellent,82.83,164,198,84.36,12.66,43.7,100.0,114,11.6,language_oriented,1,0,0,1,0.7179,0.5714,0.7692,0.6955,0.6667,104.67,0.8516,average,23,5,81.02,19.9,16.06,37.28,Medium,Medium Risk,97.1,86.48,75.23,89.89,81.22,83.13,70.19,96.96,0,None,0
STU0209,2025,10,excellent,83.94,162,193,85.82,12.24,45.6,100.0,114,11.6,language_oriented,1,0,0,1,0.7194,0.5604,0.7684,0.6955,0.6667,94.63,0.8516,average,19,4,68.24,19.28,16.19,33.2,Medium,Medium Risk,96.98,89.3,77.6,91.35,82.54,87.65,71.01,95.27,1,Study Group,1
STU0210,2023,8,moderate,65.5,131,200,39.89,14.06,5.3,86.5,83,6.7,practical,0,0,3,6,0.5815,0.4709,0.6463,0.6581,0.3333,91.65,0.3382,good,40,2,100.0,100.0,47.36,86.84,High,High Risk,35.31,39.7,63.33,26.63,42.98,27.89,45.67,40.46,0,None,0
STU0210,2024,9,moderate,61.62,122,198,42.49,14.35,7.0,86.1,83,6.7,practical,0,0,3,5,0.5897,0.4783,0.6462,0.6581,0.3333,106.95,0.3382,good,51,1,100.0,100.0,47.29,86.82,High,High Risk,36.6,43.39,66.22,28.08,44.45,31.43,50.02,42.1,1,Mentoring Program,1
STU0210,2025,10,moderate,66.32,128,193,45.46,14.92,9.4,96.9,83,6.7,practical,0,0,3,5,0.5876,0.4776,0.6474,0.6581,0.3333,68.58,0.3382,good,41,0,100.0,100.0,47.28,86.82,High,High Risk,41.0,46.01,71.41,31.33,48.24,31.9,51.56,46.64,1,Counseling,0
STU0211,2023,8,moderate,68.0,136,200,83.91,11.26,39.7,100.0,99,14.7,science_oriented,0,0,0,1,0.6152,0.5419,0.718,0.6417,0.3333,59.52,0.6618,excellent,37,1,100.0,22.13,21.05,45.22,High,High Risk,89.16,77.87,84.43,75.05,88.3,88.34,83.47,84.18,0,None,0
STU0211,2024,9,moderate,66.16,131,198,86.03,10.67,38.7,100.0,99,14.7,science_oriented,0,0,0,1,0.6154,0.5417,0.7231,0.6417,0.3333,56.97,0.6618,excellent,35,2,100.0,21.28,20.98,44.82,High,High Risk,90.76,80.07,85.83,77.32,92.61,90.21,85.38,86.53,1,Study Skills Workshop,1
STU0211,2025,10,moderate,59.59,115,193,87.89,10.23,53.6,100.0,99,14.7,science_oriented,0,0,0,0,0.614,0.5429,0.7209,0.6417,0.3333,82.07,0.6618,excellent,43,2,100.0,12.57,21.0,40.9,High,High Risk,93.61,82.66,86.63,81.16,91.01,91.38,87.84,88.88,1,Mentoring Program,0
STU0212,2023,8,irregular,50.0,100,200,26.33,13.92,5.2,71.0,70,1.0,language_oriented,1,0,9,0,0.2818,0.1828,0.3846,0.3974,0.3333,37.07,0.2209,excellent,44,2,100.0,100.0,61.14,90.29,High,High Risk,26.76,22.6,17.98,18.66,23.03,29.56,17.84,51.69,0,None,0
STU0212,2024,9,irregular,48.48,96,198,26.23,14.26,5.6,80.6,70,1.0,language_oriented,1,0,9,0,0.2821,0.1818,0.3846,0.3974,0.3333,35.42,0.2209,excellent,56,2,100.0,100.0,61.15,90.29,High,High Risk,26.29,22.14,18.42,21.61,22.84,27.75,16.64,52.02,1,Mentoring Program,1
STU0212,2025,10,irregular,49.74,96,193,27.08,14.11,4.7,73.0,70,1.0,language_oriented,1,0,9,0,0.2806,0.1879,0.3842,0.3974,0.3333,31.7,0.2209,excellent,41,0,100.0,100.0,61.1,90.27,High,High Risk,27.99,24.52,19.74,19.25,22.14,30.04,19.3,52.01,1,Study Skills Workshop,1
STU0213,2023,8,good,75.0,150,200,77.58,14.32,26.3,100.0,113,13.2,science_oriented,0,0,1,0,0.7439,0.6433,0.8253,0.761,0.6667,161.92,0.6785,average,30,5,100.0,29.09,15.79,47.04,Medium,Medium Risk,70.2,65.92,90.56,68.64,75.25,85.81,88.18,70.49,0,None,0
STU0213,2024,9,good,74.75,148,198,80.06,13.93,31.3,100.0,113,13.2,science_oriented,0,0,1,0,0.7436,0.6552,0.8308,0.761,0.6667,136.25,0.6785,average,34,4,100.0,28.1,15.59,46.54,Medium,Medium Risk,72.63,66.84,93.22,72.24,78.59,86.55,90.5,76.13,1,Academic Advising,1
STU0213,2025,10,good,76.17,147,193,82.03,13.54,30.8,100.0,113,13.2,science_oriented,0,0,1,0,0.7457,0.6467,0.8261,0.761,0.6667,98.83,0.6785,average,29,2,100.0,27.28,15.74,46.21,Medium,Medium Risk,77.7,67.87,94.82,75.49,78.16,89.34,91.06,76.91,0,None,0
STU0214,2023,8,irregular,55.0,110,200,45.52,13.0,6.8,82.4,96,6.3,balanced,1,0,2,7,0.3848,0.3343,0.4154,0.8854,0.6667,69.1,0.5422,average,61,4,100.0,100.0,44.58,86.15,High,High Risk,45.28,45.95,37.32,28.51,45.4,46.66,49.99,60.01,0,None,0
STU0214,2024,9,irregular,48.48,96,198,47.47,12.87,10.2,87.6,96,6.3,balanced,1,0,2,6,0.3846,0.3333,0.4154,0.8854,0.6667,28.07,0.5422,average,64,5,100.0,100.0,44.6,86.15,High,High Risk,44.57,49.14,39.52,31.52,47.75,48.0,50.87,62.27,1,Counseling,1
STU0214,2025,10,irregular,53.37,103,193,50.79,12.98,9.8,88.0,96,6.3,balanced,1,0,1,3,0.386,0.3413,0.4158,0.8854,0.6667,19.15,0.5422,average,54,1,100.0,70.97,44.51,73.06,High,High Risk,50.27,53.12,43.1,35.14,51.15,49.37,55.54,64.65,1,Counseling,1
STU0215,2023,8,moderate,69.0,138,200,67.78,17.22,19.9,100.0,114,8.1,science_oriented,0,1,1,1,0.5215,0.4267,0.5335,0.5944,0.3333,37.17,0.836,excellent,24,0,93.7,45.46,43.3,59.39,High,High Risk,62.14,56.5,78.92,59.92,86.82,76.04,74.18,42.78,0,None,0
STU0215,2024,9,moderate,69.7,138,198,66.78,16.92,16.4,100.0,114,8.1,science_oriented,0,1,1,1,0.5128,0.45,0.5385,0.5944,0.3333,50.7,0.836,excellent,30,0,100.0,46.03,42.99,61.46,High,High Risk,61.85,55.91,76.19,56.43,88.18,75.34,72.43,44.83,0,None,0
STU0215,2025,10,moderate,63.73,123,193,67.45,16.95,18.3,100.0,114,8.1,science_oriented,0,1,1,1,0.5178,0.4404,0.5368,0.5944,0.3333,104.7,0.836,excellent,36,3,100.0,45.66,43.12,61.33,High,High Risk,61.46,58.33,76.84,57.97,88.23,76.58,75.06,44.25,1,Tutoring,1
STU0216,2023,8,good,73.5,147,200,94.41,6.79,58.4,100.0,113,14.9,practical,0,0,0,0,0.9063,0.7641,0.9537,0.7626,0.6667,103.05,0.8768,average,35,4,100.0,4.11,9.65,34.26,Medium,Medium Risk,95.92,96.89,97.48,97.11,91.19,90.33,97.84,89.39,0,None,0
STU0216,2024,9,good,77.27,153,198,95.28,5.77,62.6,100.0,113,14.9,practical,0,0,0,0,0.8974,0.7714,0.9538,0.7626,0.6667,172.73,0.8768,average,30,3,100.0,3.94,9.57,34.17,Medium,Medium Risk,97.16,96.99,97.58,97.42,91.52,93.38,97.54,91.47,1,Study Group,1
STU0216,2025,10,good,77.72,150,193,95.99,5.38,52.9,100.0,113,14.9,practical,0,0,0,0,0.9038,0.7668,0.9526,0.7626,0.6667,137.72,0.8768,average,33,0,100.0,3.53,9.64,34.0,Medium,Medium Risk,97.44,97.59,97.89,97.72,93.54,93.95,97.92,92.22,0,None,0
STU0217,2023,8,moderate,65.0,130,200,28.65,12.46,5.4,69.9,88,4.3,balanced,0,0,8,2,0.3848,0.3105,0.4154,0.6146,0.3333,99.4,0.2167,below_average,61,6,100.0,100.0,55.12,88.78,High,High Risk,23.54,28.71,29.83,29.18,43.56,37.33,15.79,22.93,0,None,0
STU0217,2024,9,moderate,67.68,134,198,30.08,12.71,5.9,66.1,88,4.3,balanced,0,0,8,2,0.3846,0.3333,0.4154,0.6146,0.3333,43.17,0.2167,below_average,48,6,100.0,100.0,54.89,88.72,High,High Risk,24.3,29.37,31.37,31.12,45.35,39.88,17.15,22.94,1,Parent Meeting,1
STU0217,2025,10,moderate,70.98,137,193,31.89,12.67,4.4,67.5,88,4.3,balanced,0,0,8,2,0.386,0.3175,0.4158,0.6146,0.3333,101.9,0.2167,below_average,42,5,100.0,100.0,55.05,88.76,High,High Risk,24.96,31.82,33.54,32.83,46.45,40.44,18.92,25.35,1,Counseling,1
STU0218,2023,8,good,74.5,149,200,86.24,12.11,42.0,100.0,90,13.1,science_oriented,1,0,0,1,0.9063,0.8492,0.9382,0.7822,0.6667,101.43,0.9412,good,35,3,100.0,15.38,7.67,38.84,Medium,Medium Risk,96.32,95.09,92.96,74.59,93.6,79.36,82.07,77.97,0,None,0
STU0218,2024,9,good,81.31,161,198,89.5,10.38,43.5,100.0,90,13.1,science_oriented,1,0,0,1,0.8974,0.8571,0.9385,0.7822,0.6667,111.25,0.9412,good,19,3,70.08,14.25,7.59,29.33,Medium,Medium Risk,97.15,96.04,95.93,79.9,95.12,84.04,87.09,84.02,0,None,0
STU0218,2025,10,good,82.9,160,193,92.32,9.05,57.1,100.0,90,13.1,science_oriented,1,0,0,0,0.9038,0.8543,0.9368,0.7822,0.6667,114.05,0.9412,good,19,1,68.97,4.99,7.64,24.85,Medium,Medium Risk,97.41,97.11,96.96,85.91,97.09,88.74,91.45,86.01,0,None,0
STU0219,2023,8,excellent,89.5,179,200,78.84,14.5,22.6,100.0,98,13.5,science_oriented,0,0,1,0,0.8291,0.68,0.8463,0.705,0.3333,83.15,0.95,excellent,9,1,34.35,26.88,12.16,25.44,Medium,Medium Risk,76.93,69.61,91.84,67.78,91.29,85.37,85.36,61.46,0,None,0
STU0219,2024,9,excellent,84.34,167,198,80.23,13.73,39.3,100.0,98,13.5,science_oriented,0,0,0,1,0.8205,0.6875,0.8462,0.705,0.3333,141.28,0.95,excellent,15,1,55.96,19.5,12.08,28.58,Medium,Medium Risk,73.82,72.31,90.76,71.19,91.17,86.07,87.06,63.85,1,Academic Advising,1
STU0219,2025,10,excellent,88.6,171,193,80.98,13.37,41.1,100.0,98,13.5,science_oriented,0,0,0,1,0.8248,0.6806,0.8474,0.705,0.3333,112.72,0.95,excellent,11,0,40.98,19.11,12.13,23.93,Low,Low Risk,76.99,73.81,92.2,71.72,91.81,86.76,86.17,65.22,1,Parent Meeting,1
STU0220,2023,8,excellent,79.0,158,200,93.23,8.2,50.9,100.0,116,16.1,balanced,1,0,0,0,0.897,0.7902,0.9283,0.691,0.6667,137.48,0.7109,good,22,3,80.7,4.77,13.69,29.78,Medium,Medium Risk,97.69,96.79,95.68,95.69,97.02,83.96,92.63,90.54,0,None,0
STU0220,2024,9,excellent,78.79,156,198,93.99,7.34,56.7,100.0,116,16.1,balanced,1,0,0,0,0.8974,0.8,0.9231,0.691,0.6667,95.52,0.7109,good,22,0,80.85,4.46,13.67,29.68,Medium,Medium Risk,98.06,97.11,96.07,96.13,96.97,85.78,94.52,91.61,1,Academic Advising,0
STU0220,2025,10,excellent,84.97,164,193,93.97,7.34,58.3,100.0,116,16.1,balanced,1,0,0,0,0.8946,0.7938,0.9265,0.691,0.6667,147.42,0.7109,good,16,1,58.52,4.52,13.68,23.01,Medium,Medium Risk,97.83,97.48,96.47,95.65,97.14,84.92,93.54,92.86,1,Parent Meeting,0
STU0221,2023,8,moderate,75.0,150,200,76.96,13.31,36.1,100.0,98,10.8,balanced,0,0,0,1,0.6409,0.5603,0.6618,0.6493,0.6667,40.67,0.5835,average,33,4,100.0,24.4,22.73,46.66,Medium,Medium Risk,73.35,69.12,63.2,95.97,73.13,88.61,73.72,76.02,0,None,0
STU0221,2024,9,moderate,74.75,148,198,76.45,14.07,26.5,100.0,98,10.8,balanced,0,0,1,0,0.641,0.56,0.6615,0.6493,0.6667,69.63,0.5835,average,30,4,100.0,31.6,22.74,49.9,Medium,Medium Risk,72.6,67.16,62.62,94.87,72.28,88.17,72.79,76.69,0,None,0
STU0221,2025,10,moderate,69.95,135,193,76.09,13.59,32.2,100.0,98,10.8,balanced,0,0,1,0,0.6403,0.5617,0.6632,0.6493,0.6667,64.23,0.5835,average,41,3,100.0,31.76,22.7,49.96,High,High Risk,73.57,68.34,60.42,94.84,70.43,87.75,74.77,76.67,1,Parent Meeting,1
STU0222,2023,8,excellent,88.5,177,200,97.77,1.87,88.5,100.0,122,23.9,science_oriented,1,0,0,0,0.9743,0.754,0.9846,0.6581,0.6667,84.23,0.95,good,13,1,47.05,1.41,10.28,17.32,Low,Low Risk,97.99,97.7,97.56,97.49,97.81,97.69,97.95,97.92,0,None,0
STU0222,2024,9,excellent,84.34,167,198,97.83,1.77,89.4,100.0,122,23.9,science_oriented,1,0,0,0,0.9744,0.7632,0.9846,0.6581,0.6667,158.15,0.95,good,16,0,58.96,1.38,10.19,20.86,Medium,Medium Risk,98.05,97.87,97.88,97.92,97.84,97.81,97.45,97.93,0,None,0
STU0222,2025,10,excellent,83.42,161,193,97.84,1.78,90.8,100.0,122,23.9,science_oriented,1,0,0,0,0.9736,0.7564,0.9842,0.6581,0.6667,97.8,0.95,good,22,2,77.61,1.39,10.26,26.47,Medium,Medium Risk,97.55,97.83,98.11,97.69,97.86,97.9,97.84,97.86,0,None,0
STU0223,2023,8,excellent,87.5,175,200,89.93,10.94,47.2,100.0,101,23.6,science_oriented,0,0,0,1,0.7439,0.5865,0.8357,0.6713,0.6667,84.52,0.77,excellent,13,1,47.75,17.15,16.62,26.2,Low,Low Risk,97.77,81.72,94.69,95.13,96.49,88.58,93.99,76.18,0,None,0
STU0223,2024,9,excellent,82.32,163,198,90.28,10.16,54.9,100.0,101,23.6,science_oriented,0,0,0,0,0.7436,0.5862,0.8308,0.6713,0.6667,105.92,0.77,excellent,16,1,60.37,9.02,16.7,26.34,Medium,Medium Risk,97.26,80.99,94.96,95.39,97.22,88.28,94.21,77.73,0,None,0
STU0223,2025,10,excellent,87.56,169,193,89.96,10.78,43.8,100.0,101,23.6,science_oriented,0,0,0,1,0.7457,0.5883,0.8316,0.6713,0.6667,125.75,0.77,excellent,13,0,47.7,17.1,16.67,26.17,Low,Low Risk,97.32,81.47,95.02,94.05,97.06,89.58,93.56,75.75,0,None,0
STU0224,2023,8,excellent,89.5,179,200,97.36,2.85,71.2,100.0,117,22.4,practical,1,0,0,0,0.9743,0.8069,0.9846,0.7132,0.6667,164.58,0.8056,good,13,0,46.35,1.57,10.82,17.31,Low,Low Risk,97.72,96.16,96.92,97.8,97.43,97.59,97.72,97.45,0,None,0
STU0224,2024,9,excellent,81.82,162,198,97.74,2.19,79.3,100.0,117,22.4,practical,1,0,0,0,0.9744,0.8158,0.9846,0.7132,0.6667,88.0,0.8056,good,23,1,81.73,1.42,10.73,27.84,Medium,Medium Risk,97.77,96.99,97.77,97.85,98.01,97.86,97.53,98.19,0,None,0
STU0224,2025,10,excellent,83.94,162,193,97.76,1.92,85.9,100.0,117,22.4,practical,1,0,0,0,0.9736,0.8105,0.9842,0.7132,0.6667,75.53,0.8056,good,19,1,68.24,1.42,10.78,23.81,Medium,Medium Risk,97.77,97.42,97.52,97.97,97.65,97.84,97.86,97.97,1,Study Group,1
STU0225,2023,8,excellent,81.5,163,200,97.79,1.83,88.3,100.0,119,24.0,balanced,0,0,0,0,0.8376,0.7753,0.8511,0.7001,0.3333,138.57,0.9058,average,26,5,90.95,4.13,11.89,32.12,Medium,Medium Risk,97.68,97.91,98.2,98.04,97.85,97.77,97.54,97.47,0,None,0
STU0225,2024,9,excellent,86.36,171,198,97.81,1.72,90.1,100.0,119,24.0,balanced,0,0,0,0,0.8462,0.7879,0.8462,0.7001,0.3333,158.73,0.9058,average,21,4,72.55,3.95,11.84,26.5,Low,Low Risk,97.72,97.93,97.45,98.12,98.05,97.92,97.67,97.59,1,Study Group,0
STU0225,2025,10,excellent,88.08,170,193,97.86,1.8,91.6,100.0,119,24.0,balanced,0,0,0,0,0.8419,0.7808,0.8474,0.7001,0.3333,168.02,0.9058,average,15,2,53.34,4.02,11.89,20.78,Low,Low Risk,97.48,97.91,98.14,98.04,97.83,97.67,97.93,97.86,0,None,0
STU0226,2023,8,good,73.0,146,200,49.16,18.3,9.2,95.7,89,13.8,language_oriented,0,1,3,3,0.5043,0.3733,0.5691,0.7308,0.6667,162.55,0.5208,good,30,0,100.0,99.25,45.3,85.99,High,High Risk,66.09,66.27,38.37,44.66,56.91,33.61,30.65,66.1,0,None,0
STU0226,2024,9,good,75.76,150,198,52.98,18.37,7.0,96.9,89,13.8,language_oriented,0,1,2,3,0.5128,0.35,0.5692,0.7308,0.6667,147.55,0.5208,good,27,2,97.97,82.55,45.53,77.92,High,High Risk,69.01,70.52,44.44,49.63,61.7,37.39,33.88,69.27,1,Tutoring,1
STU0226,2025,10,good,80.31,155,193,55.87,19.02,7.1,100.0,89,13.8,language_oriented,0,1,1,3,0.5085,0.363,0.5684,0.7308,0.6667,164.32,0.5208,good,20,3,73.78,66.48,45.42,63.41,High,High Risk,72.18,72.72,43.81,50.56,66.53,39.62,35.4,70.64,1,Tutoring,1
STU0227,2023,8,moderate,71.0,142,200,58.23,17.98,7.4,98.8,90,12.7,practical,1,0,1,2,0.5894,0.5218,0.6202,0.6528,0.6667,55.87,0.7551,excellent,30,3,100.0,55.92,21.1,60.44,High,High Risk,64.86,56.05,83.35,43.23,61.79,37.94,71.93,53.55,0,None,0
STU0227,2024,9,moderate,71.72,142,198,60.84,17.54,9.8,100.0,90,12.7,practical,1,0,1,2,0.5897,0.5217,0.6154,0.6528,0.6667,93.37,0.7551,excellent,25,0,94.8,54.87,21.17,58.42,Medium,Medium Risk,67.53,60.04,83.59,48.99,65.63,39.55,75.97,56.74,1,Tutoring,0
STU0227,2025,10,moderate,62.69,121,193,63.95,17.3,16.2,100.0,90,12.7,practical,1,0,1,1,0.5876,0.5224,0.6158,0.6528,0.6667,81.8,0.7551,excellent,33,1,100.0,45.67,21.16,55.84,High,High Risk,72.92,64.97,85.91,50.97,66.97,40.88,75.79,60.77,1,Parent Meeting,1
STU0228,2023,8,excellent,86.0,172,200,89.4,10.2,44.3,100.0,99,18.2,language_oriented,0,0,0,1,0.7861,0.6415,0.8154,0.6943,0.6667,86.48,0.7278,good,16,1,57.8,16.52,16.55,28.91,Low,Low Risk,97.09,88.17,90.57,94.7,91.59,88.29,76.5,95.38,0,None,0
STU0228,2024,9,excellent,84.34,167,198,89.88,9.97,43.5,100.0,99,18.2,language_oriented,0,0,0,1,0.7949,0.6452,0.8154,0.6943,0.6667,165.75,0.7278,good,17,3,61.96,16.15,16.52,29.98,Medium,Medium Risk,97.03,88.83,90.84,95.09,91.1,87.63,77.22,96.61,0,None,0
STU0228,2025,10,excellent,86.53,167,193,89.97,9.85,49.5,100.0,99,18.2,language_oriented,0,0,0,1,0.7892,0.6444,0.8158,0.6943,0.6667,154.6,0.7278,good,16,2,57.43,16.23,16.52,28.66,Low,Low Risk,97.25,88.45,89.96,95.37,91.65,89.25,76.52,96.05,0,None,0
STU0229,2023,8,good,71.5,143,200,89.47,9.86,51.4,100.0,114,24.8,language_oriented,1,0,0,0,0.8376,0.6942,0.8871,0.8149,0.6667,95.72,0.95,average,40,1,100.0,7.46,9.2,35.66,Medium,Medium Risk,97.59,94.4,76.56,88.31,86.32,88.47,92.82,88.5,0,None,0
STU0229,2024,9,good,75.76,150,198,91.69,8.82,48.8,100.0,114,24.8,language_oriented,1,0,0,1,0.8462,0.697,0.8923,0.8149,0.6667,158.25,0.95,average,36,3,100.0,14.4,9.1,38.75,Medium,Medium Risk,97.81,94.49,80.61,91.65,90.87,91.24,94.25,91.63,1,Parent Meeting,0
STU0229,2025,10,good,73.58,142,193,93.32,7.96,56.1,100.0,114,24.8,language_oriented,1,0,0,0,0.8419,0.698,0.8893,0.8149,0.6667,80.98,0.95,average,37,2,100.0,5.84,9.13,34.91,Medium,Medium Risk,98.18,95.44,83.62,93.78,91.82,94.31,95.48,93.38,0,None,0
STU0230,2023,8,good,77.5,155,200,72.85,14.01,22.4,100.0,119,12.6,science_oriented,0,0,1,0,0.6924,0.6301,0.7026,0.8102,0.6667,175.3,0.5837,good,29,1,100.0,32.01,18.2,48.96,Medium,Medium Risk,67.84,51.06,81.27,71.44,84.45,76.78,78.84,70.71,0,None,0
STU0230,2024,9,good,77.78,154,198,76.12,13.78,24.6,100.0,119,12.6,science_oriented,0,0,1,0,0.6923,0.6296,0.7077,0.8102,0.6667,88.65,0.5837,good,27,3,96.56,30.71,18.13,47.32,Medium,Medium Risk,71.59,54.09,83.61,76.15,85.77,80.18,81.99,74.71,1,Academic Advising,1
STU0230,2025,10,good,82.9,160,193,78.58,12.8,33.0,100.0,119,12.6,science_oriented,0,0,1,0,0.693,0.6331,0.7051,0.8102,0.6667,85.58,0.5837,good,22,0,77.97,29.71,18.13,41.29,Medium,Medium Risk,76.43,58.07,83.0,79.32,87.93,82.98,82.75,77.85,0,None,0
STU0231,2023,8,excellent,83.0,166,200,96.58,4.16,65.1,100.0,106,14.4,science_oriented,0,0,0,0,0.9743,0.8245,0.9846,0.755,0.6667,100.75,0.95,excellent,14,0,53.9,1.88,7.64,18.93,Medium,Medium Risk,97.27,97.69,97.67,96.73,97.63,96.71,97.28,91.8,0,None,0
STU0231,2024,9,excellent,84.85,168,198,97.17,3.25,72.8,100.0,106,14.4,science_oriented,0,0,0,0,0.9744,0.8158,0.9846,0.755,0.6667,162.03,0.95,excellent,16,3,58.61,1.64,7.72,20.25,Medium,Medium Risk,96.98,97.28,97.77,96.99,97.72,97.67,97.7,94.76,0,None,0
STU0231,2025,10,excellent,85.49,165,193,97.37,2.63,79.1,100.0,106,14.4,science_oriented,0,0,0,0,0.9736,0.8201,0.9842,0.755,0.6667,144.02,0.95,excellent,11,3,43.16,1.58,7.69,15.58,Low,Low Risk,97.73,97.73,97.74,97.51,97.78,97.29,97.76,95.59,0,None,0
STU0232,2023,8,excellent,79.5,159,200,93.75,7.54,55.1,100.0,96,22.3,science_oriented,0,0,0,0,0.8376,0.6328,0.8974,0.7193,0.6667,103.4,0.8813,average,31,2,100.0,5.75,12.6,35.74,Medium,Medium Risk,96.7,97.02,96.44,92.67,97.73,87.81,97.58,86.28,0,None,0
STU0232,2024,9,excellent,83.33,165,198,94.42,7.29,58.8,100.0,96,22.3,science_oriented,0,0,0,0,0.8462,0.6364,0.8923,0.7193,0.6667,153.73,0.8813,average,22,4,77.67,5.31,12.65,28.85,Medium,Medium Risk,97.27,97.19,97.49,94.97,98.23,87.98,97.67,88.39,0,None,0
STU0232,2025,10,excellent,84.46,163,193,95.52,5.68,63.5,100.0,96,22.3,science_oriented,0,0,0,0,0.8419,0.6354,0.8949,0.7193,0.6667,144.2,0.8813,average,19,6,67.88,4.95,12.62,25.75,Medium,Medium Risk,97.46,98.17,97.72,94.28,97.92,91.62,97.75,90.77,1,Academic Advising,1
STU0233,2023,8,at-risk,25.0,50,200,25.01,12.58,3.0,63.1,81,7.4,balanced,1,0,9,1,0.2818,0.1828,0.3747,0.2766,0.0,11.77,0.4149,average,115,1,100.0,100.0,60.8,90.2,High,High Risk,29.12,15.88,22.08,19.88,28.4,42.5,22.57,15.47,0,None,0
STU0233,2024,9,at-risk,24.24,48,198,26.52,12.29,4.7,63.1,81,7.4,balanced,1,0,9,1,0.2821,0.1818,0.3692,0.2766,0.0,15.0,0.4149,average,116,6,100.0,100.0,60.89,90.22,High,High Risk,32.79,19.16,23.85,21.59,30.37,42.09,24.36,16.16,1,Parent Meeting,1
STU0233,2025,10,at-risk,20.73,40,193,28.78,12.93,6.3,69.5,81,7.4,balanced,1,0,8,2,0.2806,0.1879,0.3739,0.2766,0.0,20.47,0.4149,average,92,0,100.0,100.0,60.76,90.19,High,High Risk,36.13,19.34,25.17,21.4,33.95,45.28,26.23,18.77,1,Parent Meeting,0
STU0234,2023,8,excellent,91.5,183,200,62.88,13.82,22.4,100.0,88,17.2,balanced,0,0,1,0,0.8291,0.711,0.8618,0.7456,0.6667,102.18,0.597,excellent,9,1,32.95,33.27,16.1,28.88,Medium,Medium Risk,80.72,64.84,57.49,70.09,57.54,60.87,51.42,66.45,0,None,0
STU0234,2024,9,excellent,87.88,174,198,66.35,13.76,26.4,100.0,88,17.2,balanced,0,0,1,0,0.8205,0.7188,0.8615,0.7456,0.6667,83.8,0.597,excellent,13,1,47.48,32.05,16.02,32.67,Medium,Medium Risk,82.57,69.18,61.35,73.67,61.3,63.22,53.65,73.03,1,Parent Meeting,0
STU0234,2025,10,excellent,82.9,160,193,68.96,13.37,33.1,100.0,88,17.2,balanced,0,0,1,0,0.8248,0.7125,0.8632,0.7456,0.6667,153.38,0.597,excellent,16,1,59.97,30.92,16.06,35.92,Medium,Medium Risk,86.76,72.24,63.93,73.68,64.78,65.36,56.57,75.21,0,None,0
STU0235,2023,8,moderate,69.0,138,200,56.23,12.82,20.3,98.7,70,9.9,practical,0,0,1,1,0.47,0.4187,0.5283,0.6245,0.3333,78.77,0.7726,excellent,31,1,100.0,51.11,23.81,58.95,High,High Risk,52.04,48.89,74.82,55.44,50.8,54.6,61.34,52.72,0,None,0
STU0235,2024,9,moderate,69.7,138,198,58.97,12.7,18.0,97.2,70,9.9,practical,0,0,1,0,0.4615,0.4444,0.5231,0.6245,0.3333,51.95,0.7726,excellent,28,1,100.0,42.18,23.63,54.89,High,High Risk,55.32,51.35,77.48,59.6,52.51,57.04,64.19,55.36,1,Tutoring,0
STU0235,2025,10,moderate,65.8,127,193,61.58,12.99,14.9,100.0,70,9.9,practical,0,0,1,0,0.4651,0.4336,0.5265,0.6245,0.3333,92.3,0.7726,excellent,35,1,100.0,41.07,23.69,54.4,High,High Risk,59.27,54.98,77.92,62.03,57.17,58.96,66.86,55.55,1,Parent Meeting,1
STU0236,2023,8,moderate,74.0,148,200,79.04,12.22,35.2,100.0,126,9.2,balanced,1,0,0,1,0.6667,0.5772,0.7537,0.6265,0.3333,87.68,0.95,good,33,3,100.0,23.05,16.14,44.41,Medium,Medium Risk,87.0,82.23,75.4,70.26,73.99,74.2,83.14,84.79,0,None,0
STU0236,2024,9,moderate,72.22,143,198,80.58,12.13,37.0,100.0,126,9.2,balanced,1,0,0,1,0.6667,0.5769,0.7538,0.6265,0.3333,82.07,0.95,good,28,3,100.0,22.44,16.14,44.13,Medium,Medium Risk,87.29,84.6,77.99,71.01,76.16,77.1,83.83,85.04,1,Study Group,1
STU0236,2025,10,moderate,63.73,123,193,82.05,11.96,45.6,100.0,126,9.2,balanced,1,0,0,1,0.6667,0.5791,0.7526,0.6265,0.3333,61.98,0.95,good,35,1,100.0,21.85,16.14,43.87,High,High Risk,88.3,85.83,77.68,73.61,78.53,77.65,84.92,89.26,1,Academic Advising,1
STU0237,2023,8,good,77.0,154,200,79.62,14.06,40.3,100.0,116,6.8,science_oriented,0,0,0,1,0.6924,0.5186,0.7846,0.7726,0.6667,89.9,0.7524,good,25,1,91.1,22.3,36.31,46.44,Medium,Medium Risk,77.36,76.35,69.61,67.96,96.79,93.21,80.84,66.98,0,None,0
STU0237,2024,9,good,80.3,159,198,82.16,13.61,40.2,100.0,116,6.8,science_oriented,0,0,0,1,0.6923,0.5185,0.7846,0.7726,0.6667,75.82,0.7524,good,25,2,88.79,21.29,36.31,45.29,Medium,Medium Risk,80.25,79.3,70.73,72.05,97.37,95.21,83.23,69.38,1,Academic Advising,1
STU0237,2025,10,good,73.58,142,193,84.11,12.73,41.8,100.0,116,6.8,science_oriented,0,0,0,1,0.693,0.519,0.7842,0.7726,0.6667,170.88,0.7524,good,30,1,100.0,20.49,36.31,48.3,Medium,Medium Risk,82.75,84.04,73.81,74.14,97.36,95.89,87.0,72.0,0,None,0
STU0238,2023,8,excellent,81.0,162,200,86.02,14.46,40.6,100.0,125,13.1,science_oriented,0,0,0,1,0.9228,0.7961,0.9846,0.7089,0.6667,103.43,0.8297,excellent,21,1,76.3,15.14,10.65,32.36,Medium,Medium Risk,91.11,77.25,77.71,58.81,94.81,91.8,96.02,94.81,0,None,0
STU0238,2024,9,excellent,86.36,171,198,88.7,12.94,34.7,100.0,125,13.1,science_oriented,0,0,1,0,0.9231,0.8056,0.9846,0.7089,0.6667,81.25,0.8297,excellent,14,1,51.55,21.06,10.55,27.58,Medium,Medium Risk,91.42,81.14,83.04,63.92,94.97,93.96,96.86,96.02,1,Academic Advising,0
STU0238,2025,10,excellent,86.01,166,193,89.73,12.44,34.0,100.0,125,13.1,science_oriented,0,0,1,0,0.9209,0.7997,0.9842,0.7089,0.6667,161.35,0.8297,excellent,15,0,54.79,20.69,10.62,28.4,Medium,Medium Risk,93.91,82.54,85.21,65.67,95.83,95.87,96.85,96.3,0,None,0
STU0239,2023,8,excellent,83.0,166,200,96.24,4.79,59.3,100.0,113,17.7,balanced,1,0,0,0,0.8119,0.7578,0.8618,0.6395,0.3333,126.73,0.95,average,23,3,80.9,5.27,12.46,29.75,Medium,Medium Risk,97.36,97.77,97.15,95.59,96.37,97.66,97.0,91.05,0,None,0
STU0239,2024,9,excellent,92.93,184,198,96.58,4.7,61.2,100.0,113,17.7,balanced,1,0,0,0,0.8205,0.75,0.8615,0.6395,0.3333,162.8,0.95,average,8,6,28.95,4.96,12.54,14.05,Low,Low Risk,97.84,97.85,98.02,96.38,96.62,97.8,97.72,90.66,0,None,0
STU0239,2025,10,excellent,90.16,174,193,97.27,3.37,70.2,100.0,113,17.7,balanced,1,0,0,0,0.8155,0.7529,0.8632,0.6395,0.3333,119.47,0.95,average,14,9,48.89,4.78,12.48,19.94,Low,Low Risk,98.44,98.48,97.63,97.67,97.7,97.84,97.16,93.34,0,None,0
STU0240,2023,8,good,75.0,150,200,76.81,13.66,36.2,100.0,113,10.8,balanced,0,0,0,1,0.7439,0.5519,0.8253,0.723,0.6667,94.05,0.8373,average,30,2,100.0,22.4,15.08,43.85,Medium,Medium Risk,72.83,62.33,66.59,72.49,80.81,77.75,87.84,86.89,0,None,0
STU0240,2024,9,good,80.81,160,198,77.98,13.78,27.0,100.0,113,10.8,balanced,0,0,1,0,0.7436,0.5517,0.8308,0.723,0.6667,141.68,0.8373,average,27,1,94.43,28.94,15.0,45.1,Medium,Medium Risk,74.41,62.25,68.87,74.86,82.08,80.71,88.43,86.21,0,None,0
STU0240,2025,10,good,76.68,148,193,79.34,13.44,32.1,100.0,113,10.8,balanced,0,0,1,0,0.7457,0.553,0.8261,0.723,0.6667,110.77,0.8373,average,28,2,100.0,28.35,15.06,46.52,Medium,Medium Risk,74.81,63.49,71.77,76.87,84.27,81.56,89.67,89.36,0,None,0
STU0241,2023,8,excellent,84.0,168,200,75.89,15.39,20.6,100.0,97,10.6,science_oriented,1,0,1,0,0.6409,0.5603,0.6974,0.7397,0.6667,120.38,0.8311,good,16,2,59.2,31.82,16.68,36.25,Medium,Medium Risk,78.89,70.05,81.54,54.65,85.38,78.88,90.93,62.69,0,None,0
STU0241,2024,9,excellent,85.35,169,198,76.81,15.29,21.3,100.0,97,10.6,science_oriented,1,0,1,0,0.641,0.56,0.6923,0.7397,0.6667,110.22,0.8311,good,20,0,70.25,31.45,16.75,39.42,Medium,Medium Risk,80.07,73.0,82.12,56.38,86.33,79.43,92.92,62.02,1,Academic Advising,1
STU0241,2025,10,excellent,79.79,154,193,77.12,14.99,25.1,100.0,97,10.6,science_oriented,1,0,1,0,0.6403,0.5617,0.6949,0.7397,0.6667,149.68,0.8311,good,26,2,92.15,31.35,16.7,45.92,Medium,Medium Risk,78.28,72.65,81.13,57.48,88.8,78.12,92.11,63.3,0,None,0
STU0242,2023,8,moderate,58.5,117,200,78.07,14.65,27.9,100.0,117,6.9,balanced,1,0,1,0,0.6152,0.5,0.6562,0.6268,0.6667,87.08,0.6506,excellent,41,4,100.0,31.47,42.86,54.88,High,High Risk,93.77,92.01,78.26,56.21,72.64,69.96,74.64,88.27,0,None,0
STU0242,2024,9,moderate,58.08,115,198,79.71,14.05,41.4,100.0,117,6.9,balanced,1,0,0,1,0.6154,0.5,0.6615,0.6268,0.6667,100.57,0.6506,excellent,41,2,100.0,23.81,42.78,51.41,High,High Risk,93.96,93.24,80.82,59.26,75.43,70.83,76.6,90.07,1,Mentoring Program,1
STU0242,2025,10,moderate,61.66,119,193,80.71,13.84,39.1,100.0,117,6.9,balanced,1,0,0,1,0.614,0.5,0.6577,0.6268,0.6667,100.08,0.6506,excellent,39,1,100.0,23.44,42.84,51.26,High,High Risk,94.61,93.24,80.74,60.57,75.79,73.25,78.91,91.66,1,Mentoring Program,1
STU0243,2023,8,good,83.5,167,200,97.08,3.32,72.6,100.0,111,19.7,science_oriented,1,0,0,0,0.8805,0.7474,0.9846,0.761,0.6667,109.68,0.95,below_average,27,3,92.55,3.56,8.29,31.44,Medium,Medium Risk,97.61,96.73,94.81,97.83,97.7,97.73,97.47,96.73,0,None,0
STU0243,2024,9,good,78.79,156,198,97.09,3.34,71.2,100.0,111,19.7,science_oriented,1,0,0,0,0.8718,0.7353,0.9846,0.761,0.6667,154.5,0.95,below_average,32,6,100.0,3.73,8.41,33.78,Medium,Medium Risk,97.81,96.54,95.34,97.55,97.23,97.53,97.74,96.89,0,None,0
STU0243,2025,10,good,79.27,153,193,97.3,2.98,76.0,100.0,111,19.7,science_oriented,1,0,0,0,0.8775,0.7402,0.9842,0.761,0.6667,137.12,0.95,below_average,29,7,100.0,3.53,8.37,33.68,Medium,Medium Risk,97.93,96.19,96.44,97.83,97.8,97.98,97.69,96.5,0,None,0
STU0244,2023,8,irregular,48.0,96,200,40.31,15.59,5.5,82.5,107,4.0,language_oriented,0,0,3,5,0.462,0.3516,0.4974,0.9095,0.6667,71.88,0.5633,average,62,2,100.0,100.0,42.38,85.6,High,High Risk,43.55,51.85,54.65,46.23,39.12,29.5,19.35,48.42,0,None,0
STU0244,2024,9,irregular,47.98,95,198,41.87,15.1,7.1,85.6,107,4.0,language_oriented,0,0,3,4,0.4615,0.3333,0.4923,0.9095,0.6667,24.55,0.5633,average,73,3,100.0,100.0,42.64,85.66,High,High Risk,45.36,50.97,54.86,50.76,41.84,30.09,21.45,49.32,1,Mentoring Program,0
STU0244,2025,10,irregular,47.15,91,193,43.76,15.05,7.7,85.6,107,4.0,language_oriented,0,0,3,3,0.4651,0.3399,0.4949,0.9095,0.6667,28.85,0.5633,average,68,4,100.0,100.0,42.54,85.63,High,High Risk,46.63,52.29,56.6,51.92,44.08,33.38,24.85,51.03,1,Study Skills Workshop,1
STU0245,2023,8,good,79.0,158,200,73.39,11.85,35.4,100.0,98,11.6,practical,1,0,0,1,0.7439,0.5519,0.8154,0.7909,0.6667,111.4,0.8192,excellent,22,1,80.7,23.77,14.14,38.44,Medium,Medium Risk,69.61,73.84,69.48,79.16,79.34,69.95,77.37,67.88,0,None,0
STU0245,2024,9,good,83.33,165,198,74.28,11.47,38.0,100.0,98,11.6,practical,1,0,0,1,0.7436,0.5517,0.8154,0.7909,0.6667,92.58,0.8192,excellent,14,1,53.67,23.42,14.15,30.17,Medium,Medium Risk,71.74,77.25,70.92,75.15,81.64,70.62,77.73,68.91,0,None,0
STU0245,2025,10,good,77.2,149,193,73.15,11.74,29.2,100.0,98,11.6,practical,1,0,1,0,0.7457,0.553,0.8158,0.7909,0.6667,98.35,0.8192,excellent,24,0,87.96,30.83,14.13,43.79,Medium,Medium Risk,70.16,76.47,70.28,76.36,80.99,68.74,75.91,66.69,0,None,0
STU0246,2023,8,moderate,65.0,130,200,57.53,13.3,24.1,99.5,86,13.9,balanced,0,0,1,1,0.53,0.4681,0.5438,0.6716,0.6667,88.32,0.5773,good,35,0,100.0,49.39,25.07,58.49,High,High Risk,74.8,47.12,70.43,60.9,59.44,50.97,50.22,56.65,0,None,0
STU0246,2024,9,moderate,66.16,131,198,58.79,14.1,16.9,100.0,86,13.9,balanced,0,0,1,1,0.5385,0.4762,0.5385,0.6716,0.6667,50.33,0.5773,good,35,2,100.0,48.72,25.07,58.19,High,High Risk,77.89,47.48,71.18,62.5,60.83,51.6,51.78,57.4,1,Study Skills Workshop,1
STU0246,2025,10,moderate,62.18,120,193,60.7,13.79,25.9,100.0,86,13.9,balanced,0,0,1,1,0.5349,0.4754,0.5423,0.6716,0.6667,43.75,0.5773,good,48,4,100.0,48.02,25.02,57.87,High,High Risk,79.32,49.91,72.13,66.44,62.84,53.76,53.75,60.18,1,Mentoring Program,1
STU0247,2023,8,good,78.0,156,200,84.52,10.8,49.0,100.0,116,12.5,language_oriented,1,0,0,1,0.8633,0.7332,0.9129,0.7383,0.6667,145.8,0.767,good,29,0,100.0,16.92,12.7,40.79,Medium,Medium Risk,92.66,80.5,78.89,83.8,92.39,86.29,81.22,83.33,0,None,0
STU0247,2024,9,good,85.35,169,198,86.46,10.47,44.7,100.0,116,12.5,language_oriented,1,0,0,1,0.8718,0.7353,0.9077,0.7383,0.6667,159.03,0.767,good,18,0,64.25,15.98,12.76,29.66,Low,Low Risk,93.0,81.65,83.45,87.69,92.18,87.42,82.67,86.36,0,None,0
STU0247,2025,10,good,80.31,155,193,88.72,9.49,55.0,100.0,116,12.5,language_oriented,1,0,0,0,0.8682,0.7375,0.9107,0.7383,0.6667,109.75,0.767,good,25,4,88.78,7.15,12.69,33.02,Medium,Medium Risk,94.6,83.5,86.02,90.1,94.82,89.36,84.41,88.87,0,None,0
STU0248,2023,8,good,77.5,155,200,87.5,11.55,50.8,100.0,112,16.3,language_oriented,0,0,0,0,0.7346,0.6621,0.8048,0.7663,0.6667,138.25,0.6472,below_average,35,3,100.0,10.31,16.27,38.71,Medium,Medium Risk,97.34,93.7,78.9,95.0,80.06,77.1,85.45,95.75,0,None,0
STU0248,2024,9,good,79.29,157,198,88.29,11.62,43.8,100.0,112,16.3,language_oriented,0,0,0,1,0.7436,0.6552,0.8,0.7663,0.6667,130.6,0.6472,below_average,31,6,100.0,17.81,16.41,42.12,Medium,Medium Risk,97.54,94.43,81.78,94.12,81.58,75.46,88.01,96.78,1,Academic Advising,1
STU0248,2025,10,good,70.98,137,193,89.26,10.96,39.2,100.0,112,16.3,language_oriented,0,0,0,1,0.7365,0.6547,0.8,0.7663,0.6667,107.55,0.6472,below_average,49,5,100.0,17.57,16.42,42.01,Medium,Medium Risk,97.72,94.65,82.74,95.75,83.63,78.83,88.41,96.91,1,Study Group,0
STU0249,2023,8,moderate,71.0,142,200,73.1,15.24,24.5,100.0,82,12.9,science_oriented,0,0,1,0,0.6244,0.534,0.6408,0.6373,0.3333,104.33,0.5936,good,31,2,100.0,33.27,23.4,50.82,Medium,Medium Risk,62.41,69.58,56.23,84.93,83.35,63.44,87.15,76.38,0,None,0
STU0249,2024,9,moderate,69.19,137,198,75.5,14.64,32.8,100.0,82,12.9,science_oriented,0,0,1,0,0.6154,0.5417,0.6462,0.6373,0.3333,77.0,0.5936,good,41,3,100.0,32.49,23.24,50.43,High,High Risk,65.7,71.71,59.78,86.99,82.44,65.61,89.82,79.7,1,Parent Meeting,1
STU0249,2025,10,moderate,61.66,119,193,78.03,14.51,36.9,100.0,82,12.9,science_oriented,0,0,0,1,0.6232,0.535,0.6419,0.6373,0.3333,61.2,0.5936,good,40,0,100.0,24.32,23.37,46.79,High,High Risk,68.29,73.38,63.65,90.45,87.15,67.29,92.05,81.39,1,Study Skills Workshop,1
STU0250,2023,8,moderate,72.0,144,200,81.98,12.19,41.2,100.0,111,9.3,balanced,1,0,0,1,0.8548,0.6595,0.8974,0.5669,0.3333,44.93,0.6962,excellent,27,2,100.0,18.11,18.16,42.69,Medium,Medium Risk,76.89,74.51,79.0,78.17,95.78,75.43,89.07,86.37,0,None,0
STU0250,2024,9,moderate,69.7,138,198,81.86,12.05,37.9,100.0,111,9.3,balanced,1,0,0,1,0.8462,0.6667,0.8923,0.5669,0.3333,103.57,0.6962,excellent,32,2,100.0,18.33,18.17,42.79,High,High Risk,76.83,76.39,78.47,79.75,95.5,74.03,87.35,86.73,1,Study Group,0
STU0250,2025,10,moderate,73.58,142,193,83.65,11.62,41.2,100.0,111,9.3,balanced,1,0,0,1,0.8511,0.6595,0.8949,0.5669,0.3333,104.72,0.6962,excellent,23,0,87.5,17.52,18.2,38.68,Medium,Medium Risk,77.19,77.89,79.19,81.49,96.29,77.72,89.77,88.12,1,Study Skills Workshop,1
STU0251,2023,8,at-risk,29.0,58,200,34.19,14.39,6.7,85.3,97,3.7,language_oriented,0,0,6,3,0.2818,0.2106,0.3691,0.3168,0.0,32.23,0.3951,average,107,1,100.0,100.0,60.09,90.02,High,High Risk,35.4,29.54,24.59,60.57,23.96,35.92,26.05,39.89,0,None,0
STU0251,2024,9,at-risk,35.35,70,198,34.37,13.84,5.1,87.9,97,3.7,language_oriented,0,0,6,3,0.2821,0.1818,0.3692,0.3168,0.0,33.8,0.3951,average,87,1,100.0,100.0,60.38,90.1,High,High Risk,35.49,32.13,24.22,58.68,24.34,35.42,27.44,40.42,1,Tutoring,1
STU0251,2025,10,at-risk,32.12,62,193,35.31,14.15,7.2,88.2,97,3.7,language_oriented,0,0,5,4,0.2806,0.1879,0.3684,0.3168,0.0,6.57,0.3951,average,89,3,100.0,100.0,60.33,90.08,High,High Risk,37.69,30.83,25.73,60.5,22.94,38.99,27.47,41.42,0,None,0
STU0252,2023,8,good,76.0,152,200,40.16,15.5,8.0,96.5,102,2.2,science_oriented,0,0,5,3,0.5894,0.5218,0.682,0.8638,0.6667,147.73,0.6807,good,28,2,100.0,100.0,37.06,84.27,High,High Risk,52.3,31.72,28.65,33.75,40.36,42.75,60.11,26.9,0,None,0
STU0252,2024,9,good,70.2,139,198,42.65,15.38,6.3,89.1,102,2.2,science_oriented,0,0,4,4,0.5897,0.5217,0.6769,0.8638,0.6667,144.12,0.6807,good,38,2,100.0,100.0,37.14,84.29,High,High Risk,53.71,32.81,32.84,36.86,44.61,45.3,62.62,29.94,1,Tutoring,0
STU0252,2025,10,good,75.65,146,193,45.15,15.55,7.5,86.9,102,2.2,science_oriented,0,0,2,6,0.5876,0.5224,0.6791,0.8638,0.6667,86.03,0.6807,good,28,1,100.0,100.0,37.1,84.28,High,High Risk,58.33,35.37,36.97,38.2,42.67,48.26,65.63,32.11,1,Study Skills Workshop,1
STU0253,2023,8,moderate,61.5,123,200,82.96,13.3,35.9,100.0,116,13.9,language_oriented,1,1,0,1,0.6409,0.5201,0.7438,0.6205,0.3333,39.83,0.6208,average,49,4,100.0,22.0,41.92,50.38,High,High Risk,91.49,87.81,87.92,85.52,88.49,67.03,81.89,80.64,0,None,0
STU0253,2024,9,moderate,62.12,123,198,84.42,13.04,33.7,100.0,116,13.9,language_oriented,1,1,1,0,0.641,0.52,0.7385,0.6205,0.3333,65.15,0.6208,average,48,3,100.0,28.41,42.0,53.28,High,High Risk,93.1,90.78,88.3,88.86,88.47,67.74,83.62,82.54,1,Mentoring Program,1
STU0253,2025,10,moderate,52.85,102,193,85.64,12.57,34.8,100.0,116,13.9,language_oriented,1,1,1,0,0.6403,0.5206,0.7423,0.6205,0.3333,57.17,0.6208,average,55,6,100.0,27.94,41.94,53.06,High,High Risk,94.23,91.97,89.97,87.78,89.33,69.78,83.74,85.06,1,Tutoring,1
STU0254,2023,8,moderate,60.5,121,200,79.64,15.24,36.1,100.0,122,11.5,language_oriented,1,0,0,1,0.8119,0.6107,0.9073,0.5774,0.3333,57.05,0.7733,average,54,5,100.0,19.91,17.14,43.24,High,High Risk,85.26,84.6,89.7,84.7,65.51,77.9,60.46,95.56,0,None,0
STU0254,2024,9,moderate,61.11,121,198,81.55,14.49,35.9,100.0,122,11.5,language_oriented,1,0,0,1,0.8205,0.5938,0.9077,0.5774,0.3333,107.57,0.7733,average,49,3,100.0,18.97,17.3,42.86,High,High Risk,87.48,85.8,90.43,87.96,67.63,78.58,62.36,96.44,1,Parent Meeting,0
STU0254,2025,10,moderate,64.77,125,193,83.34,14.17,38.1,100.0,122,11.5,language_oriented,1,0,0,1,0.8155,0.6027,0.9051,0.5774,0.3333,40.03,0.7733,average,49,2,100.0,18.35,17.25,42.57,High,High Risk,89.88,87.21,92.84,90.59,70.87,81.29,64.33,96.9,1,Study Skills Workshop,0
STU0255,2023,8,irregular,45.5,91,200,45.84,15.26,6.2,82.9,100,10.0,balanced,1,0,3,4,0.3498,0.2675,0.3537,0.8345,0.6667,24.07,0.5671,good,74,1,100.0,100.0,26.82,81.71,High,High Risk,49.65,56.07,45.56,28.41,31.57,35.35,59.85,56.09,0,None,0
STU0255,2024,9,irregular,49.49,98,198,47.67,15.44,6.2,88.6,100,10.0,balanced,1,0,3,3,0.359,0.2857,0.3538,0.8345,0.6667,26.57,0.5671,good,56,4,100.0,100.0,26.64,81.66,High,High Risk,53.55,58.09,45.84,31.43,32.48,36.71,62.27,58.62,1,Mentoring Program,1
STU0255,2025,10,irregular,40.93,79,193,48.45,15.47,10.8,89.2,100,10.0,balanced,1,0,3,3,0.3504,0.2738,0.3526,0.8345,0.6667,58.17,0.5671,good,60,1,100.0,100.0,26.78,81.69,High,High Risk,54.03,57.97,46.7,32.29,34.8,37.86,63.0,59.68,1,Study Skills Workshop,1
STU0256,2023,8,good,72.5,145,200,82.55,14.13,34.8,100.0,102,12.4,science_oriented,1,0,1,0,0.8119,0.6528,0.918,0.8052,0.6667,112.32,0.8676,average,33,1,100.0,25.74,10.58,44.23,Medium,Medium Risk,79.96,72.91,59.16,86.86,92.69,95.04,85.65,81.26,0,None,0
STU0256,2024,9,good,76.77,152,198,84.71,13.43,23.3,100.0,102,12.4,science_oriented,1,0,1,0,0.8205,0.6562,0.9231,0.8052,0.6667,149.32,0.8676,average,32,0,100.0,24.7,10.47,43.74,Medium,Medium Risk,82.3,77.31,62.03,90.5,93.02,95.89,88.77,83.13,1,Academic Advising,0
STU0256,2025,10,good,75.13,145,193,85.75,12.75,35.9,100.0,102,12.4,science_oriented,1,0,0,1,0.8155,0.6559,0.9209,0.8052,0.6667,76.73,0.8676,average,33,2,100.0,17.39,10.51,40.45,Medium,Medium Risk,84.86,77.49,64.76,90.29,93.25,96.22,88.8,86.57,1,Academic Advising,1
STU0257,2023,8,good,76.0,152,200,75.02,16.59,23.8,100.0,85,17.5,science_oriented,1,0,1,1,0.8455,0.7064,0.9335,0.8,0.6667,73.23,0.7435,average,34,3,100.0,36.08,11.78,49.18,Medium,Medium Risk,94.94,68.5,82.92,61.6,76.29,81.5,86.33,49.86,0,None,0
STU0257,2024,9,good,73.23,145,198,77.24,16.32,29.6,100.0,85,17.5,science_oriented,1,0,1,0,0.8462,0.697,0.9385,0.8,0.6667,138.6,0.7435,average,33,1,100.0,27.18,11.8,45.18,Medium,Medium Risk,94.7,71.33,82.76,66.93,80.47,83.92,90.28,52.18,1,Academic Advising,0
STU0257,2025,10,good,82.38,159,193,79.21,15.79,27.3,100.0,85,17.5,science_oriented,1,0,1,0,0.8419,0.698,0.9368,0.8,0.6667,160.23,0.7435,average,25,5,87.33,26.48,11.82,41.07,Medium,Medium Risk,96.0,72.61,86.97,68.95,84.47,84.34,89.38,55.26,1,Parent Meeting,0
STU0258,2023,8,good,78.5,157,200,96.37,5.02,63.6,100.0,112,19.0,science_oriented,1,0,0,0,0.8119,0.7365,0.882,0.8026,0.6667,75.2,0.95,good,26,1,93.05,5.22,9.1,32.54,Medium,Medium Risk,97.47,97.02,98.09,97.82,97.67,97.73,96.57,88.41,0,None,0
STU0258,2024,9,good,78.79,156,198,96.7,4.51,62.8,100.0,112,19.0,science_oriented,1,0,0,0,0.8205,0.75,0.8769,0.8026,0.6667,100.22,0.95,good,26,4,92.85,4.91,9.04,32.33,Medium,Medium Risk,97.45,97.32,97.85,97.47,97.46,97.76,96.67,91.74,1,Academic Advising,1
STU0258,2025,10,good,80.31,155,193,96.98,3.73,68.0,100.0,112,19.0,science_oriented,1,0,0,0,0.8155,0.7414,0.8791,0.8026,0.6667,164.2,0.95,good,25,5,88.78,4.9,9.1,31.11,Medium,Medium Risk,97.9,97.29,97.88,97.83,97.58,97.72,97.54,92.77,1,Study Group,0
STU0259,2023,8,good,84.0,168,200,74.88,13.41,30.6,100.0,92,13.1,language_oriented,0,0,1,0,0.6924,0.5186,0.7537,0.7858,0.6667,111.93,0.5913,average,19,4,68.2,31.2,18.92,39.23,Medium,Medium Risk,81.96,86.73,68.03,69.06,75.13,71.03,62.0,89.2,0,None,0
STU0259,2024,9,good,82.83,164,198,75.45,13.72,28.0,100.0,92,13.1,language_oriented,0,0,1,0,0.6923,0.5185,0.7538,0.7858,0.6667,178.97,0.5913,average,23,0,81.02,30.97,18.92,42.97,Medium,Medium Risk,82.77,87.56,70.24,71.03,74.75,70.47,60.9,89.73,1,Study Group,0
STU0259,2025,10,good,83.42,161,193,76.73,13.78,32.1,100.0,92,13.1,language_oriented,0,0,1,0,0.693,0.519,0.7526,0.7858,0.6667,143.43,0.5913,average,21,1,74.61,30.45,18.94,40.82,Medium,Medium Risk,84.34,89.03,71.46,71.85,79.49,69.51,62.35,89.99,0,None,0
STU0260,2023,8,good,74.5,149,200,81.52,14.62,31.1,100.0,100,15.4,balanced,0,0,1,0,0.7261,0.6473,0.7691,0.8005,0.6667,164.2,0.7628,good,25,3,92.85,27.87,14.54,44.03,Medium,Medium Risk,83.95,74.5,87.78,95.57,80.15,58.74,93.35,85.46,0,None,0
STU0260,2024,9,good,77.78,154,198,84.45,13.51,36.3,100.0,100,15.4,balanced,0,0,0,1,0.7179,0.6429,0.7692,0.8005,0.6667,84.57,0.7628,good,29,0,100.0,19.86,14.58,42.58,Medium,Medium Risk,87.18,79.66,90.23,96.02,85.08,62.81,94.6,88.74,0,None,0
STU0260,2025,10,good,73.06,141,193,86.71,13.24,43.0,100.0,100,15.4,balanced,0,0,0,1,0.7194,0.6465,0.7684,0.8005,0.6667,94.37,0.7628,good,32,1,100.0,18.93,14.56,42.16,Medium,Medium Risk,90.84,82.53,93.41,97.15,86.54,65.09,95.79,90.05,0,None,0
STU0261,2023,8,moderate,69.0,138,200,49.87,12.28,8.7,87.0,94,5.1,language_oriented,0,0,1,6,0.538,0.476,0.6,0.6807,0.6667,56.38,0.6494,good,38,1,100.0,92.29,42.88,82.25,High,High Risk,48.38,55.33,45.76,67.19,55.81,42.0,46.01,44.29,0,None,0
STU0261,2024,9,moderate,65.15,129,198,50.89,12.89,16.9,97.7,94,5.1,language_oriented,0,0,1,4,0.5385,0.4762,0.6,0.6807,0.6667,66.75,0.6494,good,45,3,100.0,75.87,42.88,74.86,High,High Risk,50.57,58.52,45.81,66.83,58.59,41.74,45.98,45.37,0,None,0
STU0261,2025,10,moderate,59.59,115,193,53.28,12.71,16.8,93.7,94,5.1,language_oriented,0,0,1,4,0.5349,0.4754,0.6,0.6807,0.6667,63.82,0.6494,good,44,2,100.0,74.99,42.89,74.47,High,High Risk,53.48,59.74,48.04,70.64,60.02,44.43,47.92,48.79,1,Tutoring,1
STU0262,2023,8,excellent,84.0,168,200,95.5,5.81,47.0,100.0,118,23.9,language_oriented,1,0,0,1,0.9743,0.8414,0.9747,0.7129,0.6667,173.02,0.95,average,20,4,71.2,10.31,8.46,28.12,Medium,Medium Risk,97.6,97.79,91.53,97.75,91.08,96.35,94.85,97.71,0,None,0
STU0262,2024,9,excellent,84.85,168,198,95.71,5.59,60.5,100.0,118,23.9,language_oriented,1,0,0,0,0.9744,0.8421,0.9692,0.7129,0.6667,172.75,0.95,average,21,1,73.61,2.23,8.53,25.22,Medium,Medium Risk,98.02,97.94,93.13,97.79,89.78,96.69,94.21,97.55,0,None,0
STU0262,2025,10,excellent,82.9,160,193,95.7,5.28,69.1,100.0,118,23.9,language_oriented,1,0,0,0,0.9736,0.8376,0.9739,0.7129,0.6667,118.17,0.95,average,21,2,74.97,2.25,8.51,25.63,Medium,Medium Risk,97.74,97.81,93.03,97.58,91.35,96.39,94.26,97.65,0,None,0
STU0263,2023,8,good,84.5,169,200,91.76,9.04,56.0,100.0,118,15.4,science_oriented,1,0,0,0,0.9485,0.7202,0.9846,0.716,0.6667,129.42,0.95,average,22,4,76.85,4.33,9.46,27.37,Medium,Medium Risk,93.74,84.48,96.22,81.61,89.51,97.42,93.31,95.06,0,None,0
STU0263,2024,9,good,85.86,170,198,93.82,7.21,57.5,100.0,118,15.4,science_oriented,1,0,0,0,0.9487,0.7297,0.9846,0.716,0.6667,109.72,0.95,average,19,4,66.9,3.5,9.36,23.98,Low,Low Risk,95.01,88.82,97.25,87.75,92.64,97.82,93.74,95.93,1,Academic Advising,1
STU0263,2025,10,good,84.97,164,193,95.36,5.88,55.7,100.0,118,15.4,science_oriented,1,0,0,0,0.9473,0.7218,0.9842,0.716,0.6667,72.35,0.95,average,22,2,76.52,2.91,9.45,26.63,Medium,Medium Risk,96.96,91.57,97.82,90.16,95.69,97.74,95.18,96.86,0,None,0
STU0264,2023,8,irregular,43.0,86,200,51.32,16.33,8.0,96.3,70,14.2,language_oriented,1,0,2,1,0.5558,0.4928,0.6,0.3697,0.3333,20.72,0.6447,excellent,52,3,100.0,66.36,29.01,67.11,High,High Risk,63.35,53.31,57.9,65.94,46.67,24.97,53.54,58.58,0,None,0
STU0264,2024,9,irregular,40.4,80,198,51.88,16.46,7.6,97.2,70,14.2,language_oriented,1,0,2,1,0.5641,0.5,0.6,0.3697,0.3333,68.48,0.6447,excellent,61,1,100.0,65.97,28.94,66.92,High,High Risk,61.17,54.89,56.47,69.01,46.05,26.22,54.52,57.34,1,Tutoring,1
STU0264,2025,10,irregular,46.11,89,193,53.5,17.01,8.0,99.2,70,14.2,language_oriented,1,0,2,1,0.5613,0.5,0.6,0.3697,0.3333,38.68,0.6447,excellent,47,1,100.0,65.38,28.94,66.65,High,High Risk,66.58,55.46,60.39,68.22,45.67,28.74,55.36,60.87,1,Mentoring Program,0
STU0265,2023,8,good,74.5,149,200,96.21,5.07,67.3,100.0,135,15.4,practical,1,0,0,0,0.9063,0.7545,0.9846,0.8514,0.6667,76.38,0.95,excellent,28,0,100.0,3.39,6.41,33.13,Medium,Medium Risk,98.01,97.57,97.14,97.5,97.78,95.71,97.84,88.64,0,None,0
STU0265,2024,9,good,78.79,156,198,96.47,4.48,68.5,100.0,135,15.4,practical,1,0,0,0,0.8974,0.7429,0.9846,0.8514,0.6667,136.98,0.95,excellent,19,2,71.85,3.46,6.52,24.74,Medium,Medium Risk,97.73,97.17,97.51,97.88,97.76,94.66,97.72,92.62,0,None,0
STU0265,2025,10,good,73.58,142,193,96.66,4.2,65.0,100.0,135,15.4,practical,1,0,0,0,0.9038,0.7478,0.9842,0.8514,0.6667,122.57,0.95,excellent,30,1,100.0,3.26,6.48,33.09,Medium,Medium Risk,97.72,97.82,97.75,97.36,97.76,96.25,97.9,91.51,0,None,0
STU0266,2023,8,excellent,79.5,159,200,95.87,5.34,58.5,100.0,112,15.6,science_oriented,0,0,0,0,0.9743,0.9207,0.9846,0.7057,0.6667,74.65,0.7863,average,30,7,100.0,2.17,10.12,33.5,Medium,Medium Risk,97.28,97.87,95.48,95.56,94.15,92.29,97.8,96.95,0,None,0
STU0266,2024,9,excellent,85.86,170,198,96.69,3.94,60.4,100.0,112,15.6,science_oriented,0,0,0,0,0.9744,0.9211,0.9846,0.7057,0.6667,150.28,0.7863,average,21,4,72.9,1.84,10.11,25.22,Low,Low Risk,97.8,97.59,95.98,97.03,95.36,94.42,97.76,97.83,1,Study Group,1
STU0266,2025,10,excellent,85.49,165,193,97.21,3.06,71.8,100.0,112,15.6,science_oriented,0,0,0,0,0.9736,0.9188,0.9842,0.7057,0.6667,77.72,0.7863,average,21,2,73.16,1.64,10.14,25.22,Low,Low Risk,97.82,97.84,96.46,97.22,96.49,96.22,97.77,97.97,0,None,0
STU0267,2023,8,excellent,85.5,171,200,96.08,4.63,69.3,100.0,117,23.3,science_oriented,1,0,0,0,0.8633,0.7722,0.882,0.7538,0.6667,134.58,0.95,average,20,3,70.15,4.3,9.72,25.41,Low,Low Risk,96.46,95.2,96.25,91.57,97.37,97.64,97.92,94.89,0,None,0
STU0267,2024,9,excellent,85.35,169,198,96.2,4.76,62.9,100.0,117,23.3,science_oriented,1,0,0,0,0.8718,0.7647,0.8769,0.7538,0.6667,90.25,0.95,average,19,5,67.25,4.08,9.87,24.48,Low,Low Risk,96.0,96.39,96.2,90.78,97.83,97.74,97.61,95.84,0,None,0
STU0267,2025,10,excellent,85.49,165,193,96.63,3.95,72.1,100.0,117,23.3,science_oriented,1,0,0,0,0.8682,0.7679,0.8791,0.7538,0.6667,123.28,0.95,average,21,4,73.16,3.98,9.81,26.19,Low,Low Risk,96.71,96.25,96.38,92.6,97.94,97.8,97.71,96.39,0,None,0
STU0268,2023,8,good,76.5,153,200,84.29,13.78,36.2,100.0,106,13.5,science_oriented,1,0,0,1,0.7518,0.5908,0.7846,0.828,0.6667,134.12,0.95,good,29,2,100.0,19.25,11.51,41.54,Medium,Medium Risk,91.34,68.84,85.25,72.11,90.14,95.34,93.36,72.96,0,None,0
STU0268,2024,9,good,74.24,147,198,85.41,13.0,44.4,100.0,106,13.5,science_oriented,1,0,0,1,0.7436,0.5862,0.7846,0.828,0.6667,143.18,0.95,good,31,0,100.0,18.96,11.56,41.42,Medium,Medium Risk,91.44,72.83,85.52,74.79,92.04,95.49,94.99,73.26,0,None,0
STU0268,2025,10,good,86.53,167,193,87.08,12.37,35.7,100.0,106,13.5,science_oriented,1,0,0,1,0.7457,0.5883,0.7842,0.828,0.6667,173.32,0.95,good,17,1,60.43,18.25,11.54,29.23,Low,Low Risk,92.22,75.51,88.06,75.71,94.04,94.91,96.06,75.19,0,None,0
STU0269,2023,8,excellent,83.0,166,200,93.15,8.42,58.2,100.0,118,20.9,language_oriented,0,0,0,0,0.7518,0.5566,0.8,0.7522,0.6667,154.12,0.95,excellent,18,0,65.9,7.7,13.14,26.52,Medium,Medium Risk,97.9,97.74,96.9,96.79,92.55,87.42,83.29,97.54,0,None,0
STU0269,2024,9,excellent,89.9,178,198,93.45,8.54,45.1,100.0,118,20.9,language_oriented,0,0,0,1,0.7436,0.5517,0.8,0.7522,0.6667,110.82,0.95,excellent,10,1,37.07,15.75,13.19,21.5,Low,Low Risk,97.75,98.06,97.82,97.39,93.12,87.6,83.56,97.68,0,None,0
STU0269,2025,10,excellent,82.38,159,193,93.93,7.84,56.6,100.0,118,20.9,language_oriented,0,0,0,0,0.7457,0.553,0.8,0.7522,0.6667,96.35,0.95,excellent,15,0,57.33,7.51,13.18,23.87,Medium,Medium Risk,97.95,97.73,97.61,97.46,93.58,88.8,85.2,97.81,0,None,0
STU0270,2023,8,moderate,64.5,129,200,71.8,14.82,30.0,100.0,73,10.0,balanced,1,0,1,0,0.6409,0.5603,0.7382,0.6107,0.6667,95.57,0.798,excellent,31,2,100.0,33.46,19.14,49.84,High,High Risk,52.22,86.61,64.11,63.78,77.69,83.64,74.29,62.41,0,None,0
STU0270,2024,9,moderate,70.2,139,198,72.43,15.09,31.8,100.0,73,10.0,balanced,1,0,1,0,0.641,0.56,0.7385,0.6107,0.6667,44.27,0.798,excellent,24,0,92.86,33.21,19.14,47.59,Medium,Medium Risk,51.12,85.35,65.46,62.94,78.64,85.0,76.18,63.37,0,None,0
STU0270,2025,10,moderate,68.91,133,193,73.91,14.88,31.7,100.0,73,10.0,balanced,1,0,1,0,0.6403,0.5617,0.7368,0.6107,0.6667,76.95,0.798,excellent,33,1,100.0,32.63,19.15,49.47,High,High Risk,56.28,87.25,65.79,65.18,77.47,87.0,78.14,62.56,0,None,0
STU0271,2023,8,good,76.0,152,200,85.32,14.02,38.6,100.0,116,14.9,science_oriented,0,0,0,1,0.8713,0.6765,0.9643,0.8235,0.6667,179.22,0.8427,good,26,0,94.8,16.45,9.66,38.26,Medium,Medium Risk,94.93,66.49,95.87,71.59,93.09,90.51,78.79,93.53,0,None,0
STU0271,2024,9,good,76.26,151,198,87.29,12.74,41.8,100.0,116,14.9,science_oriented,0,0,0,1,0.8718,0.6765,0.9692,0.8235,0.6667,104.98,0.8427,good,30,4,100.0,15.65,9.59,39.44,Medium,Medium Risk,96.38,68.88,96.02,75.73,95.08,92.0,81.2,94.74,0,None,0
STU0271,2025,10,good,80.83,156,193,89.88,11.5,37.2,100.0,116,14.9,science_oriented,0,0,0,1,0.8682,0.6768,0.9684,0.8235,0.6667,179.1,0.8427,good,20,3,73.42,14.68,9.6,31.03,Medium,Medium Risk,97.3,73.41,97.11,81.04,95.47,94.7,84.48,96.73,1,Parent Meeting,0
STU0272,2023,8,moderate,66.5,133,200,74.75,18.2,22.4,100.0,113,14.8,language_oriented,0,0,1,0,0.7861,0.6623,0.8154,0.7029,0.6667,61.6,0.6113,average,48,4,100.0,29.38,17.92,47.7,High,High Risk,96.65,69.26,90.13,88.79,64.95,53.33,64.3,88.87,0,None,0
STU0272,2024,9,moderate,69.19,137,198,76.94,17.15,21.6,100.0,113,14.8,language_oriented,0,0,1,0,0.7949,0.6774,0.8154,0.7029,0.6667,89.93,0.6113,average,37,2,100.0,28.32,17.77,47.19,High,High Risk,97.2,69.4,91.77,90.17,66.85,57.01,66.87,91.02,0,None,0
STU0272,2025,10,moderate,57.51,111,193,78.06,16.64,20.4,100.0,113,14.8,language_oriented,0,0,1,0,0.7892,0.6659,0.8158,0.7029,0.6667,55.42,0.6113,average,50,0,100.0,27.99,17.88,47.07,High,High Risk,97.1,70.97,91.16,91.3,70.67,58.5,68.95,90.84,1,Parent Meeting,1
STU0273,2023,8,excellent,89.0,178,200,91.49,9.81,40.4,100.0,110,17.6,language_oriented,0,0,0,1,0.9743,0.7717,0.9846,0.7313,0.6667,134.17,0.946,average,15,5,52.7,11.92,8.7,23.35,Low,Low Risk,97.84,96.05,94.23,97.5,93.16,84.79,82.54,93.2,0,None,0
STU0273,2024,9,excellent,84.85,168,198,93.08,8.27,54.5,100.0,110,17.6,language_oriented,0,0,0,0,0.9744,0.7632,0.9846,0.7313,0.6667,142.27,0.946,average,18,5,64.61,3.28,8.78,23.05,Medium,Medium Risk,97.78,97.26,95.17,97.53,94.54,88.75,84.08,94.29,0,None,0
STU0273,2025,10,excellent,91.71,177,193,94.69,6.74,54.0,100.0,110,17.6,language_oriented,0,0,0,0,0.9736,0.7659,0.9842,0.7313,0.6667,103.03,0.946,average,12,2,41.8,2.65,8.76,15.92,Low,Low Risk,97.66,97.62,95.37,97.85,97.3,90.72,88.56,95.5,1,Parent Meeting,1
STU0274,2023,8,good,83.0,166,200,80.98,13.34,34.9,100.0,95,17.6,balanced,1,0,1,0,0.8033,0.6812,0.8253,0.7589,0.6667,78.38,0.7395,good,17,0,62.9,26.54,14.54,34.45,Medium,Medium Risk,81.36,81.87,94.96,72.18,88.6,87.9,74.46,67.09,0,None,0
STU0274,2024,9,good,75.76,150,198,82.67,12.64,45.5,100.0,95,17.6,balanced,1,0,0,1,0.7949,0.6774,0.8308,0.7589,0.6667,77.05,0.7395,good,32,1,100.0,19.03,14.49,42.19,Medium,Medium Risk,84.23,83.94,95.03,69.96,90.5,91.02,75.4,70.57,0,None,0
STU0274,2025,10,good,80.31,155,193,82.79,12.78,40.6,100.0,95,17.6,balanced,1,0,0,1,0.7984,0.6815,0.8261,0.7589,0.6667,84.08,0.7395,good,24,1,85.78,18.91,14.52,37.88,Medium,Medium Risk,84.57,83.02,94.01,73.74,91.31,90.62,77.3,68.45,0,None,0
STU0275,2023,8,good,83.0,166,200,78.21,12.59,37.2,100.0,103,10.8,balanced,1,0,0,1,0.6924,0.5424,0.7382,0.7519,0.6667,171.4,0.95,poor,31,9,100.0,22.87,14.22,43.84,Medium,Medium Risk,86.34,80.75,80.73,90.6,74.8,75.96,76.65,63.6,0,None,0
STU0275,2024,9,good,75.25,149,198,81.4,11.7,44.4,100.0,103,10.8,balanced,1,0,0,1,0.6923,0.5556,0.7385,0.7519,0.6667,109.07,0.95,poor,41,7,100.0,21.6,14.08,43.24,Medium,Medium Risk,89.49,84.89,83.98,93.59,75.73,80.54,79.84,69.16,1,Study Group,1
STU0275,2025,10,good,78.24,151,193,84.34,11.25,43.9,100.0,103,10.8,balanced,1,0,0,1,0.693,0.5437,0.7368,0.7519,0.6667,132.78,0.95,poor,36,7,100.0,20.4,14.22,42.74,Medium,Medium Risk,90.46,86.94,87.66,94.47,81.03,83.36,82.46,72.68,0,None,0
STU0276,2023,8,good,85.0,170,200,91.59,8.79,50.9,100.0,104,18.4,balanced,1,0,0,0,0.7261,0.6828,0.8253,0.8313,0.6667,170.7,0.95,average,18,4,64.5,8.84,9.92,25.81,Low,Low Risk,82.15,94.05,92.77,85.13,94.25,90.72,93.78,96.41,0,None,0
STU0276,2024,9,good,81.82,162,198,92.19,8.62,55.4,100.0,104,18.4,balanced,1,0,0,0,0.7179,0.6786,0.8308,0.8313,0.6667,103.98,0.95,average,23,5,81.73,8.77,9.88,30.93,Medium,Medium Risk,80.96,94.9,93.6,86.36,95.29,91.15,95.2,96.33,0,None,0
STU0276,2025,10,good,73.58,142,193,92.97,7.66,57.9,100.0,104,18.4,balanced,1,0,0,0,0.7194,0.6832,0.8261,0.8313,0.6667,124.08,0.95,average,33,4,100.0,8.42,9.9,36.27,Medium,Medium Risk,84.92,95.42,94.22,89.18,93.51,92.17,95.27,96.29,0,None,0
STU0277,2023,8,excellent,87.0,174,200,96.45,4.47,71.9,100.0,109,27.2,language_oriented,1,0,0,0,0.9743,0.7636,0.9846,0.6711,0.6667,162.58,0.7987,average,16,0,57.1,1.94,12.19,21.05,Low,Low Risk,97.85,97.83,96.32,97.68,97.63,94.53,93.86,97.51,0,None,0
STU0277,2024,9,excellent,90.4,179,198,96.44,4.6,68.8,100.0,109,27.2,language_oriented,1,0,0,0,0.9744,0.7632,0.9846,0.6711,0.6667,127.97,0.7987,average,15,1,51.72,1.94,12.2,19.44,Low,Low Risk,97.63,97.85,96.99,98.1,96.97,93.95,94.08,97.77,0,None,0
STU0277,2025,10,excellent,89.64,173,193,96.9,3.72,68.8,100.0,109,27.2,language_oriented,1,0,0,0,0.9736,0.7659,0.9842,0.6711,0.6667,156.82,0.7987,average,15,4,52.25,1.77,12.17,19.52,Low,Low Risk,97.74,97.98,97.64,97.63,98.0,95.15,94.6,97.86,0,None,0
STU0278,2023,8,excellent,89.0,178,200,92.12,9.31,44.2,100.0,95,16.8,language_oriented,1,0,0,1,0.9228,0.7225,0.9537,0.7004,0.6667,144.82,0.7689,good,12,1,43.7,12.7,12.93,22.06,Low,Low Risk,97.46,95.57,91.78,96.28,95.5,90.16,77.94,97.17,0,None,0
STU0278,2024,9,excellent,88.38,175,198,92.69,8.98,57.1,100.0,95,16.8,language_oriented,1,0,0,0,0.9231,0.7222,0.9538,0.7004,0.6667,160.15,0.7689,good,12,1,44.13,4.46,12.93,18.48,Low,Low Risk,97.71,96.75,91.66,97.55,96.63,90.65,78.6,97.07,0,None,0
STU0278,2025,10,excellent,89.12,172,193,93.2,8.36,52.4,100.0,95,16.8,language_oriented,1,0,0,0,0.9209,0.7239,0.9526,0.7004,0.6667,160.32,0.7689,good,12,2,43.62,4.3,12.93,18.25,Low,Low Risk,97.47,97.22,93.0,97.08,96.29,91.72,79.72,97.26,0,None,0
STU0279,2023,8,excellent,88.0,176,200,97.03,3.42,71.4,100.0,100,17.8,science_oriented,0,0,0,0,0.8291,0.711,0.8974,0.6447,0.6667,179.1,0.9056,excellent,10,2,38.4,4.61,12.95,16.83,Low,Low Risk,97.69,96.97,95.57,97.62,97.81,97.5,97.48,95.68,0,None,0
STU0279,2024,9,excellent,89.39,177,198,97.37,2.69,73.4,100.0,100,17.8,science_oriented,0,0,0,0,0.8205,0.7188,0.8923,0.6447,0.6667,146.23,0.9056,excellent,8,0,31.42,4.64,12.95,14.75,Low,Low Risk,97.19,97.19,96.31,97.9,97.68,97.62,97.82,97.04,0,None,0
STU0279,2025,10,excellent,88.08,170,193,97.34,2.7,70.1,100.0,100,17.8,science_oriented,0,0,0,0,0.8248,0.7125,0.8949,0.6447,0.6667,83.83,0.9056,excellent,12,3,44.34,4.57,12.97,18.6,Low,Low Risk,97.21,97.52,96.81,97.69,97.92,97.72,97.5,96.11,0,None,0
STU0280,2023,8,good,76.5,153,200,80.14,12.53,32.3,100.0,94,10.6,practical,0,0,1,0,0.6409,0.6004,0.6665,0.75,0.6667,129.38,0.9025,excellent,25,0,91.45,30.12,15.46,44.86,Medium,Medium Risk,92.75,82.55,96.04,83.13,66.94,77.01,74.4,75.38,0,None,0
STU0280,2024,9,good,72.73,144,198,82.3,11.8,46.3,100.0,94,10.6,practical,0,0,0,1,0.641,0.6,0.6615,0.75,0.6667,106.68,0.9025,excellent,24,0,91.09,22.26,15.54,41.23,Medium,Medium Risk,94.09,83.43,96.45,84.93,69.44,79.2,78.12,79.64,1,Academic Advising,1
STU0280,2025,10,good,73.58,142,193,84.02,11.55,44.5,100.0,94,10.6,practical,0,0,0,1,0.6403,0.6029,0.6632,0.75,0.6667,153.42,0.9025,excellent,27,2,99.5,21.59,15.49,43.43,Medium,Medium Risk,94.17,87.17,96.85,85.27,73.22,80.85,79.53,79.11,0,None,0
STU0281,2023,8,excellent,88.5,177,200,87.88,12.81,44.9,100.0,109,18.1,language_oriented,0,0,0,1,0.9485,0.8914,0.9846,0.7597,0.6667,152.17,0.95,excellent,10,0,38.05,13.88,6.87,19.38,Low,Low Risk,97.71,96.96,93.18,94.36,90.55,76.75,69.52,94.76,0,None,0
STU0281,2024,9,excellent,86.87,172,198,90.56,11.01,31.6,100.0,109,18.1,language_oriented,0,0,1,0,0.9487,0.8919,0.9846,0.7597,0.6667,83.3,0.95,excellent,12,0,45.19,19.8,6.87,24.19,Medium,Medium Risk,97.76,97.59,93.11,96.13,94.57,83.32,76.52,95.45,0,None,0
STU0281,2025,10,excellent,89.64,173,193,93.11,8.7,57.0,100.0,109,18.1,language_oriented,0,0,0,0,0.9473,0.8887,0.9842,0.7597,0.6667,110.17,0.95,excellent,10,1,37.25,3.81,6.91,14.62,Low,Low Risk,98.04,97.47,95.11,97.57,95.88,86.92,81.36,97.33,0,None,0
STU0282,2023,8,at-risk,30.0,60,200,22.88,12.09,4.7,60.7,87,3.6,language_oriented,0,0,8,2,0.2818,0.2106,0.3335,0.2807,0.3333,14.38,0.3299,good,72,3,100.0,100.0,62.33,90.58,High,High Risk,36.77,25.84,15.27,37.52,21.37,12.0,18.95,21.98,0,None,0
STU0282,2024,9,at-risk,25.76,51,198,24.91,12.68,4.3,62.9,87,3.6,language_oriented,0,0,8,2,0.2821,0.1818,0.3385,0.2807,0.3333,18.35,0.3299,good,93,2,100.0,100.0,62.54,90.64,High,High Risk,41.21,28.69,15.84,40.85,24.98,13.18,21.24,23.58,0,None,0
STU0282,2025,10,at-risk,26.42,51,193,27.73,13.09,5.1,70.3,87,3.6,language_oriented,0,0,8,2,0.2806,0.1879,0.3368,0.2807,0.3333,12.52,0.3299,good,88,1,100.0,100.0,62.51,90.63,High,High Risk,43.16,31.66,16.03,44.43,25.97,15.53,24.55,27.89,0,None,0
STU0283,2023,8,good,70.5,141,200,82.23,15.6,35.7,100.0,97,13.7,language_oriented,1,0,0,1,0.7182,0.5717,0.7691,0.8215,0.6667,80.02,0.7059,below_average,43,1,100.0,20.75,15.73,43.27,Medium,Medium Risk,92.45,77.27,68.53,97.38,83.2,62.26,87.11,95.45,0,None,0
STU0283,2024,9,good,78.79,156,198,82.09,15.64,28.7,100.0,97,13.7,language_oriented,1,0,1,0,0.7179,0.5714,0.7692,0.8215,0.6667,114.47,0.7059,below_average,29,4,100.0,27.8,15.73,46.44,Medium,Medium Risk,91.33,79.83,67.23,96.9,83.57,63.43,86.32,95.58,1,Study Group,1
STU0283,2025,10,good,69.43,134,193,84.31,14.23,36.5,100.0,97,13.7,language_oriented,1,0,0,1,0.7194,0.5733,0.7684,0.8215,0.6667,147.97,0.7059,below_average,43,5,100.0,19.89,15.72,42.88,High,High Risk,92.96,81.53,73.11,96.62,86.15,65.38,90.6,96.33,1,Study Group,1
STU0284,2023,8,moderate,65.0,130,200,57.33,14.18,16.8,96.2,115,8.4,balanced,0,1,1,1,0.5043,0.3899,0.5129,0.6491,0.6667,37.08,0.7687,good,38,3,100.0,49.98,43.89,63.47,High,High Risk,70.85,63.01,53.8,56.23,54.94,56.03,62.77,41.35,0,None,0
STU0284,2024,9,moderate,74.24,147,198,60.67,13.62,18.9,100.0,115,8.4,balanced,0,1,1,1,0.5128,0.4,0.5077,0.6491,0.6667,81.5,0.7687,good,31,6,100.0,48.48,43.87,62.78,High,High Risk,74.06,69.03,60.02,59.57,58.25,57.66,64.55,44.57,1,Study Skills Workshop,1
STU0284,2025,10,moderate,68.91,133,193,64.71,14.38,22.0,100.0,115,8.4,balanced,0,1,1,0,0.5085,0.3963,0.5107,0.6491,0.6667,88.87,0.7687,good,36,3,100.0,38.95,43.86,58.49,High,High Risk,77.43,70.81,63.2,65.59,60.5,62.28,70.76,50.05,1,Parent Meeting,0
STU0285,2023,8,excellent,83.0,166,200,97.52,2.41,72.2,100.0,120,21.0,balanced,0,0,0,0,0.9663,0.8136,0.9846,0.6683,0.6667,158.07,0.9184,excellent,19,1,68.9,1.67,9.95,23.91,Medium,Medium Risk,96.96,97.46,97.37,97.89,97.87,97.62,97.41,97.5,0,None,0
STU0285,2024,9,excellent,80.3,159,198,97.72,1.95,81.6,100.0,120,21.0,balanced,0,0,0,0,0.9744,0.8158,0.9846,0.6683,0.6667,155.55,0.9184,excellent,21,1,76.79,1.42,9.93,26.16,Medium,Medium Risk,97.9,97.89,97.52,97.75,97.75,97.61,97.52,97.91,0,None,0
STU0285,2025,10,excellent,81.35,157,193,97.75,1.91,81.3,100.0,120,21.0,balanced,0,0,0,0,0.9736,0.8105,0.9842,0.6683,0.6667,155.87,0.9184,excellent,17,1,64.06,1.43,9.99,22.36,Medium,Medium Risk,97.79,97.99,97.75,97.56,97.53,97.97,97.97,97.27,0,None,0
STU0286,2023,8,good,77.5,155,200,91.91,9.24,49.2,100.0,111,17.6,practical,0,0,0,1,0.9063,0.7357,0.9691,0.7536,0.6667,102.52,0.7716,below_average,37,6,100.0,13.11,11.46,38.76,Medium,Medium Risk,95.17,84.58,97.84,92.1,95.01,96.45,96.89,77.39,0,None,0
STU0286,2024,9,good,77.78,154,198,92.24,9.17,53.6,100.0,111,17.6,practical,0,0,0,0,0.8974,0.7429,0.9692,0.7536,0.6667,85.98,0.7716,below_average,39,5,100.0,5.15,11.39,35.17,Medium,Medium Risk,95.97,86.42,97.68,92.13,94.95,95.96,97.45,78.45,0,None,0
STU0286,2025,10,good,78.24,151,193,92.96,8.23,55.7,100.0,111,17.6,practical,0,0,0,0,0.9038,0.7377,0.9684,0.7536,0.6667,152.18,0.7716,below_average,33,6,100.0,4.74,11.45,35.0,Medium,Medium Risk,96.15,88.79,97.66,93.07,96.12,95.51,97.19,80.44,0,None,0
STU0287,2023,8,excellent,86.5,173,200,86.23,12.8,41.2,100.0,107,18.7,practical,0,0,0,1,0.7604,0.6971,0.8309,0.7101,0.6667,171.97,0.95,excellent,12,2,45.45,18.3,12.11,24.9,Low,Low Risk,83.93,67.38,95.98,95.94,92.51,80.23,88.36,89.89,0,None,0
STU0287,2024,9,excellent,83.33,165,198,87.63,12.28,42.7,100.0,107,18.7,practical,0,0,0,1,0.7692,0.7,0.8308,0.7101,0.6667,115.1,0.95,excellent,18,0,65.67,17.56,12.09,30.63,Medium,Medium Risk,82.33,68.42,96.32,96.45,95.5,80.82,92.53,91.63,0,None,0
STU0287,2025,10,excellent,79.27,153,193,88.8,11.93,42.0,100.0,107,18.7,practical,0,0,0,1,0.7628,0.7012,0.8316,0.7101,0.6667,87.67,0.95,excellent,23,2,83.51,17.22,12.06,35.82,Medium,Medium Risk,85.3,69.43,97.01,97.11,96.71,84.68,90.98,93.46,0,None,0
STU0288,2023,8,excellent,84.5,169,200,97.76,1.94,86.1,100.0,113,21.0,balanced,1,0,0,0,0.9743,0.8943,0.9846,0.6658,0.6667,151.42,0.95,good,16,1,58.85,1.41,8.72,20.47,Medium,Medium Risk,97.89,98.08,97.66,97.59,97.84,97.52,97.79,97.72,0,None,0
STU0288,2024,9,excellent,83.33,165,198,97.81,1.98,73.1,100.0,113,21.0,balanced,1,0,0,0,0.9744,0.8947,0.9846,0.6658,0.6667,80.8,0.95,good,19,1,68.67,1.39,8.72,23.4,Medium,Medium Risk,97.99,97.85,97.69,97.61,97.71,97.72,98.07,97.82,0,None,0
STU0288,2025,10,excellent,84.46,163,193,97.88,1.78,86.7,100.0,113,21.0,balanced,1,0,0,0,0.9736,0.8917,0.9842,0.6658,0.6667,82.93,0.95,good,16,0,58.88,1.38,8.75,20.47,Medium,Medium Risk,97.7,98.07,97.76,97.96,97.79,97.83,97.85,98.02,0,None,0
STU0289,2023,8,excellent,85.0,170,200,95.86,4.96,67.9,100.0,130,17.8,science_oriented,0,0,0,0,0.932,0.8258,0.9846,0.7433,0.6667,85.18,0.8869,average,19,2,67.5,3.02,8.8,23.81,Low,Low Risk,97.63,95.61,96.45,95.3,96.41,93.94,97.43,94.77,0,None,0
STU0289,2024,9,excellent,82.32,163,198,96.36,4.37,67.5,100.0,130,17.8,science_oriented,0,0,0,0,0.9231,0.8333,0.9846,0.7433,0.6667,151.8,0.8869,average,23,7,81.37,3.0,8.73,27.94,Medium,Medium Risk,97.78,96.22,97.44,96.49,96.79,94.65,97.6,94.83,0,None,0
STU0289,2025,10,excellent,90.67,175,193,96.87,4.24,61.0,100.0,130,17.8,science_oriented,0,0,0,0,0.9302,0.8301,0.9842,0.7433,0.6667,122.45,0.8869,average,11,2,39.53,2.65,8.77,15.24,Low,Low Risk,98.0,96.89,97.7,97.14,97.33,94.99,97.59,96.02,0,None,0
STU0290,2023,8,excellent,85.0,170,200,95.01,6.47,61.5,100.0,106,18.5,science_oriented,1,0,0,0,0.7861,0.7171,0.8,0.7118,0.6667,115.3,0.7307,average,22,3,76.5,6.27,15.63,29.68,Low,Low Risk,97.28,88.42,93.19,96.37,96.33,97.74,97.19,93.2,0,None,0
STU0290,2024,9,excellent,83.33,165,198,96.22,4.56,69.6,100.0,106,18.5,science_oriented,1,0,0,0,0.7949,0.7097,0.8,0.7118,0.6667,147.62,0.7307,average,20,5,71.67,5.61,15.71,27.95,Medium,Medium Risk,97.51,93.39,95.48,96.3,96.57,97.62,97.43,95.26,0,None,0
STU0290,2025,10,excellent,83.94,162,193,96.2,4.92,64.9,100.0,106,18.5,science_oriented,1,0,0,0,0.7892,0.7112,0.8,0.7118,0.6667,174.58,0.7307,average,22,3,77.24,5.74,15.69,29.68,Medium,Medium Risk,97.43,91.98,96.89,96.24,96.89,97.65,97.52,94.95,0,None,0
STU0291,2023,8,excellent,84.0,168,200,95.71,5.54,61.8,100.0,102,24.4,science_oriented,1,0,0,0,0.9485,0.7383,0.9846,0.7099,0.6667,174.73,0.8418,good,19,1,68.2,2.75,11.02,24.45,Medium,Medium Risk,86.87,96.06,97.64,97.03,97.32,96.13,95.9,96.87,0,None,0
STU0291,2024,9,excellent,85.35,169,198,96.06,5.32,65.6,100.0,102,24.4,science_oriented,1,0,0,0,0.9487,0.7297,0.9846,0.7099,0.6667,155.52,0.8418,good,15,3,55.25,2.6,11.11,20.52,Low,Low Risk,87.04,95.98,98.28,98.13,97.77,96.03,96.5,97.05,0,None,0
STU0291,2025,10,excellent,83.94,162,193,96.24,4.92,65.4,100.0,102,24.4,science_oriented,1,0,0,0,0.9473,0.7316,0.9842,0.7099,0.6667,178.47,0.8418,good,19,2,68.24,2.56,11.1,24.4,Medium,Medium Risk,88.97,96.54,97.98,97.97,97.61,96.44,96.43,97.34,0,None,0
STU0292,2023,8,good,81.5,163,200,91.01,10.14,45.6,100.0,128,15.2,balanced,0,0,0,1,0.7439,0.6779,0.8,0.751,0.6667,127.3,0.7123,good,20,2,72.95,16.72,15.52,33.29,Medium,Medium Risk,94.47,86.53,97.11,96.18,89.15,95.81,76.88,96.87,0,None,0
STU0292,2024,9,good,76.77,152,198,91.72,9.66,52.6,100.0,128,15.2,balanced,0,0,0,0,0.7436,0.6897,0.8,0.751,0.6667,170.8,0.7123,good,29,2,100.0,8.44,15.4,37.65,Medium,Medium Risk,95.62,86.17,95.34,97.15,90.73,96.84,78.24,97.45,0,None,0
STU0292,2025,10,good,77.2,149,193,93.05,8.9,53.8,100.0,128,15.2,balanced,0,0,0,0,0.7457,0.682,0.8,0.751,0.6667,160.18,0.7123,good,30,1,100.0,7.86,15.48,37.41,Medium,Medium Risk,96.73,89.81,96.83,97.76,90.77,97.0,80.35,97.52,1,Study Group,1
STU0293,2023,8,good,75.0,150,200,76.27,14.16,28.8,100.0,113,12.6,science_oriented,1,0,1,0,0.5987,0.4709,0.7026,0.7765,0.6667,160.28,0.5903,excellent,20,0,77.5,32.52,20.37,42.98,Medium,Medium Risk,77.03,69.29,79.38,58.24,77.23,88.88,89.28,64.47,0,None,0
STU0293,2024,9,good,72.22,143,198,78.9,14.23,33.7,100.0,113,12.6,science_oriented,1,0,1,0,0.5897,0.4783,0.7077,0.7765,0.6667,87.4,0.5903,excellent,24,0,91.44,31.65,20.22,46.73,Medium,Medium Risk,78.52,73.56,82.83,59.9,79.81,90.99,91.36,66.46,1,Parent Meeting,1
STU0293,2025,10,good,69.95,135,193,80.08,14.19,35.5,100.0,113,12.6,science_oriented,1,0,0,1,0.5969,0.4704,0.7051,0.7765,0.6667,115.32,0.5903,excellent,24,1,93.04,24.03,20.34,43.81,High,High Risk,81.64,74.97,81.26,61.41,80.96,92.35,93.66,66.41,0,None,0
STU0294,2023,8,moderate,64.0,128,200,78.63,15.01,20.4,100.0,103,20.7,language_oriented,0,0,1,0,0.7439,0.5865,0.8,0.6342,0.6667,89.77,0.6123,average,46,3,100.0,28.67,20.27,47.97,High,High Risk,94.72,91.41,80.67,85.55,81.82,61.83,64.69,78.5,0,None,0
STU0294,2024,9,moderate,63.64,126,198,80.0,14.8,38.4,100.0,103,20.7,language_oriented,0,0,0,1,0.7436,0.5862,0.8,0.6342,0.6667,84.05,0.6123,average,51,6,100.0,21.13,20.27,44.58,High,High Risk,94.27,93.3,81.51,87.48,84.57,63.55,67.3,81.53,1,Counseling,0
STU0294,2025,10,moderate,69.95,135,193,83.46,13.76,31.7,100.0,103,20.7,language_oriented,0,0,1,0,0.7457,0.5883,0.8,0.6342,0.6667,58.35,0.6123,average,42,2,100.0,26.7,20.25,47.08,High,High Risk,96.21,94.12,84.32,90.27,88.84,66.44,72.93,85.39,0,None,0
STU0295,2023,8,moderate,65.5,131,200,80.06,11.05,30.9,100.0,134,12.9,balanced,0,0,1,0,0.7861,0.6087,0.8511,0.7449,0.6667,70.73,0.7347,good,41,2,100.0,27.25,15.23,46.07,High,High Risk,80.08,75.19,91.06,84.66,79.2,71.88,85.24,77.59,0,None,0
STU0295,2024,9,moderate,65.15,129,198,82.16,11.32,42.9,100.0,134,12.9,balanced,0,0,0,1,0.7949,0.6129,0.8462,0.7449,0.6667,46.53,0.7347,good,47,3,100.0,19.24,15.26,42.47,High,High Risk,82.42,77.78,92.66,85.78,83.19,72.39,86.76,80.05,1,Study Skills Workshop,1
STU0295,2025,10,moderate,69.95,135,193,84.34,10.91,44.7,100.0,134,12.9,balanced,0,0,0,1,0.7892,0.611,0.8474,0.7449,0.6667,89.93,0.7347,good,37,1,100.0,18.48,15.26,42.13,High,High Risk,83.98,78.25,95.54,89.05,83.67,74.2,90.05,83.52,0,None,0
STU0296,2023,8,moderate,67.0,134,200,66.37,13.66,26.6,100.0,116,3.7,language_oriented,1,0,1,0,0.7604,0.6293,0.8618,0.5725,0.3333,44.95,0.5606,excellent,36,0,100.0,33.25,40.92,55.19,High,High Risk,67.8,67.14,75.47,64.85,73.32,51.13,61.43,75.06,0,None,0
STU0296,2024,9,moderate,67.68,134,198,68.71,13.71,27.5,100.0,116,3.7,language_oriented,1,0,1,0,0.7692,0.6333,0.8615,0.5725,0.3333,101.07,0.5606,excellent,26,1,100.0,32.13,40.88,54.68,High,High Risk,69.55,71.17,78.01,66.64,77.29,52.92,63.43,77.99,1,Tutoring,1
STU0296,2025,10,moderate,68.91,133,193,72.43,13.39,33.4,100.0,116,3.7,language_oriented,1,0,1,0,0.7628,0.6321,0.8632,0.5725,0.3333,87.78,0.5606,excellent,32,0,100.0,30.77,40.87,54.07,High,High Risk,75.85,74.82,79.89,70.03,79.04,58.08,68.47,79.62,1,Tutoring,0
STU0297,2023,8,excellent,88.5,177,200,96.81,3.83,69.6,100.0,114,25.0,language_oriented,1,0,0,0,0.7861,0.7397,0.8,0.6981,0.6667,162.6,0.8406,excellent,11,2,41.05,5.55,14.03,18.32,Low,Low Risk,97.67,97.92,96.94,98.28,96.35,94.16,97.18,97.03,0,None,0
STU0297,2024,9,excellent,85.86,170,198,97.11,3.17,73.5,100.0,114,25.0,language_oriented,1,0,0,0,0.7949,0.7419,0.8,0.6981,0.6667,122.2,0.8406,excellent,16,0,57.9,5.26,14.01,23.24,Low,Low Risk,97.91,97.66,97.0,97.67,96.86,95.5,97.29,97.63,0,None,0
STU0297,2025,10,excellent,83.42,161,193,97.22,2.78,77.4,100.0,114,25.0,language_oriented,1,0,0,0,0.7892,0.7446,0.8,0.6981,0.6667,164.93,0.8406,excellent,16,3,59.61,5.33,13.98,23.77,Medium,Medium Risk,97.75,97.83,97.33,97.59,96.74,95.94,97.48,97.42,0,None,0
STU0298,2023,8,good,81.5,163,200,57.76,18.61,6.7,100.0,84,10.5,science_oriented,1,0,2,1,0.573,0.5079,0.6408,0.7823,0.6667,116.73,0.5838,good,24,1,84.95,63.44,20.91,59.26,Medium,Medium Risk,57.74,64.44,52.66,40.58,59.12,59.65,84.21,32.6,0,None,0
STU0298,2024,9,good,79.8,158,198,57.6,18.08,7.7,100.0,84,10.5,science_oriented,1,0,2,1,0.5641,0.5,0.6462,0.7823,0.6667,158.05,0.5838,good,23,1,83.14,63.68,20.9,58.82,Medium,Medium Risk,58.63,64.95,53.1,40.34,58.26,61.54,82.27,32.91,0,None,0
STU0298,2025,10,good,77.2,149,193,57.51,18.19,9.9,100.0,84,10.5,science_oriented,1,0,2,1,0.5705,0.5079,0.6419,0.7823,0.6667,155.35,0.5838,good,30,2,100.0,63.59,20.89,63.84,High,High Risk,58.08,64.93,53.43,40.79,57.35,59.82,83.45,33.15,0,None,0
STU0299,2023,8,good,78.5,157,200,57.16,15.77,14.9,97.9,95,12.7,balanced,1,0,2,2,0.5815,0.4848,0.6717,0.8153,0.6667,128.32,0.765,good,23,1,84.05,71.5,17.3,61.72,High,High Risk,48.62,71.3,32.27,54.94,44.64,70.34,57.4,65.12,0,None,0
STU0299,2024,9,good,75.25,149,198,58.48,15.28,8.1,95.9,95,12.7,balanced,1,0,1,2,0.5897,0.4783,0.6769,0.8153,0.6667,139.12,0.765,good,31,2,100.0,55.81,17.28,59.44,Medium,Medium Risk,51.85,72.88,35.14,58.31,47.16,69.52,59.82,66.59,0,None,0
STU0299,2025,10,good,77.72,150,193,59.42,15.7,7.1,98.3,95,12.7,balanced,1,0,1,2,0.5876,0.4776,0.6735,0.8153,0.6667,161.08,0.765,good,21,3,78.6,55.48,17.34,52.88,Medium,Medium Risk,51.79,72.39,35.27,58.8,47.22,71.53,61.58,67.93,0,None,0
STU0300,2023,8,good,68.5,137,200,90.95,9.99,53.3,100.0,119,14.0,balanced,0,0,0,0,0.9228,0.8706,0.9438,0.7453,0.6667,100.32,0.704,below_average,46,5,100.0,5.16,11.67,35.24,High,High Risk,95.67,74.57,96.61,96.13,96.19,91.11,84.42,97.09,0,None,0
STU0300,2024,9,good,80.3,159,198,92.1,9.17,48.5,100.0,119,14.0,balanced,0,0,0,1,0.9231,0.8611,0.9385,0.7453,0.6667,106.97,0.704,below_average,28,6,97.79,12.7,11.84,38.01,Medium,Medium Risk,96.8,78.12,96.98,96.77,97.1,91.3,87.56,96.49,1,Counseling,0
STU0300,2025,10,good,70.47,136,193,93.17,8.28,53.6,100.0,119,14.0,balanced,0,0,0,0,0.9209,0.867,0.9423,0.7453,0.6667,161.1,0.704,below_average,46,6,100.0,4.31,11.73,34.87,Medium,Medium Risk,97.5,79.43,97.66,96.53,96.79,93.68,89.33,97.09,0,None,0
STU0301,2023,8,irregular,51.0,102,200,24.17,11.17,5.2,59.6,77,4.7,science_oriented,0,0,9,1,0.3848,0.2675,0.4154,0.4578,0.3333,69.68,0.1583,good,56,1,100.0,100.0,59.56,89.89,High,High Risk,17.47,15.04,31.45,17.6,18.02,35.33,26.87,25.5,0,None,0
STU0301,2024,9,irregular,52.02,103,198,26.16,11.8,4.8,60.9,77,4.7,science_oriented,0,0,9,1,0.3846,0.2667,0.4154,0.4578,0.3333,33.6,0.1583,good,59,2,100.0,100.0,59.57,89.89,High,High Risk,17.82,16.11,33.3,18.9,19.83,38.4,28.42,28.73,1,Study Skills Workshop,1
STU0301,2025,10,irregular,47.15,91,193,27.39,11.99,3.8,71.1,77,4.7,science_oriented,0,0,9,1,0.386,0.273,0.4158,0.4578,0.3333,64.6,0.1583,good,68,1,100.0,100.0,59.5,89.88,High,High Risk,19.95,17.06,34.78,19.2,23.4,39.84,29.78,29.43,0,None,0
STU0302,2023,8,excellent,88.0,176,200,97.77,1.97,83.5,100.0,117,28.1,language_oriented,1,0,0,0,0.8891,0.8078,0.9382,0.7415,0.6667,142.82,0.9214,good,14,0,50.4,3.11,9.2,18.82,Low,Low Risk,97.97,97.74,97.72,97.89,97.61,97.61,97.68,98.0,0,None,0
STU0302,2024,9,excellent,85.86,170,198,97.77,1.81,85.9,100.0,117,28.1,language_oriented,1,0,0,0,0.8974,0.8,0.9385,0.7415,0.6667,126.55,0.9214,good,17,1,60.9,2.94,9.27,21.91,Low,Low Risk,97.92,97.94,97.66,98.17,97.78,97.63,97.32,97.91,0,None,0
STU0302,2025,10,excellent,84.46,163,193,97.82,1.81,89.4,100.0,117,28.1,language_oriented,1,0,0,0,0.8946,0.8042,0.9368,0.7415,0.6667,109.53,0.9214,good,20,3,70.88,2.98,9.26,24.92,Medium,Medium Risk,97.9,98.15,97.69,97.96,97.57,98.0,97.67,97.61,0,None,0
STU0303,2023,8,irregular,56.0,112,200,36.55,14.09,6.1,76.9,97,2.3,science_oriented,1,0,5,4,0.3591,0.3089,0.4154,0.3213,0.3333,62.2,0.4198,average,58,4,100.0,100.0,57.96,89.49,High,High Risk,21.11,37.22,30.56,22.74,40.6,50.12,47.81,30.41,0,None,0
STU0303,2024,9,irregular,55.56,110,198,40.81,14.56,6.4,78.3,97,2.3,science_oriented,1,0,3,5,0.359,0.2857,0.4154,0.3213,0.3333,39.5,0.4198,average,64,2,100.0,100.0,58.19,89.55,High,High Risk,25.65,40.71,36.0,26.87,43.17,55.26,53.04,35.77,1,Mentoring Program,0
STU0303,2025,10,irregular,49.22,95,193,43.27,14.17,8.5,78.3,97,2.3,science_oriented,1,0,3,5,0.3597,0.293,0.4158,0.3213,0.3333,40.4,0.4198,average,61,4,100.0,100.0,58.11,89.53,High,High Risk,30.4,43.59,41.2,32.01,45.1,57.67,53.18,35.97,1,Counseling,1
STU0304,2023,8,good,79.5,159,200,76.62,15.5,28.0,100.0,104,13.0,language_oriented,0,0,1,0,0.6667,0.6158,0.7026,0.8346,0.6667,110.67,0.7449,good,20,2,74.35,31.02,15.44,40.12,Medium,Medium Risk,87.2,93.97,62.39,78.43,74.68,61.95,71.78,90.01,0,None,0
STU0304,2024,9,good,83.33,165,198,79.23,15.09,34.8,100.0,104,13.0,language_oriented,0,0,1,0,0.6667,0.6154,0.7077,0.8346,0.6667,138.83,0.7449,good,20,1,71.67,29.98,15.37,38.83,Medium,Medium Risk,90.51,95.84,67.48,80.13,73.34,66.91,71.7,92.17,1,Parent Meeting,0
STU0304,2025,10,good,77.72,150,193,81.98,14.26,34.9,100.0,104,13.0,language_oriented,0,0,1,0,0.6667,0.6186,0.7051,0.8346,0.6667,148.75,0.7449,good,28,2,99.6,28.88,15.37,46.72,Medium,Medium Risk,92.76,97.01,70.49,84.29,79.33,67.52,76.32,93.69,0,None,0
STU0305,2023,8,excellent,88.5,177,200,81.12,14.86,31.3,100.0,102,12.0,science_oriented,0,0,1,0,0.7182,0.6186,0.7382,0.6787,0.6667,88.83,0.95,good,14,3,50.05,28.19,14.92,31.43,Medium,Medium Risk,95.12,62.82,72.75,91.24,94.78,90.86,75.14,69.21,0,None,0
STU0305,2024,9,excellent,87.88,174,198,83.66,13.58,42.6,100.0,102,12.0,science_oriented,0,0,0,1,0.7179,0.6071,0.7385,0.6787,0.6667,105.6,0.95,good,15,3,53.48,20.18,15.03,28.88,Low,Low Risk,96.83,69.22,76.07,93.71,96.52,92.29,78.4,72.15,1,Academic Advising,1
STU0305,2025,10,excellent,88.6,171,193,84.5,13.79,39.2,100.0,102,12.0,science_oriented,0,0,0,1,0.7194,0.6099,0.7368,0.6787,0.6667,132.33,0.95,good,12,1,43.98,19.81,15.03,25.87,Low,Low Risk,96.72,68.44,78.6,94.01,96.34,93.79,80.54,70.5,0,None,0
STU0306,2023,8,good,82.0,164,200,97.49,2.5,72.4,100.0,108,19.8,practical,1,0,0,0,0.9743,0.7636,0.9846,0.7498,0.6667,96.23,0.95,excellent,19,0,69.6,1.52,8.35,23.65,Medium,Medium Risk,97.81,96.65,97.39,97.4,97.84,97.36,97.65,97.94,0,None,0
STU0306,2024,9,good,75.76,150,198,97.61,2.13,74.6,100.0,108,19.8,practical,1,0,0,0,0.9744,0.7632,0.9846,0.7498,0.6667,83.5,0.95,excellent,27,0,97.97,1.47,8.35,32.14,Medium,Medium Risk,97.77,97.15,97.31,97.46,97.78,97.68,98.01,97.62,0,None,0
STU0306,2025,10,good,84.46,163,193,97.66,1.91,85.9,100.0,108,19.8,practical,1,0,0,0,0.9736,0.7659,0.9842,0.7498,0.6667,112.7,0.95,excellent,17,3,61.88,1.46,8.33,21.31,Medium,Medium Risk,98.08,97.08,98.0,98.09,97.43,97.6,97.58,97.67,0,None,0
STU0307,2023,8,moderate,57.0,114,200,64.93,15.68,24.8,100.0,100,10.9,practical,0,0,1,0,0.5815,0.4848,0.6154,0.6461,0.6667,98.45,0.6113,excellent,50,0,100.0,37.4,23.83,52.79,High,High Risk,53.64,72.69,79.49,59.06,75.74,51.44,75.62,52.42,0,None,0
STU0307,2024,9,moderate,59.6,118,198,66.59,15.86,18.4,100.0,100,10.9,practical,0,0,1,0,0.5897,0.4783,0.6154,0.6461,0.6667,45.15,0.6113,excellent,34,1,100.0,36.57,23.89,52.43,High,High Risk,55.05,75.48,80.26,63.02,79.07,52.66,76.49,53.46,0,None,0
STU0307,2025,10,moderate,60.1,116,193,68.44,15.4,26.6,100.0,100,10.9,practical,0,0,1,0,0.5876,0.4776,0.6158,0.6461,0.6667,51.75,0.6113,excellent,33,4,100.0,35.87,23.89,52.12,High,High Risk,59.29,77.16,79.2,62.83,79.21,54.77,78.71,56.95,1,Study Skills Workshop,1
STU0308,2023,8,good,74.5,149,200,91.44,9.84,52.1,100.0,118,15.3,science_oriented,0,0,0,0,0.9406,0.7726,0.9691,0.7788,0.6667,138.9,0.9488,excellent,30,0,100.0,4.61,7.93,34.06,Medium,Medium Risk,94.8,78.69,97.55,84.08,89.86,95.74,96.31,93.15,0,None,0
STU0308,2024,9,good,75.76,150,198,92.29,8.43,57.5,100.0,118,15.3,science_oriented,0,0,0,0,0.9487,0.7838,0.9692,0.7788,0.6667,143.73,0.9488,excellent,27,4,97.97,4.11,7.82,33.19,Medium,Medium Risk,95.92,82.47,97.66,85.58,90.06,95.27,96.62,94.73,0,None,0
STU0308,2025,10,good,75.13,145,193,93.63,7.91,53.4,100.0,118,15.3,science_oriented,0,0,0,0,0.9473,0.7774,0.9684,0.7788,0.6667,136.82,0.9488,excellent,27,1,98.41,3.6,7.89,33.12,Medium,Medium Risk,96.47,84.68,97.98,88.32,91.99,96.16,97.22,95.86,0,None,0
STU0309,2023,8,good,80.5,161,200,87.77,13.3,26.9,100.0,107,13.3,balanced,0,0,1,0,0.7439,0.5519,0.7846,0.7345,0.6667,141.35,0.7226,average,24,3,85.65,25.01,17.18,41.25,Medium,Medium Risk,92.68,88.68,87.89,95.74,63.19,81.08,96.36,96.72,0,None,0
STU0309,2024,9,good,77.27,153,198,90.6,11.76,38.6,100.0,107,13.3,balanced,0,0,0,1,0.7436,0.5517,0.7846,0.7345,0.6667,138.45,0.7226,average,28,1,99.91,16.89,17.18,41.87,Medium,Medium Risk,94.64,91.23,92.32,97.47,68.76,86.96,97.65,97.6,1,Study Group,1
STU0309,2025,10,good,79.27,153,193,92.55,10.04,42.9,100.0,107,13.3,balanced,0,0,0,1,0.7457,0.553,0.7842,0.7345,0.6667,83.63,0.7226,average,27,5,95.51,16.07,17.18,40.18,Medium,Medium Risk,95.99,94.48,95.81,97.38,73.46,89.15,97.89,97.2,0,None,0
STU0310,2023,8,excellent,87.5,175,200,88.36,11.5,44.8,100.0,134,9.0,language_oriented,1,0,0,1,0.9485,0.7926,0.9643,0.7085,0.6667,77.17,0.95,excellent,12,1,44.75,13.69,9.19,21.88,Low,Low Risk,91.43,87.57,95.76,95.17,70.07,82.06,91.99,95.38,0,None,0
STU0310,2024,9,excellent,85.35,169,198,91.07,9.69,49.2,100.0,134,9.0,language_oriented,1,0,0,1,0.9487,0.7838,0.9692,0.7085,0.6667,179.87,0.95,excellent,13,2,49.25,12.6,9.2,22.74,Low,Low Risk,93.65,89.54,97.4,96.64,74.84,86.75,94.8,96.73,0,None,0
STU0310,2025,10,excellent,82.9,160,193,93.25,8.29,53.1,100.0,134,9.0,language_oriented,1,0,0,0,0.9473,0.7872,0.9684,0.7085,0.6667,103.15,0.95,excellent,14,1,53.97,3.75,9.18,20.17,Medium,Medium Risk,96.38,93.7,97.53,97.11,79.19,90.49,95.61,97.13,0,None,0
STU0311,2023,8,good,82.0,164,200,81.83,12.93,41.0,100.0,105,15.1,balanced,0,0,0,1,0.8713,0.784,0.9691,0.7456,0.6667,134.32,0.9183,average,23,3,81.6,17.84,8.94,34.74,Medium,Medium Risk,97.74,70.46,80.67,88.8,87.02,73.61,78.81,84.58,0,None,0
STU0311,2024,9,good,82.32,163,198,83.74,11.83,42.0,100.0,105,15.1,balanced,0,0,0,1,0.8718,0.7941,0.9692,0.7456,0.6667,82.8,0.9183,average,27,2,93.37,17.07,8.83,37.9,Medium,Medium Risk,98.1,75.23,82.53,89.7,88.27,74.5,81.64,86.07,0,None,0
STU0311,2025,10,good,74.61,144,193,85.17,11.96,36.4,100.0,105,15.1,balanced,0,0,0,1,0.8682,0.7875,0.9684,0.7456,0.6667,123.1,0.9183,average,36,1,100.0,16.57,8.91,39.68,Medium,Medium Risk,98.04,75.76,86.06,91.66,90.17,77.19,82.57,88.65,0,None,0
STU0312,2023,8,good,75.5,151,200,90.5,10.79,41.6,100.0,114,15.8,language_oriented,1,0,0,1,0.8805,0.7676,0.8871,0.8035,0.6667,163.8,0.6984,excellent,21,0,80.15,14.19,12.47,33.55,Medium,Medium Risk,98.03,97.66,96.38,97.08,71.55,84.07,88.45,94.06,0,None,0
STU0312,2024,9,good,73.74,146,198,91.15,10.25,52.9,100.0,114,15.8,language_oriented,1,0,0,0,0.8718,0.7647,0.8923,0.8035,0.6667,85.22,0.6984,excellent,27,2,99.38,6.1,12.42,35.67,Medium,Medium Risk,98.09,97.88,97.04,97.5,74.3,85.06,89.5,95.24,0,None,0
STU0312,2025,10,good,80.83,156,193,92.54,9.1,52.5,100.0,114,15.8,language_oriented,1,0,0,0,0.8775,0.7702,0.8893,0.8035,0.6667,152.87,0.6984,excellent,17,1,64.42,5.43,12.41,24.87,Medium,Medium Risk,97.6,97.77,96.37,98.14,76.84,87.31,92.44,95.66,0,None,0
STU0313,2023,8,excellent,85.5,171,200,97.29,3.12,69.0,100.0,93,18.8,science_oriented,1,0,0,0,0.9743,0.851,0.9846,0.6548,0.6667,155.73,0.95,good,15,2,55.15,1.6,9.38,19.61,Low,Low Risk,97.78,96.89,97.7,96.48,97.1,97.26,97.88,97.27,0,None,0
STU0313,2024,9,excellent,85.86,170,198,97.47,2.59,73.9,100.0,93,18.8,science_oriented,1,0,0,0,0.9744,0.8421,0.9846,0.6548,0.6667,120.12,0.95,good,14,2,51.9,1.52,9.46,18.62,Low,Low Risk,98.06,97.47,97.78,96.77,97.12,97.43,97.82,97.3,0,None,0
STU0313,2025,10,excellent,87.56,169,193,97.6,2.44,73.8,100.0,93,18.8,science_oriented,1,0,0,0,0.9736,0.8471,0.9842,0.6548,0.6667,87.48,0.95,good,12,1,44.7,1.49,9.42,16.44,Low,Low Risk,97.63,97.28,97.78,97.81,97.53,97.69,97.69,97.39,0,None,0
STU0314,2023,8,good,77.5,155,200,72.73,13.62,31.6,100.0,99,10.7,science_oriented,0,0,1,0,0.6409,0.4799,0.682,0.752,0.6667,105.47,0.7026,below_average,34,2,100.0,33.09,19.39,49.74,Medium,Medium Risk,69.86,58.65,79.91,67.86,91.45,72.16,77.55,65.2,0,None,0
STU0314,2024,9,good,77.27,153,198,75.55,13.78,36.4,100.0,99,10.7,science_oriented,0,0,0,1,0.641,0.48,0.6769,0.752,0.6667,126.12,0.7026,below_average,36,8,100.0,24.96,19.47,46.1,Medium,Medium Risk,71.73,61.66,82.83,69.86,94.12,75.59,79.73,66.66,0,None,0
STU0314,2025,10,good,79.27,153,193,77.53,13.46,32.4,100.0,99,10.7,science_oriented,0,0,1,0,0.6403,0.4794,0.6791,0.752,0.6667,172.58,0.7026,below_average,28,5,98.51,31.18,19.44,48.44,Medium,Medium Risk,74.89,66.16,84.54,71.86,94.11,77.8,79.3,71.06,0,None,0
STU0315,2023,8,good,81.0,162,200,93.86,7.02,57.8,100.0,99,19.6,science_oriented,0,0,0,0,0.7776,0.6587,0.8463,0.8035,0.6667,81.95,0.95,good,23,2,82.3,6.91,10.4,30.4,Medium,Medium Risk,96.84,87.68,94.74,91.11,93.35,94.01,97.6,95.24,0,None,0
STU0315,2024,9,good,82.32,163,198,94.7,6.1,65.1,100.0,99,19.6,science_oriented,0,0,0,0,0.7692,0.6667,0.8462,0.8035,0.6667,125.63,0.95,good,17,3,63.37,6.74,10.32,24.62,Medium,Medium Risk,96.86,90.01,95.25,92.38,94.79,95.02,97.42,95.6,1,Academic Advising,1
STU0315,2025,10,good,80.83,156,193,95.83,4.88,69.3,100.0,99,19.6,science_oriented,0,0,0,0,0.7721,0.6587,0.8474,0.8035,0.6667,119.83,0.95,good,20,2,73.42,6.23,10.38,27.42,Medium,Medium Risk,96.56,91.51,97.2,94.62,95.69,96.69,97.85,95.72,0,None,0
STU0316,2023,8,moderate,65.5,131,200,70.44,17.94,15.6,100.0,92,9.4,language_oriented,0,0,1,1,0.573,0.5079,0.6202,0.6383,0.3333,90.78,0.7759,average,52,0,100.0,43.36,21.21,54.82,High,High Risk,94.82,88.62,43.72,75.52,66.95,54.39,72.24,71.51,0,None,0
STU0316,2024,9,moderate,52.53,104,198,71.06,17.71,21.3,100.0,92,9.4,language_oriented,0,0,1,1,0.5641,0.5,0.6154,0.6383,0.3333,36.87,0.7759,average,57,3,100.0,43.29,21.37,54.82,High,High Risk,95.67,87.82,45.96,76.51,68.56,54.6,69.36,74.95,0,None,0
STU0316,2025,10,moderate,62.69,121,193,71.83,16.68,24.6,100.0,92,9.4,language_oriented,0,0,1,1,0.5705,0.5079,0.6158,0.6383,0.3333,102.9,0.7759,average,47,1,100.0,42.86,21.28,54.61,High,High Risk,95.4,87.52,47.33,75.17,69.85,58.82,71.84,73.24,1,Mentoring Program,1
STU0317,2023,8,moderate,65.0,130,200,85.62,11.98,36.1,100.0,106,13.3,balanced,1,0,0,1,0.6152,0.4581,0.6665,0.6084,0.3333,55.12,0.6903,good,36,2,100.0,21.45,22.9,45.38,High,High Risk,97.24,72.19,91.89,79.83,87.03,86.59,90.33,80.49,0,None,0
STU0317,2024,9,moderate,65.66,130,198,86.35,11.69,44.4,100.0,106,13.3,balanced,1,0,0,1,0.6154,0.4583,0.6615,0.6084,0.3333,39.6,0.6903,good,42,1,100.0,21.15,22.97,45.26,High,High Risk,97.17,71.16,91.47,82.22,89.89,88.13,90.71,82.73,0,None,0
STU0317,2025,10,moderate,54.92,106,193,89.8,10.28,52.7,100.0,106,13.3,balanced,1,0,0,0,0.614,0.4571,0.6632,0.6084,0.3333,96.08,0.6903,good,47,3,100.0,11.8,22.96,41.05,High,High Risk,97.71,77.93,94.31,87.54,91.55,90.06,93.05,87.85,1,Study Skills Workshop,1
STU0318,2023,8,good,79.5,159,200,96.79,3.7,69.5,100.0,124,15.4,balanced,1,0,0,0,0.897,0.7145,0.9846,0.8228,0.6667,177.97,0.95,below_average,30,7,100.0,3.34,7.38,33.35,Medium,Medium Risk,95.71,97.69,97.69,97.07,96.73,94.42,97.73,97.66,0,None,0
STU0318,2024,9,good,79.8,158,198,97.09,3.06,70.2,100.0,124,15.4,balanced,1,0,0,0,0.8974,0.7143,0.9846,0.8228,0.6667,88.33,0.95,below_average,33,3,100.0,3.22,7.38,33.29,Medium,Medium Risk,97.02,97.42,97.35,97.45,97.41,94.84,97.79,97.95,1,Academic Advising,1
STU0318,2025,10,good,82.9,160,193,97.56,2.23,82.0,100.0,124,15.4,balanced,1,0,0,0,0.8946,0.7158,0.9842,0.8228,0.6667,166.33,0.95,below_average,24,6,83.97,3.09,7.37,28.42,Medium,Medium Risk,97.21,97.97,97.74,97.78,97.94,96.35,97.94,97.81,0,None,0
STU0319,2023,8,moderate,67.0,134,200,62.79,14.3,18.8,99.7,103,7.7,balanced,0,0,1,1,0.6667,0.5,0.6871,0.6205,0.3333,99.42,0.8012,good,45,5,100.0,44.55,40.26,60.11,High,High Risk,78.06,73.67,49.57,64.45,56.43,68.78,51.82,61.24,0,None,0
STU0319,2024,9,moderate,58.59,116,198,64.77,13.59,17.6,99.9,103,7.7,balanced,0,0,1,0,0.6667,0.5,0.6923,0.6205,0.3333,79.8,0.8012,good,52,2,100.0,35.76,40.19,56.14,High,High Risk,77.87,74.98,54.96,66.76,58.06,70.74,52.26,65.18,0,None,0
STU0319,2025,10,moderate,63.21,122,193,66.52,13.93,25.4,100.0,103,7.7,balanced,0,0,1,0,0.6667,0.5,0.6893,0.6205,0.3333,42.35,0.8012,good,39,4,100.0,35.06,40.23,55.83,High,High Risk,79.87,77.59,56.68,68.18,59.12,74.11,54.72,63.95,1,Study Skills Workshop,1
STU0320,2023,8,good,80.5,161,200,89.61,10.87,38.6,100.0,108,15.4,balanced,1,0,0,1,0.7518,0.7155,0.8154,0.744,0.6667,147.38,0.751,poor,31,8,100.0,17.12,14.47,41.32,Medium,Medium Risk,95.82,76.01,92.3,78.51,92.71,91.93,97.41,90.86,0,None,0
STU0320,2024,9,good,76.26,151,198,90.26,10.5,50.8,100.0,108,15.4,balanced,1,0,0,0,0.7436,0.7241,0.8154,0.744,0.6667,170.52,0.751,poor,38,12,100.0,9.02,14.38,37.66,Medium,Medium Risk,95.15,76.81,93.78,82.06,93.84,92.27,96.73,91.94,0,None,0
STU0320,2025,10,good,78.76,152,193,91.94,9.07,51.5,100.0,108,15.4,balanced,1,0,0,0,0.7457,0.7173,0.8158,0.744,0.6667,75.03,0.751,poor,38,14,100.0,8.31,14.44,37.35,Medium,Medium Risk,96.46,80.91,94.77,83.13,95.7,94.5,97.2,90.89,1,Parent Meeting,1
STU0321,2023,8,good,78.5,157,200,79.58,13.56,31.2,100.0,92,17.6,balanced,0,1,1,0,0.7696,0.6776,0.7747,0.8113,0.6667,156.77,0.7277,excellent,18,0,69.05,27.77,34.46,41.83,Medium,Medium Risk,87.79,67.92,83.55,97.2,79.84,71.37,76.97,81.51,0,None,0
STU0321,2024,9,good,77.78,154,198,79.02,13.36,35.6,100.0,92,17.6,balanced,0,1,0,1,0.7692,0.6667,0.7692,0.8113,0.6667,141.32,0.7277,excellent,21,0,78.56,21.01,34.65,41.68,Medium,Medium Risk,84.57,66.41,85.11,95.87,77.89,72.14,75.09,80.13,1,Academic Advising,1
STU0321,2025,10,good,72.54,140,193,77.73,13.76,33.4,100.0,92,17.6,balanced,0,1,1,0,0.7721,0.6706,0.7739,0.8113,0.6667,152.4,0.7277,excellent,29,0,100.0,28.47,34.54,51.45,Medium,Medium Risk,84.32,65.18,83.11,95.22,77.05,71.06,74.7,79.74,1,Academic Advising,1
STU0322,2023,8,excellent,85.5,171,200,90.33,9.36,51.0,100.0,114,14.6,practical,0,0,0,0,0.8119,0.6943,0.8562,0.6488,0.6667,154.85,0.95,average,18,3,64.15,7.63,12.99,25.93,Low,Low Risk,88.35,90.13,86.93,94.56,92.1,80.2,94.58,97.25,0,None,0
STU0322,2024,9,excellent,84.85,168,198,91.07,9.23,58.6,100.0,114,14.6,practical,0,0,0,0,0.8205,0.6875,0.8615,0.6488,0.6667,119.78,0.95,average,23,1,79.61,7.16,12.98,30.35,Medium,Medium Risk,90.24,91.06,86.95,95.73,93.03,81.02,94.32,97.45,0,None,0
STU0322,2025,10,excellent,92.23,178,193,91.37,9.23,45.2,100.0,114,14.6,practical,0,0,0,1,0.8155,0.6882,0.8577,0.6488,0.6667,98.63,0.95,average,10,1,35.44,15.14,13.03,20.7,Low,Low Risk,89.22,90.83,88.38,96.21,94.71,81.43,95.21,96.86,0,None,0
STU0323,2023,8,moderate,64.0,128,200,52.91,16.86,7.9,97.1,78,6.2,practical,0,0,1,3,0.4442,0.3075,0.4618,0.6547,0.6667,95.07,0.6984,average,45,2,100.0,68.95,46.43,72.64,High,High Risk,59.76,41.82,72.97,35.94,71.29,39.3,50.69,60.38,0,None,0
STU0323,2024,9,moderate,66.16,131,198,56.45,17.27,14.5,99.8,78,6.2,practical,0,0,1,3,0.4359,0.2941,0.4615,0.6547,0.6667,41.67,0.6984,average,42,1,100.0,67.7,46.57,72.11,High,High Risk,62.22,41.59,75.78,40.23,77.04,43.11,54.18,62.04,1,Tutoring,1
STU0323,2025,10,moderate,66.84,129,193,58.48,15.9,12.2,100.0,78,6.2,practical,0,0,1,3,0.4387,0.3002,0.4632,0.6547,0.6667,54.95,0.6984,average,43,4,100.0,66.83,46.48,71.69,High,High Risk,65.18,45.8,77.47,43.68,76.86,45.66,56.15,64.41,0,None,0
STU0324,2023,8,moderate,73.5,147,200,71.03,15.4,33.7,100.0,85,15.0,language_oriented,0,0,1,0,0.7089,0.6135,0.7335,0.569,0.3333,41.9,0.9065,good,28,4,100.0,32.41,17.89,49.06,Medium,Medium Risk,88.29,59.24,60.22,71.17,61.94,83.5,59.36,84.64,0,None,0
STU0324,2024,9,moderate,68.69,136,198,72.89,15.72,30.0,100.0,85,15.0,language_oriented,0,0,1,0,0.7179,0.6071,0.7385,0.569,0.3333,76.98,0.9065,good,33,2,100.0,31.48,17.87,48.64,High,High Risk,89.52,61.19,58.77,75.32,64.36,86.79,60.29,85.29,1,Parent Meeting,0
STU0324,2025,10,moderate,74.61,144,193,75.4,15.34,28.3,100.0,85,15.0,language_oriented,0,0,1,0,0.7101,0.6048,0.7368,0.569,0.3333,104.78,0.9065,good,28,0,100.0,30.64,17.92,48.27,Medium,Medium Risk,91.76,64.18,64.12,78.75,66.65,87.83,61.96,87.27,0,None,0
STU0325,2023,8,good,72.0,144,200,77.29,14.06,28.2,100.0,101,8.3,balanced,0,0,1,0,0.6667,0.5,0.7335,0.7702,0.6667,96.43,0.6782,excellent,23,1,88.6,30.75,18.42,45.02,Medium,Medium Risk,65.46,75.85,93.86,80.29,63.67,65.64,87.58,83.28,0,None,0
STU0325,2024,9,good,75.76,150,198,79.52,13.76,41.0,100.0,101,8.3,balanced,0,0,0,1,0.6667,0.5,0.7385,0.7702,0.6667,130.58,0.6782,excellent,20,3,76.97,22.86,18.35,37.96,Medium,Medium Risk,67.85,79.8,95.47,84.05,65.55,68.62,88.61,87.25,1,Study Group,1
STU0325,2025,10,good,79.79,154,193,80.82,13.98,38.3,100.0,101,8.3,balanced,0,0,0,1,0.6667,0.5,0.7368,0.7702,0.6667,91.82,0.6782,excellent,19,0,71.15,22.34,18.37,35.99,Medium,Medium Risk,70.22,80.52,95.79,84.62,67.5,69.96,90.22,89.25,0,None,0
STU0326,2023,8,at-risk,38.5,77,200,32.82,14.94,4.7,87.6,95,5.0,balanced,1,0,6,3,0.2818,0.2409,0.3489,0.3462,0.3333,11.33,0.5399,good,75,3,100.0,100.0,57.33,89.33,High,High Risk,24.6,15.38,39.9,42.14,25.01,36.71,24.83,53.95,0,None,0
STU0326,2024,9,at-risk,43.94,87,198,35.79,15.44,6.5,84.8,95,5.0,balanced,1,0,5,4,0.2821,0.2727,0.3538,0.3462,0.3333,27.77,0.5399,good,59,3,100.0,100.0,56.94,89.24,High,High Risk,29.12,19.99,42.35,46.96,27.87,38.78,26.7,58.91,1,Tutoring,1
STU0326,2025,10,at-risk,41.97,81,193,40.44,16.21,7.2,90.7,95,5.0,balanced,1,0,5,3,0.2806,0.2485,0.3526,0.3462,0.3333,34.0,0.5399,good,76,2,100.0,100.0,57.2,89.3,High,High Risk,32.43,22.84,47.1,51.83,30.67,42.98,32.82,63.62,1,Counseling,0
STU0327,2023,8,excellent,88.5,177,200,97.86,1.75,89.9,100.0,130,22.6,balanced,0,0,0,0,0.9485,0.8741,0.9846,0.7528,0.6667,87.82,0.95,average,14,3,50.05,1.89,7.19,17.66,Low,Low Risk,98.13,97.89,97.84,97.72,98.06,97.8,97.74,97.82,0,None,0
STU0327,2024,9,excellent,82.83,164,198,97.89,1.77,91.6,100.0,130,22.6,balanced,0,0,0,0,0.9487,0.8649,0.9846,0.7528,0.6667,96.55,0.95,average,21,1,75.02,1.87,7.28,25.17,Medium,Medium Risk,98.12,98.12,97.79,97.79,97.86,97.79,97.97,97.7,0,None,0
STU0327,2025,10,excellent,88.6,171,193,97.8,1.7,92.8,100.0,130,22.6,balanced,0,0,0,0,0.9473,0.8707,0.9842,0.7528,0.6667,104.42,0.95,average,13,3,46.98,1.93,7.22,16.77,Low,Low Risk,97.91,97.91,97.75,97.59,98.1,97.55,97.57,98.1,0,None,0
STU0328,2023,8,excellent,86.5,173,200,76.07,14.57,32.6,100.0,112,14.2,language_oriented,0,0,1,0,0.7439,0.6664,0.8357,0.7027,0.6667,163.43,0.6519,average,16,4,57.45,29.69,16.97,34.84,Medium,Medium Risk,79.14,83.63,68.05,94.93,87.61,67.39,62.23,72.65,0,None,0
STU0328,2024,9,excellent,89.9,178,198,77.67,14.42,35.6,100.0,112,14.2,language_oriented,0,0,0,1,0.7436,0.6552,0.8308,0.7027,0.6667,82.68,0.6519,average,14,3,49.07,22.06,17.15,28.94,Low,Low Risk,81.37,85.96,68.58,95.34,90.6,70.35,63.41,74.13,0,None,0
STU0328,2025,10,excellent,87.56,169,193,80.0,13.66,40.1,100.0,112,14.2,language_oriented,0,0,0,1,0.7457,0.659,0.8316,0.7027,0.6667,101.1,0.6519,average,17,2,59.7,21.09,17.1,31.68,Low,Low Risk,83.34,86.35,71.58,96.5,92.61,72.8,68.4,75.69,0,None,0
STU0329,2023,8,irregular,48.0,96,200,46.97,14.84,10.4,89.1,90,7.0,balanced,1,0,3,4,0.47,0.4002,0.5382,0.8636,0.6667,46.28,0.4833,average,63,3,100.0,100.0,43.4,85.85,High,High Risk,56.5,44.31,67.53,48.72,47.17,33.11,34.63,55.14,0,None,0
STU0329,2024,9,irregular,52.53,104,198,49.02,14.56,9.2,92.4,90,7.0,balanced,1,0,1,5,0.4615,0.3889,0.5385,0.8636,0.6667,21.57,0.4833,average,64,3,100.0,86.16,43.51,79.65,High,High Risk,56.16,47.58,67.12,51.41,49.82,35.81,36.12,59.33,1,Study Skills Workshop,0
STU0329,2025,10,irregular,52.85,102,193,50.55,14.75,14.5,100.0,90,7.0,balanced,1,0,2,2,0.4651,0.3965,0.5368,0.8636,0.6667,49.07,0.4833,average,63,4,100.0,76.48,43.46,75.28,High,High Risk,60.49,47.8,69.92,51.83,51.53,34.93,38.81,59.24,1,Tutoring,1
STU0330,2023,8,moderate,58.5,117,200,71.47,17.86,20.8,100.0,102,10.4,language_oriented,1,0,1,1,0.6667,0.5891,0.6772,0.6344,0.6667,101.0,0.6068,good,47,4,100.0,41.08,22.16,54.03,High,High Risk,95.06,76.58,73.48,91.55,49.82,62.73,76.31,54.66,0,None,0
STU0330,2024,9,moderate,67.17,133,198,73.69,17.03,24.5,100.0,102,10.4,language_oriented,1,0,1,0,0.6667,0.5769,0.6769,0.6344,0.6667,75.13,0.6068,good,33,1,100.0,32.19,22.29,50.06,High,High Risk,95.24,81.41,76.09,92.15,53.43,65.03,77.53,57.56,0,None,0
STU0330,2025,10,moderate,66.32,128,193,75.24,16.23,27.0,100.0,102,10.4,language_oriented,1,0,1,0,0.6667,0.5791,0.6791,0.6344,0.6667,65.63,0.6068,good,34,4,100.0,31.57,22.23,49.77,High,High Risk,95.71,81.8,74.6,92.39,55.91,67.2,80.28,61.51,1,Counseling,0
STU0331,2023,8,good,75.0,150,200,60.91,13.6,10.3,97.8,73,13.8,science_oriented,0,0,1,1,0.5815,0.4406,0.6099,0.7523,0.6667,162.05,0.8073,good,26,1,95.5,47.01,19.29,54.63,Medium,Medium Risk,67.91,52.08,72.84,44.9,70.37,58.96,63.04,58.78,0,None,0
STU0331,2024,9,good,80.3,159,198,61.75,13.73,21.6,100.0,73,13.8,science_oriented,0,0,1,1,0.5897,0.4348,0.6154,0.7523,0.6667,150.87,0.8073,good,24,0,85.79,46.51,19.27,51.48,Medium,Medium Risk,68.68,52.33,74.44,46.18,71.24,60.34,64.65,57.79,0,None,0
STU0331,2025,10,good,77.72,150,193,63.0,14.54,14.3,100.0,73,13.8,science_oriented,0,0,1,1,0.5876,0.4327,0.6103,0.7523,0.6667,131.57,0.8073,good,22,2,81.6,46.05,19.36,50.04,Medium,Medium Risk,72.0,52.97,75.3,45.4,73.13,61.27,67.41,59.66,0,None,0
STU0332,2023,8,excellent,87.5,175,200,96.95,3.26,72.4,100.0,107,21.0,science_oriented,1,0,0,0,0.9743,0.7981,0.9846,0.6666,0.6667,128.83,0.95,excellent,14,0,50.75,1.73,9.67,18.42,Low,Low Risk,97.49,97.0,97.42,97.52,97.71,97.56,97.47,93.69,0,None,0
STU0332,2024,9,excellent,87.88,174,198,97.28,3.25,71.2,100.0,107,21.0,science_oriented,1,0,0,0,0.9744,0.7895,0.9846,0.6666,0.6667,158.15,0.95,excellent,13,0,47.48,1.6,9.75,17.4,Low,Low Risk,97.87,97.5,98.12,98.09,97.99,97.62,97.93,93.54,0,None,0
STU0332,2025,10,excellent,90.16,174,193,97.29,3.07,57.0,100.0,107,21.0,science_oriented,1,0,0,0,0.9736,0.793,0.9842,0.6666,0.6667,72.15,0.95,excellent,10,2,36.89,1.61,9.73,14.22,Low,Low Risk,97.43,97.38,97.43,97.47,97.81,97.8,97.95,95.01,0,None,0
STU0333,2023,8,moderate,65.0,130,200,55.25,17.88,10.6,100.0,113,6.0,language_oriented,0,0,2,3,0.6152,0.5128,0.6974,0.5874,0.3333,93.05,0.7385,excellent,39,2,100.0,79.6,41.58,76.22,High,High Risk,80.66,59.81,49.96,48.19,48.66,31.8,61.72,71.33,0,None,0
STU0333,2024,9,moderate,69.7,138,198,57.82,18.16,9.4,100.0,113,6.0,language_oriented,0,0,2,1,0.6154,0.5,0.6923,0.5874,0.3333,64.42,0.7385,excellent,29,2,100.0,62.57,41.79,68.6,High,High Risk,84.99,60.16,53.89,50.75,49.3,33.31,64.63,72.99,1,Parent Meeting,1
STU0333,2025,10,moderate,69.43,134,193,60.88,18.33,10.4,100.0,113,6.0,language_oriented,0,0,1,1,0.614,0.5,0.6949,0.5874,0.3333,84.48,0.7385,excellent,31,1,100.0,46.37,41.75,61.3,High,High Risk,87.33,65.28,56.93,52.34,53.9,36.29,66.57,76.52,1,Parent Meeting,1
STU0334,2023,8,good,73.0,146,200,60.1,19.3,10.1,100.0,107,15.9,balanced,0,1,1,2,0.5815,0.5291,0.6511,0.7966,0.6667,97.15,0.8,average,38,2,100.0,55.33,37.01,64.15,High,High Risk,71.45,54.21,70.71,72.11,60.61,37.74,82.7,41.97,0,None,0
STU0334,2024,9,good,77.78,154,198,64.35,18.66,10.8,100.0,107,15.9,balanced,0,1,1,2,0.5897,0.5217,0.6462,0.7966,0.6667,88.37,0.8,average,27,2,96.56,53.46,37.16,62.32,High,High Risk,76.92,56.11,70.81,77.39,66.54,41.8,85.01,46.01,0,None,0
STU0334,2025,10,good,73.06,141,193,68.72,19.57,18.6,100.0,107,15.9,balanced,0,1,1,1,0.5876,0.5224,0.6474,0.7966,0.6667,150.83,0.8,average,37,1,100.0,43.76,37.13,58.98,Medium,Medium Risk,83.46,60.92,77.14,82.22,72.5,42.9,89.24,51.71,1,Study Skills Workshop,1
STU0335,2023,8,good,75.5,151,200,87.64,10.82,46.4,100.0,118,14.5,balanced,0,0,0,1,0.7089,0.6135,0.7129,0.8289,0.6667,116.7,0.7676,average,32,0,100.0,18.77,15.08,42.21,Medium,Medium Risk,96.71,73.93,82.46,91.19,91.19,89.08,88.44,88.74,0,None,0
STU0335,2024,9,good,69.19,137,198,87.83,10.66,45.4,100.0,118,14.5,balanced,0,0,0,1,0.7179,0.6071,0.7077,0.8289,0.6667,153.35,0.7676,average,46,1,100.0,18.51,15.22,42.14,High,High Risk,96.45,75.36,83.59,90.77,91.85,87.45,89.46,89.02,1,Study Group,1
STU0335,2025,10,good,75.13,145,193,87.75,10.6,43.1,100.0,118,14.5,balanced,0,0,0,1,0.7101,0.6048,0.7107,0.8289,0.6667,154.37,0.7676,average,32,3,100.0,18.7,15.2,42.21,Medium,Medium Risk,96.61,74.0,81.63,90.72,91.2,89.54,88.84,91.04,1,Mentoring Program,1
STU0336,2023,8,irregular,57.5,115,200,36.74,15.39,4.7,76.7,90,2.7,science_oriented,1,0,5,3,0.3591,0.2867,0.4309,0.8968,0.6667,63.52,0.2794,excellent,36,8,100.0,100.0,48.54,87.14,High,High Risk,51.33,22.42,19.88,22.0,47.24,50.84,40.35,34.84,0,None,0
STU0336,2024,9,irregular,56.06,111,198,38.06,15.64,6.3,85.9,90,2.7,science_oriented,1,0,4,4,0.359,0.2857,0.4308,0.8968,0.6667,41.6,0.2794,excellent,44,1,100.0,100.0,48.56,87.14,High,High Risk,53.27,21.96,20.87,25.01,48.71,50.8,43.4,36.73,0,None,0
STU0336,2025,10,irregular,55.44,107,193,39.38,15.69,6.0,85.4,90,2.7,science_oriented,1,0,4,4,0.3597,0.293,0.4316,0.8968,0.6667,64.87,0.2794,excellent,46,0,100.0,100.0,48.47,87.12,High,High Risk,55.58,24.02,22.85,25.18,49.93,52.41,44.74,36.93,0,None,0
STU0337,2023,8,excellent,92.0,184,200,91.37,8.76,50.2,100.0,107,18.0,balanced,1,0,0,0,0.9485,0.7843,0.9846,0.7266,0.6667,115.48,0.95,below_average,13,6,44.6,4.48,8.61,17.55,Low,Low Risk,97.27,91.3,96.67,93.4,89.9,89.35,87.89,89.16,0,None,0
STU0337,2024,9,excellent,88.38,175,198,91.66,8.63,54.7,100.0,107,18.0,balanced,1,0,0,0,0.9487,0.7838,0.9846,0.7266,0.6667,140.42,0.95,below_average,18,8,62.13,4.36,8.61,22.75,Low,Low Risk,97.24,91.46,97.11,92.97,90.93,89.72,87.61,89.8,0,None,0
STU0337,2025,10,excellent,93.26,180,193,93.01,7.9,58.4,100.0,107,18.0,balanced,1,0,0,0,0.9473,0.7872,0.9842,0.7266,0.6667,90.75,0.95,below_average,11,3,37.72,3.85,8.58,15.19,Low,Low Risk,97.21,93.38,97.65,92.9,91.84,93.25,89.93,90.66,0,None,0
STU0338,2023,8,excellent,83.5,167,200,96.64,4.02,70.0,100.0,126,18.6,language_oriented,0,0,0,0,0.9743,0.7371,0.9846,0.7313,0.6667,88.8,0.8388,good,21,5,74.55,1.86,10.65,25.86,Medium,Medium Risk,97.62,97.84,97.5,97.89,94.4,97.83,94.05,96.65,0,None,0
STU0338,2024,9,excellent,83.33,165,198,96.77,3.86,70.0,100.0,126,18.6,language_oriented,0,0,0,0,0.9744,0.7368,0.9846,0.7313,0.6667,175.85,0.8388,good,18,2,65.67,1.8,10.65,23.18,Medium,Medium Risk,98.1,97.83,96.62,97.81,95.14,97.58,94.66,96.88,1,Parent Meeting,1
STU0338,2025,10,excellent,79.79,154,193,97.2,3.1,70.9,100.0,126,18.6,language_oriented,0,0,0,0,0.9736,0.7388,0.9842,0.7313,0.6667,113.27,0.8388,good,25,1,89.15,1.65,10.64,30.15,Medium,Medium Risk,97.97,97.99,97.6,97.78,95.9,97.5,95.76,97.46,1,Parent Meeting,1
STU0339,2023,8,good,73.0,146,200,88.8,11.6,38.3,100.0,129,9.0,language_oriented,1,0,0,1,0.7776,0.6918,0.8665,0.6958,0.6667,130.5,0.7193,average,40,4,100.0,16.93,15.38,41.46,Medium,Medium Risk,97.64,96.89,68.76,97.63,87.28,80.6,91.52,92.44,0,None,0
STU0339,2024,9,good,69.7,138,198,89.23,11.77,38.8,100.0,129,9.0,language_oriented,1,0,0,1,0.7692,0.7,0.8615,0.6958,0.6667,131.12,0.7193,average,36,7,100.0,16.92,15.37,41.46,High,High Risk,97.25,97.56,68.4,97.55,87.21,81.54,92.22,93.92,0,None,0
STU0339,2025,10,good,74.09,143,193,90.68,10.28,43.0,100.0,129,9.0,language_oriented,1,0,0,1,0.7721,0.6929,0.8632,0.6958,0.6667,102.8,0.7193,average,33,3,100.0,16.29,15.42,41.18,Medium,Medium Risk,97.68,96.51,72.5,97.58,90.56,85.8,92.78,94.3,0,None,0
STU0340,2023,8,excellent,87.0,174,200,82.38,13.35,32.4,100.0,98,14.5,balanced,1,0,1,0,0.9063,0.7545,0.9691,0.7208,0.6667,138.57,0.7956,excellent,13,1,48.1,23.92,11.57,28.09,Medium,Medium Risk,90.19,94.13,64.41,78.47,89.21,77.74,74.72,92.33,0,None,0
STU0340,2024,9,excellent,85.35,169,198,84.4,12.78,43.0,100.0,98,14.5,balanced,1,0,0,1,0.8974,0.7429,0.9692,0.7208,0.6667,172.28,0.7956,excellent,12,1,46.25,16.29,11.68,24.13,Low,Low Risk,91.18,94.79,68.27,79.94,88.81,80.78,77.78,94.62,0,None,0
STU0340,2025,10,excellent,82.38,159,193,86.08,12.81,46.4,100.0,98,14.5,balanced,1,0,0,1,0.9038,0.7478,0.9684,0.7208,0.6667,135.92,0.7956,excellent,14,0,54.33,15.49,11.65,26.18,Medium,Medium Risk,92.26,96.24,67.56,82.29,92.58,82.75,80.24,95.97,0,None,0
STU0341,2023,8,moderate,62.0,124,200,82.33,13.62,40.4,100.0,128,8.1,language_oriented,0,0,0,1,0.8376,0.6635,0.9026,0.5487,0.3333,104.58,0.6978,good,46,3,100.0,18.32,18.39,42.84,High,High Risk,97.21,91.09,79.96,87.19,72.92,76.72,66.7,91.56,0,None,0
STU0341,2024,9,moderate,64.65,128,198,84.9,12.72,44.1,100.0,128,8.1,language_oriented,0,0,0,1,0.8462,0.6667,0.9077,0.5487,0.3333,38.75,0.6978,good,44,2,100.0,17.12,18.28,42.27,High,High Risk,97.73,93.64,82.67,89.71,76.18,80.16,70.49,94.04,1,Tutoring,0
STU0341,2025,10,moderate,69.95,135,193,86.31,12.3,45.4,100.0,128,8.1,language_oriented,0,0,0,1,0.8419,0.6667,0.9051,0.5487,0.3333,86.22,0.6978,good,31,7,100.0,16.64,18.31,42.07,High,High Risk,97.79,94.07,84.17,93.56,79.26,82.79,73.14,94.95,1,Parent Meeting,0
STU0342,2023,8,irregular,53.0,106,200,49.75,12.34,14.4,91.7,98,10.0,language_oriented,1,0,1,6,0.53,0.3862,0.6253,0.4562,0.3333,65.47,0.5619,good,47,1,100.0,92.5,29.21,78.93,High,High Risk,54.48,65.38,47.38,43.7,46.95,42.2,45.59,53.1,0,None,0
STU0342,2024,9,irregular,49.49,98,198,51.64,12.74,12.1,95.6,98,10.0,language_oriented,1,0,1,5,0.5385,0.381,0.6308,0.4562,0.3333,23.77,0.5619,good,60,3,100.0,83.57,29.18,74.9,High,High Risk,57.87,67.24,49.97,45.45,48.94,42.67,47.1,57.02,1,Tutoring,0
STU0342,2025,10,irregular,45.6,88,193,53.29,12.82,20.6,96.7,98,10.0,language_oriented,1,0,1,3,0.5349,0.3768,0.6261,0.4562,0.3333,20.78,0.5619,good,72,2,100.0,66.98,29.29,67.47,High,High Risk,61.56,69.16,51.35,47.86,51.82,44.79,48.36,57.58,1,Mentoring Program,1
STU0343,2023,8,good,82.0,164,200,91.5,9.85,53.5,100.0,88,20.7,science_oriented,1,0,0,0,0.7604,0.5954,0.7846,0.7836,0.6667,161.85,0.7979,poor,32,5,100.0,8.19,14.64,37.35,Medium,Medium Risk,96.02,91.4,93.11,73.99,96.14,94.57,97.63,85.15,0,None,0
STU0343,2024,9,good,82.83,164,198,92.09,9.45,50.8,100.0,88,20.7,science_oriented,1,0,0,0,0.7692,0.6,0.7846,0.7836,0.6667,178.13,0.7979,poor,31,6,100.0,7.78,14.59,37.15,Medium,Medium Risk,97.27,93.07,94.9,75.45,96.29,94.64,97.73,85.15,1,Study Group,0
STU0343,2025,10,good,77.2,149,193,92.77,8.58,52.8,100.0,88,20.7,science_oriented,1,0,0,0,0.7628,0.5975,0.7842,0.7836,0.6667,154.9,0.7979,poor,41,13,100.0,7.64,14.62,37.09,Medium,Medium Risk,97.14,94.3,95.04,77.71,96.12,94.85,97.48,87.31,1,Study Group,0
STU0344,2023,8,moderate,66.5,133,200,26.49,12.82,5.3,68.2,84,5.3,science_oriented,0,1,8,2,0.4957,0.4128,0.5846,0.6779,0.6667,96.15,0.3649,below_average,51,6,100.0,100.0,68.07,92.02,High,High Risk,33.05,20.23,17.96,25.98,35.17,38.37,25.81,13.87,0,None,0
STU0344,2024,9,moderate,69.19,137,198,29.08,12.99,5.6,83.0,84,5.3,science_oriented,0,1,7,3,0.4872,0.4211,0.5846,0.6779,0.6667,95.15,0.3649,below_average,44,6,100.0,100.0,67.99,92.0,High,High Risk,36.67,22.65,20.22,29.33,38.0,40.1,28.86,16.59,1,Tutoring,1
STU0344,2025,10,moderate,65.28,126,193,31.85,13.81,6.8,69.4,84,5.3,science_oriented,0,1,7,3,0.4915,0.4103,0.5842,0.6779,0.6667,83.08,0.3649,below_average,47,5,100.0,100.0,68.1,92.03,High,High Risk,40.31,23.87,22.6,30.86,42.08,43.22,33.01,15.96,1,Counseling,0
STU0345,2023,8,excellent,82.5,165,200,92.04,8.38,57.4,100.0,87,20.1,language_oriented,0,0,0,0,0.8376,0.7038,0.8974,0.7732,0.6667,91.87,0.8611,good,23,1,81.25,6.43,11.12,30.05,Medium,Medium Risk,91.58,97.83,93.49,96.56,93.05,91.46,90.99,82.73,0,None,0
STU0345,2024,9,excellent,84.85,168,198,91.87,8.31,60.9,100.0,87,20.1,language_oriented,0,0,0,0,0.8462,0.697,0.8923,0.7732,0.6667,113.57,0.8611,good,19,0,67.61,6.33,11.26,25.95,Medium,Medium Risk,91.6,97.91,91.46,96.69,93.15,92.44,90.51,82.32,0,None,0
STU0345,2025,10,excellent,84.97,164,193,91.39,9.23,53.3,100.0,87,20.1,language_oriented,0,0,0,0,0.8419,0.698,0.8949,0.7732,0.6667,169.68,0.8611,good,19,5,67.52,6.61,11.22,26.03,Medium,Medium Risk,90.24,97.91,92.88,96.18,93.66,90.85,90.77,80.93,0,None,0
STU0346,2023,8,at-risk,39.5,79,200,24.33,10.53,5.8,59.8,90,4.5,balanced,1,0,10,0,0.2818,0.1828,0.318,0.3262,0.3333,26.7,0.2772,excellent,57,2,100.0,100.0,62.72,90.68,High,High Risk,31.57,25.71,12.46,24.95,26.58,22.72,21.84,30.77,0,None,0
STU0346,2024,9,at-risk,36.36,72,198,28.31,11.34,4.9,56.2,90,4.5,balanced,1,0,9,1,0.2821,0.1818,0.3231,0.3262,0.3333,16.07,0.2772,excellent,64,0,100.0,100.0,62.65,90.66,High,High Risk,37.76,29.5,15.14,28.45,32.33,25.56,26.63,32.96,1,Parent Meeting,0
STU0346,2025,10,at-risk,33.16,64,193,31.93,12.34,5.8,79.4,90,4.5,balanced,1,0,7,3,0.2806,0.1879,0.3209,0.3262,0.3333,11.1,0.2772,excellent,68,2,100.0,100.0,62.62,90.66,High,High Risk,41.93,32.66,16.05,34.45,36.03,29.58,28.96,37.41,1,Tutoring,0
STU0347,2023,8,irregular,46.0,92,200,26.98,13.38,5.2,71.1,102,1.0,science_oriented,1,0,8,2,0.367,0.2811,0.3846,0.4695,0.3333,54.38,0.2179,good,65,3,100.0,100.0,58.76,89.69,High,High Risk,39.06,26.6,16.1,17.63,31.81,26.7,39.61,16.03,0,None,0
STU0347,2024,9,irregular,51.01,101,198,29.8,14.27,5.6,68.6,102,1.0,science_oriented,1,0,8,2,0.359,0.2857,0.3846,0.4695,0.3333,21.87,0.2179,good,48,3,100.0,100.0,58.71,89.68,High,High Risk,42.63,28.9,15.73,20.86,34.37,30.52,43.65,17.82,1,Parent Meeting,1
STU0347,2025,10,irregular,47.15,91,193,31.69,14.59,5.5,73.0,102,1.0,science_oriented,1,0,7,3,0.3597,0.293,0.3842,0.4695,0.3333,45.38,0.2179,good,56,6,100.0,100.0,58.65,89.66,High,High Risk,45.71,31.21,18.02,21.04,39.52,31.41,46.29,18.86,1,Parent Meeting,1
STU0348,2023,8,moderate,63.0,126,200,88.42,11.38,49.9,100.0,75,16.6,balanced,0,0,0,1,0.8713,0.7249,0.882,0.6461,0.3333,96.33,0.6977,excellent,30,0,100.0,15.21,16.13,40.88,High,High Risk,84.66,76.46,96.0,92.09,94.42,78.53,95.86,93.04,0,None,0
STU0348,2024,9,moderate,63.13,125,198,89.38,11.24,40.1,100.0,75,16.6,balanced,0,0,0,1,0.8718,0.7353,0.8769,0.6461,0.3333,90.43,0.6977,excellent,29,2,100.0,14.81,16.1,40.69,High,High Risk,86.65,78.39,95.9,91.56,95.51,79.14,95.09,94.86,1,Mentoring Program,1
STU0348,2025,10,moderate,64.77,125,193,89.8,10.94,47.5,100.0,75,16.6,balanced,0,0,0,1,0.8682,0.7268,0.8791,0.6461,0.3333,66.3,0.6977,excellent,39,3,100.0,14.72,16.16,40.66,High,High Risk,86.38,80.95,96.93,92.44,96.32,79.54,96.26,93.57,0,None,0
STU0349,2023,8,good,79.0,158,200,83.85,13.19,41.3,100.0,111,11.4,balanced,1,0,0,1,0.7089,0.6024,0.8,0.7776,0.6667,80.23,0.688,good,27,7,95.7,20.28,16.1,41.86,Medium,Medium Risk,93.05,95.03,83.91,97.07,78.34,86.03,73.01,68.0,0,None,0
STU0349,2024,9,good,73.74,146,198,85.39,12.4,38.3,100.0,111,11.4,balanced,1,0,0,1,0.7179,0.6071,0.8,0.7776,0.6667,158.02,0.688,good,34,2,100.0,19.49,16.06,42.78,Medium,Medium Risk,94.73,95.17,85.16,96.9,82.03,87.93,75.94,70.23,1,Study Group,1
STU0349,2025,10,good,80.83,156,193,88.19,11.33,47.6,100.0,111,11.4,balanced,1,0,0,1,0.7101,0.6048,0.8,0.7776,0.6667,162.48,0.688,good,22,2,79.42,18.52,16.08,36.18,Medium,Medium Risk,95.86,96.76,90.51,97.65,84.49,91.07,78.87,74.16,1,Academic Advising,1
STU0350,2023,8,good,76.5,153,200,80.15,16.03,32.6,100.0,87,16.3,language_oriented,0,0,1,0,0.7182,0.5717,0.8,0.8023,0.6667,80.2,0.8786,excellent,27,0,97.45,28.58,13.06,45.36,Medium,Medium Risk,88.22,89.47,70.99,97.04,85.87,60.93,65.49,93.32,0,None,0
STU0350,2024,9,good,68.69,136,198,80.5,16.36,36.4,100.0,87,16.3,language_oriented,0,0,0,1,0.7179,0.5714,0.8,0.8023,0.6667,134.43,0.8786,excellent,28,1,100.0,21.44,13.06,42.91,High,High Risk,89.64,91.25,71.23,96.41,84.27,61.36,64.38,94.66,0,None,0
STU0350,2025,10,good,70.98,137,193,81.15,15.53,35.0,100.0,87,16.3,language_oriented,0,0,0,1,0.7194,0.5733,0.8,0.8023,0.6667,130.73,0.8786,excellent,31,1,100.0,21.15,13.04,42.78,Medium,Medium Risk,90.14,92.25,74.51,97.2,83.99,63.12,66.42,93.89,1,Study Skills Workshop,1
STU0351,2023,8,moderate,60.5,121,200,72.22,17.75,25.2,100.0,99,11.4,language_oriented,0,0,1,0,0.5558,0.4146,0.6309,0.6563,0.6667,101.2,0.6087,good,54,1,100.0,35.0,24.14,51.78,High,High Risk,62.31,88.2,81.85,83.87,86.57,57.21,51.03,75.23,0,None,0
STU0351,2024,9,moderate,61.11,121,198,73.22,17.0,22.9,100.0,99,11.4,language_oriented,0,0,1,0,0.5641,0.4091,0.6308,0.6563,0.6667,59.92,0.6087,good,53,3,100.0,34.43,24.19,51.54,High,High Risk,63.38,88.34,82.05,84.43,88.37,59.54,53.11,74.94,0,None,0
STU0351,2025,10,moderate,58.03,112,193,73.16,17.32,25.6,100.0,99,11.4,language_oriented,0,0,1,0,0.5613,0.4061,0.6316,0.6563,0.6667,85.97,0.6087,good,45,3,100.0,34.51,24.21,51.58,High,High Risk,66.59,88.22,81.29,86.45,88.88,58.45,53.59,74.98,1,Tutoring,1
STU0352,2023,8,good,80.0,160,200,86.87,10.62,51.9,100.0,107,12.3,balanced,1,0,0,0,0.8376,0.7038,0.9283,0.7826,0.6667,104.4,0.865,excellent,17,2,65.0,8.5,10.41,25.93,Medium,Medium Risk,88.11,92.07,84.33,93.8,86.47,83.25,87.7,80.0,0,None,0
STU0352,2024,9,good,75.25,149,198,89.39,9.51,53.4,100.0,107,12.3,balanced,1,0,0,0,0.8462,0.697,0.9231,0.7826,0.6667,100.42,0.865,excellent,27,0,98.32,7.32,10.56,35.43,Medium,Medium Risk,90.03,94.18,86.77,95.01,88.0,86.12,91.46,84.5,0,None,0
STU0352,2025,10,good,73.06,141,193,90.61,9.39,48.0,100.0,107,12.3,balanced,1,0,0,1,0.8419,0.698,0.9265,0.7826,0.6667,167.53,0.865,excellent,24,0,90.86,14.92,10.49,36.59,Medium,Medium Risk,93.06,94.61,89.86,95.24,90.06,86.97,92.55,84.24,0,None,0
STU0353,2023,8,excellent,86.5,173,200,92.47,7.92,57.5,100.0,131,13.5,balanced,1,0,0,0,0.8891,0.8173,0.9073,0.7244,0.6667,114.9,0.7659,excellent,11,0,42.45,5.23,12.24,18.15,Low,Low Risk,94.92,92.63,85.56,96.9,87.38,95.58,89.28,97.49,0,None,0
STU0353,2024,9,excellent,87.37,173,198,93.55,7.15,55.3,100.0,131,13.5,balanced,1,0,0,0,0.8974,0.8286,0.9077,0.7244,0.6667,86.77,0.7659,excellent,12,0,44.84,4.63,12.12,18.57,Low,Low Risk,96.1,92.12,87.5,97.69,89.63,95.44,92.68,97.67,0,None,0
STU0353,2025,10,excellent,85.49,165,193,94.54,6.36,62.6,100.0,131,13.5,balanced,1,0,0,0,0.8946,0.8232,0.9051,0.7244,0.6667,90.23,0.7659,excellent,12,0,46.16,4.29,12.21,18.83,Low,Low Risk,96.48,94.5,89.03,97.85,92.77,96.64,91.8,97.53,0,None,0
STU0354,2023,8,moderate,70.5,141,200,59.91,13.87,19.4,99.6,85,9.9,language_oriented,0,0,1,2,0.5472,0.3908,0.6408,0.5419,0.3333,43.32,0.6526,good,31,2,100.0,56.09,25.85,61.7,High,High Risk,69.11,65.68,62.38,70.7,62.32,47.77,45.67,65.56,0,None,0
STU0354,2024,9,moderate,64.14,127,198,61.58,14.05,14.3,100.0,85,9.9,language_oriented,0,0,1,1,0.5385,0.381,0.6462,0.5419,0.3333,62.83,0.6526,good,46,6,100.0,47.6,25.87,57.89,High,High Risk,72.03,66.55,62.75,72.2,62.25,50.83,46.71,67.16,1,Counseling,1
STU0354,2025,10,moderate,66.84,129,193,63.61,13.34,11.2,100.0,85,9.9,language_oriented,0,0,1,0,0.5442,0.3873,0.6419,0.5419,0.3333,37.55,0.6526,good,35,0,100.0,38.67,25.87,53.87,High,High Risk,72.5,69.83,64.23,75.73,65.68,52.49,50.91,68.21,0,None,0
STU0355,2023,8,good,79.5,159,200,88.84,13.67,31.9,100.0,108,14.1,language_oriented,0,0,1,0,0.6924,0.5186,0.8,0.8404,0.6667,173.05,0.7797,average,28,4,98.35,25.62,14.31,44.61,Medium,Medium Risk,97.68,94.85,93.73,96.25,96.66,64.55,86.33,94.28,0,None,0
STU0355,2024,9,good,73.74,146,198,90.05,12.85,39.2,100.0,108,14.1,language_oriented,0,0,0,1,0.6923,0.5185,0.8,0.8404,0.6667,95.22,0.7797,average,39,2,100.0,18.13,14.31,41.74,Medium,Medium Risk,97.73,95.35,94.96,96.34,97.16,65.75,88.62,95.89,1,Parent Meeting,1
STU0355,2025,10,good,79.27,153,193,90.88,12.35,38.4,100.0,108,14.1,language_oriented,0,0,0,1,0.693,0.519,0.8,0.8404,0.6667,148.7,0.7797,average,28,4,98.51,17.79,14.31,41.13,Medium,Medium Risk,97.92,94.87,96.49,97.12,97.34,67.76,89.66,96.51,1,Academic Advising,0
STU0356,2023,8,moderate,67.5,135,200,82.19,12.69,40.8,100.0,82,12.3,balanced,1,0,0,1,0.6924,0.5929,0.7129,0.6416,0.6667,42.68,0.6673,average,39,1,100.0,21.28,20.54,44.71,High,High Risk,89.16,73.67,69.0,86.02,89.89,75.13,87.84,88.97,0,None,0
STU0356,2024,9,moderate,69.19,137,198,82.32,13.02,37.7,100.0,82,12.3,balanced,1,0,0,1,0.6923,0.5926,0.7077,0.6416,0.6667,74.52,0.6673,average,40,5,100.0,21.23,20.62,44.71,High,High Risk,88.71,74.58,67.89,86.38,89.64,74.6,87.35,90.25,1,Study Skills Workshop,0
STU0356,2025,10,moderate,77.2,149,193,82.06,12.84,41.3,100.0,82,12.3,balanced,1,0,0,1,0.693,0.5951,0.7107,0.6416,0.6667,94.7,0.6673,average,26,5,93.96,21.32,20.55,42.92,Medium,Medium Risk,88.29,74.4,66.97,87.67,89.57,75.1,87.79,88.02,1,Mentoring Program,0
STU0357,2023,8,good,79.5,159,200,96.98,3.98,58.1,100.0,104,20.2,science_oriented,0,0,0,0,0.9743,0.9207,0.9846,0.824,0.6667,125.82,0.95,average,29,2,100.0,1.72,5.29,32.1,Medium,Medium Risk,97.69,97.45,97.97,97.03,97.0,96.68,97.72,94.71,0,None,0
STU0357,2024,9,good,79.29,157,198,97.53,2.57,80.7,100.0,104,20.2,science_oriented,0,0,0,0,0.9744,0.9211,0.9846,0.824,0.6667,176.07,0.95,average,29,1,100.0,1.5,5.29,32.0,Medium,Medium Risk,97.69,97.8,97.94,97.44,97.81,97.24,97.91,96.62,0,None,0
STU0357,2025,10,good,86.01,166,193,97.43,2.61,74.6,100.0,104,20.2,science_oriented,0,0,0,0,0.9736,0.9188,0.9842,0.824,0.6667,128.12,0.95,average,18,4,63.79,1.56,5.32,21.17,Low,Low Risk,97.63,97.67,97.55,97.78,97.48,96.77,97.94,96.84,0,None,0
STU0358,2023,8,excellent,86.5,173,200,96.34,4.96,66.2,100.0,108,19.8,science_oriented,0,0,0,0,0.9148,0.8413,0.9691,0.7389,0.6667,85.98,0.7372,average,19,2,66.45,3.17,11.21,24.16,Low,Low Risk,97.58,95.64,97.31,97.86,97.77,96.4,97.29,91.41,0,None,0
STU0358,2024,9,excellent,81.82,162,198,96.54,4.79,58.3,100.0,108,19.8,science_oriented,0,0,0,0,0.9231,0.8333,0.9692,0.7389,0.6667,175.43,0.7372,average,22,2,78.73,2.92,11.29,27.76,Medium,Medium Risk,97.85,96.62,97.76,97.67,97.45,97.16,97.26,91.04,0,None,0
STU0358,2025,10,excellent,84.97,164,193,96.57,4.37,68.0,100.0,108,19.8,science_oriented,0,0,0,0,0.9209,0.8384,0.9684,0.7389,0.6667,165.12,0.7372,average,18,2,64.52,2.95,11.25,23.5,Medium,Medium Risk,97.88,96.57,97.42,97.72,97.55,97.05,97.92,91.1,0,None,0
STU0359,2023,8,moderate,73.5,147,200,77.24,15.36,30.6,100.0,84,15.1,science_oriented,0,0,1,0,0.7182,0.6305,0.7283,0.6858,0.6667,94.63,0.5741,good,29,2,100.0,29.74,20.44,48.49,Medium,Medium Risk,84.8,54.69,79.11,94.88,81.28,85.67,70.27,72.61,0,None,0
STU0359,2024,9,moderate,69.7,138,198,78.43,14.78,30.5,100.0,84,15.1,science_oriented,0,0,1,0,0.7179,0.6429,0.7231,0.6858,0.6667,45.45,0.5741,good,30,2,100.0,29.27,20.4,48.27,High,High Risk,83.47,56.88,81.9,95.12,79.59,87.31,72.81,73.6,0,None,0
STU0359,2025,10,moderate,75.13,145,193,78.92,14.53,26.7,100.0,84,15.1,science_oriented,0,0,1,0,0.7194,0.6337,0.7265,0.6858,0.6667,60.87,0.5741,good,33,4,100.0,29.05,20.44,48.18,Medium,Medium Risk,83.1,58.11,80.72,95.44,82.4,87.35,71.94,74.74,1,Tutoring,0
STU0360,2023,8,moderate,62.0,124,200,86.15,11.52,45.7,100.0,118,15.9,practical,0,0,0,1,0.6924,0.6044,0.7643,0.6269,0.3333,53.67,0.9211,good,47,0,100.0,19.69,16.14,42.9,High,High Risk,86.95,75.68,96.35,80.89,94.99,79.33,88.29,89.05,0,None,0
STU0360,2024,9,moderate,60.1,119,198,89.64,9.47,53.3,100.0,118,15.9,practical,0,0,0,0,0.6923,0.5926,0.7692,0.6269,0.3333,75.77,0.9211,good,49,3,100.0,10.3,16.18,38.68,High,High Risk,89.84,81.51,96.14,86.94,95.71,85.57,91.19,91.99,1,Counseling,1
STU0360,2025,10,moderate,59.07,114,193,91.8,8.38,58.7,100.0,118,15.9,practical,0,0,0,0,0.693,0.5951,0.7684,0.6269,0.3333,42.87,0.9211,good,53,4,100.0,9.42,16.17,38.28,High,High Risk,93.18,86.37,97.4,88.06,97.02,86.94,93.14,94.49,1,Mentoring Program,1
STU0361,2023,8,excellent,88.0,176,200,92.05,8.97,53.2,100.0,117,17.0,balanced,0,0,0,0,0.9743,0.7453,0.9846,0.7187,0.6667,100.78,0.9063,average,14,3,50.4,3.7,9.81,19.24,Low,Low Risk,97.46,86.99,97.6,97.7,80.88,86.74,95.71,97.23,0,None,0
STU0361,2024,9,excellent,88.89,176,198,93.45,7.83,56.3,100.0,117,17.0,balanced,0,0,0,0,0.9744,0.7368,0.9846,0.7187,0.6667,142.43,0.9063,average,15,3,52.78,3.13,9.89,19.72,Low,Low Risk,98.0,89.11,97.71,97.64,85.38,88.22,96.33,97.85,0,None,0
STU0361,2025,10,excellent,92.23,178,193,94.32,7.1,47.4,100.0,117,17.0,balanced,0,0,0,1,0.9736,0.7388,0.9842,0.7187,0.6667,177.15,0.9063,average,10,5,35.44,10.8,9.88,17.96,Low,Low Risk,97.62,91.64,97.52,97.94,87.85,89.62,96.3,97.71,0,None,0
STU0362,2023,8,excellent,86.5,173,200,93.58,6.95,63.9,100.0,115,23.9,balanced,1,0,0,0,0.9485,0.7474,0.9846,0.6831,0.6667,117.03,0.95,below_average,21,4,72.45,3.6,9.85,25.82,Low,Low Risk,96.04,94.84,93.28,91.97,96.31,91.69,93.26,92.12,0,None,0
STU0362,2024,9,excellent,78.79,156,198,94.17,6.19,63.0,100.0,115,23.9,balanced,1,0,0,0,0.9487,0.7568,0.9846,0.6831,0.6667,158.48,0.95,below_average,35,5,100.0,3.36,9.75,33.95,Medium,Medium Risk,97.15,94.88,93.38,94.21,96.78,92.29,92.7,93.48,0,None,0
STU0362,2025,10,excellent,86.01,166,193,94.26,6.59,62.8,100.0,115,23.9,balanced,1,0,0,0,0.9473,0.7496,0.9842,0.6831,0.6667,81.32,0.95,below_average,21,7,72.79,3.35,9.83,25.8,Low,Low Risk,97.44,96.3,92.48,92.72,97.15,92.58,93.74,92.64,1,Parent Meeting,0
STU0363,2023,8,moderate,62.5,125,200,78.18,13.02,34.9,100.0,121,16.1,balanced,0,0,1,0,0.8119,0.7163,0.8717,0.7003,0.6667,99.17,0.8606,excellent,34,0,100.0,27.49,12.85,45.58,High,High Risk,87.6,74.73,82.32,83.8,83.37,72.44,63.99,84.1,0,None,0
STU0363,2024,9,moderate,62.63,124,198,80.09,13.01,32.2,100.0,121,16.1,balanced,0,0,1,0,0.8205,0.7188,0.8769,0.7003,0.6667,61.78,0.8606,excellent,32,1,100.0,26.55,12.74,45.13,High,High Risk,86.85,78.29,83.79,84.64,87.08,74.45,67.07,85.97,1,Counseling,0
STU0363,2025,10,moderate,64.25,124,193,82.87,12.9,38.0,100.0,121,16.1,balanced,0,0,0,1,0.8155,0.7205,0.8735,0.7003,0.6667,68.58,0.8606,excellent,29,2,100.0,18.54,12.78,41.54,High,High Risk,91.67,80.44,88.01,89.6,87.56,77.18,67.95,88.77,1,Study Skills Workshop,0
STU0364,2023,8,good,73.0,146,200,90.95,10.53,44.0,100.0,118,13.4,science_oriented,1,0,0,1,0.9148,0.785,0.9846,0.8043,0.6667,89.98,0.8247,good,32,2,100.0,13.32,8.92,38.23,Medium,Medium Risk,93.93,86.53,95.42,73.63,97.06,96.35,97.95,80.86,0,None,0
STU0364,2024,9,good,78.28,155,198,92.33,9.16,53.2,100.0,118,13.4,science_oriented,1,0,0,0,0.9231,0.7778,0.9846,0.8043,0.6667,169.27,0.8247,good,27,2,96.2,4.61,9.0,33.18,Medium,Medium Risk,95.16,90.98,96.42,77.75,97.66,96.95,97.87,83.21,1,Study Group,1
STU0364,2025,10,good,78.76,152,193,93.23,8.11,58.1,100.0,118,13.4,science_oriented,1,0,0,0,0.9209,0.7811,0.9842,0.8043,0.6667,168.88,0.8247,good,25,0,89.87,4.29,8.97,31.13,Medium,Medium Risk,96.29,92.02,97.46,80.64,97.44,97.45,98.0,84.79,1,Academic Advising,0
STU0365,2023,8,good,79.0,158,200,96.06,5.03,62.3,100.0,114,19.4,science_oriented,0,0,0,0,0.9228,0.8148,0.9846,0.805,0.6667,141.93,0.95,average,29,4,100.0,3.12,6.73,33.09,Medium,Medium Risk,97.62,90.03,93.0,97.7,97.52,97.83,97.69,96.8,0,None,0
STU0365,2024,9,good,82.32,163,198,96.53,4.71,63.6,100.0,114,19.4,science_oriented,0,0,0,0,0.9231,0.8056,0.9846,0.805,0.6667,120.42,0.95,average,26,2,90.37,2.92,6.83,30.13,Medium,Medium Risk,97.69,91.32,94.69,98.21,97.83,97.72,97.74,97.13,1,Study Group,1
STU0365,2025,10,good,86.53,167,193,97.08,3.58,66.3,100.0,114,19.4,science_oriented,0,0,0,0,0.9209,0.8098,0.9842,0.805,0.6667,91.28,0.95,average,19,5,66.43,2.75,6.79,22.86,Low,Low Risk,97.81,93.59,96.03,97.8,97.7,97.82,98.14,97.75,1,Study Group,1
STU0366,2023,8,irregular,55.5,111,200,56.64,12.79,15.4,93.3,109,7.3,balanced,1,0,1,1,0.5215,0.4419,0.6,0.834,0.6667,25.67,0.7915,good,52,0,100.0,49.91,38.03,61.97,High,High Risk,54.85,62.33,59.72,55.3,42.64,53.07,60.02,64.67,0,None,0
STU0366,2024,9,irregular,54.55,108,198,61.57,12.97,13.9,97.1,109,7.3,balanced,1,0,1,1,0.5128,0.45,0.6,0.834,0.6667,69.52,0.7915,good,58,2,100.0,48.12,37.95,61.14,High,High Risk,59.87,65.61,65.64,62.59,46.81,58.24,63.64,70.01,1,Parent Meeting,1
STU0366,2025,10,irregular,56.99,110,193,64.53,13.19,18.7,98.2,109,7.3,balanced,1,0,1,1,0.5178,0.4404,0.6,0.834,0.6667,18.38,0.7915,good,49,1,100.0,46.83,38.04,60.58,High,High Risk,63.12,70.35,69.4,65.35,49.9,60.13,66.41,72.68,0,None,0
STU0367,2023,8,good,75.5,151,200,71.09,14.34,9.7,100.0,104,7.6,balanced,0,0,1,0,0.8119,0.6211,0.8618,0.7824,0.6667,104.18,0.6842,good,34,2,100.0,30.33,34.95,52.39,Medium,Medium Risk,67.53,65.29,84.3,80.38,75.47,52.81,71.94,77.05,0,None,0
STU0367,2024,9,good,71.72,142,198,71.17,14.45,10.2,100.0,104,7.6,balanced,0,0,1,0,0.8205,0.625,0.8615,0.7824,0.6667,161.6,0.6842,good,28,3,100.0,30.12,34.92,52.28,Medium,Medium Risk,68.72,66.77,84.71,80.76,74.64,53.75,70.4,78.43,0,None,0
STU0367,2025,10,good,78.24,151,193,72.76,14.17,32.6,100.0,104,7.6,balanced,0,0,1,0,0.8155,0.6236,0.8632,0.7824,0.6667,75.7,0.6842,good,28,2,99.23,29.59,34.9,51.81,Medium,Medium Risk,70.23,67.71,85.85,79.71,74.87,55.78,73.96,80.65,1,Study Group,1
STU0368,2023,8,irregular,54.0,108,200,55.43,14.04,17.1,98.2,101,6.1,balanced,0,0,1,3,0.6152,0.5419,0.6974,0.8692,0.6667,31.65,0.6787,excellent,53,1,100.0,64.53,36.56,68.18,High,High Risk,57.41,48.37,52.52,44.2,55.87,48.9,65.88,68.27,0,None,0
STU0368,2024,9,irregular,51.01,101,198,58.51,13.98,17.6,98.7,101,6.1,balanced,0,0,1,1,0.6154,0.5417,0.6923,0.8692,0.6667,62.37,0.6787,excellent,56,1,100.0,47.29,36.64,60.44,High,High Risk,62.51,50.45,55.87,46.68,56.9,53.5,67.96,72.24,0,None,0
STU0368,2025,10,irregular,53.37,103,193,61.78,13.71,19.1,100.0,101,6.1,balanced,0,0,1,0,0.614,0.5429,0.6949,0.8692,0.6667,71.23,0.6787,excellent,38,1,100.0,38.01,36.58,56.25,High,High Risk,67.16,54.78,59.49,51.7,60.54,54.33,70.89,73.6,1,Study Skills Workshop,0
STU0369,2023,8,good,72.0,144,200,89.58,9.68,40.7,100.0,118,11.1,balanced,0,0,0,1,0.897,0.7432,0.9691,0.7148,0.6667,177.2,0.95,below_average,48,4,100.0,14.23,9.49,38.77,Medium,Medium Risk,95.07,93.18,89.94,83.54,79.62,92.31,92.57,89.74,0,None,0
STU0369,2024,9,good,72.22,143,198,91.16,8.76,49.5,100.0,118,11.1,balanced,0,0,0,1,0.8974,0.7429,0.9692,0.7148,0.6667,171.97,0.95,below_average,45,6,100.0,13.59,9.49,38.49,Medium,Medium Risk,94.7,94.7,93.69,86.74,81.48,93.03,93.91,90.68,0,None,0
STU0369,2025,10,good,76.17,147,193,93.53,7.89,49.9,100.0,118,11.1,balanced,0,0,0,1,0.8946,0.7452,0.9684,0.7148,0.6667,103.45,0.95,below_average,32,3,100.0,12.7,9.48,38.08,Medium,Medium Risk,96.85,96.12,95.04,89.39,85.11,95.57,95.27,94.06,0,None,0
STU0370,2023,8,moderate,60.5,121,200,71.25,16.55,18.8,100.0,104,10.2,language_oriented,1,0,1,0,0.7439,0.6664,0.8,0.5989,0.3333,59.77,0.6777,average,51,0,100.0,31.62,19.19,49.03,High,High Risk,80.9,73.05,72.2,85.81,61.24,50.03,68.16,90.33,0,None,0
STU0370,2024,9,moderate,67.68,134,198,74.57,16.2,19.2,100.0,104,10.2,language_oriented,1,0,1,0,0.7436,0.6552,0.8,0.5989,0.3333,47.1,0.6777,average,47,4,100.0,30.3,19.31,48.46,High,High Risk,84.67,76.92,77.05,85.24,66.64,52.0,70.07,91.83,1,Study Skills Workshop,1
STU0370,2025,10,moderate,65.8,127,193,77.73,15.78,29.8,100.0,104,10.2,language_oriented,1,0,1,0,0.7457,0.659,0.8,0.5989,0.3333,81.23,0.6777,average,49,7,100.0,28.99,19.27,47.86,High,High Risk,88.75,80.16,80.92,90.02,69.96,56.89,74.71,94.26,1,Parent Meeting,1
STU0371,2023,8,excellent,86.0,172,200,96.82,4.01,67.6,100.0,120,18.3,balanced,1,0,0,0,0.9485,0.7383,0.9691,0.6686,0.6667,151.52,0.9215,poor,23,6,78.8,2.3,10.89,27.4,Low,Low Risk,97.78,92.6,97.87,97.29,97.81,97.1,97.06,97.34,0,None,0
STU0371,2024,9,excellent,83.33,165,198,97.12,3.32,67.7,100.0,120,18.3,balanced,1,0,0,0,0.9487,0.7297,0.9692,0.6686,0.6667,77.38,0.9215,poor,28,7,95.67,2.18,10.97,32.42,Medium,Medium Risk,98.11,95.09,97.5,97.61,97.41,97.38,96.84,97.42,0,None,0
STU0371,2025,10,excellent,81.35,157,193,97.5,2.63,73.3,100.0,120,18.3,balanced,1,0,0,0,0.9473,0.7316,0.9684,0.6686,0.6667,91.18,0.9215,poor,33,11,100.0,2.05,10.96,33.67,Medium,Medium Risk,98.0,95.93,98.07,97.7,97.87,97.45,97.59,97.71,0,None,0
STU0372,2023,8,moderate,73.0,146,200,45.73,17.06,6.3,97.5,94,7.2,practical,1,0,3,4,0.5043,0.3899,0.5747,0.6365,0.6667,65.32,0.5359,below_average,42,6,100.0,100.0,46.71,86.68,High,High Risk,32.52,51.87,37.86,36.04,62.63,29.07,65.19,45.96,0,None,0
STU0372,2024,9,moderate,68.69,136,198,49.72,17.73,4.1,98.2,94,7.2,practical,1,0,2,5,0.5128,0.4,0.5692,0.6365,0.6667,77.63,0.5359,below_average,47,2,100.0,99.86,46.69,86.61,High,High Risk,37.59,54.82,45.96,37.81,67.23,31.09,70.74,48.67,1,Parent Meeting,1
STU0372,2025,10,moderate,74.09,143,193,52.29,17.53,11.0,100.0,94,7.2,practical,1,0,1,4,0.5085,0.3963,0.5739,0.6365,0.6667,81.05,0.5359,below_average,37,5,100.0,75.91,46.66,75.83,High,High Risk,39.28,57.5,46.95,39.84,70.33,35.73,72.66,51.99,1,Tutoring,1
STU0373,2023,8,good,70.0,140,200,91.9,8.64,55.2,100.0,110,11.2,practical,0,0,0,0,0.7861,0.6516,0.8309,0.7703,0.6667,155.95,0.95,excellent,29,1,100.0,7.52,11.36,36.22,Medium,Medium Risk,96.14,84.09,95.65,85.03,95.31,93.99,90.31,95.65,0,None,0
STU0373,2024,9,good,81.31,161,198,93.86,7.37,56.6,100.0,110,11.2,practical,0,0,0,0,0.7949,0.6452,0.8308,0.7703,0.6667,101.55,0.95,excellent,19,1,70.08,6.56,11.43,26.83,Medium,Medium Risk,96.89,86.98,95.95,89.46,96.76,95.81,92.42,96.19,0,None,0
STU0373,2025,10,good,68.39,132,193,94.86,6.03,61.2,100.0,110,11.2,practical,0,0,0,0,0.7892,0.6444,0.8316,0.7703,0.6667,151.47,0.95,excellent,32,3,100.0,6.27,11.43,35.68,High,High Risk,97.66,90.54,96.99,90.57,96.69,95.94,94.37,96.46,0,None,0
STU0374,2023,8,moderate,62.0,124,200,65.19,13.2,28.2,98.4,90,11.5,balanced,0,0,1,0,0.5558,0.4146,0.6309,0.6884,0.6667,56.12,0.5156,excellent,38,0,100.0,37.81,24.89,53.24,High,High Risk,63.69,57.91,53.26,56.32,81.34,60.32,70.68,74.0,0,None,0
STU0374,2024,9,moderate,57.07,113,198,68.08,13.27,27.5,100.0,90,11.5,balanced,0,0,1,0,0.5641,0.4091,0.6308,0.6884,0.6667,89.92,0.5156,excellent,39,2,100.0,36.48,24.95,52.65,High,High Risk,68.34,61.61,55.13,59.01,82.98,63.96,75.9,77.05,1,Parent Meeting,0
STU0374,2025,10,moderate,71.5,138,193,71.4,13.28,30.9,100.0,90,11.5,balanced,0,0,1,0,0.5613,0.4061,0.6316,0.6884,0.6667,73.95,0.5156,excellent,24,0,91.95,35.21,24.96,49.67,Medium,Medium Risk,71.57,64.41,58.5,61.42,86.49,68.65,79.62,78.21,1,Study Skills Workshop,1
STU0375,2023,8,good,72.5,145,200,74.26,18.16,11.8,100.0,101,15.0,science_oriented,1,0,1,1,0.7182,0.6075,0.8154,0.7138,0.6667,81.52,0.723,excellent,31,2,100.0,38.93,16.57,51.66,Medium,Medium Risk,72.81,77.65,57.41,74.92,86.2,82.16,91.38,43.77,0,None,0
STU0375,2024,9,good,62.63,124,198,74.57,18.1,12.1,100.0,101,15.0,science_oriented,1,0,1,1,0.7179,0.6071,0.8154,0.7138,0.6667,170.4,0.723,excellent,40,3,100.0,38.81,16.58,51.61,High,High Risk,74.61,77.23,56.58,75.68,84.38,83.05,92.1,43.91,0,None,0
STU0375,2025,10,good,77.72,150,193,72.94,18.54,13.8,100.0,101,15.0,science_oriented,1,0,1,1,0.7194,0.6099,0.8158,0.7138,0.6667,82.37,0.723,excellent,22,0,81.6,39.44,16.54,46.36,Medium,Medium Risk,73.51,76.24,56.0,72.43,82.27,82.62,90.84,42.95,0,None,0
STU0376,2023,8,good,75.5,151,200,71.42,15.05,30.7,100.0,84,8.2,language_oriented,1,0,1,0,0.7346,0.6163,0.7691,0.7816,0.6667,90.23,0.7569,average,36,4,100.0,31.74,15.32,48.11,Medium,Medium Risk,95.71,67.15,66.95,87.67,61.15,66.94,72.47,62.95,0,None,0
STU0376,2024,9,good,84.34,167,198,76.01,13.85,33.6,100.0,84,8.2,language_oriented,1,0,1,0,0.7436,0.6207,0.7692,0.7816,0.6667,86.87,0.7569,average,24,5,82.96,29.73,15.27,42.08,Medium,Medium Risk,96.72,71.69,70.82,90.55,70.0,72.22,74.34,66.83,1,Study Group,1
STU0376,2025,10,good,77.2,149,193,78.53,13.57,33.3,100.0,84,8.2,language_oriented,1,0,1,0,0.7365,0.6189,0.7684,0.7816,0.6667,109.27,0.7569,average,34,5,100.0,28.86,15.3,46.81,Medium,Medium Risk,96.56,76.92,77.47,91.94,72.39,73.62,77.86,69.34,0,None,0
STU0377,2023,8,excellent,87.0,174,200,78.49,13.94,35.5,100.0,118,11.5,balanced,0,1,0,1,0.7518,0.6251,0.8154,0.759,0.6667,115.52,0.95,good,15,0,54.1,21.57,32.09,33.96,Low,Low Risk,89.62,78.28,64.88,83.54,61.13,81.99,88.03,80.16,0,None,0
STU0377,2024,9,excellent,84.85,168,198,79.94,13.08,38.7,100.0,118,11.5,balanced,0,1,0,1,0.7436,0.6207,0.8154,0.759,0.6667,175.4,0.95,good,16,2,58.61,21.15,32.13,35.13,Medium,Medium Risk,90.46,78.88,67.52,83.45,62.14,83.75,89.23,81.15,0,None,0
STU0377,2025,10,excellent,83.94,162,193,80.86,13.12,31.1,100.0,118,11.5,balanced,0,1,1,0,0.7457,0.6237,0.8158,0.759,0.6667,155.48,0.95,good,21,4,74.24,27.74,32.1,42.78,Medium,Medium Risk,90.65,78.97,69.08,87.63,62.89,82.42,89.17,83.4,1,Study Group,0
STU0378,2023,8,good,77.5,155,200,92.76,7.84,52.0,100.0,111,12.3,balanced,0,0,0,0,0.8455,0.7581,0.9228,0.7899,0.6667,177.47,0.8562,below_average,36,4,100.0,5.98,9.94,35.18,Medium,Medium Risk,97.73,93.97,95.78,91.43,86.38,87.88,94.71,95.9,0,None,0
STU0378,2024,9,good,74.24,147,198,93.14,7.87,61.3,100.0,111,12.3,balanced,0,0,0,0,0.8462,0.7576,0.9231,0.7899,0.6667,179.82,0.8562,below_average,42,6,100.0,5.82,9.94,35.1,Medium,Medium Risk,97.63,94.1,95.68,90.71,86.05,89.68,95.41,97.07,0,None,0
STU0378,2025,10,good,73.06,141,193,93.72,7.75,47.4,100.0,111,12.3,balanced,0,0,0,1,0.8419,0.7606,0.9209,0.7899,0.6667,134.98,0.8562,below_average,37,3,100.0,13.67,9.94,38.64,Medium,Medium Risk,97.66,94.63,96.88,91.36,88.08,89.73,95.94,97.29,0,None,0
STU0379,2023,8,excellent,90.0,180,200,97.46,2.4,79.4,100.0,104,19.3,language_oriented,1,0,0,0,0.9743,0.7371,0.9846,0.6837,0.6667,125.33,0.9244,excellent,9,1,34.0,1.53,10.32,13.47,Low,Low Risk,97.63,97.6,97.71,97.9,97.4,97.11,96.92,97.7,0,None,0
STU0379,2024,9,excellent,87.88,174,198,97.63,2.48,74.0,100.0,104,19.3,language_oriented,1,0,0,0,0.9744,0.7368,0.9846,0.6837,0.6667,122.33,0.9244,excellent,10,1,38.48,1.46,10.32,14.78,Low,Low Risk,98.1,97.84,97.57,97.96,97.77,97.43,96.95,97.8,0,None,0
STU0379,2025,10,excellent,86.01,166,193,97.56,1.94,86.8,100.0,104,19.3,language_oriented,1,0,0,0,0.9736,0.7388,0.9842,0.6837,0.6667,164.8,0.9244,excellent,12,1,45.79,1.5,10.31,16.99,Low,Low Risk,97.77,97.44,97.48,97.68,97.64,97.37,97.32,97.93,0,None,0
STU0380,2023,8,irregular,42.0,84,200,52.42,16.4,8.9,97.7,85,10.0,practical,0,0,2,2,0.4957,0.4314,0.6,0.8261,0.6667,50.5,0.3417,below_average,102,6,100.0,75.12,25.04,70.06,High,High Risk,56.68,47.04,69.8,54.34,69.41,31.33,55.83,47.84,0,None,0
STU0380,2024,9,irregular,44.95,89,198,51.7,15.81,7.9,99.5,85,10.0,practical,0,0,2,2,0.4872,0.4211,0.6,0.8261,0.6667,54.15,0.3417,below_average,90,3,100.0,75.58,25.14,70.29,High,High Risk,54.12,46.73,66.29,52.45,69.91,32.09,56.64,48.6,1,Tutoring,0
STU0380,2025,10,irregular,48.7,94,193,53.79,16.32,7.3,98.3,85,10.0,practical,0,0,2,2,0.4915,0.4288,0.6,0.8261,0.6667,51.98,0.3417,below_average,73,6,100.0,74.66,25.06,69.86,High,High Risk,55.26,49.5,70.57,53.84,69.94,32.01,57.2,50.0,1,Tutoring,1
STU0381,2023,8,good,69.0,138,200,80.3,13.71,37.8,100.0,101,12.5,science_oriented,0,0,0,1,0.6409,0.5859,0.6463,0.8016,0.6667,74.87,0.6928,excellent,31,0,100.0,23.06,18.02,44.88,High,High Risk,95.67,78.87,87.15,89.89,86.29,66.89,81.67,67.44,0,None,0
STU0381,2024,9,good,70.2,139,198,83.34,13.04,41.2,100.0,101,12.5,science_oriented,0,0,0,1,0.641,0.6,0.6462,0.8016,0.6667,148.25,0.6928,excellent,24,1,92.86,21.84,17.88,42.16,Medium,Medium Risk,94.66,83.97,91.78,91.52,89.04,70.71,82.71,69.98,1,Tutoring,1
STU0381,2025,10,good,72.54,140,193,86.27,12.12,36.1,100.0,101,12.5,science_oriented,0,0,0,1,0.6403,0.5884,0.6474,0.8016,0.6667,148.72,0.6928,excellent,24,0,91.22,20.69,17.98,41.17,Medium,Medium Risk,96.76,88.55,91.45,94.69,92.67,74.55,87.18,73.5,1,Parent Meeting,1
STU0382,2023,8,irregular,42.5,85,200,34.76,16.95,2.9,79.8,94,5.3,science_oriented,0,0,6,3,0.3591,0.2611,0.4,0.3936,0.0,19.37,0.3175,average,76,6,100.0,100.0,58.75,89.69,High,High Risk,42.98,12.48,30.25,28.98,42.69,42.97,55.0,15.91,0,None,0
STU0382,2024,9,irregular,42.93,85,198,38.55,17.84,6.0,90.5,94,5.3,science_oriented,0,0,5,4,0.359,0.2857,0.4,0.3936,0.0,69.35,0.3175,average,83,1,100.0,100.0,58.51,89.63,High,High Risk,49.2,14.64,33.18,31.23,48.39,48.21,58.13,17.56,1,Parent Meeting,0
STU0382,2025,10,irregular,46.11,89,193,40.35,18.34,4.1,87.4,94,5.3,science_oriented,0,0,5,2,0.3597,0.2674,0.4,0.3936,0.0,32.35,0.3175,average,77,2,100.0,100.0,58.69,89.67,High,High Risk,49.96,16.95,34.79,31.71,51.22,50.69,61.77,20.25,1,Mentoring Program,0
STU0383,2023,8,good,72.5,145,200,87.6,11.37,41.1,100.0,111,11.6,balanced,1,0,0,1,0.8548,0.7197,0.918,0.7995,0.6667,168.78,0.7943,good,28,1,100.0,15.86,11.13,39.92,Medium,Medium Risk,95.23,95.2,83.8,78.25,88.89,89.0,95.44,72.9,0,None,0
STU0383,2024,9,good,70.2,139,198,87.51,11.53,41.6,100.0,111,11.6,balanced,1,0,0,1,0.8462,0.7273,0.9231,0.7995,0.6667,116.67,0.7943,good,31,5,100.0,16.07,10.98,39.98,Medium,Medium Risk,95.76,95.87,85.73,78.61,88.17,88.07,93.91,72.92,1,Academic Advising,1
STU0383,2025,10,good,73.06,141,193,87.97,10.9,49.4,100.0,111,11.6,balanced,1,0,0,1,0.8511,0.7214,0.9209,0.7995,0.6667,165.35,0.7943,good,28,7,100.0,15.79,11.07,39.87,Medium,Medium Risk,94.48,95.76,84.7,78.61,89.18,89.58,94.53,73.57,0,None,0
STU0384,2023,8,excellent,89.0,178,200,97.88,1.64,92.5,100.0,127,20.0,balanced,0,0,0,0,0.9663,0.7699,0.9846,0.7175,0.6667,160.42,0.95,good,14,3,49.7,1.52,8.93,17.83,Low,Low Risk,98.09,98.0,97.95,97.7,97.73,97.98,97.89,97.66,0,None,0
STU0384,2024,9,excellent,87.88,174,198,97.88,1.83,86.8,100.0,127,20.0,balanced,0,0,0,0,0.9744,0.7632,0.9846,0.7175,0.6667,174.93,0.95,good,12,1,44.48,1.36,9.0,16.21,Low,Low Risk,98.11,98.05,97.76,98.02,97.97,97.69,97.9,97.64,0,None,0
STU0384,2025,10,excellent,91.71,177,193,97.9,1.73,91.6,100.0,127,20.0,balanced,0,0,0,0,0.9736,0.7659,0.9842,0.7175,0.6667,163.37,0.95,good,10,3,35.8,1.37,8.98,13.6,Low,Low Risk,97.86,97.71,98.04,98.03,97.87,98.02,97.88,97.78,0,None,0
STU0385,2023,8,irregular,40.0,80,200,47.59,12.99,5.7,87.5,122,5.1,science_oriented,0,0,2,6,0.3591,0.2867,0.4048,0.7775,0.6667,62.25,0.5703,excellent,70,1,100.0,100.0,46.96,86.74,High,High Risk,57.26,32.02,42.92,46.21,44.2,49.13,62.16,46.42,0,None,0
STU0385,2024,9,irregular,40.91,81,198,49.44,13.54,10.1,90.4,122,5.1,science_oriented,0,0,2,6,0.359,0.2857,0.4,0.7775,0.6667,46.7,0.5703,excellent,65,1,100.0,100.0,47.04,86.76,High,High Risk,60.11,32.85,44.78,49.14,46.94,49.65,64.17,48.05,1,Tutoring,1
STU0385,2025,10,irregular,46.11,89,193,51.92,13.42,12.0,93.9,122,5.1,science_oriented,0,0,1,3,0.3597,0.293,0.4,0.7775,0.6667,46.37,0.5703,excellent,56,1,100.0,71.04,46.96,73.71,High,High Risk,60.78,35.4,46.77,51.67,48.25,53.92,65.68,50.83,1,Tutoring,1
STU0386,2023,8,good,82.5,165,200,88.22,11.63,42.6,100.0,112,17.6,language_oriented,0,0,0,1,0.8633,0.653,0.8974,0.7468,0.6667,77.63,0.7756,good,20,0,72.25,15.45,13.44,31.99,Medium,Medium Risk,96.71,97.34,77.73,93.01,89.84,80.26,79.27,96.27,0,None,0
STU0386,2024,9,good,78.28,155,198,89.52,10.84,45.8,100.0,112,17.6,language_oriented,0,0,0,1,0.8718,0.6471,0.8923,0.7468,0.6667,124.47,0.7756,good,28,1,99.2,14.75,13.58,39.79,Medium,Medium Risk,96.95,97.37,80.95,93.03,91.27,82.02,81.81,97.05,1,Parent Meeting,1
STU0386,2025,10,good,73.58,142,193,89.8,10.67,48.3,100.0,112,17.6,language_oriented,0,0,0,1,0.8682,0.6464,0.8949,0.7468,0.6667,122.62,0.7756,good,32,2,100.0,14.72,13.54,40.01,Medium,Medium Risk,97.48,97.11,80.76,93.98,90.89,82.65,82.53,96.99,0,None,0
STU0387,2023,8,good,72.5,145,200,74.34,13.99,27.9,100.0,109,10.6,balanced,0,0,1,0,0.8376,0.7038,0.8974,0.7667,0.6667,95.72,0.7331,excellent,28,1,100.0,28.51,13.17,46.12,Medium,Medium Risk,74.25,66.42,63.05,88.8,75.92,68.5,88.31,69.01,0,None,0
STU0387,2024,9,good,71.72,142,198,77.0,13.63,25.7,100.0,109,10.6,balanced,0,0,1,0,0.8462,0.697,0.8923,0.7667,0.6667,108.85,0.7331,excellent,30,0,100.0,27.28,13.32,45.6,Medium,Medium Risk,76.77,69.24,66.0,90.7,79.94,70.96,89.05,74.28,0,None,0
STU0387,2025,10,good,79.79,154,193,79.43,13.43,35.5,100.0,109,10.6,balanced,0,0,0,1,0.8419,0.698,0.8949,0.7667,0.6667,179.18,0.7331,excellent,18,0,68.15,19.39,13.27,32.49,Medium,Medium Risk,82.09,71.43,67.95,92.06,80.43,73.31,91.06,77.64,1,Academic Advising,0
STU0388,2023,8,good,86.0,172,200,85.63,11.18,49.8,100.0,113,13.1,balanced,0,0,0,1,0.6924,0.5929,0.7537,0.7863,0.6667,123.22,0.95,below_average,21,4,72.8,19.9,12.79,33.99,Low,Low Risk,84.45,80.87,97.45,91.36,92.2,89.95,76.02,77.07,0,None,0
STU0388,2024,9,good,79.8,158,198,87.37,10.5,51.0,100.0,113,13.1,balanced,0,0,0,0,0.6923,0.5926,0.7538,0.7863,0.6667,133.22,0.95,below_average,35,3,100.0,11.21,12.79,38.24,Medium,Medium Risk,87.73,83.18,97.48,92.2,92.38,92.51,79.61,77.63,0,None,0
STU0388,2025,10,good,76.17,147,193,88.14,10.29,47.8,100.0,113,13.1,balanced,0,0,0,1,0.693,0.5951,0.7526,0.7863,0.6667,108.45,0.95,below_average,40,6,100.0,18.88,12.79,41.69,Medium,Medium Risk,87.47,84.51,97.45,94.06,92.04,92.12,80.3,79.66,1,Study Group,0
STU0389,2023,8,good,82.0,164,200,91.5,8.24,57.6,100.0,108,11.8,balanced,0,0,0,0,0.897,0.8381,0.9283,0.7527,0.6667,166.12,0.8289,below_average,28,7,96.6,5.46,10.21,33.99,Medium,Medium Risk,86.26,93.32,92.03,96.43,91.85,89.98,89.65,92.92,0,None,0
STU0389,2024,9,good,71.21,141,198,92.52,7.66,58.0,100.0,108,11.8,balanced,0,0,0,0,0.8974,0.8286,0.9231,0.7527,0.6667,90.03,0.8289,below_average,42,5,100.0,5.04,10.38,34.86,Medium,Medium Risk,89.13,94.2,93.13,96.76,93.53,91.45,90.34,92.48,0,None,0
STU0389,2025,10,good,72.54,140,193,94.1,6.82,55.8,100.0,108,11.8,balanced,0,0,0,0,0.8946,0.8336,0.9265,0.7527,0.6667,111.25,0.8289,below_average,41,5,100.0,4.47,10.28,34.58,Medium,Medium Risk,89.7,95.89,95.18,96.37,94.67,92.91,93.22,95.13,0,None,0
STU0390,2023,8,good,70.0,140,200,86.97,11.4,44.7,100.0,96,14.8,science_oriented,1,0,0,1,0.8291,0.68,0.918,0.6786,0.6667,103.92,0.6584,poor,49,8,100.0,16.63,15.98,41.48,Medium,Medium Risk,91.07,78.45,73.9,88.74,93.5,95.81,86.75,83.56,0,None,0
STU0390,2024,9,good,78.28,155,198,89.2,10.59,48.0,100.0,96,14.8,science_oriented,1,0,0,1,0.8205,0.6875,0.9231,0.6786,0.6667,163.38,0.6584,poor,36,9,100.0,15.91,15.83,41.12,Medium,Medium Risk,91.69,82.31,76.22,91.89,95.77,95.97,89.77,86.96,0,None,0
STU0390,2025,10,good,76.68,148,193,90.3,10.13,43.9,100.0,96,14.8,science_oriented,1,0,0,1,0.8248,0.6806,0.9209,0.6786,0.6667,127.07,0.6584,poor,40,15,100.0,15.38,15.93,40.91,Medium,Medium Risk,94.66,83.0,78.23,91.29,95.82,97.23,91.15,89.23,1,Academic Advising,0
STU0391,2023,8,good,72.5,145,200,74.06,14.88,29.0,100.0,103,16.1,balanced,0,1,1,0,0.6924,0.5558,0.7228,0.6633,0.6667,162.47,0.6541,good,36,3,100.0,31.53,40.52,54.32,Medium,Medium Risk,67.27,65.57,87.37,83.37,63.29,62.59,74.58,90.96,0,None,0
STU0391,2024,9,good,74.75,148,198,77.3,14.86,36.9,100.0,103,16.1,balanced,0,1,0,1,0.6923,0.5556,0.7231,0.6633,0.6667,97.03,0.6541,good,31,3,100.0,23.24,40.52,50.59,Medium,Medium Risk,72.8,70.15,90.06,88.57,64.3,66.23,77.88,93.94,0,None,0
STU0391,2025,10,good,78.76,152,193,81.29,13.51,41.0,100.0,103,16.1,balanced,0,1,0,1,0.693,0.557,0.7209,0.6633,0.6667,94.18,0.6541,good,25,2,89.87,21.62,40.54,46.83,Medium,Medium Risk,76.36,75.28,92.58,90.77,70.96,69.92,83.13,94.63,1,Academic Advising,0
STU0392,2023,8,good,73.5,147,200,60.95,17.14,9.4,99.9,112,10.7,science_oriented,0,0,1,2,0.7261,0.6118,0.7438,0.79,0.6667,77.65,0.6657,below_average,39,4,100.0,52.1,16.94,57.68,Medium,Medium Risk,77.02,67.71,35.6,41.11,64.89,67.78,71.02,59.22,0,None,0
STU0392,2024,9,good,78.79,156,198,64.54,17.38,7.8,100.0,112,10.7,science_oriented,0,0,1,2,0.7179,0.6071,0.7385,0.79,0.6667,106.1,0.6657,below_average,37,1,100.0,50.82,17.07,57.14,Medium,Medium Risk,79.67,72.79,37.06,44.64,68.61,71.12,72.87,64.52,0,None,0
STU0392,2025,10,good,71.5,138,193,67.97,16.57,22.1,100.0,112,10.7,science_oriented,0,0,1,2,0.7194,0.6099,0.7423,0.79,0.6667,151.77,0.6657,below_average,47,4,100.0,49.42,16.98,56.49,Medium,Medium Risk,78.97,75.95,43.0,47.59,71.98,74.68,76.82,67.0,0,None,0
STU0393,2023,8,good,80.5,161,200,90.36,9.85,56.0,100.0,105,16.3,science_oriented,0,0,0,0,0.8548,0.7096,0.8717,0.7385,0.6667,88.83,0.95,below_average,31,8,100.0,6.76,10.81,35.74,Medium,Medium Risk,90.6,85.54,96.74,91.6,96.96,93.56,89.48,78.01,0,None,0
STU0393,2024,9,good,77.27,153,198,90.61,9.6,52.0,100.0,105,16.3,science_oriented,0,0,0,0,0.8462,0.697,0.8769,0.7385,0.6667,136.98,0.95,below_average,35,8,100.0,6.83,10.86,35.79,Medium,Medium Risk,93.07,87.45,96.58,91.93,97.89,93.16,88.22,78.75,1,Academic Advising,1
STU0393,2025,10,good,76.17,147,193,91.97,8.81,52.1,100.0,105,16.3,science_oriented,0,0,0,0,0.8511,0.7012,0.8735,0.7385,0.6667,84.0,0.95,below_average,37,3,100.0,6.19,10.86,35.5,Medium,Medium Risk,93.7,87.79,97.21,93.56,97.44,95.36,90.56,81.85,0,None,0
STU0394,2023,8,good,73.5,147,200,92.25,8.09,55.6,100.0,124,12.5,balanced,1,0,0,0,0.8713,0.8038,0.8871,0.7787,0.6667,73.12,0.7721,poor,49,6,100.0,5.67,11.5,35.43,Medium,Medium Risk,97.25,95.87,90.07,94.02,92.92,96.11,86.98,85.56,0,None,0
STU0394,2024,9,good,74.75,148,198,92.47,7.51,62.3,100.0,124,12.5,balanced,1,0,0,0,0.8718,0.7941,0.8923,0.7787,0.6667,148.12,0.7721,poor,44,11,100.0,5.58,11.52,35.39,Medium,Medium Risk,96.91,95.9,91.08,93.46,93.24,96.11,86.65,87.4,1,Parent Meeting,0
STU0394,2025,10,good,76.17,147,193,92.43,8.03,53.4,100.0,124,12.5,balanced,1,0,0,0,0.8682,0.7982,0.8893,0.7787,0.6667,102.35,0.7721,poor,42,9,100.0,5.66,11.52,35.43,Medium,Medium Risk,96.93,95.85,90.56,94.95,92.37,95.81,87.07,88.09,0,None,0
STU0395,2023,8,moderate,67.0,134,200,64.32,16.21,20.4,100.0,110,10.4,balanced,0,1,1,1,0.5122,0.4497,0.5691,0.6883,0.6667,63.72,0.861,below_average,47,7,100.0,47.03,40.29,61.23,High,High Risk,61.78,77.74,59.34,65.87,61.62,47.27,83.87,56.2,0,None,0
STU0395,2024,9,moderate,69.7,138,198,67.18,16.26,17.8,100.0,110,10.4,balanced,0,1,1,0,0.5128,0.45,0.5692,0.6883,0.6667,57.47,0.861,below_average,49,6,100.0,37.87,40.28,57.11,High,High Risk,65.42,81.03,62.83,68.53,64.74,50.36,84.47,60.31,1,Study Skills Workshop,1
STU0395,2025,10,moderate,63.21,122,193,69.23,16.24,14.7,100.0,110,10.4,balanced,0,1,1,0,0.5085,0.4481,0.5684,0.6883,0.6667,97.47,0.861,below_average,53,4,100.0,37.14,40.31,56.79,High,High Risk,67.45,83.16,65.28,72.63,64.29,50.33,85.87,61.96,1,Parent Meeting,1
STU0396,2023,8,excellent,92.0,184,200,89.62,10.48,44.6,100.0,117,17.7,science_oriented,0,0,0,1,0.8033,0.6697,0.8618,0.7872,0.6667,165.93,0.95,poor,13,5,44.6,16.09,10.38,23.22,Low,Low Risk,92.05,73.73,93.94,86.65,95.94,93.6,93.65,87.74,0,None,0
STU0396,2024,9,excellent,91.92,182,198,91.75,9.46,47.9,100.0,117,17.7,science_oriented,0,0,0,1,0.7949,0.6774,0.8615,0.7872,0.6667,160.68,0.95,poor,12,9,41.66,15.4,10.31,22.01,Low,Low Risk,93.68,77.18,95.65,90.91,96.44,95.58,94.96,89.46,0,None,0
STU0396,2025,10,excellent,87.05,168,193,93.01,8.67,45.2,100.0,117,17.7,science_oriented,0,0,0,1,0.7984,0.67,0.8632,0.7872,0.6667,146.08,0.95,poor,20,10,69.07,14.83,10.36,29.98,Low,Low Risk,94.72,79.24,97.11,91.05,97.08,95.89,96.31,92.27,0,None,0
STU0397,2023,8,good,83.5,167,200,84.45,15.09,27.5,100.0,110,11.5,language_oriented,0,0,1,0,0.9228,0.7225,0.9691,0.7553,0.6667,153.12,0.95,good,22,5,77.55,22.76,8.88,35.73,Medium,Medium Risk,97.78,97.48,79.45,89.36,84.58,62.94,77.69,94.85,0,None,0
STU0397,2024,9,good,79.8,158,198,86.11,14.01,35.5,100.0,110,11.5,language_oriented,0,0,0,1,0.9231,0.7222,0.9692,0.7553,0.6667,165.98,0.95,good,25,1,89.14,15.09,8.88,35.75,Medium,Medium Risk,97.97,97.72,80.15,92.12,86.53,66.09,81.67,95.76,1,Study Group,0
STU0397,2025,10,good,78.76,152,193,88.34,12.45,49.4,100.0,110,11.5,language_oriented,0,0,0,1,0.9209,0.7239,0.9684,0.7553,0.6667,125.33,0.95,good,22,3,80.87,14.25,8.88,32.89,Medium,Medium Risk,97.9,97.79,85.39,94.5,90.45,69.69,83.77,96.51,0,None,0
STU0398,2023,8,moderate,63.0,126,200,55.42,13.45,13.1,91.4,85,11.7,science_oriented,0,1,1,1,0.538,0.476,0.6463,0.6449,0.3333,102.88,0.641,poor,62,10,100.0,50.07,43.03,63.29,High,High Risk,57.4,54.76,60.41,54.58,68.55,50.72,45.17,57.25,0,None,0
STU0398,2024,9,moderate,67.17,133,198,56.97,13.53,14.0,94.6,85,11.7,science_oriented,0,1,1,1,0.5385,0.4762,0.6462,0.6449,0.3333,38.13,0.641,poor,61,4,100.0,49.44,43.03,63.01,High,High Risk,57.52,56.66,63.75,57.91,69.14,51.94,44.82,60.17,1,Tutoring,1
STU0398,2025,10,moderate,57.51,111,193,59.81,13.49,15.5,97.8,85,11.7,science_oriented,0,1,1,1,0.5349,0.4754,0.6474,0.6449,0.3333,106.73,0.641,poor,77,5,100.0,48.38,43.02,62.53,High,High Risk,58.67,59.8,68.55,59.94,71.82,53.29,49.35,61.87,1,Tutoring,1
STU0399,2023,8,moderate,65.0,130,200,58.52,17.09,10.7,100.0,92,7.6,science_oriented,1,0,1,3,0.4785,0.3571,0.5489,0.5888,0.6667,95.2,0.4439,average,48,3,100.0,66.02,49.76,72.15,High,High Risk,59.39,47.03,38.65,64.56,76.21,45.53,69.52,66.77,0,None,0
STU0399,2024,9,moderate,65.15,129,198,58.28,16.86,12.4,100.0,92,7.6,science_oriented,1,0,1,3,0.4872,0.3684,0.5538,0.5888,0.6667,44.13,0.4439,average,42,1,100.0,65.95,49.57,72.07,High,High Risk,59.62,46.82,40.14,63.16,73.31,45.26,70.63,67.83,1,Study Skills Workshop,1
STU0399,2025,10,moderate,68.39,132,193,57.88,16.85,7.7,99.3,92,7.6,science_oriented,1,0,1,3,0.4822,0.3633,0.5526,0.5888,0.6667,106.25,0.4439,average,41,2,100.0,66.21,49.64,72.2,High,High Risk,60.21,44.61,36.7,65.08,75.15,46.43,68.74,66.4,1,Mentoring Program,1
STU0400,2023,8,good,77.5,155,200,84.39,13.15,45.5,100.0,74,21.2,language_oriented,0,0,0,1,0.7182,0.5358,0.8154,0.7669,0.6667,129.6,0.9469,excellent,22,2,81.75,19.88,12.87,36.69,Medium,Medium Risk,96.26,88.28,86.24,96.13,76.19,75.22,71.17,93.42,0,None,0
STU0400,2024,9,good,73.74,146,198,86.14,12.34,47.8,100.0,74,21.2,language_oriented,0,0,0,1,0.7179,0.5357,0.8154,0.7669,0.6667,166.27,0.9469,excellent,27,0,99.38,19.19,12.87,41.67,Medium,Medium Risk,97.01,90.44,88.43,97.03,79.19,77.54,74.3,94.64,0,None,0
STU0400,2025,10,good,75.13,145,193,88.13,11.52,48.1,100.0,74,21.2,language_oriented,0,0,0,1,0.7194,0.5366,0.8158,0.7669,0.6667,139.22,0.9469,excellent,24,0,89.41,18.36,12.86,38.3,Medium,Medium Risk,97.21,92.06,91.05,97.76,84.48,79.57,75.22,95.52,0,None,0
STU0401,2023,8,excellent,85.0,170,200,97.29,3.2,72.5,100.0,110,17.7,language_oriented,0,0,0,0,0.8291,0.66,0.8618,0.7729,0.6667,104.92,0.8367,excellent,13,0,49.5,4.5,12.47,19.99,Low,Low Risk,98.06,98.34,97.52,96.57,96.76,96.29,97.27,97.8,0,None,0
STU0401,2024,9,excellent,90.91,180,198,97.45,2.64,76.6,100.0,110,17.7,language_oriented,0,0,0,0,0.8205,0.6562,0.8615,0.7729,0.6667,95.85,0.8367,excellent,8,2,30.36,4.61,12.51,14.31,Low,Low Risk,97.34,97.73,97.63,97.26,96.97,96.94,97.76,98.06,0,None,0
STU0401,2025,10,excellent,87.56,169,193,97.68,2.09,83.9,100.0,110,17.7,language_oriented,0,0,0,0,0.8248,0.6597,0.8632,0.7729,0.6667,96.62,0.8367,excellent,9,0,35.7,4.43,12.45,15.82,Low,Low Risk,97.87,97.64,97.88,97.75,97.18,97.44,98.01,97.78,0,None,0
STU0402,2023,8,excellent,81.0,162,200,92.75,9.56,45.0,100.0,108,21.2,science_oriented,1,0,0,1,0.7518,0.6251,0.8357,0.6336,0.6667,83.4,0.7253,average,24,5,85.3,15.86,17.66,37.14,Medium,Medium Risk,97.59,85.16,90.52,76.42,96.56,97.59,97.63,96.17,0,None,0
STU0402,2024,9,excellent,84.34,167,198,94.14,7.88,49.3,100.0,108,21.2,science_oriented,1,0,0,1,0.7436,0.6207,0.8308,0.6336,0.6667,102.85,0.7253,average,23,5,79.96,15.47,17.78,35.4,Medium,Medium Risk,97.54,89.59,93.77,81.09,96.46,97.89,97.76,96.79,0,None,0
STU0402,2025,10,excellent,83.42,161,193,95.26,6.61,58.7,100.0,108,21.2,science_oriented,1,0,0,0,0.7457,0.6237,0.8316,0.6336,0.6667,106.87,0.7253,average,21,3,74.61,6.98,17.74,29.96,Medium,Medium Risk,97.6,91.52,95.95,84.85,97.74,97.81,97.84,97.0,1,Study Group,0
STU0403,2023,8,moderate,62.0,124,200,72.75,14.04,32.7,100.0,105,10.9,science_oriented,1,0,1,0,0.5987,0.5139,0.6717,0.6584,0.6667,38.02,0.8882,excellent,33,0,100.0,33.93,18.29,49.84,High,High Risk,86.34,63.9,69.08,69.09,75.62,87.27,71.07,58.17,0,None,0
STU0403,2024,9,moderate,68.69,136,198,73.4,13.85,24.3,100.0,105,10.9,science_oriented,1,0,1,0,0.5897,0.5217,0.6769,0.6584,0.6667,100.17,0.8882,excellent,30,2,100.0,33.84,18.14,49.76,High,High Risk,86.26,65.38,72.97,72.48,74.18,85.58,71.76,59.93,1,Mentoring Program,1
STU0403,2025,10,moderate,67.36,130,193,74.46,13.74,34.7,100.0,105,10.9,science_oriented,1,0,1,0,0.5969,0.5145,0.6735,0.6584,0.6667,83.93,0.8882,excellent,30,2,100.0,33.28,18.26,49.54,High,High Risk,89.06,67.33,69.9,73.85,77.95,84.9,73.73,60.91,1,Tutoring,0
STU0404,2023,8,moderate,63.5,127,200,50.66,17.15,7.9,95.9,110,9.7,language_oriented,0,0,2,3,0.538,0.4281,0.6154,0.686,0.6667,42.38,0.4815,good,48,4,100.0,82.97,25.54,73.72,High,High Risk,29.92,64.48,44.29,54.66,60.96,40.4,40.47,72.16,0,None,0
STU0404,2024,9,moderate,61.62,122,198,52.4,17.38,7.5,99.1,110,9.7,language_oriented,0,0,2,3,0.5385,0.4286,0.6154,0.686,0.6667,62.33,0.4815,good,38,1,100.0,82.27,25.54,73.41,High,High Risk,30.93,67.14,45.85,56.54,61.21,40.07,42.36,74.58,1,Counseling,1
STU0404,2025,10,moderate,63.73,123,193,54.68,16.8,7.0,100.0,110,9.7,language_oriented,0,0,2,3,0.5349,0.4261,0.6158,0.686,0.6667,64.07,0.4815,good,44,7,100.0,81.43,25.56,73.03,High,High Risk,33.82,68.61,49.52,57.69,62.34,44.44,45.23,75.46,1,Counseling,1
STU0405,2023,8,good,80.5,161,200,86.41,12.44,43.9,100.0,117,14.8,science_oriented,0,0,0,1,0.9228,0.8148,0.9846,0.807,0.6667,73.88,0.8371,good,19,4,70.65,14.98,8.39,30.03,Medium,Medium Risk,96.91,75.35,88.98,87.38,94.48,89.49,91.99,68.8,0,None,0
STU0405,2024,9,good,73.74,146,198,88.75,12.13,34.1,100.0,117,14.8,science_oriented,0,0,1,0,0.9231,0.8056,0.9846,0.807,0.6667,131.05,0.8371,good,27,5,99.38,21.04,8.48,41.4,Medium,Medium Risk,97.52,78.69,91.37,91.3,96.19,92.61,94.0,70.37,0,None,0
STU0405,2025,10,good,72.02,139,193,90.19,10.83,44.5,100.0,117,14.8,science_oriented,0,0,0,1,0.9209,0.8098,0.9842,0.807,0.6667,94.43,0.8371,good,32,3,100.0,13.51,8.44,38.19,Medium,Medium Risk,97.51,81.74,92.84,93.37,96.69,92.81,94.53,74.67,0,None,0
STU0406,2023,8,good,81.5,163,200,88.75,10.71,49.3,100.0,128,11.3,balanced,1,0,0,1,0.8119,0.6211,0.9129,0.8306,0.6667,92.38,0.95,average,29,3,99.95,16.26,9.23,39.61,Medium,Medium Risk,86.45,77.94,86.15,93.25,86.88,85.82,94.75,97.01,0,None,0
STU0406,2024,9,good,79.8,158,198,89.92,9.91,51.0,100.0,128,11.3,balanced,1,0,0,0,0.8205,0.625,0.9077,0.8306,0.6667,117.65,0.95,average,26,2,92.14,7.62,9.27,33.39,Medium,Medium Risk,86.67,80.01,88.66,94.43,88.32,87.75,95.32,96.78,0,None,0
STU0406,2025,10,good,75.65,146,193,91.27,8.92,54.5,100.0,128,11.3,balanced,1,0,0,0,0.8155,0.6236,0.9107,0.8306,0.6667,176.87,0.95,average,31,2,100.0,7.18,9.24,35.54,Medium,Medium Risk,91.88,83.74,88.22,95.16,89.72,88.43,96.45,97.58,1,Study Group,1
STU0407,2023,8,irregular,47.5,95,200,33.75,15.62,6.7,91.7,117,6.5,language_oriented,1,1,7,2,0.3076,0.2512,0.3592,0.3697,0.3333,59.47,0.5529,good,65,2,100.0,100.0,76.41,94.1,High,High Risk,31.78,58.9,22.43,43.5,29.79,21.72,27.41,36.45,0,None,0
STU0407,2024,9,irregular,47.98,95,198,38.33,16.3,5.3,89.7,117,6.5,language_oriented,1,1,4,5,0.3077,0.25,0.3538,0.3697,0.3333,49.6,0.5529,good,52,2,100.0,100.0,76.5,94.13,High,High Risk,35.1,62.15,27.75,49.05,35.11,25.17,30.24,43.48,1,Tutoring,1
STU0407,2025,10,irregular,49.22,95,193,41.51,15.54,6.8,97.4,117,6.5,language_oriented,1,1,3,5,0.307,0.2576,0.3581,0.3697,0.3333,59.27,0.5529,good,51,2,100.0,100.0,76.37,94.09,High,High Risk,43.13,64.31,30.21,51.43,38.87,29.3,35.9,44.21,0,None,0
STU0408,2023,8,excellent,86.0,172,200,96.88,3.86,58.1,100.0,135,14.4,science_oriented,1,0,0,0,0.7954,0.6557,0.8309,0.6496,0.6667,93.32,0.8284,below_average,24,5,81.8,5.34,15.56,30.83,Low,Low Risk,94.76,97.07,97.55,95.56,97.63,97.65,97.92,95.92,0,None,0
STU0408,2024,9,excellent,83.84,166,198,97.45,2.94,69.5,100.0,135,14.4,science_oriented,1,0,0,0,0.7949,0.6452,0.8308,0.6496,0.6667,133.82,0.8284,below_average,26,9,89.31,5.12,15.67,33.02,Medium,Medium Risk,96.46,97.63,98.14,96.28,97.92,97.88,98.15,96.66,0,None,0
STU0408,2025,10,excellent,91.71,177,193,97.47,2.72,70.7,100.0,135,14.4,science_oriented,1,0,0,0,0.7984,0.6485,0.8316,0.6496,0.6667,129.5,0.8284,below_average,12,8,41.8,5.05,15.62,18.72,Low,Low Risk,96.84,97.49,98.14,97.02,97.48,97.88,97.95,96.63,0,None,0
STU0409,2023,8,good,78.0,156,200,96.23,4.41,65.5,100.0,108,20.4,balanced,0,0,0,0,0.8891,0.8078,0.918,0.745,0.6667,144.17,0.95,good,28,1,99.4,3.73,9.0,33.75,Medium,Medium Risk,96.68,96.52,97.28,97.25,97.45,93.4,95.84,96.53,0,None,0
STU0409,2024,9,good,77.78,154,198,96.5,3.94,60.7,100.0,108,20.4,balanced,0,0,0,0,0.8974,0.8,0.9231,0.745,0.6667,173.45,0.95,good,25,0,90.56,3.45,9.0,30.97,Medium,Medium Risk,96.52,97.06,97.74,97.36,97.21,94.49,95.52,97.3,1,Academic Advising,1
STU0409,2025,10,good,75.65,146,193,97.07,3.2,71.9,100.0,108,20.4,balanced,0,0,0,0,0.8946,0.8042,0.9209,0.745,0.6667,134.23,0.95,good,30,2,100.0,3.28,8.99,33.72,Medium,Medium Risk,96.71,97.53,97.25,97.9,97.79,96.62,96.0,97.22,0,None,0
STU0410,2023,8,moderate,56.5,113,200,75.64,15.53,29.1,100.0,101,8.0,language_oriented,1,0,1,0,0.6409,0.4799,0.7335,0.5919,0.3333,82.78,0.7926,excellent,50,0,100.0,31.93,20.47,49.48,High,High Risk,93.07,84.47,70.6,82.27,70.54,55.89,73.63,84.36,0,None,0
STU0410,2024,9,moderate,57.58,114,198,76.93,15.48,34.5,100.0,101,8.0,language_oriented,1,0,1,0,0.641,0.48,0.7385,0.5919,0.3333,85.62,0.7926,excellent,44,1,100.0,31.41,20.39,49.23,High,High Risk,94.58,85.45,72.67,84.37,71.57,57.34,74.3,85.13,1,Parent Meeting,1
STU0410,2025,10,moderate,62.69,121,193,78.99,15.46,25.6,100.0,101,8.0,language_oriented,1,0,1,0,0.6403,0.4794,0.7368,0.5919,0.3333,70.35,0.7926,excellent,36,0,100.0,30.6,20.43,48.88,High,High Risk,94.87,88.37,76.85,86.85,72.41,57.32,77.72,87.56,1,Study Skills Workshop,0
STU0411,2023,8,good,80.5,161,200,89.32,11.3,48.7,100.0,106,20.4,language_oriented,0,0,0,1,0.8291,0.7532,0.8974,0.7488,0.6667,144.58,0.6999,below_average,29,5,100.0,15.69,13.53,40.44,Medium,Medium Risk,96.61,96.73,88.83,97.32,89.25,73.64,84.39,97.58,0,None,0
STU0411,2024,9,good,78.79,156,198,91.25,10.2,51.1,100.0,106,20.4,language_oriented,0,0,0,0,0.8205,0.75,0.8923,0.7488,0.6667,165.22,0.6999,below_average,29,2,100.0,7.09,13.64,36.6,Medium,Medium Risk,97.47,97.39,92.3,97.78,92.13,76.16,87.12,97.67,1,Study Group,1
STU0411,2025,10,good,72.54,140,193,91.95,9.35,46.5,100.0,106,20.4,language_oriented,0,0,0,1,0.8248,0.7556,0.8949,0.7488,0.6667,114.3,0.6999,below_average,45,2,100.0,14.72,13.55,40.01,Medium,Medium Risk,97.0,97.21,93.46,97.03,92.29,78.33,89.77,98.17,1,Study Group,0
STU0412,2023,8,good,68.5,137,200,73.64,17.11,21.7,100.0,88,14.5,practical,0,0,1,0,0.6072,0.5357,0.6871,0.7692,0.6667,94.0,0.879,good,41,2,100.0,33.4,15.77,48.97,High,High Risk,70.66,50.56,92.18,60.7,73.54,69.52,91.57,77.05,0,None,0
STU0412,2024,9,good,73.74,146,198,76.16,17.02,22.2,100.0,88,14.5,practical,0,0,1,0,0.6154,0.5417,0.6923,0.7692,0.6667,161.53,0.879,good,28,3,100.0,32.23,15.63,48.41,Medium,Medium Risk,75.79,52.2,94.28,64.5,77.52,71.01,93.67,80.79,1,Counseling,0
STU0412,2025,10,good,72.02,139,193,79.03,16.35,17.8,100.0,88,14.5,practical,0,0,1,0,0.614,0.5429,0.6893,0.7692,0.6667,79.23,0.879,good,36,3,100.0,31.11,15.66,47.91,Medium,Medium Risk,76.71,55.07,94.8,68.72,80.08,76.05,94.46,84.22,1,Study Group,0
STU0413,2023,8,excellent,87.5,175,200,97.38,2.67,77.2,100.0,126,20.4,science_oriented,0,0,0,0,0.9743,0.8597,0.9846,0.7502,0.6667,88.28,0.9023,excellent,12,2,44.75,1.56,8.1,16.15,Low,Low Risk,97.69,97.14,97.59,97.98,97.37,95.78,98.11,97.88,0,None,0
STU0413,2024,9,excellent,89.9,178,198,97.36,2.68,75.4,100.0,126,20.4,science_oriented,0,0,0,0,0.9744,0.8684,0.9846,0.7502,0.6667,85.35,0.9023,excellent,10,1,37.07,1.57,8.01,13.83,Low,Low Risk,97.82,97.32,97.87,97.68,97.93,95.44,97.96,97.6,0,None,0
STU0413,2025,10,excellent,83.42,161,193,97.6,2.17,81.3,100.0,126,20.4,science_oriented,0,0,0,0,0.9736,0.8647,0.9842,0.7502,0.6667,82.7,0.9023,excellent,14,4,53.61,1.49,8.05,18.76,Medium,Medium Risk,97.83,97.29,97.76,97.72,97.88,96.8,97.88,97.97,0,None,0
STU0414,2023,8,excellent,89.5,179,200,96.8,3.86,72.0,100.0,121,20.3,science_oriented,0,0,0,0,0.8291,0.68,0.9228,0.7077,0.3333,136.42,0.8998,average,13,4,46.35,4.7,11.71,18.95,Low,Low Risk,97.66,93.53,97.95,97.8,97.76,97.17,97.87,94.99,0,None,0
STU0414,2024,9,excellent,82.32,163,198,96.86,4.2,63.8,100.0,121,20.3,science_oriented,0,0,0,0,0.8205,0.6875,0.9231,0.7077,0.3333,153.82,0.8998,average,27,1,93.37,4.84,11.63,33.1,Medium,Medium Risk,97.93,91.76,98.08,97.54,97.82,97.72,97.75,96.08,0,None,0
STU0414,2025,10,excellent,84.46,163,193,97.33,2.86,69.8,100.0,121,20.3,science_oriented,0,0,0,0,0.8248,0.6806,0.9209,0.7077,0.3333,121.8,0.8998,average,22,4,76.88,4.57,11.73,28.05,Medium,Medium Risk,98.05,95.49,97.52,97.55,97.68,97.58,97.99,96.87,0,None,0
STU0415,2023,8,good,67.0,134,200,85.84,13.15,32.5,100.0,102,16.1,science_oriented,1,0,1,0,0.7861,0.6415,0.8357,0.7974,0.6667,111.7,0.95,good,33,1,100.0,24.94,10.85,43.94,High,High Risk,94.21,70.75,88.82,86.94,92.52,89.44,94.62,71.42,0,None,0
STU0415,2024,9,good,72.73,144,198,87.92,11.9,48.1,100.0,102,16.1,science_oriented,1,0,0,1,0.7949,0.6452,0.8308,0.7974,0.6667,83.0,0.95,good,34,2,100.0,16.93,10.89,40.34,Medium,Medium Risk,94.39,71.72,91.75,90.26,93.18,90.51,94.93,76.93,1,Counseling,1
STU0415,2025,10,good,73.06,141,193,89.49,11.46,46.7,100.0,102,16.1,science_oriented,1,0,0,1,0.7892,0.6444,0.8316,0.7974,0.6667,81.82,0.95,good,27,0,99.86,16.42,10.88,40.07,Medium,Medium Risk,96.08,73.93,93.73,91.72,94.76,92.64,95.32,77.2,0,None,0
STU0416,2023,8,good,79.0,158,200,65.77,15.78,17.2,100.0,101,7.7,science_oriented,0,0,1,2,0.6924,0.5929,0.7489,0.6803,0.6667,146.73,0.8115,excellent,17,0,65.7,50.84,37.06,51.85,Medium,Medium Risk,76.37,48.95,76.84,63.98,64.29,71.6,77.49,45.82,0,None,0
STU0416,2024,9,good,73.74,146,198,66.53,16.0,20.9,100.0,101,7.7,science_oriented,0,0,1,1,0.6923,0.5926,0.7538,0.6803,0.6667,131.72,0.8115,excellent,26,0,96.38,42.54,36.99,57.31,Medium,Medium Risk,79.91,50.19,78.67,65.11,67.08,72.31,75.97,46.84,1,Academic Advising,0
STU0416,2025,10,good,75.65,146,193,68.11,15.9,15.3,100.0,101,7.7,science_oriented,0,0,1,1,0.693,0.5951,0.7526,0.6803,0.6667,149.77,0.8115,excellent,22,0,83.05,41.9,36.98,53.01,Medium,Medium Risk,82.21,53.98,78.3,67.6,66.8,73.09,77.36,48.56,0,None,0
STU0417,2023,8,irregular,57.5,115,200,71.01,13.68,31.2,100.0,128,8.8,balanced,0,0,1,0,0.7346,0.6621,0.8309,0.8738,0.6667,24.47,0.5269,below_average,61,7,100.0,31.9,15.53,48.24,High,High Risk,86.9,68.36,77.74,77.43,68.33,71.09,69.89,53.67,0,None,0
STU0417,2024,9,irregular,57.58,114,198,74.31,13.82,35.6,100.0,128,8.8,balanced,0,0,0,1,0.7436,0.6552,0.8308,0.8738,0.6667,26.68,0.5269,below_average,75,4,100.0,23.4,15.61,44.43,High,High Risk,90.67,71.25,83.18,81.66,69.92,75.8,71.97,57.87,1,Study Skills Workshop,1
STU0417,2025,10,irregular,36.79,71,193,78.06,13.39,36.3,100.0,128,8.8,balanced,0,0,0,1,0.7365,0.6547,0.8316,0.8738,0.6667,36.12,0.5269,below_average,96,4,100.0,22.05,15.6,43.82,High,High Risk,91.62,75.52,86.53,86.56,76.09,77.05,75.7,62.12,1,Study Skills Workshop,0
STU0418,2023,8,moderate,66.5,133,200,46.13,13.68,9.8,82.1,87,8.4,balanced,0,0,3,4,0.4442,0.3851,0.5335,0.6516,0.3333,94.97,0.7025,good,42,2,100.0,100.0,24.58,81.14,High,High Risk,33.85,49.99,51.8,38.04,54.42,59.59,42.06,33.03,0,None,0
STU0418,2024,9,moderate,72.22,143,198,50.0,14.13,6.0,90.0,87,8.4,balanced,0,0,1,4,0.4359,0.4118,0.5385,0.6516,0.3333,45.83,0.7025,good,31,3,100.0,78.28,24.23,71.28,High,High Risk,38.74,55.3,53.99,42.63,57.01,65.05,46.73,35.89,1,Study Skills Workshop,1
STU0418,2025,10,moderate,68.91,133,193,53.23,13.8,8.4,93.5,87,8.4,balanced,0,0,1,4,0.4387,0.3995,0.5368,0.6516,0.3333,54.43,0.7025,good,40,1,100.0,76.93,24.38,70.72,High,High Risk,43.08,57.28,59.23,47.01,60.62,66.02,47.92,39.51,1,Mentoring Program,1
STU0419,2023,8,moderate,62.5,125,200,60.21,14.92,17.0,98.1,101,9.2,balanced,0,0,1,2,0.6667,0.6158,0.7129,0.6983,0.6667,61.08,0.6394,good,40,1,100.0,53.58,19.59,59.01,High,High Risk,77.4,55.21,72.68,49.01,68.14,45.14,62.73,60.04,0,None,0
STU0419,2024,9,moderate,63.64,126,198,63.02,14.97,19.2,100.0,101,9.2,balanced,0,0,1,1,0.6667,0.6154,0.7077,0.6983,0.6667,82.1,0.6394,good,48,3,100.0,44.46,19.67,54.92,High,High Risk,78.18,57.51,74.98,50.22,70.38,48.69,66.77,64.22,1,Tutoring,1
STU0419,2025,10,moderate,57.51,111,193,64.28,15.54,20.3,100.0,101,9.2,balanced,0,0,1,1,0.6667,0.6186,0.7107,0.6983,0.6667,52.55,0.6394,good,55,1,100.0,43.95,19.6,54.68,High,High Risk,79.54,57.61,77.75,50.0,71.93,49.24,70.32,64.54,0,None,0
STU0420,2023,8,excellent,85.5,171,200,86.77,10.7,44.6,100.0,103,15.4,balanced,1,0,0,1,0.7261,0.6118,0.8,0.7083,0.6667,96.52,0.8493,average,20,6,70.15,18.77,14.98,33.24,Low,Low Risk,86.9,94.62,79.19,89.85,87.28,84.89,80.65,91.8,0,None,0
STU0420,2024,9,excellent,83.33,165,198,88.78,10.16,50.5,100.0,103,15.4,balanced,1,0,0,0,0.7179,0.6071,0.8,0.7083,0.6667,113.78,0.8493,average,25,5,86.67,10.13,15.02,34.32,Medium,Medium Risk,90.14,95.25,79.86,90.31,91.03,87.75,83.56,91.97,0,None,0
STU0420,2025,10,excellent,87.05,168,193,90.14,9.48,49.9,100.0,103,15.4,balanced,1,0,0,1,0.7194,0.6099,0.8,0.7083,0.6667,131.18,0.8493,average,15,7,54.07,17.56,15.0,27.87,Low,Low Risk,91.77,96.11,82.75,93.21,91.45,87.42,86.07,93.51,0,None,0
STU0421,2023,8,excellent,86.0,172,200,86.44,13.36,42.8,100.0,98,20.3,science_oriented,0,1,0,1,0.7954,0.7527,0.882,0.7193,0.6667,89.45,0.7954,poor,23,9,78.8,17.52,32.93,39.75,Medium,Medium Risk,68.85,74.71,92.99,91.63,97.47,96.56,87.07,77.94,0,None,0
STU0421,2024,9,excellent,86.36,171,198,88.86,11.36,48.7,100.0,98,20.3,science_oriented,0,1,0,1,0.7949,0.7419,0.8769,0.7193,0.6667,84.88,0.7954,poor,25,2,84.55,16.56,33.11,41.09,Medium,Medium Risk,74.95,76.96,95.12,94.8,97.3,96.98,88.47,82.15,0,None,0
STU0421,2025,10,excellent,82.38,159,193,90.15,10.92,48.7,100.0,98,20.3,science_oriented,0,1,0,1,0.7984,0.7475,0.8791,0.7193,0.6667,86.45,0.7954,poor,29,5,99.33,15.97,33.02,45.24,Medium,Medium Risk,76.29,80.24,95.07,95.7,97.29,97.36,91.64,84.39,1,Study Group,1
STU0422,2023,8,good,77.5,155,200,78.33,13.13,33.8,100.0,94,8.6,balanced,1,0,1,0,0.6667,0.602,0.7073,0.8277,0.6667,123.75,0.8282,good,28,2,99.75,30.33,14.39,47.17,Medium,Medium Risk,73.5,75.71,81.09,75.27,94.92,63.54,86.46,78.99,0,None,0
STU0422,2024,9,good,74.75,148,198,80.31,13.1,39.8,100.0,94,8.6,balanced,1,0,0,1,0.6667,0.6154,0.7077,0.8277,0.6667,144.12,0.8282,good,27,1,98.68,22.54,14.25,43.31,Medium,Medium Risk,75.7,78.55,83.55,76.07,95.3,65.77,89.07,80.04,0,None,0
STU0422,2025,10,good,75.13,145,193,81.77,12.19,44.6,100.0,94,8.6,balanced,1,0,0,1,0.6667,0.6047,0.7051,0.8277,0.6667,78.82,0.8282,good,28,3,100.0,21.96,14.4,43.48,Medium,Medium Risk,80.17,80.41,85.02,79.03,95.65,68.9,89.67,79.14,0,None,0
STU0423,2023,8,excellent,82.5,165,200,86.09,10.74,51.4,100.0,122,14.0,balanced,0,0,0,0,0.8376,0.7446,0.8871,0.7538,0.6667,88.38,0.7502,excellent,14,0,54.25,8.81,12.92,23.47,Medium,Medium Risk,97.28,84.27,88.72,88.67,86.99,75.94,83.08,90.15,0,None,0
STU0423,2024,9,excellent,78.79,156,198,86.44,10.77,51.6,100.0,122,14.0,balanced,0,0,0,0,0.8462,0.7576,0.8923,0.7538,0.6667,119.5,0.7502,excellent,20,2,74.85,8.5,12.71,29.46,Medium,Medium Risk,97.81,85.18,88.27,88.23,87.91,77.29,83.47,90.22,1,Parent Meeting,0
STU0423,2025,10,excellent,84.97,164,193,86.77,10.36,47.3,100.0,122,14.0,balanced,0,0,0,1,0.8419,0.7495,0.8893,0.7538,0.6667,174.82,0.7502,excellent,15,1,55.52,16.45,12.84,27.27,Medium,Medium Risk,97.61,85.49,89.9,89.36,89.62,78.14,83.27,88.63,0,None,0
STU0424,2023,8,excellent,90.5,181,200,96.59,4.37,62.4,100.0,124,17.4,science_oriented,0,0,0,0,0.8713,0.6765,0.8871,0.731,0.6667,156.65,0.95,good,10,3,36.65,3.94,11.06,15.53,Low,Low Risk,97.71,95.84,91.84,96.76,97.69,96.48,98.01,97.73,0,None,0
STU0424,2024,9,excellent,88.38,175,198,97.13,3.28,70.5,100.0,124,17.4,science_oriented,0,0,0,0,0.8718,0.6765,0.8923,0.731,0.6667,96.77,0.95,good,15,3,53.13,3.71,10.98,20.36,Low,Low Risk,97.79,95.68,94.82,96.97,97.66,97.56,97.93,98.14,0,None,0
STU0424,2025,10,excellent,87.56,169,193,97.46,2.81,70.5,100.0,124,17.4,science_oriented,0,0,0,0,0.8682,0.6768,0.8893,0.731,0.6667,155.5,0.95,good,12,3,44.7,3.65,11.02,17.81,Low,Low Risk,97.76,97.66,94.93,97.45,97.86,97.43,98.04,98.24,0,None,0
STU0425,2023,8,moderate,71.0,142,200,63.45,14.15,22.8,100.0,107,8.7,science_oriented,1,0,1,0,0.5043,0.3899,0.5691,0.6923,0.6667,101.38,0.839,average,37,1,100.0,39.53,21.13,53.07,Medium,Medium Risk,55.31,51.36,57.59,57.03,71.43,65.37,63.5,83.2,0,None,0
STU0425,2024,9,moderate,61.11,121,198,66.42,14.42,24.6,100.0,107,8.7,science_oriented,1,0,1,0,0.5128,0.4,0.5692,0.6923,0.6667,77.6,0.839,average,46,1,100.0,38.18,21.03,52.44,High,High Risk,56.79,53.53,60.9,59.02,74.38,67.45,68.19,86.46,0,None,0
STU0425,2025,10,moderate,68.91,133,193,69.15,14.62,30.3,100.0,107,8.7,science_oriented,1,0,1,0,0.5085,0.3963,0.5684,0.6923,0.6667,99.52,0.839,average,37,4,100.0,37.17,21.08,52.0,High,High Risk,62.22,58.8,61.72,58.6,76.81,70.7,70.49,89.13,0,None,0
STU0426,2023,8,good,74.0,148,200,94.69,6.61,60.8,100.0,114,10.1,science_oriented,1,0,0,0,0.9485,0.7926,0.9846,0.8621,0.6667,128.6,0.8053,excellent,30,1,100.0,3.15,7.98,33.41,Medium,Medium Risk,83.91,95.33,95.36,93.62,97.28,96.63,97.44,93.93,0,None,0
STU0426,2024,9,good,74.75,148,198,95.31,6.07,57.9,100.0,114,10.1,science_oriented,1,0,0,0,0.9487,0.7838,0.9846,0.8621,0.6667,85.53,0.8053,excellent,29,1,100.0,2.9,8.07,33.32,Medium,Medium Risk,86.52,95.5,95.31,95.34,97.24,96.39,97.83,95.05,0,None,0
STU0426,2025,10,good,77.72,150,193,95.72,5.63,58.3,100.0,114,10.1,science_oriented,1,0,0,0,0.9473,0.7872,0.9842,0.8621,0.6667,117.35,0.8053,excellent,25,2,90.6,2.77,8.04,30.43,Medium,Medium Risk,87.26,95.34,96.43,96.52,97.5,96.58,97.47,95.91,1,Study Group,0
STU0427,2023,8,excellent,84.5,169,200,97.74,1.94,83.4,100.0,129,20.5,language_oriented,0,0,0,0,0.8805,0.6799,0.9129,0.677,0.3333,120.87,0.95,poor,27,5,91.85,3.29,11.72,31.97,Medium,Medium Risk,97.75,97.88,97.78,97.66,98.04,97.54,97.54,97.85,0,None,0
STU0427,2024,9,excellent,87.88,174,198,97.82,1.76,91.8,100.0,129,20.5,language_oriented,0,0,0,0,0.8718,0.6765,0.9077,0.677,0.3333,119.77,0.95,poor,22,10,74.48,3.43,11.83,26.85,Low,Low Risk,97.83,97.68,97.85,98.17,97.7,97.86,97.71,97.85,0,None,0
STU0427,2025,10,excellent,89.12,172,193,97.86,1.72,91.1,100.0,129,20.5,language_oriented,0,0,0,0,0.8775,0.6801,0.9107,0.677,0.3333,154.32,0.95,poor,19,13,64.62,3.3,11.75,23.81,Low,Low Risk,97.72,97.97,97.71,98.04,98.1,97.72,97.96,97.69,0,None,0
STU0428,2023,8,excellent,86.0,172,200,91.56,8.73,55.6,100.0,108,20.6,balanced,1,0,0,0,0.897,0.7807,0.9026,0.7643,0.6667,173.02,0.95,good,17,6,60.8,5.44,9.12,22.97,Low,Low Risk,97.37,91.88,94.34,85.68,85.95,94.46,93.44,89.03,0,None,0
STU0428,2024,9,excellent,90.4,179,198,91.75,8.67,47.4,100.0,108,20.6,balanced,1,0,0,1,0.8974,0.7714,0.9077,0.7643,0.6667,79.93,0.95,good,11,5,39.72,13.35,9.13,20.21,Low,Low Risk,97.52,91.66,93.6,85.83,83.25,94.87,94.19,90.67,0,None,0
STU0428,2025,10,excellent,86.01,166,193,92.03,8.43,62.7,100.0,108,20.6,balanced,1,0,0,0,0.8946,0.7747,0.9051,0.7643,0.6667,152.52,0.95,good,16,4,57.79,5.3,9.14,22.01,Low,Low Risk,97.68,92.39,94.25,86.56,85.7,94.89,95.14,89.12,0,None,0
STU0429,2023,8,excellent,80.0,160,200,90.08,9.47,51.1,100.0,113,15.6,balanced,0,0,0,0,0.9148,0.7569,0.9846,0.7419,0.6667,94.75,0.95,good,25,0,89.0,5.67,8.58,31.4,Medium,Medium Risk,95.32,95.16,94.91,92.75,92.97,84.47,85.95,84.75,0,None,0
STU0429,2024,9,excellent,80.3,159,198,92.16,8.37,53.4,100.0,113,15.6,balanced,0,0,0,0,0.9231,0.75,0.9846,0.7419,0.6667,118.17,0.95,good,23,3,82.79,4.67,8.64,29.1,Medium,Medium Risk,96.4,96.56,97.22,93.96,94.81,88.44,87.77,85.94,0,None,0
STU0429,2025,10,excellent,85.49,165,193,93.19,7.48,60.4,100.0,113,15.6,balanced,0,0,0,0,0.9209,0.7525,0.9842,0.7419,0.6667,111.47,0.95,good,18,2,64.16,4.31,8.62,23.34,Low,Low Risk,96.89,96.32,97.04,96.13,95.74,88.63,89.95,88.83,1,Academic Advising,1
STU0430,2023,8,good,73.5,147,200,59.94,15.79,14.6,100.0,112,6.7,balanced,1,0,1,2,0.5472,0.4682,0.5691,0.7207,0.6667,86.17,0.5288,average,35,1,100.0,56.08,44.43,66.34,High,High Risk,59.26,64.95,37.27,82.47,47.56,56.76,71.78,58.1,0,None,0
STU0430,2024,9,good,81.31,161,198,63.78,16.23,20.3,100.0,112,6.7,balanced,1,0,1,1,0.5385,0.4762,0.5692,0.7207,0.6667,129.47,0.5288,average,25,2,88.08,46.72,44.35,58.53,Medium,Medium Risk,62.25,72.55,39.95,85.46,50.5,62.11,72.93,61.38,1,Counseling,1
STU0430,2025,10,good,79.27,153,193,65.85,15.82,19.5,100.0,112,6.7,balanced,1,0,1,1,0.5442,0.4675,0.5684,0.7207,0.6667,78.28,0.5288,average,28,1,98.51,45.78,44.45,61.26,High,High Risk,64.86,74.04,44.94,89.06,52.21,64.28,74.33,63.67,0,None,0
STU0431,2023,8,at-risk,39.5,79,200,36.63,14.84,5.6,87.2,103,5.1,balanced,1,0,5,4,0.2818,0.1828,0.3026,0.3299,0.3333,10.57,0.2887,average,75,4,100.0,100.0,62.7,90.68,High,High Risk,29.14,59.46,28.46,17.95,35.59,42.8,34.67,37.42,0,None,0
STU0431,2024,9,at-risk,26.77,53,198,39.76,14.68,7.4,84.9,103,5.1,balanced,1,0,4,5,0.2821,0.1818,0.3077,0.3299,0.3333,31.2,0.2887,average,112,5,100.0,100.0,62.64,90.66,High,High Risk,32.51,61.88,31.64,20.46,39.93,44.64,38.81,41.24,1,Study Skills Workshop,1
STU0431,2025,10,at-risk,45.6,88,193,43.23,15.3,5.5,95.4,103,5.1,balanced,1,0,2,7,0.2806,0.1879,0.3051,0.3299,0.3333,15.15,0.2887,average,65,3,100.0,100.0,62.62,90.65,High,High Risk,35.8,66.88,35.65,23.25,44.55,48.87,41.94,42.98,1,Tutoring,0
STU0432,2023,8,moderate,64.0,128,200,38.58,13.17,6.7,76.3,73,11.3,balanced,0,0,4,6,0.4957,0.3794,0.6,0.5795,0.6667,43.77,0.6391,poor,68,5,100.0,100.0,26.03,81.51,High,High Risk,29.2,25.63,47.5,49.93,40.83,32.36,38.41,47.71,0,None,0
STU0432,2024,9,moderate,65.15,129,198,40.02,13.09,7.9,78.7,73,11.3,balanced,0,0,4,4,0.4872,0.3684,0.6,0.5795,0.6667,93.72,0.6391,poor,56,4,100.0,100.0,26.14,81.54,High,High Risk,31.49,28.21,47.86,50.91,43.2,31.3,39.22,50.15,1,Tutoring,1
STU0432,2025,10,moderate,59.59,115,193,40.37,13.13,6.2,77.2,73,11.3,balanced,0,0,4,4,0.4915,0.3752,0.6,0.5795,0.6667,65.18,0.6391,poor,65,3,100.0,100.0,26.07,81.52,High,High Risk,30.61,29.36,50.73,52.21,44.04,32.41,40.63,48.4,0,None,0
STU0433,2023,8,irregular,51.5,103,200,55.58,17.12,8.8,98.2,103,3.7,practical,0,0,2,1,0.6152,0.5267,0.682,0.4442,0.3333,50.25,0.5973,good,55,2,100.0,63.46,46.66,70.22,High,High Risk,54.5,28.31,74.82,42.48,61.15,61.71,66.41,54.06,0,None,0
STU0433,2024,9,irregular,54.55,108,198,60.11,17.4,8.7,99.6,103,3.7,practical,0,0,2,1,0.6154,0.5417,0.6769,0.4442,0.3333,25.48,0.5973,good,45,1,100.0,61.65,46.59,69.39,High,High Risk,62.45,32.37,79.27,45.96,64.75,65.85,70.77,56.98,1,Mentoring Program,1
STU0433,2025,10,irregular,50.78,98,193,64.76,17.63,9.3,100.0,103,3.7,practical,0,0,1,2,0.614,0.5278,0.6791,0.4442,0.3333,37.25,0.5973,good,50,1,100.0,52.82,46.69,65.44,High,High Risk,66.99,36.46,83.64,48.67,71.15,69.68,75.94,64.4,1,Counseling,1
STU0434,2023,8,excellent,85.5,171,200,91.28,8.51,56.1,100.0,106,20.3,balanced,1,0,0,0,0.8713,0.7249,0.9691,0.7828,0.6667,85.38,0.8015,good,14,3,52.15,6.06,10.54,21.01,Low,Low Risk,97.7,97.31,89.53,88.33,88.65,89.75,85.7,94.59,0,None,0
STU0434,2024,9,excellent,91.92,182,198,91.74,8.76,58.6,100.0,106,20.3,balanced,1,0,0,0,0.8718,0.7353,0.9692,0.7828,0.6667,73.32,0.8015,good,9,2,32.66,5.87,10.43,15.04,Low,Low Risk,97.8,97.55,90.09,88.94,87.91,90.48,87.25,95.78,0,None,0
STU0434,2025,10,excellent,84.97,164,193,92.72,7.77,56.8,100.0,106,20.3,balanced,1,0,0,0,0.8682,0.7268,0.9684,0.7828,0.6667,97.47,0.8015,good,19,1,67.52,5.55,10.53,25.38,Medium,Medium Risk,97.67,97.35,91.71,90.32,90.13,92.07,88.53,95.16,0,None,0
STU0435,2023,8,irregular,54.0,108,200,33.09,17.23,4.0,77.9,77,11.4,language_oriented,0,0,6,3,0.3591,0.2611,0.4,0.4424,0.3333,29.92,0.4186,average,58,1,100.0,100.0,36.26,84.07,High,High Risk,41.33,34.0,16.78,48.85,14.55,43.97,16.04,50.13,0,None,0
STU0435,2024,9,irregular,48.48,96,198,34.61,17.89,5.4,85.1,77,11.4,language_oriented,0,0,6,2,0.359,0.2857,0.4,0.4424,0.3333,71.38,0.4186,average,64,2,100.0,100.0,36.02,84.0,High,High Risk,44.32,34.2,16.26,50.67,16.24,45.66,16.66,54.99,1,Counseling,1
STU0435,2025,10,irregular,46.63,90,193,36.35,18.35,4.7,80.3,77,11.4,language_oriented,0,0,4,4,0.3597,0.2674,0.4,0.4424,0.3333,47.18,0.4186,average,70,5,100.0,100.0,36.2,84.05,High,High Risk,45.11,35.87,16.9,56.84,17.08,47.98,18.76,53.9,1,Counseling,1
STU0436,2023,8,moderate,59.5,119,200,48.93,14.43,9.1,91.3,101,4.8,science_oriented,0,0,2,4,0.6152,0.5419,0.6154,0.6227,0.3333,42.48,0.7451,below_average,68,4,100.0,90.13,41.72,80.99,High,High Risk,47.58,63.03,60.89,55.66,54.43,42.59,41.85,32.96,0,None,0
STU0436,2024,9,moderate,65.66,130,198,51.29,15.16,9.8,93.2,101,4.8,science_oriented,0,0,2,2,0.6154,0.5417,0.6154,0.6227,0.3333,39.08,0.7451,below_average,52,4,100.0,73.18,41.72,73.36,High,High Risk,52.23,64.91,65.98,57.69,54.46,45.21,42.22,33.98,1,Counseling,1
STU0436,2025,10,moderate,68.39,132,193,51.97,15.35,6.7,93.4,101,4.8,science_oriented,0,0,2,2,0.614,0.5429,0.6158,0.6227,0.3333,72.57,0.7451,below_average,44,8,100.0,72.93,41.7,73.24,High,High Risk,51.4,66.93,62.3,61.28,57.0,45.61,42.97,34.65,1,Counseling,1
STU0437,2023,8,excellent,84.0,168,200,96.85,3.93,67.0,100.0,112,21.4,science_oriented,0,0,0,0,0.8633,0.7332,0.8974,0.7473,0.6667,113.65,0.95,good,20,3,71.2,3.99,10.01,25.66,Medium,Medium Risk,98.04,96.29,97.45,96.71,97.53,97.53,97.79,93.37,0,None,0
STU0437,2024,9,excellent,84.34,167,198,96.66,4.07,64.9,100.0,112,21.4,science_oriented,0,0,0,0,0.8718,0.7353,0.8923,0.7473,0.6667,134.87,0.95,good,19,2,67.96,3.9,10.07,24.66,Medium,Medium Risk,97.66,95.66,96.99,96.53,97.44,97.2,97.59,94.2,0,None,0
STU0437,2025,10,excellent,88.08,170,193,96.96,3.35,70.7,100.0,112,21.4,science_oriented,0,0,0,0,0.8682,0.7375,0.8949,0.7473,0.6667,176.1,0.95,good,12,2,44.34,3.85,10.01,17.54,Low,Low Risk,97.73,96.32,97.05,96.33,97.76,97.61,97.48,95.28,1,Study Group,1
STU0438,2023,8,at-risk,23.5,47,200,20.57,10.72,4.4,62.8,89,1.0,balanced,1,0,10,0,0.2818,0.1828,0.3129,0.2774,0.0,16.23,0.2735,excellent,62,2,100.0,100.0,63.83,90.96,High,High Risk,20.78,16.37,18.22,15.56,30.03,32.14,14.67,12.52,0,None,0
STU0438,2024,9,at-risk,26.26,52,198,22.49,11.12,4.0,68.1,89,1.0,balanced,1,0,10,0,0.2821,0.1818,0.3077,0.2774,0.0,33.53,0.2735,excellent,83,0,100.0,100.0,63.92,90.98,High,High Risk,24.32,18.76,20.13,15.83,32.57,34.66,18.27,13.7,1,Mentoring Program,1
STU0438,2025,10,at-risk,32.64,63,193,24.65,11.7,4.8,62.2,89,1.0,balanced,1,0,9,1,0.2806,0.1879,0.3107,0.2774,0.0,10.2,0.2735,excellent,75,0,100.0,100.0,63.81,90.95,High,High Risk,26.58,21.88,23.52,19.5,34.39,37.21,18.98,14.01,1,Tutoring,1
STU0439,2023,8,good,81.0,162,200,82.65,11.49,44.0,100.0,119,10.1,science_oriented,0,0,0,1,0.6667,0.5,0.7438,0.6817,0.6667,170.95,0.9203,good,20,0,73.3,21.61,16.41,35.81,Medium,Medium Risk,74.76,83.74,81.9,91.62,89.68,85.41,76.23,77.89,0,None,0
STU0439,2024,9,good,79.29,157,198,83.8,10.72,42.5,100.0,119,10.1,science_oriented,0,0,0,1,0.6667,0.5,0.7385,0.6817,0.6667,166.88,0.9203,good,24,1,86.49,21.15,16.48,39.59,Medium,Medium Risk,76.93,84.85,83.58,91.63,89.86,87.03,78.63,78.65,1,Parent Meeting,1
STU0439,2025,10,good,76.17,147,193,84.79,10.89,47.9,100.0,119,10.1,science_oriented,0,0,0,1,0.6667,0.5,0.7423,0.6817,0.6667,170.9,0.9203,good,29,2,100.0,20.75,16.43,43.44,Medium,Medium Risk,77.97,86.24,84.98,91.96,91.18,88.38,78.05,80.15,1,Parent Meeting,1
STU0440,2023,8,excellent,87.5,175,200,91.16,8.59,53.8,100.0,112,24.7,balanced,0,0,0,0,0.9743,0.8245,0.9846,0.7243,0.6667,179.32,0.7691,excellent,12,1,44.75,4.05,10.96,17.99,Low,Low Risk,95.71,89.26,97.11,94.27,90.37,84.95,89.42,92.66,0,None,0
STU0440,2024,9,excellent,86.36,171,198,92.57,7.99,39.4,100.0,112,24.7,balanced,0,0,0,1,0.9744,0.8158,0.9846,0.7243,0.6667,140.3,0.7691,excellent,12,2,45.55,11.49,11.05,21.59,Low,Low Risk,96.42,91.22,98.06,95.2,92.23,87.49,90.58,93.46,0,None,0
STU0440,2025,10,excellent,87.56,169,193,93.62,7.26,63.4,100.0,112,24.7,balanced,0,0,0,0,0.9736,0.8201,0.9842,0.7243,0.6667,150.27,0.7691,excellent,13,2,47.7,3.08,11.01,18.45,Low,Low Risk,96.85,92.48,97.62,97.16,93.35,89.06,91.25,94.97,0,None,0
STU0441,2023,8,irregular,47.0,94,200,39.01,19.57,7.0,100.0,99,6.4,language_oriented,0,0,4,5,0.367,0.302,0.4253,0.3652,0.3333,48.22,0.6086,average,66,7,100.0,100.0,54.17,88.54,High,High Risk,80.69,45.91,39.92,48.09,21.21,26.37,23.06,46.08,0,None,0
STU0441,2024,9,irregular,46.97,93,198,38.37,19.51,5.7,100.0,99,6.4,language_oriented,0,0,4,5,0.359,0.2857,0.4308,0.3652,0.3333,36.37,0.6086,average,78,2,100.0,100.0,54.25,88.56,High,High Risk,80.59,46.45,36.19,47.54,22.37,23.67,24.67,45.14,0,None,0
STU0441,2025,10,irregular,46.63,90,193,38.55,19.62,6.8,99.3,99,6.4,language_oriented,0,0,4,5,0.3597,0.293,0.4261,0.3652,0.3333,68.95,0.6086,average,64,1,100.0,100.0,54.25,88.56,High,High Risk,79.3,45.6,40.37,46.31,21.23,23.43,23.31,45.33,1,Parent Meeting,0
STU0442,2023,8,good,72.5,145,200,76.89,13.61,32.1,100.0,108,11.9,balanced,0,0,1,0,0.6409,0.5201,0.6974,0.8648,0.6667,81.48,0.8068,average,39,2,100.0,31.43,14.94,47.88,Medium,Medium Risk,88.51,87.14,83.1,70.0,69.85,68.8,69.99,82.93,0,None,0
STU0442,2024,9,good,77.78,154,198,79.42,13.65,28.7,100.0,108,11.9,balanced,0,0,1,0,0.641,0.52,0.6923,0.8648,0.6667,135.47,0.8068,average,31,1,100.0,30.41,15.02,47.44,Medium,Medium Risk,93.08,88.91,85.54,74.8,73.11,70.38,70.02,85.26,0,None,0
STU0442,2025,10,good,70.98,137,193,81.07,13.16,31.2,100.0,108,11.9,balanced,0,0,1,0,0.6403,0.5206,0.6949,0.8648,0.6667,78.85,0.8068,average,34,5,100.0,29.77,14.97,47.14,Medium,Medium Risk,92.65,90.59,88.52,75.2,73.23,72.84,75.18,87.04,1,Academic Advising,1
STU0443,2023,8,good,68.5,137,200,73.35,15.56,22.9,100.0,106,9.2,language_oriented,1,0,1,0,0.6924,0.5558,0.7691,0.7077,0.6667,144.97,0.9241,average,39,2,100.0,31.81,14.89,48.04,High,High Risk,68.82,95.28,51.65,71.93,74.54,70.74,81.22,63.26,0,None,0
STU0443,2024,9,good,76.77,152,198,74.77,14.9,35.0,100.0,106,9.2,language_oriented,1,0,0,1,0.6923,0.5556,0.7692,0.7077,0.6667,159.5,0.9241,average,30,4,100.0,24.24,14.89,44.63,Medium,Medium Risk,71.6,95.51,55.58,75.6,74.88,73.05,82.18,65.71,1,Counseling,1
STU0443,2025,10,good,80.31,155,193,77.09,14.54,33.8,100.0,106,9.2,language_oriented,1,0,1,0,0.693,0.557,0.7684,0.7077,0.6667,160.98,0.9241,average,23,7,82.78,30.3,14.89,42.19,Medium,Medium Risk,73.15,96.16,56.58,78.81,78.65,74.45,84.28,68.47,1,Study Group,1
STU0444,2023,8,good,68.0,136,200,56.6,13.5,16.4,98.1,72,16.8,practical,1,0,1,2,0.6924,0.6416,0.718,0.79,0.6667,163.65,0.5189,good,33,0,100.0,54.51,19.23,59.34,High,High Risk,56.47,43.16,60.34,52.44,70.9,55.87,64.42,47.1,0,None,0
STU0444,2024,9,good,71.72,142,198,58.75,13.9,10.5,99.9,72,16.8,practical,1,0,1,2,0.6923,0.6296,0.7231,0.79,0.6667,90.3,0.5189,good,35,3,100.0,53.65,19.27,58.96,Medium,Medium Risk,59.68,47.41,65.31,53.21,73.99,58.39,65.21,47.42,1,Study Skills Workshop,0
STU0444,2025,10,good,62.18,120,193,61.85,14.04,19.6,100.0,72,16.8,practical,1,0,1,1,0.693,0.6331,0.7209,0.79,0.6667,112.72,0.5189,good,44,1,100.0,44.4,19.27,54.8,High,High Risk,62.64,49.93,66.8,56.56,77.49,60.61,71.66,51.21,0,None,0
STU0445,2023,8,excellent,79.0,158,200,87.68,10.56,47.5,100.0,107,19.6,balanced,1,0,0,1,0.8713,0.7249,0.9537,0.771,0.6667,173.13,0.95,average,32,4,100.0,15.5,8.78,39.17,Medium,Medium Risk,96.66,94.97,86.63,87.04,82.52,81.53,83.28,92.96,0,None,0
STU0445,2024,9,excellent,83.84,166,198,87.75,10.75,46.8,100.0,107,19.6,balanced,1,0,0,1,0.8718,0.7353,0.9538,0.771,0.6667,106.98,0.95,average,24,0,83.31,15.46,8.67,34.12,Medium,Medium Risk,96.48,94.44,86.43,91.04,81.92,80.62,82.81,93.06,1,Study Group,1
STU0445,2025,10,excellent,85.49,165,193,88.78,10.05,50.8,100.0,107,19.6,balanced,1,0,0,0,0.8682,0.7268,0.9526,0.771,0.6667,172.73,0.95,average,21,3,73.16,7.12,8.77,27.35,Low,Low Risk,96.76,96.06,88.71,91.26,82.93,82.06,84.35,92.59,1,Academic Advising,1
STU0446,2023,8,excellent,86.5,173,200,92.58,8.05,60.7,100.0,108,20.7,science_oriented,1,0,0,0,0.7518,0.6936,0.8154,0.6107,0.3333,88.68,0.95,good,17,2,60.45,7.93,14.37,25.3,Low,Low Risk,85.97,95.51,91.38,84.75,95.88,93.84,93.29,96.2,0,None,0
STU0446,2024,9,excellent,86.36,171,198,93.58,7.42,53.2,100.0,108,20.7,science_oriented,1,0,0,0,0.7436,0.6897,0.8154,0.6107,0.3333,179.22,0.95,good,16,5,57.55,7.7,14.41,24.33,Low,Low Risk,86.04,96.2,92.39,87.3,95.99,95.01,95.58,96.19,0,None,0
STU0446,2025,10,excellent,84.97,164,193,94.32,7.14,60.1,100.0,108,20.7,science_oriented,1,0,0,0,0.7457,0.6943,0.8158,0.6107,0.3333,132.95,0.95,good,19,2,67.52,7.36,14.36,27.15,Medium,Medium Risk,89.04,96.15,94.64,89.75,96.35,94.57,95.0,97.27,0,None,0
STU0447,2023,8,good,80.5,161,200,91.39,9.63,50.6,100.0,99,12.5,language_oriented,0,0,0,0,0.8713,0.8038,0.9382,0.7276,0.6667,98.72,0.95,excellent,17,2,64.65,6.02,9.09,24.38,Medium,Medium Risk,97.94,97.44,85.5,96.5,94.79,88.9,81.63,91.64,0,None,0
STU0447,2024,9,good,78.79,156,198,92.45,8.84,42.2,100.0,99,12.5,language_oriented,0,0,0,1,0.8718,0.7941,0.9385,0.7276,0.6667,86.9,0.95,excellent,23,1,83.85,13.58,9.18,33.56,Medium,Medium Risk,97.6,97.48,88.43,97.22,95.67,89.78,82.81,94.18,0,None,0
STU0447,2025,10,good,75.65,146,193,93.4,7.77,55.4,100.0,99,12.5,language_oriented,0,0,0,0,0.8682,0.7982,0.9368,0.7276,0.6667,100.72,0.95,excellent,20,0,77.05,5.27,9.17,27.78,Medium,Medium Risk,97.47,97.74,89.93,97.62,96.05,91.78,84.75,94.94,1,Study Group,1
STU0448,2023,8,moderate,70.0,140,200,62.0,13.73,16.8,99.8,105,9.2,balanced,0,0,1,1,0.5043,0.4243,0.5846,0.5988,0.6667,37.28,0.5025,average,36,2,100.0,48.12,27.47,58.52,Medium,Medium Risk,62.44,65.75,71.52,61.33,48.0,56.21,58.32,76.28,0,None,0
STU0448,2024,9,moderate,68.69,136,198,64.92,13.84,20.3,100.0,105,9.2,balanced,0,0,1,1,0.5128,0.4,0.5846,0.5988,0.6667,38.92,0.5025,average,41,4,100.0,46.78,27.72,57.98,High,High Risk,65.16,69.67,74.49,64.4,48.82,60.65,61.82,75.7,0,None,0
STU0448,2025,10,moderate,60.1,116,193,68.33,13.84,27.1,100.0,105,9.2,balanced,0,0,1,0,0.5085,0.4148,0.5842,0.5988,0.6667,63.1,0.5025,average,55,2,100.0,37.5,27.57,53.77,High,High Risk,68.09,71.52,79.43,67.05,53.16,63.66,65.38,79.91,0,None,0
STU0449,2023,8,excellent,83.0,166,200,94.49,6.61,64.0,100.0,115,19.0,science_oriented,0,0,0,0,0.8633,0.7722,0.882,0.701,0.6667,172.67,0.9114,good,19,0,68.9,4.94,11.36,25.73,Medium,Medium Risk,97.91,95.04,97.72,92.62,96.9,87.6,97.53,93.17,0,None,0
STU0449,2024,9,excellent,80.81,160,198,95.25,6.08,59.8,100.0,115,19.0,science_oriented,0,0,0,0,0.8718,0.7647,0.8769,0.701,0.6667,123.0,0.9114,good,26,5,91.43,4.47,11.51,32.32,Medium,Medium Risk,97.94,96.06,97.73,92.86,97.65,88.61,97.52,95.92,0,None,0
STU0449,2025,10,excellent,84.46,163,193,96.08,4.97,63.7,100.0,115,19.0,science_oriented,0,0,0,0,0.8682,0.7679,0.8791,0.701,0.6667,106.23,0.9114,good,17,4,61.88,4.2,11.44,23.32,Medium,Medium Risk,98.03,96.9,97.95,95.23,97.49,90.73,97.99,96.08,0,None,0
STU0450,2023,8,moderate,60.5,121,200,65.77,14.53,21.5,100.0,82,10.8,balanced,0,0,1,1,0.6667,0.5,0.6717,0.6278,0.6667,51.98,0.5854,average,56,3,100.0,43.36,23.59,55.41,High,High Risk,74.0,72.53,66.41,81.58,67.48,48.26,67.51,58.22,0,None,0
STU0450,2024,9,moderate,66.16,131,198,64.38,14.55,13.5,99.9,82,10.8,balanced,0,0,1,1,0.6667,0.5,0.6769,0.6278,0.6667,80.53,0.5854,average,41,3,100.0,43.91,23.51,55.64,High,High Risk,70.58,71.27,64.88,79.05,67.05,45.52,66.99,57.1,1,Tutoring,1
STU0450,2025,10,moderate,69.43,134,193,64.58,14.31,17.2,100.0,82,10.8,balanced,0,0,1,1,0.6667,0.5,0.6735,0.6278,0.6667,92.95,0.5854,average,47,3,100.0,43.84,23.56,55.62,High,High Risk,71.9,72.51,64.99,80.24,66.84,46.59,65.23,58.02,1,Study Skills Workshop,1
STU0451,2023,8,irregular,52.5,105,200,49.38,16.78,7.0,92.5,96,6.3,language_oriented,0,0,3,2,0.5894,0.5218,0.6309,0.4782,0.3333,51.97,0.4803,average,58,2,100.0,89.46,48.55,82.39,High,High Risk,60.62,61.9,48.01,54.62,54.33,30.75,31.17,64.58,0,None,0
STU0451,2024,9,irregular,47.98,95,198,51.45,16.68,7.5,92.4,96,6.3,language_oriented,0,0,3,0,0.5897,0.5217,0.6308,0.4782,0.3333,47.62,0.4803,average,63,3,100.0,72.63,48.55,74.82,High,High Risk,60.37,64.4,52.56,56.52,55.09,33.06,32.69,68.44,1,Parent Meeting,1
STU0451,2025,10,irregular,56.99,110,193,54.38,16.87,9.7,92.8,96,6.3,language_oriented,0,0,2,1,0.5876,0.5224,0.6316,0.4782,0.3333,44.63,0.4803,average,65,3,100.0,64.49,48.53,71.16,High,High Risk,63.71,67.44,54.08,59.51,59.63,34.73,35.76,70.71,0,None,0
STU0452,2023,8,at-risk,23.5,47,200,16.56,8.39,4.9,44.5,75,5.5,science_oriented,1,0,10,1,0.2818,0.2106,0.3129,0.3272,0.3333,25.13,0.3517,poor,136,9,100.0,100.0,61.38,90.35,High,High Risk,11.76,13.23,12.09,12.03,18.26,21.24,24.93,13.42,0,None,0
STU0452,2024,9,at-risk,18.18,36,198,18.29,9.13,4.6,51.1,75,5.5,science_oriented,1,0,10,0,0.2821,0.1818,0.3077,0.3272,0.3333,23.58,0.3517,poor,137,5,100.0,100.0,61.75,90.44,High,High Risk,13.35,15.6,12.78,12.87,22.75,24.42,25.73,14.85,1,Tutoring,0
STU0452,2025,10,at-risk,23.83,46,193,21.2,10.29,4.9,56.7,75,5.5,science_oriented,1,0,10,0,0.2806,0.1879,0.3107,0.3272,0.3333,26.42,0.3517,poor,132,7,100.0,100.0,61.64,90.41,High,High Risk,14.3,16.25,15.24,14.17,24.53,28.61,31.06,18.36,0,None,0
STU0453,2023,8,good,84.5,169,200,92.99,8.03,57.3,100.0,102,18.7,balanced,1,1,0,0,0.7861,0.5979,0.8665,0.8144,0.6667,127.7,0.7447,average,23,2,79.85,7.08,33.56,35.53,Medium,Medium Risk,95.48,96.83,96.49,94.68,80.63,92.59,95.61,92.53,0,None,0
STU0453,2024,9,good,85.86,170,198,94.29,7.03,60.5,100.0,102,18.7,balanced,1,1,0,0,0.7949,0.5806,0.8615,0.8144,0.6667,130.48,0.7447,average,17,1,60.9,6.39,33.81,29.6,Low,Low Risk,96.87,97.45,97.33,95.17,82.98,93.44,96.62,94.09,0,None,0
STU0453,2025,10,good,81.87,158,193,95.54,5.64,58.1,100.0,102,18.7,balanced,1,1,0,0,0.7892,0.5895,0.8632,0.8144,0.6667,136.98,0.7447,average,26,6,90.69,6.0,33.7,38.33,Medium,Medium Risk,96.5,97.56,96.92,96.69,89.15,94.71,97.41,94.85,0,None,0
STU0454,2023,8,irregular,45.5,91,200,36.85,16.04,5.2,81.6,93,10.8,language_oriented,0,0,5,3,0.3076,0.1931,0.4154,0.4675,0.3333,51.45,0.3755,excellent,56,1,100.0,100.0,36.85,84.21,High,High Risk,49.84,31.46,41.84,53.0,21.57,28.32,23.9,55.99,0,None,0
STU0454,2024,9,irregular,47.47,94,198,36.1,16.17,4.7,86.5,93,10.8,language_oriented,0,0,4,4,0.3077,0.1667,0.4154,0.4675,0.3333,30.15,0.3755,excellent,50,2,100.0,100.0,37.12,84.28,High,High Risk,47.08,35.05,39.34,52.91,20.51,28.57,22.59,54.78,1,Parent Meeting,1
STU0454,2025,10,irregular,46.63,90,193,37.59,16.16,4.7,83.5,93,10.8,language_oriented,0,0,5,3,0.307,0.1717,0.4158,0.4675,0.3333,28.92,0.3755,excellent,47,2,100.0,100.0,37.06,84.27,High,High Risk,49.61,33.73,41.82,54.6,21.09,28.48,23.64,56.32,1,Study Skills Workshop,1
STU0455,2023,8,excellent,87.5,175,200,97.81,1.86,82.3,100.0,130,15.9,balanced,0,0,0,0,0.8376,0.7557,0.882,0.6855,0.6667,167.67,0.7579,good,13,3,47.75,4.12,14.13,19.71,Low,Low Risk,97.91,97.95,98.19,97.56,97.87,97.48,97.89,97.76,0,None,0
STU0455,2024,9,excellent,80.81,160,198,97.83,1.76,90.1,100.0,130,15.9,balanced,0,0,0,0,0.8462,0.7576,0.8769,0.6855,0.6667,144.13,0.7579,good,23,1,82.43,3.95,14.19,30.05,Medium,Medium Risk,98.19,97.78,97.68,97.64,98.05,97.82,97.86,97.66,0,None,0
STU0455,2025,10,excellent,88.08,170,193,97.64,2.08,84.1,100.0,130,15.9,balanced,0,0,0,0,0.8419,0.7606,0.8791,0.6855,0.6667,92.72,0.7579,good,12,1,44.34,4.11,14.13,18.68,Low,Low Risk,97.62,97.54,97.86,97.21,97.57,97.61,97.75,97.86,0,None,0
STU0456,2023,8,moderate,64.5,129,200,71.6,13.55,26.5,100.0,90,15.9,balanced,1,0,1,0,0.5894,0.4345,0.6717,0.6007,0.3333,66.87,0.6061,good,41,4,100.0,34.57,24.48,51.68,High,High Risk,80.25,73.99,73.66,69.6,76.56,69.73,78.97,51.43,0,None,0
STU0456,2024,9,moderate,66.67,132,198,73.69,13.9,24.4,100.0,90,15.9,balanced,1,0,1,0,0.5897,0.4348,0.6769,0.6007,0.3333,83.67,0.6061,good,45,1,100.0,33.73,24.39,51.28,High,High Risk,82.52,75.58,74.88,72.92,78.32,72.15,81.96,52.81,1,Mentoring Program,1
STU0456,2025,10,moderate,62.69,121,193,75.93,13.68,29.3,100.0,90,15.9,balanced,1,0,1,0,0.5876,0.4327,0.6735,0.6007,0.3333,67.52,0.6061,good,45,1,100.0,32.88,24.47,50.91,High,High Risk,87.22,77.73,77.22,77.12,79.24,73.06,83.88,55.71,0,None,0
STU0457,2023,8,excellent,79.0,158,200,94.65,6.66,63.4,100.0,101,17.7,science_oriented,1,0,0,0,0.897,0.7719,0.9846,0.7187,0.6667,168.93,0.9391,poor,37,11,100.0,4.2,9.05,34.15,Medium,Medium Risk,95.22,92.67,91.01,95.35,97.15,97.37,97.69,89.44,0,None,0
STU0457,2024,9,excellent,85.35,169,198,94.67,6.39,60.6,100.0,101,17.7,science_oriented,1,0,0,0,0.8974,0.7714,0.9846,0.7187,0.6667,83.4,0.9391,poor,26,7,88.25,4.18,9.06,30.62,Low,Low Risk,94.54,92.56,90.48,95.68,96.91,97.24,97.11,91.77,0,None,0
STU0457,2025,10,excellent,87.05,168,193,95.03,6.36,64.0,100.0,101,17.7,science_oriented,1,0,0,0,0.8946,0.7747,0.9842,0.7187,0.6667,83.42,0.9391,poor,20,1,69.07,4.1,9.03,24.82,Low,Low Risk,95.95,93.52,91.66,95.13,97.21,97.83,97.23,90.45,0,None,0
STU0458,2023,8,excellent,86.5,173,200,95.88,5.07,65.6,100.0,116,23.1,language_oriented,1,0,0,0,0.9743,0.7805,0.9846,0.7059,0.6667,105.55,0.9447,poor,24,3,81.45,2.16,9.14,27.69,Low,Low Risk,97.48,97.57,97.44,96.55,94.39,92.23,95.6,97.54,0,None,0
STU0458,2024,9,excellent,90.4,179,198,96.38,4.36,68.4,100.0,116,23.1,language_oriented,1,0,0,0,0.9744,0.7895,0.9846,0.7059,0.6667,75.45,0.9447,poor,15,9,51.72,1.96,9.05,18.66,Low,Low Risk,97.68,97.83,97.62,96.91,93.98,94.43,95.86,97.89,0,None,0
STU0458,2025,10,excellent,85.49,165,193,96.61,4.25,65.8,100.0,116,23.1,language_oriented,1,0,0,0,0.9736,0.7835,0.9842,0.7059,0.6667,161.88,0.9447,poor,23,12,79.16,1.88,9.11,26.87,Low,Low Risk,97.96,97.67,97.64,96.9,95.61,94.12,96.58,97.75,0,None,0
STU0459,2023,8,irregular,51.5,103,200,36.58,14.8,6.9,88.9,98,5.2,language_oriented,1,0,5,4,0.4363,0.3723,0.5026,0.2933,0.0,60.23,0.4744,average,70,4,100.0,100.0,55.76,88.94,High,High Risk,66.3,39.06,24.96,42.0,26.62,39.68,31.53,29.28,0,None,0
STU0459,2024,9,irregular,51.52,102,198,40.6,14.5,7.6,89.7,98,5.2,language_oriented,1,0,5,4,0.4359,0.3529,0.5077,0.2933,0.0,58.02,0.4744,average,58,1,100.0,100.0,55.87,88.97,High,High Risk,66.68,43.54,27.76,47.33,31.52,44.09,34.7,33.32,1,Parent Meeting,1
STU0459,2025,10,irregular,50.78,98,193,45.07,15.45,7.5,98.8,98,5.2,language_oriented,1,0,2,6,0.4387,0.3603,0.5051,0.2933,0.0,22.5,0.4744,average,58,2,100.0,100.0,55.84,88.96,High,High Risk,75.34,47.8,33.07,50.23,37.35,47.79,37.96,38.12,1,Parent Meeting,1
STU0460,2023,8,good,82.0,164,200,83.63,14.69,39.4,100.0,109,17.6,science_oriented,0,0,0,1,0.7003,0.5607,0.7335,0.7137,0.6667,74.33,0.6505,below_average,30,6,100.0,20.54,19.36,44.08,Medium,Medium Risk,97.7,64.64,91.71,68.93,84.34,92.62,94.15,74.51,0,None,0
STU0460,2024,9,good,77.78,154,198,87.26,12.78,41.1,100.0,109,17.6,science_oriented,0,0,0,1,0.6923,0.5556,0.7385,0.7137,0.6667,111.12,0.6505,below_average,32,7,100.0,19.25,19.34,43.5,Medium,Medium Risk,97.68,68.69,93.79,74.53,87.58,95.82,96.19,80.2,0,None,0
STU0460,2025,10,good,75.13,145,193,89.61,11.21,50.8,100.0,109,17.6,science_oriented,0,0,0,0,0.693,0.557,0.7368,0.7137,0.6667,102.57,0.6505,below_average,42,7,100.0,10.29,19.35,39.47,Medium,Medium Risk,98.13,74.39,94.64,80.29,92.84,96.64,97.28,83.28,0,None,0
STU0461,2023,8,good,73.5,147,200,83.58,13.31,32.2,100.0,104,17.0,science_oriented,0,0,1,0,0.7439,0.6087,0.8,0.7744,0.6667,105.68,0.95,excellent,23,1,87.55,26.69,12.18,41.32,Medium,Medium Risk,81.98,83.04,91.61,78.31,96.64,67.85,93.87,79.96,0,None,0
STU0461,2024,9,good,74.75,148,198,86.6,12.13,46.8,100.0,104,17.0,science_oriented,0,0,0,1,0.7436,0.6207,0.8,0.7744,0.6667,98.43,0.95,excellent,20,1,77.68,18.49,12.06,34.64,Medium,Medium Risk,85.48,86.97,93.63,81.91,96.75,72.22,95.7,82.46,1,Academic Advising,1
STU0461,2025,10,good,70.47,136,193,88.61,11.15,52.2,100.0,104,17.0,science_oriented,0,0,0,0,0.7457,0.6113,0.8,0.7744,0.6667,90.42,0.95,excellent,32,0,100.0,9.64,12.15,37.38,Medium,Medium Risk,87.93,89.55,93.73,86.45,97.72,75.3,96.06,86.22,1,Academic Advising,1
STU0462,2023,8,excellent,85.5,171,200,97.22,2.9,70.0,100.0,118,22.8,balanced,0,0,0,0,0.9743,0.7805,0.9846,0.7466,0.6667,124.95,0.7603,good,14,2,52.15,1.63,11.09,19.15,Low,Low Risk,98.17,97.54,97.33,97.75,97.48,97.46,96.58,95.95,0,None,0
STU0462,2024,9,excellent,81.82,162,198,97.38,2.9,75.6,100.0,118,22.8,balanced,0,0,0,0,0.9744,0.7895,0.9846,0.7466,0.6667,112.88,0.7603,good,21,1,75.73,1.56,11.0,26.17,Medium,Medium Risk,98.14,97.86,95.73,97.85,97.56,97.9,97.06,96.8,0,None,0
STU0462,2025,10,excellent,81.87,158,193,97.41,2.7,72.9,100.0,118,22.8,balanced,0,0,0,0,0.9736,0.7835,0.9842,0.7466,0.6667,124.7,0.7603,good,21,1,75.69,1.56,11.06,26.18,Medium,Medium Risk,97.8,97.49,96.81,97.88,97.61,97.9,97.04,96.71,0,None,0
STU0463,2023,8,moderate,60.0,120,200,51.89,12.5,19.4,87.3,97,6.8,balanced,0,0,1,3,0.6244,0.534,0.7129,0.6868,0.6667,56.12,0.6071,good,47,4,100.0,65.76,41.13,69.87,High,High Risk,55.83,44.92,43.76,54.89,54.52,43.54,56.92,61.09,0,None,0
STU0463,2024,9,moderate,65.15,129,198,53.64,12.14,16.6,86.6,97,6.8,balanced,0,0,1,3,0.6154,0.5417,0.7077,0.6868,0.6667,88.52,0.6071,good,45,2,100.0,65.24,41.13,69.64,High,High Risk,55.14,44.95,48.87,56.59,55.7,47.74,59.02,63.96,1,Mentoring Program,1
STU0463,2025,10,moderate,58.55,113,193,55.95,12.19,20.0,96.1,97,6.8,balanced,0,0,1,2,0.6232,0.535,0.7107,0.6868,0.6667,61.57,0.6071,good,52,5,100.0,56.15,41.15,65.56,High,High Risk,60.76,46.48,50.77,58.79,59.86,47.26,60.99,65.76,1,Mentoring Program,1
STU0464,2023,8,excellent,82.5,165,200,90.37,10.33,53.4,100.0,113,14.2,science_oriented,1,0,0,0,0.9228,0.8519,0.9592,0.6598,0.6667,140.08,0.7636,average,27,2,93.25,5.4,12.44,33.51,Medium,Medium Risk,83.32,91.27,88.43,71.68,96.85,97.73,93.27,92.71,0,None,0
STU0464,2024,9,excellent,84.85,168,198,91.32,10.27,41.0,100.0,113,14.2,science_oriented,1,0,0,1,0.9231,0.8611,0.9538,0.6598,0.6667,100.77,0.7636,average,18,4,64.61,13.01,12.43,28.34,Medium,Medium Risk,85.58,93.22,90.19,72.11,97.11,97.79,93.77,95.06,0,None,0
STU0464,2025,10,excellent,78.24,151,193,93.15,8.69,42.3,100.0,113,14.2,science_oriented,1,0,0,1,0.9209,0.8569,0.9581,0.6598,0.6667,100.1,0.7636,average,30,5,100.0,12.32,12.41,38.65,Medium,Medium Risk,88.6,94.83,90.82,76.86,97.56,97.97,95.98,95.69,0,None,0
STU0465,2023,8,excellent,81.5,163,200,96.4,4.87,61.1,100.0,120,21.6,balanced,1,0,0,0,0.9485,0.7926,0.9846,0.7882,0.6667,142.0,0.7705,below_average,28,7,96.95,2.47,9.98,32.69,Medium,Medium Risk,98.26,97.62,97.58,96.86,94.97,92.2,97.86,97.72,0,None,0
STU0465,2024,9,excellent,82.32,163,198,96.64,4.33,67.7,100.0,120,21.6,balanced,1,0,0,0,0.9487,0.7838,0.9846,0.7882,0.6667,84.73,0.7705,below_average,25,2,87.37,2.37,10.07,29.8,Medium,Medium Risk,97.8,97.47,97.45,97.44,97.04,92.04,97.86,97.39,0,None,0
STU0465,2025,10,excellent,89.12,172,193,96.33,4.62,61.5,100.0,120,21.6,balanced,1,0,0,0,0.9473,0.7872,0.9842,0.7882,0.6667,104.33,0.7705,below_average,18,7,61.62,2.52,10.04,22.13,Low,Low Risk,97.92,97.73,97.65,96.59,96.58,91.22,98.13,97.01,1,Academic Advising,1
STU0466,2023,8,excellent,80.5,161,200,80.94,14.66,34.6,100.0,104,15.6,language_oriented,0,0,1,0,0.8455,0.7369,0.9026,0.6427,0.3333,95.25,0.696,average,27,6,94.65,25.71,15.8,43.92,Medium,Medium Risk,95.24,80.32,71.92,87.84,84.11,78.17,60.55,95.7,0,None,0
STU0466,2024,9,excellent,74.75,148,198,83.14,13.81,37.2,100.0,104,15.6,language_oriented,0,0,0,1,0.8462,0.7273,0.9077,0.6427,0.3333,76.68,0.696,average,38,2,100.0,17.82,15.82,41.97,Medium,Medium Risk,96.35,82.95,74.35,88.14,86.91,81.67,63.89,96.91,0,None,0
STU0466,2025,10,excellent,80.83,156,193,85.85,12.64,41.5,100.0,104,15.6,language_oriented,0,0,0,1,0.8419,0.7293,0.9051,0.6427,0.3333,133.43,0.696,average,22,4,79.42,16.82,15.84,35.35,Medium,Medium Risk,97.16,86.22,79.6,91.46,90.68,82.59,67.02,96.91,0,None,0
STU0467,2023,8,moderate,68.0,136,200,60.07,12.66,21.0,98.5,94,5.4,practical,1,0,1,0,0.7439,0.701,0.7691,0.5607,0.3333,92.37,0.6732,excellent,34,1,100.0,36.1,40.14,56.28,High,High Risk,54.6,61.5,68.31,61.21,73.87,57.76,53.74,50.72,0,None,0
STU0467,2024,9,moderate,70.71,140,198,63.22,12.88,27.2,100.0,94,5.4,practical,1,0,1,0,0.7436,0.6897,0.7692,0.5607,0.3333,40.83,0.6732,excellent,31,1,100.0,34.84,40.25,55.74,Medium,Medium Risk,58.75,63.42,71.11,63.15,78.77,60.51,56.85,55.22,1,Counseling,1
STU0467,2025,10,moderate,72.54,140,193,66.41,12.51,31.5,100.0,94,5.4,practical,1,0,1,0,0.7457,0.6943,0.7684,0.5607,0.3333,57.92,0.6732,excellent,29,2,100.0,33.52,40.22,55.14,Medium,Medium Risk,60.45,65.56,75.36,68.63,79.98,65.67,60.96,57.97,0,None,0
STU0468,2023,8,excellent,90.0,180,200,93.9,7.57,53.2,100.0,99,18.0,balanced,0,0,0,0,0.7861,0.707,0.8154,0.6178,0.6667,89.33,0.95,excellent,11,1,40.0,6.72,14.09,18.55,Low,Low Risk,97.89,94.91,90.4,96.07,96.53,93.66,90.08,92.85,0,None,0
STU0468,2024,9,excellent,85.86,170,198,94.64,6.18,63.4,100.0,99,18.0,balanced,0,0,0,0,0.7949,0.7097,0.8154,0.6178,0.6667,79.53,0.95,excellent,14,1,51.9,6.25,14.07,21.9,Low,Low Risk,97.93,96.12,91.69,96.21,96.42,94.07,91.77,94.22,0,None,0
STU0468,2025,10,excellent,88.6,171,193,94.36,7.21,50.0,100.0,99,18.0,balanced,0,0,0,0,0.7892,0.7112,0.8158,0.6178,0.6667,175.82,0.95,excellent,10,0,37.98,6.47,14.04,17.82,Low,Low Risk,97.7,95.43,90.59,95.84,97.01,94.16,90.39,95.23,0,None,0
STU0469,2023,8,irregular,43.0,86,200,52.62,17.41,8.3,99.3,92,10.3,language_oriented,1,1,1,4,0.4528,0.395,0.518,0.8947,0.6667,38.87,0.4209,good,77,2,100.0,76.9,44.07,75.62,High,High Risk,58.92,77.0,36.5,45.89,47.17,36.68,55.47,63.61,0,None,0
STU0469,2024,9,irregular,43.43,86,198,52.88,17.79,5.7,100.0,92,10.3,language_oriented,1,1,1,4,0.4615,0.3889,0.5231,0.8947,0.6667,34.8,0.4209,good,65,2,100.0,76.62,44.06,75.49,High,High Risk,57.2,76.52,36.81,44.52,46.33,36.34,58.2,66.1,1,Parent Meeting,1
STU0469,2025,10,irregular,46.11,89,193,52.78,17.18,7.9,100.0,92,10.3,language_oriented,1,1,1,4,0.4558,0.3843,0.5209,0.8947,0.6667,51.72,0.4209,good,53,1,100.0,76.77,44.14,75.58,High,High Risk,56.13,76.43,38.93,46.06,46.34,36.29,57.58,64.96,1,Tutoring,1
STU0470,2023,8,good,76.0,152,200,78.1,12.55,35.1,100.0,106,7.4,balanced,0,0,0,1,0.7604,0.6397,0.8253,0.8163,0.6667,150.48,0.7376,excellent,24,0,88.8,21.55,33.83,44.8,Medium,Medium Risk,77.21,83.64,68.94,80.16,71.86,77.23,89.24,73.73,0,None,0
STU0470,2024,9,good,72.73,144,198,79.29,12.58,41.1,100.0,106,7.4,balanced,0,0,0,1,0.7692,0.6333,0.8308,0.8163,0.6667,169.68,0.7376,excellent,24,1,91.09,20.9,33.81,45.18,Medium,Medium Risk,75.78,84.63,71.8,80.12,76.08,76.36,90.52,74.84,0,None,0
STU0470,2025,10,good,80.31,155,193,79.09,12.02,38.4,100.0,106,7.4,balanced,0,0,0,1,0.7628,0.6321,0.8261,0.8163,0.6667,85.47,0.7376,excellent,15,1,58.78,21.11,33.9,35.61,Medium,Medium Risk,76.74,83.98,72.17,81.7,74.87,77.35,89.3,73.42,0,None,0
STU0471,2023,8,moderate,79.0,158,200,91.61,9.18,54.0,100.0,112,10.7,balanced,0,0,0,0,0.8633,0.802,0.9382,0.5569,0.3333,105.02,0.95,average,30,3,100.0,6.09,12.52,35.87,Medium,Medium Risk,97.78,94.15,91.91,96.42,93.3,80.12,88.94,96.5,0,None,0
STU0471,2024,9,moderate,69.7,138,198,93.96,7.32,53.6,100.0,112,10.7,balanced,0,0,0,0,0.8718,0.7941,0.9385,0.5569,0.3333,104.47,0.95,average,36,1,100.0,4.98,12.59,35.39,High,High Risk,97.82,96.07,94.33,97.27,96.06,85.26,92.29,97.29,0,None,0
STU0471,2025,10,moderate,67.88,131,193,95.24,5.98,64.4,100.0,112,10.7,balanced,0,0,0,0,0.8682,0.7982,0.9368,0.5569,0.3333,87.55,0.95,average,42,0,100.0,4.54,12.58,35.19,High,High Risk,97.49,97.14,96.06,97.59,96.15,88.61,94.54,97.5,1,Mentoring Program,1
STU0472,2023,8,irregular,47.0,94,200,26.51,13.54,5.5,71.9,79,5.0,language_oriented,1,0,9,1,0.2818,0.2106,0.318,0.5052,0.3333,59.02,0.3574,excellent,62,1,100.0,100.0,57.66,89.41,High,High Risk,25.15,48.35,27.7,33.46,28.78,17.13,15.82,21.26,0,None,0
STU0472,2024,9,irregular,45.96,91,198,27.89,13.77,4.9,71.9,79,5.0,language_oriented,1,0,8,1,0.2821,0.1818,0.3231,0.5052,0.3333,28.07,0.3574,excellent,57,0,100.0,100.0,57.87,89.47,High,High Risk,26.06,50.1,29.97,36.04,27.16,19.0,15.35,24.99,1,Parent Meeting,1
STU0472,2025,10,irregular,53.89,104,193,29.63,14.11,5.0,75.7,79,5.0,language_oriented,1,0,8,1,0.2806,0.1879,0.3209,0.5052,0.3333,64.48,0.3574,excellent,51,2,100.0,100.0,57.84,89.46,High,High Risk,28.48,52.34,32.85,38.08,30.08,19.81,17.76,25.16,1,Parent Meeting,0
STU0473,2023,8,good,81.0,162,200,95.84,5.37,62.5,100.0,88,15.7,balanced,1,0,0,0,0.897,0.8477,0.9438,0.811,0.6667,152.17,0.7977,good,24,1,85.3,3.72,9.18,29.56,Medium,Medium Risk,97.64,97.84,94.14,97.28,94.63,95.31,97.59,92.21,0,None,0
STU0473,2024,9,good,73.23,145,198,96.14,5.27,58.4,100.0,88,15.7,balanced,1,0,0,0,0.8974,0.8571,0.9385,0.811,0.6667,115.08,0.7977,good,33,1,100.0,3.6,9.17,33.91,Medium,Medium Risk,98.16,97.73,95.6,97.61,93.96,95.79,97.51,92.84,1,Study Group,1
STU0473,2025,10,good,73.06,141,193,96.58,4.36,64.1,100.0,88,15.7,balanced,1,0,0,0,0.8946,0.8527,0.9423,0.811,0.6667,113.37,0.7977,good,30,3,100.0,3.48,9.15,33.85,Medium,Medium Risk,98.46,97.54,95.89,97.84,95.01,96.19,97.6,94.48,1,Academic Advising,1
STU0474,2023,8,irregular,53.0,106,200,80.4,12.61,35.9,100.0,115,13.3,science_oriented,1,0,0,1,0.7439,0.5865,0.8309,0.8989,0.6667,47.77,0.9079,good,50,4,100.0,20.96,10.07,41.95,High,High Risk,82.86,86.79,76.97,71.22,95.05,84.0,81.16,64.98,0,None,0
STU0474,2024,9,irregular,51.52,102,198,83.56,12.59,36.2,100.0,115,13.3,science_oriented,1,0,0,1,0.7436,0.5862,0.8308,0.8989,0.6667,71.6,0.9079,good,65,3,100.0,19.7,10.08,41.39,High,High Risk,87.79,90.14,81.32,75.61,96.22,87.51,83.8,65.63,1,Study Skills Workshop,1
STU0474,2025,10,irregular,52.85,102,193,86.81,11.0,49.9,100.0,115,13.3,science_oriented,1,0,0,1,0.7457,0.5883,0.8316,0.8989,0.6667,29.42,0.9079,good,50,2,100.0,18.36,10.05,40.77,High,High Risk,91.07,92.13,83.12,78.76,97.34,89.58,87.09,74.78,0,None,0
STU0475,2023,8,irregular,47.5,95,200,35.79,13.98,4.0,79.5,81,10.0,balanced,1,0,4,6,0.4528,0.3205,0.5382,0.8739,0.6667,19.55,0.565,good,64,2,100.0,100.0,22.77,80.69,High,High Risk,48.47,33.33,38.79,42.95,35.81,28.57,47.6,17.03,0,None,0
STU0475,2024,9,irregular,54.04,107,198,41.31,14.2,8.0,77.1,81,10.0,balanced,1,0,3,5,0.4615,0.3333,0.5385,0.8739,0.6667,27.53,0.565,good,47,1,100.0,100.0,22.64,80.66,High,High Risk,53.28,37.34,46.89,48.28,41.22,33.28,52.55,22.77,1,Tutoring,0
STU0475,2025,10,irregular,59.07,114,193,46.88,14.36,9.3,87.8,81,10.0,balanced,1,0,2,4,0.4558,0.3264,0.5368,0.8739,0.6667,48.6,0.565,good,54,1,100.0,94.13,22.73,78.04,High,High Risk,59.22,42.38,50.26,54.57,48.2,37.88,58.7,27.28,0,None,0
STU0476,2023,8,good,75.0,150,200,75.81,13.96,33.3,100.0,116,13.0,science_oriented,1,0,1,0,0.7439,0.5519,0.7537,0.7952,0.6667,110.53,0.7673,excellent,22,0,83.5,29.8,15.76,42.4,Medium,Medium Risk,74.13,68.45,70.89,60.42,84.74,87.84,82.57,69.8,0,None,0
STU0476,2024,9,good,74.24,147,198,76.31,13.74,32.9,100.0,116,13.0,science_oriented,1,0,1,0,0.7436,0.5517,0.7538,0.7952,0.6667,157.78,0.7673,excellent,27,1,99.03,29.61,15.76,46.97,Medium,Medium Risk,73.48,72.79,69.01,60.25,85.74,86.54,84.0,71.89,1,Parent Meeting,1
STU0476,2025,10,good,79.27,153,193,78.33,13.71,38.0,100.0,116,13.0,science_oriented,1,0,0,1,0.7457,0.553,0.7526,0.7952,0.6667,80.42,0.7673,excellent,16,1,62.51,21.75,15.77,32.48,Medium,Medium Risk,78.95,72.68,72.55,63.28,86.42,89.6,85.87,71.01,0,None,0
STU0477,2023,8,good,80.5,161,200,83.6,13.71,31.1,100.0,102,12.7,balanced,0,0,1,0,0.8548,0.6703,0.8974,0.7946,0.6667,159.98,0.95,average,27,4,94.65,24.46,9.69,41.83,Medium,Medium Risk,81.13,92.28,60.45,89.76,84.42,74.81,90.96,93.08,0,None,0
STU0477,2024,9,good,74.75,148,198,86.06,12.88,35.9,100.0,102,12.7,balanced,0,0,0,1,0.8462,0.6667,0.8923,0.7946,0.6667,168.88,0.95,average,36,3,100.0,16.65,9.81,39.95,Medium,Medium Risk,86.82,92.38,64.15,92.74,88.3,76.88,92.5,94.19,1,Study Group,1
STU0477,2025,10,good,78.76,152,193,88.34,11.59,46.1,100.0,102,12.7,balanced,0,0,0,1,0.8511,0.6703,0.8949,0.7946,0.6667,177.28,0.95,average,26,2,92.87,15.64,9.73,37.33,Medium,Medium Risk,88.49,93.66,67.76,93.98,90.37,80.88,93.7,95.55,1,Parent Meeting,0
STU0478,2023,8,moderate,64.0,128,200,85.82,13.26,36.3,100.0,120,7.4,practical,0,0,0,1,0.7182,0.5358,0.8,0.5646,0.3333,65.95,0.95,good,43,0,100.0,19.31,37.1,47.96,High,High Risk,87.62,67.04,97.91,83.41,96.18,77.51,93.5,89.64,0,None,0
STU0478,2024,9,moderate,67.17,133,198,87.29,12.45,41.3,100.0,120,7.4,practical,0,0,0,1,0.7179,0.5357,0.8,0.5646,0.3333,50.22,0.95,good,40,0,100.0,18.73,37.1,47.7,High,High Risk,87.08,71.7,97.24,85.21,96.59,79.33,95.38,90.06,1,Counseling,1
STU0478,2025,10,moderate,69.43,134,193,88.47,11.41,42.9,100.0,120,7.4,practical,0,0,0,1,0.7194,0.5366,0.8,0.5646,0.3333,105.4,0.95,good,32,3,100.0,18.22,37.09,47.47,High,High Risk,91.63,72.06,97.52,86.27,96.54,81.98,94.88,90.97,1,Study Skills Workshop,1
STU0479,2023,8,good,74.5,149,200,75.97,16.01,35.6,100.0,105,12.0,science_oriented,1,0,0,1,0.8633,0.7033,0.9382,0.7931,0.6667,136.2,0.7719,good,29,3,100.0,20.34,11.45,42.02,Medium,Medium Risk,67.43,66.92,80.21,64.4,95.74,64.99,94.67,68.83,0,None,0
STU0479,2024,9,good,80.3,159,198,76.96,15.59,33.0,100.0,105,12.0,science_oriented,1,0,1,0,0.8718,0.7059,0.9385,0.7931,0.6667,133.8,0.7719,good,25,4,88.79,26.78,11.42,41.54,Medium,Medium Risk,70.91,67.53,81.54,67.34,96.26,66.78,95.97,69.72,0,None,0
STU0479,2025,10,good,79.27,153,193,79.18,14.74,34.0,100.0,105,12.0,science_oriented,1,0,1,0,0.8682,0.7071,0.9368,0.7931,0.6667,85.6,0.7719,good,20,3,74.51,25.96,11.44,36.89,Medium,Medium Risk,73.93,72.7,83.71,68.47,96.57,68.1,95.88,72.31,1,Study Group,0
STU0480,2023,8,excellent,85.0,170,200,91.9,9.94,51.0,100.0,94,15.2,balanced,1,0,0,0,0.9743,0.8333,0.9846,0.726,0.6667,80.2,0.8015,average,18,2,64.5,3.75,10.36,23.63,Low,Low Risk,95.47,86.69,71.38,96.94,96.75,96.07,91.53,97.4,0,None,0
STU0480,2024,9,excellent,88.89,176,198,92.79,9.51,45.6,100.0,94,15.2,balanced,1,0,0,1,0.9744,0.8421,0.9846,0.726,0.6667,172.3,0.8015,average,14,2,49.78,11.4,10.27,22.63,Low,Low Risk,96.54,87.85,72.14,97.12,97.39,96.49,92.8,97.82,0,None,0
STU0480,2025,10,excellent,88.08,170,193,93.12,9.04,46.0,100.0,94,15.2,balanced,1,0,0,1,0.9736,0.8376,0.9842,0.726,0.6667,81.98,0.8015,average,15,3,53.34,11.28,10.32,23.66,Low,Low Risk,96.8,89.05,74.91,97.9,97.12,96.23,93.64,97.86,0,None,0
STU0481,2023,8,good,75.5,151,200,89.06,10.38,48.5,100.0,109,15.8,science_oriented,0,0,0,1,0.8376,0.6328,0.882,0.7958,0.6667,104.02,0.7024,excellent,21,1,80.15,15.62,13.99,34.57,Medium,Medium Risk,90.92,82.47,85.01,86.11,97.14,91.64,96.23,81.41,0,None,0
STU0481,2024,9,good,68.69,136,198,90.86,9.26,42.3,100.0,109,15.8,science_oriented,0,0,0,1,0.8462,0.6364,0.8769,0.7958,0.6667,151.45,0.7024,excellent,26,2,99.92,14.73,14.03,40.11,High,High Risk,93.78,84.57,87.43,90.48,97.2,92.65,96.36,84.01,0,None,0
STU0481,2025,10,good,71.5,138,193,92.69,7.99,52.6,100.0,109,15.8,science_oriented,0,0,0,0,0.8419,0.6354,0.8791,0.7958,0.6667,151.42,0.7024,excellent,28,1,100.0,6.09,14.01,36.24,Medium,Medium Risk,93.83,87.2,90.49,91.53,97.7,93.93,97.35,88.03,0,None,0
STU0482,2023,8,good,77.5,155,200,94.71,6.99,58.8,100.0,136,7.7,language_oriented,0,0,0,0,0.9148,0.7006,0.9691,0.776,0.6667,116.22,0.95,below_average,33,4,100.0,3.82,28.69,38.89,Medium,Medium Risk,97.58,96.33,97.66,97.04,95.7,93.12,85.81,97.11,0,None,0
STU0482,2024,9,good,76.77,152,198,95.34,6.01,57.3,100.0,136,7.7,language_oriented,0,0,0,0,0.9231,0.6944,0.9692,0.776,0.6667,90.47,0.95,below_average,33,4,100.0,3.4,28.75,38.72,Medium,Medium Risk,97.89,96.5,97.49,97.5,96.9,93.46,88.57,97.54,1,Parent Meeting,0
STU0482,2025,10,good,76.17,147,193,95.99,5.33,54.5,100.0,136,7.7,language_oriented,0,0,0,0,0.9209,0.6953,0.9684,0.776,0.6667,112.83,0.95,below_average,33,2,100.0,3.18,28.75,38.62,Medium,Medium Risk,98.03,97.16,97.86,97.6,97.05,95.23,89.85,97.57,0,None,0
STU0483,2023,8,good,77.0,154,200,86.22,12.13,44.4,100.0,111,9.7,practical,1,0,0,1,0.8548,0.6401,0.9129,0.8449,0.6667,179.83,0.7735,good,31,1,100.0,16.42,11.4,40.24,Medium,Medium Risk,94.43,76.55,97.43,79.68,94.72,75.79,94.78,83.0,0,None,0
STU0483,2024,9,good,85.35,169,198,87.47,11.48,47.6,100.0,111,9.7,practical,1,0,0,1,0.8462,0.6364,0.9077,0.8449,0.6667,160.93,0.7735,good,15,2,55.25,16.09,11.52,26.7,Low,Low Risk,92.6,75.57,97.46,80.72,96.02,79.26,94.32,86.52,1,Parent Meeting,0
STU0483,2025,10,good,84.46,163,193,88.71,10.76,38.5,100.0,111,9.7,practical,1,0,0,1,0.8511,0.6393,0.9107,0.8449,0.6667,116.4,0.7735,good,17,0,61.88,15.49,11.45,28.4,Medium,Medium Risk,95.24,79.83,96.98,79.3,95.91,81.67,95.06,88.68,0,None,0
STU0484,2023,8,good,77.5,155,200,73.95,15.63,30.6,100.0,106,6.1,science_oriented,1,0,1,0,0.7346,0.6271,0.8154,0.7512,0.6667,127.07,0.6101,good,30,3,100.0,30.73,37.32,53.16,Medium,Medium Risk,84.72,66.71,62.83,63.73,67.85,85.22,92.97,58.16,0,None,0
STU0484,2024,9,good,70.71,140,198,75.94,14.63,33.3,100.0,106,6.1,science_oriented,1,0,1,0,0.7436,0.6207,0.8154,0.7512,0.6667,140.45,0.6101,good,30,2,100.0,29.75,37.39,52.74,Medium,Medium Risk,85.49,69.7,64.66,67.98,70.53,87.34,93.41,60.87,0,None,0
STU0484,2025,10,good,77.72,150,193,77.62,14.34,41.1,100.0,106,6.1,science_oriented,1,0,0,1,0.7365,0.6189,0.8158,0.7512,0.6667,100.63,0.6101,good,23,3,84.6,22.22,37.4,44.73,Medium,Medium Risk,87.55,71.04,68.05,68.67,72.81,86.97,95.16,62.53,1,Study Group,1
STU0485,2023,8,excellent,82.0,164,200,92.56,8.83,50.5,100.0,98,19.8,language_oriented,1,0,0,0,0.8119,0.7365,0.8202,0.6989,0.6667,103.5,0.7599,average,25,1,87.6,6.74,14.96,33.05,Medium,Medium Risk,95.0,97.58,97.17,96.53,93.6,87.54,80.3,97.46,0,None,0
STU0485,2024,9,excellent,89.39,177,198,93.6,8.01,56.9,100.0,98,19.8,language_oriented,1,0,0,0,0.8205,0.75,0.8154,0.6989,0.6667,166.65,0.7599,average,13,5,46.42,6.15,14.89,20.42,Low,Low Risk,96.28,97.62,97.67,97.62,93.28,89.47,83.37,97.73,1,Parent Meeting,0
STU0485,2025,10,excellent,86.01,166,193,94.6,6.77,62.3,100.0,98,19.8,language_oriented,1,0,0,0,0.8155,0.7414,0.8158,0.6989,0.6667,75.95,0.7599,average,18,0,63.79,5.85,14.97,25.51,Low,Low Risk,97.54,97.73,97.81,97.45,95.26,91.22,85.99,97.46,0,None,0
STU0486,2023,8,excellent,93.5,187,200,97.18,3.29,69.4,100.0,130,18.9,practical,0,0,0,0,0.7861,0.6415,0.8665,0.7165,0.6667,81.27,0.9177,good,6,1,22.55,5.4,12.49,12.32,Low,Low Risk,97.87,97.1,97.92,98.11,97.69,94.5,97.82,97.76,0,None,0
STU0486,2024,9,excellent,88.38,175,198,97.52,2.47,76.3,100.0,130,18.9,practical,0,0,0,0,0.7949,0.6452,0.8615,0.7165,0.6667,82.95,0.9177,good,11,3,41.13,5.09,12.53,17.76,Low,Low Risk,97.67,97.27,97.99,97.41,97.98,96.52,97.97,97.68,0,None,0
STU0486,2025,10,excellent,84.46,163,193,97.45,2.71,75.1,100.0,130,18.9,practical,0,0,0,0,0.7892,0.6444,0.8632,0.7165,0.6667,120.0,0.9177,good,15,3,55.88,5.24,12.51,22.25,Medium,Medium Risk,97.78,97.62,97.72,97.53,97.78,95.92,97.86,97.92,0,None,0
STU0487,2023,8,moderate,68.0,136,200,84.65,13.29,37.3,100.0,99,11.1,science_oriented,0,0,0,1,0.8291,0.711,0.8511,0.5725,0.3333,65.62,0.6497,good,33,4,100.0,17.56,18.93,42.63,High,High Risk,91.84,66.27,77.62,87.92,97.17,96.73,80.25,80.67,0,None,0
STU0487,2024,9,moderate,72.22,143,198,86.83,12.25,39.9,100.0,99,11.1,science_oriented,0,0,0,1,0.8205,0.7188,0.8462,0.5725,0.3333,101.1,0.6497,good,37,1,100.0,16.86,18.92,42.32,Medium,Medium Risk,94.61,70.57,80.48,88.9,97.4,97.36,81.65,83.23,0,None,0
STU0487,2025,10,moderate,68.39,132,193,88.38,11.4,50.0,100.0,99,11.1,science_oriented,0,0,0,0,0.8248,0.7125,0.8474,0.5725,0.3333,50.75,0.6497,good,30,0,100.0,8.15,18.97,38.41,High,High Risk,95.93,73.7,82.39,91.26,97.8,97.5,84.1,86.18,0,None,0
STU0488,2023,8,moderate,56.0,112,200,59.69,19.67,11.4,100.0,80,10.7,language_oriented,0,0,1,3,0.5215,0.41,0.5537,0.5936,0.3333,78.23,0.4073,excellent,51,0,100.0,64.69,29.61,66.52,High,High Risk,74.01,86.61,47.79,72.44,37.66,42.08,52.47,69.8,0,None,0
STU0488,2024,9,moderate,58.08,115,198,60.94,18.62,14.7,100.0,80,10.7,language_oriented,0,0,1,2,0.5128,0.4,0.5538,0.5936,0.3333,60.25,0.4073,excellent,38,1,100.0,56.37,29.71,62.79,High,High Risk,73.73,85.24,50.3,73.03,40.79,43.35,55.46,70.66,0,None,0
STU0488,2025,10,moderate,64.77,125,193,62.6,19.69,16.9,100.0,80,10.7,language_oriented,0,0,1,2,0.5178,0.407,0.5526,0.5936,0.3333,97.28,0.4073,excellent,30,0,100.0,55.61,29.66,62.44,High,High Risk,77.22,89.21,51.61,77.61,42.26,43.28,55.24,72.48,1,Mentoring Program,1
STU0489,2023,8,excellent,84.5,169,200,97.2,3.29,69.5,100.0,123,23.2,practical,0,0,0,0,0.9228,0.824,0.9846,0.6592,0.3333,88.18,0.95,excellent,16,1,58.85,2.66,9.56,21.24,Medium,Medium Risk,97.94,97.46,97.84,96.63,97.45,95.43,97.81,97.62,0,None,0
STU0489,2024,9,excellent,89.9,178,198,97.43,2.41,82.4,100.0,123,23.2,practical,0,0,0,0,0.9231,0.8333,0.9846,0.6592,0.3333,103.15,0.95,excellent,9,2,34.07,2.57,9.46,13.74,Low,Low Risk,97.89,97.08,97.95,97.0,97.85,96.45,97.74,97.82,0,None,0
STU0489,2025,10,excellent,87.56,169,193,97.57,2.07,84.9,100.0,123,23.2,practical,0,0,0,0,0.9209,0.8283,0.9842,0.6592,0.3333,146.33,0.95,excellent,12,0,44.7,2.55,9.52,16.94,Low,Low Risk,97.85,97.69,97.9,97.38,97.81,96.86,97.74,97.55,0,None,0
STU0490,2023,8,irregular,49.5,99,200,39.42,16.57,5.5,84.8,95,7.8,practical,0,0,4,4,0.4363,0.3538,0.5228,0.4431,0.3333,19.9,0.5579,average,68,4,100.0,100.0,51.39,87.85,High,High Risk,42.04,43.84,61.05,32.61,27.24,17.65,45.27,51.13,0,None,0
STU0490,2024,9,irregular,47.47,94,198,40.08,16.83,6.5,92.1,95,7.8,practical,0,0,3,5,0.4359,0.3529,0.5231,0.4431,0.3333,39.62,0.5579,average,74,6,100.0,100.0,51.39,87.85,High,High Risk,43.72,45.24,61.35,35.84,26.42,18.45,45.93,53.3,1,Tutoring,1
STU0490,2025,10,irregular,51.81,100,193,41.83,16.59,5.2,88.7,95,7.8,practical,0,0,3,5,0.4387,0.3603,0.5209,0.4431,0.3333,26.3,0.5579,average,57,5,100.0,100.0,51.35,87.84,High,High Risk,44.26,47.49,64.31,37.97,29.17,19.99,48.89,51.91,0,None,0
STU0491,2023,8,excellent,85.5,171,200,97.47,2.6,79.0,100.0,112,20.1,science_oriented,0,0,0,0,0.8033,0.6697,0.8463,0.7504,0.6667,100.02,0.9012,average,21,1,73.15,4.94,12.08,27.19,Low,Low Risk,97.65,97.48,97.72,97.89,97.65,97.95,97.31,96.21,0,None,0
STU0491,2024,9,excellent,90.4,179,198,97.61,2.21,78.3,100.0,112,20.1,science_oriented,0,0,0,0,0.7949,0.6774,0.8462,0.7504,0.6667,153.25,0.9012,average,13,3,45.72,5.06,12.01,18.99,Low,Low Risk,97.48,97.99,97.79,97.43,97.67,97.92,97.71,96.75,0,None,0
STU0491,2025,10,excellent,86.53,167,193,97.77,1.74,87.1,100.0,112,20.1,science_oriented,0,0,0,0,0.7984,0.67,0.8474,0.7504,0.6667,125.27,0.9012,average,20,0,69.43,4.92,12.06,26.06,Low,Low Risk,98.05,97.76,98.06,97.81,97.73,97.65,97.67,97.6,0,None,0
STU0492,2023,8,good,76.5,153,200,72.53,12.03,27.7,100.0,108,14.1,balanced,0,0,1,0,0.7182,0.6186,0.7691,0.7999,0.6667,132.12,0.7777,good,29,3,100.0,31.63,14.61,47.88,Medium,Medium Risk,77.78,69.42,80.12,65.9,76.81,66.6,66.58,80.98,0,None,0
STU0492,2024,9,good,74.24,147,198,73.26,11.86,29.7,100.0,108,14.1,balanced,0,0,1,0,0.7179,0.6071,0.7692,0.7999,0.6667,140.07,0.7777,good,26,2,96.03,31.34,14.73,46.59,Medium,Medium Risk,78.2,70.61,80.29,64.49,77.09,68.88,68.53,81.7,0,None,0
STU0492,2025,10,good,75.65,146,193,74.62,11.39,39.3,100.0,108,14.1,balanced,0,0,0,1,0.7194,0.6099,0.7684,0.7999,0.6667,145.63,0.7777,good,31,3,100.0,23.76,14.71,44.37,Medium,Medium Risk,80.26,71.54,82.24,66.52,77.98,68.66,71.08,83.87,1,Academic Advising,0
STU0493,2023,8,irregular,43.5,87,200,39.16,20.16,6.4,92.8,88,5.2,language_oriented,0,0,5,2,0.3333,0.2317,0.4253,0.8887,0.6667,57.85,0.3229,excellent,67,1,100.0,100.0,48.68,87.17,High,High Risk,75.51,50.02,30.6,56.13,18.35,20.69,28.89,46.26,0,None,0
STU0493,2024,9,irregular,43.94,87,198,40.94,19.67,6.1,94.4,88,5.2,language_oriented,0,0,5,1,0.3333,0.2308,0.4308,0.8887,0.6667,51.2,0.3229,excellent,63,1,100.0,100.0,48.61,87.15,High,High Risk,77.44,52.51,34.3,55.21,20.48,22.0,30.63,50.23,1,Study Skills Workshop,1
STU0493,2025,10,irregular,39.38,76,193,42.8,20.14,6.3,100.0,88,5.2,language_oriented,0,0,4,2,0.3333,0.2372,0.4261,0.8887,0.6667,34.38,0.3229,excellent,57,1,100.0,100.0,48.62,87.15,High,High Risk,79.28,54.47,35.69,62.35,22.94,24.31,31.21,50.39,0,None,0
STU0494,2023,8,good,78.0,156,200,58.55,13.19,16.4,95.7,99,14.8,balanced,0,0,1,2,0.5894,0.4782,0.6871,0.8157,0.6667,108.87,0.5453,excellent,21,0,78.4,55.79,20.42,53.73,Medium,Medium Risk,64.03,68.01,63.88,60.98,46.02,47.92,60.63,59.89,0,None,0
STU0494,2024,9,good,86.36,171,198,60.42,12.35,21.4,96.0,99,14.8,balanced,0,0,1,1,0.5897,0.4783,0.6923,0.8157,0.6667,83.5,0.5453,excellent,12,0,45.55,47.04,20.34,39.91,Medium,Medium Risk,66.08,69.68,66.01,63.69,49.37,50.05,61.28,62.4,1,Study Group,0
STU0494,2025,10,good,76.68,148,193,60.96,13.41,21.7,99.4,99,14.8,balanced,0,0,1,2,0.5876,0.4776,0.6893,0.8157,0.6667,104.03,0.5453,excellent,20,1,76.32,54.86,20.39,52.68,Medium,Medium Risk,67.84,69.62,67.83,63.49,49.2,49.8,62.55,62.66,0,None,0
STU0495,2023,8,excellent,89.0,178,200,97.47,2.67,77.0,100.0,106,20.4,practical,0,0,0,0,0.8376,0.6942,0.9283,0.6811,0.6667,158.53,0.95,good,13,6,46.7,4.26,11.26,18.74,Low,Low Risk,97.92,97.92,98.1,97.38,97.89,95.83,97.67,97.72,0,None,0
STU0495,2024,9,excellent,88.89,176,198,97.53,2.47,70.7,100.0,106,20.4,practical,0,0,0,0,0.8462,0.697,0.9231,0.6811,0.6667,175.73,0.95,good,13,1,46.78,4.07,11.31,18.69,Low,Low Risk,97.49,97.61,97.81,97.68,97.84,96.53,97.95,97.53,0,None,0
STU0495,2025,10,excellent,87.05,168,193,97.64,2.32,81.7,100.0,106,20.4,practical,0,0,0,0,0.8419,0.698,0.9265,0.6811,0.6667,151.05,0.95,good,14,1,51.07,4.11,11.25,19.98,Low,Low Risk,97.84,97.52,97.79,97.58,97.81,96.74,98.12,97.88,0,None,0
STU0496,2023,8,excellent,90.0,180,200,93.63,7.41,57.0,100.0,83,20.3,balanced,0,0,0,0,0.8119,0.7261,0.8618,0.7567,0.6667,170.92,0.8397,good,10,3,37.0,6.31,12.08,16.96,Low,Low Risk,95.81,86.15,95.48,96.78,90.76,94.42,96.81,92.8,0,None,0
STU0496,2024,9,excellent,91.41,181,198,92.82,7.63,46.8,100.0,83,20.3,balanced,0,0,0,1,0.8205,0.7188,0.8615,0.7567,0.6667,138.58,0.8397,good,9,4,33.01,14.46,12.16,19.45,Low,Low Risk,94.31,86.52,95.36,95.42,90.62,93.53,96.75,89.91,0,None,0
STU0496,2025,10,excellent,92.75,179,193,92.85,7.67,56.0,100.0,83,20.3,balanced,0,0,0,0,0.8155,0.7205,0.8632,0.7567,0.6667,134.4,0.8397,good,9,1,32.08,6.55,12.12,15.6,Low,Low Risk,94.97,85.62,94.58,95.38,90.15,94.62,96.34,90.84,0,None,0
STU0497,2023,8,at-risk,29.0,58,200,30.65,12.21,3.7,65.5,111,2.3,language_oriented,0,0,6,4,0.2818,0.1828,0.3382,0.4107,0.3333,35.38,0.4935,good,98,2,100.0,100.0,57.48,89.37,High,High Risk,39.12,36.77,26.33,40.24,16.31,28.92,23.44,38.75,0,None,0
STU0497,2024,9,at-risk,25.76,51,198,31.23,12.56,4.2,77.5,111,2.3,language_oriented,0,0,6,4,0.2821,0.1818,0.3385,0.4107,0.3333,31.98,0.4935,good,76,1,100.0,100.0,57.49,89.37,High,High Risk,39.78,38.76,25.39,38.96,16.01,30.7,25.53,37.49,1,Parent Meeting,1
STU0497,2025,10,at-risk,21.24,41,193,32.69,12.86,6.4,74.3,111,2.3,language_oriented,0,0,6,4,0.2806,0.1879,0.3368,0.4107,0.3333,14.48,0.4935,good,96,1,100.0,100.0,57.45,89.36,High,High Risk,42.53,39.57,27.84,42.61,17.38,29.29,25.25,39.98,0,None,0
STU0498,2023,8,good,72.5,145,200,53.94,16.73,13.6,99.1,101,4.4,science_oriented,0,0,1,4,0.5894,0.5218,0.6154,0.7474,0.6667,140.13,0.7658,average,42,4,100.0,73.63,39.12,72.91,High,High Risk,54.77,36.86,40.03,43.29,59.42,48.8,72.62,69.18,0,None,0
STU0498,2024,9,good,76.77,152,198,56.56,16.23,17.7,100.0,101,4.4,science_oriented,0,0,1,3,0.5897,0.5217,0.6154,0.7474,0.6667,79.8,0.7658,average,32,4,100.0,64.58,39.12,68.84,High,High Risk,57.77,40.01,45.59,48.56,59.18,50.43,75.13,71.0,0,None,0
STU0498,2025,10,good,79.79,154,193,59.04,17.29,9.5,100.0,101,4.4,science_oriented,0,0,1,2,0.5876,0.5224,0.6158,0.7474,0.6667,93.42,0.7658,average,30,1,100.0,55.63,39.1,64.81,High,High Risk,59.38,41.58,46.08,50.11,62.43,52.04,79.33,76.77,0,None,0
STU0499,2023,8,good,72.5,145,200,91.73,9.05,58.1,100.0,112,13.4,language_oriented,1,0,0,0,0.8376,0.6423,0.9129,0.6983,0.6667,167.08,0.95,average,39,5,100.0,6.56,11.67,35.87,Medium,Medium Risk,97.06,94.0,95.7,97.89,87.2,85.78,85.74,95.81,0,None,0
STU0499,2024,9,good,73.74,146,198,92.25,8.77,53.8,100.0,112,13.4,language_oriented,1,0,0,0,0.8462,0.6364,0.9077,0.6983,0.6667,145.72,0.95,average,39,7,100.0,6.18,11.8,35.73,Medium,Medium Risk,97.67,94.99,95.4,97.62,88.19,85.48,87.28,96.3,0,None,0
STU0499,2025,10,good,75.65,146,193,93.06,7.91,56.1,100.0,112,13.4,language_oriented,1,0,0,0,0.8419,0.6354,0.9107,0.6983,0.6667,144.5,0.95,average,32,2,100.0,5.94,11.77,35.61,Medium,Medium Risk,97.79,94.25,96.25,97.95,88.31,87.88,90.23,95.95,1,Academic Advising,1
STU0500,2023,8,excellent,87.5,175,200,62.99,17.57,8.9,100.0,110,15.7,balanced,1,1,1,2,0.8119,0.6211,0.8463,0.717,0.6667,159.6,0.6899,good,13,1,47.75,49.57,36.41,45.73,Medium,Medium Risk,62.93,86.23,48.4,50.65,72.22,66.84,44.46,72.85,0,None,0
STU0500,2024,9,excellent,87.88,174,198,65.8,16.81,16.1,100.0,110,15.7,balanced,1,1,1,1,0.8205,0.625,0.8462,0.717,0.6667,83.75,0.6899,good,16,2,56.48,40.27,36.37,44.16,Medium,Medium Risk,67.17,86.91,52.92,53.06,73.85,68.0,45.75,73.49,0,None,0
STU0500,2025,10,excellent,85.49,165,193,66.56,17.23,12.8,100.0,110,15.7,balanced,1,1,1,1,0.8155,0.6236,0.8474,0.717,0.6667,179.2,0.6899,good,17,4,61.16,40.06,36.37,45.47,Medium,Medium Risk,67.69,89.85,52.92,55.81,75.29,69.42,46.83,74.56,0,None,0
STU0501,2023,8,excellent,81.5,163,200,82.25,13.6,34.2,100.0,108,15.2,science_oriented,0,0,1,0,0.7346,0.5813,0.7691,0.7093,0.6667,176.73,0.9188,good,24,1,84.95,27.41,14.68,41.49,Medium,Medium Risk,94.99,69.84,75.95,70.75,83.53,92.6,93.85,73.78,0,None,0
STU0501,2024,9,excellent,78.79,156,198,83.81,13.07,39.9,100.0,108,15.2,science_oriented,0,0,0,1,0.7436,0.5862,0.7692,0.7093,0.6667,101.13,0.9188,good,27,2,95.85,19.6,14.63,41.23,Medium,Medium Risk,97.03,71.24,75.46,72.66,86.29,93.25,93.96,77.83,0,None,0
STU0501,2025,10,excellent,86.01,166,193,86.65,11.82,44.1,100.0,108,15.2,science_oriented,0,0,0,1,0.7365,0.5831,0.7684,0.7093,0.6667,131.98,0.9188,good,14,0,51.79,18.61,14.68,27.58,Low,Low Risk,96.89,75.0,80.27,75.86,86.95,94.02,96.24,84.21,1,Academic Advising,1
STU0502,2023,8,good,77.0,154,200,78.25,15.27,34.6,100.0,102,7.4,science_oriented,1,0,1,0,0.7089,0.6387,0.7846,0.7814,0.6667,111.65,0.6206,good,31,2,100.0,29.52,36.91,52.51,Medium,Medium Risk,92.61,57.49,62.09,89.55,82.91,76.78,89.32,76.77,0,None,0
STU0502,2024,9,good,77.78,154,198,81.06,14.44,33.0,100.0,102,7.4,science_oriented,1,0,1,0,0.7179,0.6429,0.7846,0.7814,0.6667,170.6,0.6206,good,28,3,99.56,28.22,36.87,51.78,Medium,Medium Risk,93.37,61.81,65.88,90.79,84.9,80.47,91.39,79.72,1,Parent Meeting,1
STU0502,2025,10,good,83.94,162,193,83.17,13.7,31.1,100.0,102,7.4,science_oriented,1,0,1,0,0.7101,0.6419,0.7842,0.7814,0.6667,124.7,0.6206,good,20,2,71.24,27.53,36.88,42.98,Medium,Medium Risk,95.82,65.15,67.83,92.61,85.73,83.31,92.74,81.91,0,None,0
STU0503,2023,8,excellent,82.0,164,200,89.16,10.59,47.9,100.0,113,11.2,language_oriented,1,0,0,1,0.7182,0.6075,0.7335,0.6646,0.6667,156.1,0.7334,excellent,17,0,63.6,17.97,18.63,31.83,Medium,Medium Risk,90.52,94.83,89.76,97.88,82.12,87.94,76.24,96.81,0,None,0
STU0503,2024,9,excellent,84.34,167,198,89.52,10.58,43.7,100.0,113,11.2,language_oriented,1,0,0,1,0.7179,0.6071,0.7385,0.6646,0.6667,106.97,0.7334,excellent,14,1,52.96,17.83,18.56,28.55,Medium,Medium Risk,90.97,94.54,89.52,97.93,83.46,90.24,76.44,96.76,0,None,0
STU0503,2025,10,excellent,81.87,158,193,89.24,10.87,43.8,100.0,113,11.2,language_oriented,1,0,0,1,0.7194,0.6099,0.7368,0.6646,0.6667,158.88,0.7334,excellent,17,3,63.69,17.92,18.56,31.81,Medium,Medium Risk,89.79,95.02,90.11,97.96,81.71,88.69,76.39,96.75,1,Parent Meeting,1
STU0504,2023,8,good,75.5,151,200,85.28,13.15,43.3,100.0,88,17.9,practical,0,0,0,1,0.8805,0.6799,0.9283,0.8147,0.6667,103.2,0.9031,good,30,1,100.0,16.28,9.44,39.68,Medium,Medium Risk,84.32,95.54,97.9,71.8,92.63,68.34,90.74,83.65,0,None,0
STU0504,2024,9,good,73.23,145,198,86.11,13.1,37.8,100.0,88,17.9,practical,0,0,0,1,0.8718,0.6765,0.9231,0.8147,0.6667,112.77,0.9031,good,36,3,100.0,16.12,9.55,39.64,Medium,Medium Risk,85.12,96.05,97.46,73.72,92.51,68.26,92.11,85.74,0,None,0
STU0504,2025,10,good,78.76,152,193,87.22,13.13,33.3,100.0,88,17.9,practical,0,0,1,0,0.8775,0.6801,0.9265,0.8147,0.6667,128.62,0.9031,good,25,0,89.87,22.56,9.46,39.48,Medium,Medium Risk,87.92,96.43,97.81,77.17,95.59,67.71,92.75,87.14,0,None,0
STU0505,2023,8,moderate,61.0,122,200,85.99,13.36,41.2,100.0,114,10.4,balanced,1,0,0,1,0.6924,0.6416,0.7691,0.6161,0.6667,86.57,0.7897,excellent,32,1,100.0,19.76,17.88,43.36,High,High Risk,95.08,97.17,86.39,69.1,81.17,94.98,69.34,94.47,0,None,0
STU0505,2024,9,moderate,61.62,122,198,86.78,13.15,41.6,100.0,114,10.4,balanced,1,0,0,1,0.6923,0.6296,0.7692,0.6161,0.6667,66.52,0.7897,excellent,38,0,100.0,19.44,18.0,43.25,High,High Risk,96.57,97.33,87.58,69.96,83.36,95.11,70.35,95.66,1,Counseling,0
STU0505,2025,10,moderate,64.25,124,193,87.53,12.74,49.4,100.0,114,10.4,balanced,1,0,0,1,0.693,0.6331,0.7684,0.6161,0.6667,59.93,0.7897,excellent,32,1,100.0,19.13,17.98,43.1,High,High Risk,96.92,97.16,89.23,73.07,82.98,95.68,71.34,95.82,1,Tutoring,1
STU0506,2023,8,excellent,90.5,181,200,96.38,4.45,67.5,100.0,110,17.6,science_oriented,0,0,0,0,0.9743,0.8333,0.9846,0.6751,0.6667,129.07,0.933,average,14,1,48.65,1.96,9.4,17.83,Low,Low Risk,97.66,92.37,97.17,97.79,97.37,96.6,97.12,95.64,0,None,0
STU0506,2024,9,excellent,92.93,184,198,96.81,3.97,62.7,100.0,110,17.6,science_oriented,0,0,0,0,0.9744,0.8421,0.9846,0.6751,0.6667,166.4,0.933,average,10,3,34.95,1.79,9.31,13.62,Low,Low Risk,97.7,93.02,97.49,97.66,97.91,96.41,97.65,97.06,0,None,0
STU0506,2025,10,excellent,91.71,177,193,97.2,3.34,65.1,100.0,110,17.6,science_oriented,0,0,0,0,0.9736,0.8376,0.9842,0.6751,0.6667,82.33,0.933,average,11,3,38.8,1.65,9.36,14.72,Low,Low Risk,97.62,95.15,97.47,97.79,97.72,97.26,97.66,96.94,0,None,0
STU0507,2023,8,moderate,72.0,144,200,81.82,12.19,40.1,100.0,98,8.6,balanced,1,0,0,1,0.7261,0.5763,0.8309,0.5465,0.3333,65.37,0.687,average,37,4,100.0,20.75,20.54,44.47,Medium,Medium Risk,85.1,80.71,70.59,87.73,72.23,88.48,83.47,82.61,0,None,0
STU0507,2024,9,moderate,67.68,134,198,83.92,11.97,39.9,100.0,98,8.6,balanced,1,0,0,1,0.7179,0.5714,0.8308,0.5465,0.3333,99.2,0.687,average,39,3,100.0,20.07,20.59,44.18,High,High Risk,87.39,83.25,70.13,85.5,75.14,91.09,87.64,86.26,1,Parent Meeting,0
STU0507,2025,10,moderate,74.61,144,193,85.44,11.72,45.2,100.0,98,8.6,balanced,1,0,0,1,0.7194,0.5733,0.8316,0.5465,0.3333,44.62,0.687,average,33,5,100.0,19.44,20.56,43.89,Medium,Medium Risk,88.74,84.76,73.76,88.96,75.24,92.57,88.89,85.83,1,Parent Meeting,0
STU0508,2023,8,moderate,71.0,142,200,44.52,17.09,7.9,100.0,75,7.1,language_oriented,0,0,4,3,0.47,0.4002,0.5335,0.5877,0.6667,78.15,0.3664,average,36,2,100.0,100.0,50.75,87.69,High,High Risk,70.0,51.03,34.67,32.3,35.47,43.14,31.57,65.55,0,None,0
STU0508,2024,9,moderate,66.67,132,198,49.95,16.86,6.9,100.0,75,7.1,language_oriented,0,0,1,6,0.4615,0.3889,0.5385,0.5877,0.6667,84.18,0.3664,average,49,3,100.0,93.79,50.78,84.9,High,High Risk,73.39,55.54,43.55,37.89,40.13,48.01,35.11,69.7,1,Parent Meeting,0
STU0508,2025,10,moderate,65.8,127,193,54.69,16.76,6.7,100.0,75,7.1,language_oriented,0,0,1,4,0.4651,0.3965,0.5368,0.5877,0.6667,101.13,0.3664,average,44,3,100.0,75.82,50.73,76.8,High,High Risk,79.98,60.67,47.53,42.47,47.65,50.73,41.05,74.21,1,Tutoring,1
STU0509,2023,8,good,79.5,159,200,91.73,8.49,52.7,100.0,104,14.7,balanced,0,0,0,0,0.8119,0.7578,0.8511,0.8139,0.6667,161.53,0.8337,excellent,22,1,80.35,7.07,10.87,30.01,Medium,Medium Risk,93.73,86.38,92.07,97.44,95.63,92.28,88.91,89.69,0,None,0
STU0509,2024,9,good,71.72,142,198,93.77,7.06,56.3,100.0,104,14.7,balanced,0,0,0,0,0.8205,0.75,0.8462,0.8139,0.6667,103.45,0.8337,excellent,26,1,97.8,6.08,11.02,34.83,Medium,Medium Risk,94.15,90.33,95.07,97.27,96.87,93.98,92.29,91.57,1,Parent Meeting,1
STU0509,2025,10,good,72.54,140,193,94.99,6.54,62.8,100.0,104,14.7,balanced,0,0,0,0,0.8155,0.7529,0.8474,0.8139,0.6667,145.02,0.8337,excellent,29,0,100.0,5.69,10.98,35.31,Medium,Medium Risk,95.91,92.47,95.05,97.72,96.73,95.4,92.96,94.86,1,Academic Advising,0
STU0510,2023,8,good,77.5,155,200,82.05,15.62,27.1,100.0,88,17.0,science_oriented,0,1,1,0,0.6924,0.5186,0.7129,0.7509,0.6667,143.18,0.95,average,31,4,100.0,28.33,34.85,51.46,Medium,Medium Risk,73.44,86.54,82.31,87.46,95.3,88.71,84.96,55.59,0,None,0
STU0510,2024,9,good,83.33,165,198,82.24,16.12,24.3,100.0,88,17.0,science_oriented,0,1,1,0,0.6923,0.5185,0.7077,0.7509,0.6667,159.05,0.95,average,26,2,89.67,28.26,34.93,48.35,Medium,Medium Risk,74.02,87.61,80.32,86.23,96.78,89.79,85.79,54.58,1,Academic Advising,0
STU0510,2025,10,good,82.38,159,193,83.01,15.56,18.4,100.0,88,17.0,science_oriented,0,1,1,0,0.693,0.519,0.7107,0.7509,0.6667,118.82,0.95,average,21,5,75.33,27.94,34.88,43.89,Medium,Medium Risk,75.32,88.02,81.58,86.64,96.13,90.84,86.3,56.87,1,Parent Meeting,0
STU0511,2023,8,good,72.5,145,200,95.94,4.87,66.8,100.0,114,21.1,balanced,1,0,0,0,0.9228,0.7868,0.9382,0.7919,0.6667,173.93,0.8978,good,34,0,100.0,3.17,8.75,33.61,Medium,Medium Risk,94.29,95.97,96.27,97.18,92.65,96.89,97.08,96.19,0,None,0
STU0511,2024,9,good,72.73,144,198,96.1,4.84,65.4,100.0,114,21.1,balanced,1,0,0,0,0.9231,0.7778,0.9385,0.7919,0.6667,96.93,0.8978,good,29,0,100.0,3.1,8.84,33.6,Medium,Medium Risk,94.82,96.11,96.94,97.02,92.1,97.31,97.03,96.75,0,None,0
STU0511,2025,10,good,74.61,144,193,96.65,4.22,65.9,100.0,114,21.1,balanced,1,0,0,0,0.9209,0.7811,0.9368,0.7919,0.6667,165.13,0.8978,good,33,4,100.0,2.92,8.83,33.52,Medium,Medium Risk,95.57,96.34,96.44,97.4,94.31,97.33,97.38,97.6,0,None,0
STU0512,2023,8,moderate,72.5,145,200,44.33,18.37,6.9,97.8,88,6.1,practical,0,0,4,3,0.6072,0.5357,0.682,0.6001,0.3333,94.8,0.7228,excellent,25,2,94.25,100.0,41.57,83.67,High,High Risk,36.09,33.86,52.16,18.84,45.69,34.55,69.72,56.91,0,None,0
STU0512,2024,9,moderate,71.72,142,198,45.21,18.56,6.0,98.0,88,6.1,practical,0,0,4,3,0.6154,0.5417,0.6769,0.6001,0.3333,47.78,0.7228,excellent,24,1,91.8,100.0,41.59,82.94,High,High Risk,37.7,33.94,50.89,22.18,46.73,34.77,70.6,59.16,0,None,0
STU0512,2025,10,moderate,66.84,129,193,46.37,17.98,8.1,100.0,88,6.1,practical,0,0,2,5,0.614,0.5429,0.6791,0.6001,0.3333,71.92,0.7228,excellent,30,0,100.0,99.17,41.54,85.01,High,High Risk,36.79,36.93,54.81,23.67,47.06,35.58,71.5,58.98,1,Tutoring,0
STU0513,2023,8,good,73.5,147,200,66.39,15.3,14.2,99.2,70,11.6,balanced,1,0,1,1,0.6924,0.5186,0.7489,0.8354,0.6667,179.47,0.882,good,34,4,100.0,42.6,13.64,52.58,Medium,Medium Risk,81.16,68.39,38.21,76.28,68.02,67.06,64.39,68.18,0,None,0
STU0513,2024,9,good,73.23,145,198,69.91,15.0,17.2,100.0,70,11.6,balanced,1,0,1,1,0.6923,0.5185,0.7538,0.8354,0.6667,122.58,0.882,good,32,2,100.0,41.19,13.57,51.93,Medium,Medium Risk,84.47,71.81,41.5,77.59,69.09,72.83,69.03,71.17,0,None,0
STU0513,2025,10,good,79.27,153,193,73.12,15.31,21.3,100.0,70,11.6,balanced,1,0,1,1,0.693,0.519,0.7526,0.8354,0.6667,124.9,0.882,good,22,1,80.51,39.89,13.58,45.5,Medium,Medium Risk,89.23,72.57,44.4,83.5,74.34,76.01,71.92,74.94,1,Parent Meeting,1
STU0514,2023,8,moderate,70.5,141,200,58.35,18.84,7.9,99.0,87,12.5,language_oriented,0,0,2,1,0.5215,0.4912,0.6,0.6421,0.6667,53.03,0.7562,good,37,1,100.0,64.23,21.9,64.38,High,High Risk,82.09,68.45,67.94,69.0,46.19,28.98,54.06,68.11,0,None,0
STU0514,2024,9,moderate,71.72,142,198,60.22,19.68,8.9,100.0,87,12.5,language_oriented,0,0,2,1,0.5128,0.5,0.6,0.6421,0.6667,86.87,0.7562,good,32,2,100.0,63.66,21.82,64.1,High,High Risk,82.66,69.79,69.74,72.58,48.44,28.77,56.09,70.65,1,Study Skills Workshop,1
STU0514,2025,10,moderate,70.47,136,193,62.6,18.62,9.9,100.0,87,12.5,language_oriented,0,0,2,1,0.5178,0.4912,0.6,0.6421,0.6667,87.67,0.7562,good,30,3,100.0,62.61,21.9,63.65,High,High Risk,84.06,72.56,72.52,74.03,49.43,33.31,57.27,70.96,1,Tutoring,1
STU0515,2023,8,moderate,66.0,132,200,81.28,14.29,35.4,100.0,121,4.0,science_oriented,0,0,0,1,0.7346,0.6048,0.7846,0.5788,0.3333,88.82,0.7661,good,39,0,100.0,20.79,39.12,49.14,High,High Risk,86.94,61.54,90.74,84.79,85.1,92.41,81.22,68.12,0,None,0
STU0515,2024,9,moderate,69.7,138,198,83.76,13.44,26.2,100.0,121,4.0,science_oriented,0,0,1,0,0.7436,0.5862,0.7846,0.5788,0.3333,71.32,0.7661,good,30,2,100.0,26.62,39.3,51.81,High,High Risk,87.72,64.43,92.83,87.6,85.26,93.8,85.11,72.13,1,Tutoring,1
STU0515,2025,10,moderate,72.54,140,193,85.44,13.2,35.8,100.0,121,4.0,science_oriented,0,0,0,1,0.7365,0.5959,0.7842,0.5788,0.3333,84.28,0.7661,good,29,2,100.0,19.09,39.21,48.39,Medium,Medium Risk,90.89,67.39,94.75,87.39,88.62,95.46,88.09,72.18,1,Tutoring,1
STU0516,2023,8,moderate,69.5,139,200,76.18,12.01,45.7,100.0,104,12.7,practical,0,0,0,1,0.6152,0.5,0.6665,0.594,0.6667,104.52,0.916,average,44,0,100.0,25.23,19.38,46.2,High,High Risk,71.95,77.03,93.59,69.33,74.51,75.18,74.7,74.28,0,None,0
STU0516,2024,9,moderate,67.17,133,198,79.91,11.54,40.5,100.0,104,12.7,practical,0,0,0,1,0.6154,0.5,0.6615,0.594,0.6667,68.83,0.916,average,51,2,100.0,23.73,19.46,45.54,High,High Risk,75.33,80.7,93.46,74.43,79.03,78.84,78.08,79.76,1,Parent Meeting,1
STU0516,2025,10,moderate,76.17,147,193,83.25,10.78,48.8,100.0,104,12.7,practical,0,0,0,1,0.614,0.5,0.6632,0.594,0.6667,64.75,0.916,average,29,4,100.0,22.42,19.43,44.95,Medium,Medium Risk,82.74,85.23,94.2,77.74,83.89,81.49,81.89,80.8,1,Counseling,0
STU0517,2023,8,irregular,53.5,107,200,40.11,12.79,6.7,81.4,88,3.7,balanced,1,0,4,4,0.3076,0.2512,0.3537,0.3737,0.3333,34.98,0.5635,average,63,4,100.0,100.0,56.26,89.06,High,High Risk,42.04,43.38,33.03,29.55,50.27,38.71,31.59,53.51,0,None,0
STU0517,2024,9,irregular,53.03,105,198,42.01,12.47,7.3,78.8,88,3.7,balanced,1,0,4,4,0.3077,0.25,0.3538,0.3737,0.3333,66.85,0.5635,average,60,5,100.0,100.0,56.27,89.07,High,High Risk,45.75,45.81,32.94,32.58,53.14,39.84,32.73,53.89,1,Tutoring,1
STU0517,2025,10,irregular,57.51,111,193,43.21,12.24,10.3,81.9,88,3.7,balanced,1,0,2,6,0.307,0.2576,0.3526,0.3737,0.3333,63.23,0.5635,average,62,5,100.0,100.0,56.21,89.05,High,High Risk,45.84,47.6,35.01,32.5,53.36,41.61,35.84,54.62,1,Tutoring,0
STU0518,2023,8,irregular,48.5,97,200,43.44,16.51,6.8,83.6,103,4.8,science_oriented,0,0,3,5,0.3591,0.2611,0.4154,0.8915,0.6667,27.0,0.4477,good,60,6,100.0,100.0,46.61,86.65,High,High Risk,43.14,49.19,37.23,31.25,47.33,50.6,63.38,17.16,0,None,0
STU0518,2024,9,irregular,51.01,101,198,45.92,16.74,6.5,98.4,103,4.8,science_oriented,0,0,2,5,0.359,0.2857,0.4154,0.8915,0.6667,53.45,0.4477,good,48,0,100.0,100.0,46.37,86.59,High,High Risk,46.5,50.84,39.75,35.58,49.5,53.45,66.33,19.75,0,None,0
STU0518,2025,10,irregular,53.89,104,193,48.37,17.24,5.9,98.6,103,4.8,science_oriented,0,0,2,4,0.3597,0.2674,0.4158,0.8915,0.6667,68.85,0.4477,good,50,4,100.0,95.46,46.54,84.59,High,High Risk,46.69,53.3,42.64,37.2,53.28,56.26,69.49,21.14,1,Mentoring Program,0
STU0519,2023,8,good,75.5,151,200,88.97,10.29,47.7,100.0,101,16.6,science_oriented,0,0,0,1,0.7346,0.6621,0.8253,0.8304,0.6667,93.28,0.6799,below_average,40,2,100.0,17.72,14.19,41.52,Medium,Medium Risk,86.12,79.86,86.3,82.16,97.12,97.15,90.62,88.12,0,None,0
STU0519,2024,9,good,75.25,149,198,90.61,9.18,54.0,100.0,101,16.6,science_oriented,0,0,0,0,0.7436,0.6552,0.8308,0.8304,0.6667,166.85,0.6799,below_average,39,3,100.0,8.89,14.18,37.54,Medium,Medium Risk,88.98,83.68,88.82,85.08,97.51,97.65,91.39,89.64,1,Study Group,1
STU0519,2025,10,good,75.13,145,193,91.27,8.92,54.0,100.0,101,16.6,science_oriented,0,0,0,0,0.7365,0.6547,0.8261,0.8304,0.6667,173.93,0.6799,below_average,43,5,100.0,8.76,14.25,37.51,Medium,Medium Risk,90.89,84.09,88.39,85.13,97.57,97.56,92.96,90.91,0,None,0
STU0520,2023,8,good,71.5,143,200,88.65,10.48,48.4,100.0,98,18.0,balanced,0,0,0,1,0.7346,0.6163,0.8154,0.7388,0.6667,144.77,0.6866,good,31,2,100.0,17.85,16.53,42.16,Medium,Medium Risk,93.8,84.09,76.35,92.97,88.45,92.56,85.33,94.61,0,None,0
STU0520,2024,9,good,76.77,152,198,90.73,9.44,54.7,100.0,98,18.0,balanced,0,0,0,0,0.7436,0.6207,0.8154,0.7388,0.6667,171.18,0.6866,good,25,5,91.26,8.84,16.49,35.48,Medium,Medium Risk,94.28,89.21,81.31,94.28,90.22,92.18,87.28,96.39,0,None,0
STU0520,2025,10,good,73.06,141,193,91.52,9.17,50.2,100.0,98,18.0,balanced,0,0,0,0,0.7365,0.6189,0.8158,0.7388,0.6667,124.42,0.6866,good,27,2,99.86,8.66,16.5,37.98,Medium,Medium Risk,93.74,88.29,82.74,95.36,91.36,93.39,89.74,96.88,1,Parent Meeting,0
STU0521,2023,8,excellent,86.0,172,200,96.79,4.23,57.7,100.0,119,17.0,science_oriented,1,0,0,0,0.7776,0.5824,0.8772,0.7541,0.6667,142.35,0.8553,average,19,5,66.8,5.73,13.11,25.9,Low,Low Risk,95.96,97.94,96.66,97.43,97.55,97.52,97.69,93.07,0,None,0
STU0521,2024,9,excellent,90.4,179,198,97.3,3.0,74.6,100.0,119,17.0,science_oriented,1,0,0,0,0.7692,0.6,0.8769,0.7541,0.6667,92.82,0.8553,average,15,0,51.72,5.7,12.93,21.31,Low,Low Risk,96.9,97.68,97.27,97.76,97.7,97.67,97.73,95.6,0,None,0
STU0521,2025,10,excellent,89.12,172,193,97.23,3.41,67.8,100.0,119,17.0,science_oriented,1,0,0,0,0.7721,0.5905,0.8791,0.7541,0.6667,149.88,0.8553,average,14,2,49.62,5.66,13.0,20.68,Low,Low Risk,96.97,97.97,97.24,97.96,97.6,97.8,97.71,94.58,0,None,0
STU0522,2023,8,moderate,63.0,126,200,65.71,16.76,11.6,100.0,116,8.2,science_oriented,0,0,1,1,0.6152,0.5,0.6871,0.5684,0.3333,63.68,0.4995,below_average,57,8,100.0,44.41,25.83,56.44,High,High Risk,84.99,44.66,63.54,53.96,75.04,81.04,64.07,56.32,0,None,0
STU0522,2024,9,moderate,58.59,116,198,65.64,16.56,23.1,100.0,116,8.2,science_oriented,0,0,1,1,0.6154,0.5,0.6923,0.5684,0.3333,43.1,0.4995,below_average,58,7,100.0,44.44,25.75,56.43,High,High Risk,83.96,44.83,60.46,56.24,75.03,83.03,61.54,58.9,1,Parent Meeting,0
STU0522,2025,10,moderate,67.88,131,193,66.11,17.32,19.4,100.0,116,8.2,science_oriented,0,0,1,1,0.614,0.5,0.6893,0.5684,0.3333,80.25,0.4995,below_average,54,8,100.0,44.28,25.8,56.37,High,High Risk,85.98,45.82,60.71,55.03,74.17,82.36,63.03,57.68,1,Counseling,0
STU0523,2023,8,moderate,66.5,133,200,89.99,10.14,47.1,100.0,132,12.3,language_oriented,0,0,0,1,0.8713,0.7061,0.9691,0.7024,0.6667,56.05,0.7575,excellent,38,0,100.0,14.58,12.99,39.81,High,High Risk,97.56,97.3,89.31,97.48,87.66,89.42,84.26,80.26,0,None,0
STU0523,2024,9,moderate,72.22,143,198,91.26,9.38,42.5,100.0,132,12.3,language_oriented,0,0,0,1,0.8718,0.7059,0.9692,0.7024,0.6667,91.42,0.7575,excellent,25,3,94.44,14.06,12.99,37.91,Medium,Medium Risk,97.52,97.98,90.58,97.77,90.04,91.43,87.41,80.84,1,Counseling,0
STU0523,2025,10,moderate,70.47,136,193,92.21,8.46,54.7,100.0,132,12.3,language_oriented,0,0,0,0,0.8682,0.7071,0.9684,0.7024,0.6667,37.1,0.7575,excellent,26,1,98.67,5.75,12.99,35.44,Medium,Medium Risk,97.73,97.63,92.35,97.48,91.21,92.57,88.36,83.25,0,None,0
STU0524,2023,8,irregular,57.5,115,200,59.07,16.75,8.1,100.0,103,4.7,science_oriented,0,0,2,0,0.4785,0.3934,0.5592,0.809,0.6667,66.5,0.4766,good,56,1,100.0,56.8,44.35,66.65,High,High Risk,52.78,32.54,67.52,55.19,68.17,73.41,53.06,67.06,0,None,0
STU0524,2024,9,irregular,53.03,105,198,61.57,16.3,7.2,99.2,103,4.7,science_oriented,0,0,1,1,0.4872,0.3684,0.5538,0.809,0.6667,52.55,0.4766,good,54,2,100.0,48.63,44.68,63.05,High,High Risk,55.27,35.23,71.96,57.72,69.16,75.93,56.83,66.48,1,Mentoring Program,0
STU0524,2025,10,irregular,54.92,106,193,63.65,16.29,12.3,100.0,103,4.7,science_oriented,0,0,1,1,0.4822,0.3829,0.5581,0.809,0.6667,62.72,0.4766,good,52,1,100.0,47.9,44.47,62.67,High,High Risk,57.75,37.9,73.94,62.27,72.9,76.31,58.72,70.51,0,None,0
STU0525,2023,8,irregular,54.0,108,200,30.89,18.01,4.9,87.9,97,1.0,science_oriented,1,0,9,0,0.4013,0.3409,0.4463,0.8068,0.6667,51.5,0.3735,average,70,4,100.0,100.0,48.16,87.04,High,High Risk,30.55,17.92,14.16,34.61,30.62,33.42,63.01,15.65,0,None,0
STU0525,2024,9,irregular,58.59,116,198,31.42,17.88,5.5,84.1,97,1.0,science_oriented,1,0,8,1,0.4103,0.3125,0.4462,0.8068,0.6667,49.87,0.3735,average,50,1,100.0,100.0,48.44,87.11,High,High Risk,32.36,18.21,14.84,34.89,31.11,35.07,63.03,14.94,1,Mentoring Program,1
STU0525,2025,10,irregular,58.55,113,193,34.04,19.3,3.2,93.0,97,1.0,science_oriented,1,0,7,2,0.4031,0.3274,0.4474,0.8068,0.6667,37.52,0.3735,average,61,2,100.0,100.0,48.28,87.07,High,High Risk,32.76,19.41,16.34,39.54,32.75,36.81,66.06,17.12,1,Parent Meeting,1
STU0526,2023,8,excellent,88.0,176,200,82.79,14.66,35.6,100.0,93,20.0,language_oriented,0,0,0,1,0.9228,0.7868,0.9846,0.7326,0.6667,141.93,0.95,average,18,1,62.4,16.43,8.46,28.23,Low,Low Risk,92.32,85.52,64.01,97.22,63.5,85.08,85.13,92.86,0,None,0
STU0526,2024,9,excellent,85.86,170,198,85.29,13.89,32.2,100.0,93,20.0,language_oriented,0,0,1,0,0.9231,0.7778,0.9846,0.7326,0.6667,136.67,0.95,average,22,1,75.9,22.42,8.55,35.0,Medium,Medium Risk,93.82,89.68,65.62,97.84,66.33,87.14,86.2,93.51,0,None,0
STU0526,2025,10,excellent,88.08,170,193,86.17,13.55,40.7,100.0,93,20.0,language_oriented,0,0,0,1,0.9209,0.7811,0.9842,0.7326,0.6667,80.45,0.95,average,15,3,53.34,15.11,8.52,24.93,Low,Low Risk,95.6,89.53,67.62,97.53,68.6,89.39,86.16,96.35,0,None,0
STU0527,2023,8,excellent,83.5,167,200,96.03,4.91,64.1,100.0,107,16.8,practical,0,0,0,0,0.9485,0.7745,0.9846,0.7285,0.6667,80.95,0.95,good,21,0,74.55,2.62,8.67,25.71,Medium,Medium Risk,91.5,93.44,97.97,96.86,95.32,96.72,97.6,97.58,0,None,0
STU0527,2024,9,excellent,86.87,172,198,96.3,4.83,61.0,100.0,107,16.8,practical,0,0,0,0,0.9487,0.7838,0.9846,0.7285,0.6667,140.72,0.95,good,13,4,48.19,2.5,8.57,17.73,Low,Low Risk,92.27,93.0,97.94,97.08,95.99,97.49,97.55,97.78,0,None,0
STU0527,2025,10,excellent,87.56,169,193,96.85,3.79,74.5,100.0,107,16.8,practical,0,0,0,0,0.9473,0.7774,0.9842,0.7285,0.6667,172.38,0.95,good,16,2,56.7,2.31,8.64,20.21,Low,Low Risk,93.95,95.36,98.01,97.33,96.66,97.53,97.76,97.56,0,None,0
STU0528,2023,8,good,78.0,156,200,80.77,11.32,44.1,100.0,90,16.8,science_oriented,0,0,0,1,0.7182,0.6792,0.7489,0.7554,0.6667,73.95,0.8477,excellent,19,0,72.4,21.33,14.15,34.86,Medium,Medium Risk,83.58,70.85,77.71,74.38,78.96,91.0,86.28,78.76,0,None,0
STU0528,2024,9,good,75.25,149,198,85.94,10.44,44.4,100.0,90,16.8,science_oriented,0,0,0,1,0.7179,0.6786,0.7538,0.7554,0.6667,91.07,0.8477,excellent,20,0,77.32,19.27,14.08,35.39,Medium,Medium Risk,87.15,75.88,85.0,79.99,84.67,93.14,91.23,87.64,0,None,0
STU0528,2025,10,good,74.09,143,193,89.26,9.21,56.1,100.0,90,16.8,science_oriented,0,0,0,0,0.7194,0.6832,0.7526,0.7554,0.6667,126.97,0.8477,excellent,22,0,84.13,9.91,14.06,33.21,Medium,Medium Risk,90.65,81.35,86.1,84.88,89.55,95.41,93.46,88.47,1,Parent Meeting,1
STU0529,2023,8,moderate,58.5,117,200,88.99,11.02,46.6,100.0,86,17.8,practical,1,0,0,1,0.6924,0.6301,0.7026,0.6232,0.6667,81.63,0.8883,excellent,35,0,100.0,18.56,17.37,42.69,High,High Risk,94.42,89.43,89.76,71.76,96.51,83.25,97.39,89.85,0,None,0
STU0529,2024,9,moderate,74.75,148,198,90.21,9.96,53.0,100.0,86,17.8,practical,1,0,0,0,0.6923,0.6296,0.7077,0.6232,0.6667,59.22,0.8883,excellent,24,1,89.68,10.07,17.3,35.76,Medium,Medium Risk,95.47,92.64,90.23,75.97,96.86,82.86,97.64,89.64,1,Study Skills Workshop,0
STU0529,2025,10,moderate,60.62,117,193,91.32,9.3,48.1,100.0,86,17.8,practical,1,0,0,1,0.693,0.6331,0.7051,0.6232,0.6667,72.3,0.8883,excellent,32,2,100.0,17.61,17.3,42.25,High,High Risk,94.77,92.81,91.26,79.24,96.39,86.5,97.71,91.04,1,Study Group,1
STU0530,2023,8,moderate,62.0,124,200,90.68,9.46,50.3,100.0,105,14.4,balanced,1,0,0,0,0.7439,0.6433,0.8357,0.6668,0.6667,101.82,0.95,average,49,5,100.0,8.85,13.45,37.34,High,High Risk,93.63,85.88,92.38,80.71,88.89,94.3,94.27,92.0,0,None,0
STU0530,2024,9,moderate,59.09,117,198,91.8,8.51,55.3,100.0,105,14.4,balanced,1,0,0,0,0.7436,0.6552,0.8308,0.6668,0.6667,84.78,0.95,average,48,1,100.0,8.41,13.4,37.13,High,High Risk,95.81,87.49,94.47,82.78,90.57,95.64,94.67,91.89,1,Mentoring Program,1
STU0530,2025,10,moderate,62.69,121,193,93.69,7.33,56.3,100.0,105,14.4,balanced,1,0,0,0,0.7457,0.6467,0.8316,0.6668,0.6667,87.28,0.95,average,45,3,100.0,7.61,13.47,36.79,High,High Risk,97.01,90.53,94.81,85.16,93.7,96.63,95.97,93.74,1,Counseling,1
STU0531,2023,8,irregular,42.0,84,200,27.2,14.65,2.8,80.0,87,3.8,language_oriented,0,0,6,4,0.4013,0.2974,0.4463,0.4441,0.3333,25.27,0.2923,good,58,0,100.0,100.0,57.06,89.27,High,High Risk,42.25,35.14,35.7,29.53,21.4,13.33,14.63,36.84,0,None,0
STU0531,2024,9,irregular,46.97,93,198,28.24,14.62,0.8,66.2,87,3.8,language_oriented,0,0,6,4,0.4103,0.3125,0.4462,0.4441,0.3333,53.92,0.2923,good,60,0,100.0,100.0,56.92,89.23,High,High Risk,42.84,38.52,35.24,32.42,22.54,13.54,13.76,38.19,1,Study Skills Workshop,1
STU0531,2025,10,irregular,54.92,106,193,28.72,15.11,3.8,71.4,87,3.8,language_oriented,0,0,6,4,0.4031,0.3036,0.4474,0.4441,0.3333,60.58,0.2923,good,48,2,100.0,100.0,56.99,89.25,High,High Risk,46.48,37.21,36.28,32.2,22.66,13.7,13.89,38.84,0,None,0
STU0532,2023,8,irregular,55.5,111,200,31.3,11.94,4.3,70.7,70,9.8,balanced,1,1,7,3,0.5215,0.4419,0.5382,0.339,0.0,50.82,0.3653,below_average,63,9,100.0,100.0,55.25,88.81,High,High Risk,35.11,33.66,23.51,35.53,32.4,27.39,36.07,28.7,0,None,0
STU0532,2024,9,irregular,53.54,106,198,37.3,12.54,6.6,72.3,70,9.8,balanced,1,1,3,7,0.5128,0.45,0.5385,0.339,0.0,60.67,0.3653,below_average,70,7,100.0,100.0,55.16,88.79,High,High Risk,41.95,43.16,31.26,40.12,37.95,28.61,40.9,36.36,0,None,0
STU0532,2025,10,irregular,51.3,99,193,40.87,12.42,8.4,80.1,70,9.8,balanced,1,1,2,8,0.5178,0.4404,0.5368,0.339,0.0,45.87,0.3653,below_average,77,3,100.0,100.0,55.28,88.82,High,High Risk,45.36,46.38,32.7,44.53,44.18,35.17,41.52,39.29,1,Mentoring Program,1
STU0533,2023,8,good,76.5,153,200,90.03,10.87,40.3,100.0,114,15.1,science_oriented,0,0,0,1,0.9063,0.7545,0.9129,0.7479,0.6667,107.05,0.6822,poor,42,5,100.0,13.86,13.57,39.63,Medium,Medium Risk,97.29,96.97,90.59,73.81,96.97,90.13,95.11,78.32,0,None,0
STU0533,2024,9,good,69.7,138,198,91.07,10.09,50.9,100.0,114,15.1,science_oriented,0,0,0,0,0.8974,0.7429,0.9077,0.7479,0.6667,92.98,0.6822,poor,53,6,100.0,5.62,13.77,35.97,High,High Risk,96.91,96.66,92.78,77.71,97.16,91.71,94.73,80.8,0,None,0
STU0533,2025,10,good,79.27,153,193,91.8,9.73,50.6,100.0,114,15.1,science_oriented,0,0,0,0,0.9038,0.7478,0.9107,0.7479,0.6667,155.38,0.6822,poor,33,10,100.0,5.2,13.67,35.76,Medium,Medium Risk,97.29,96.9,94.44,78.41,96.96,91.99,95.25,82.13,1,Parent Meeting,0
STU0534,2023,8,excellent,83.0,166,200,96.57,4.3,67.2,100.0,112,20.8,balanced,1,0,0,0,0.8891,0.7499,0.9846,0.6815,0.6667,87.97,0.7656,good,17,1,62.9,3.59,12.62,23.64,Medium,Medium Risk,97.71,97.69,97.46,97.29,97.91,93.32,95.67,97.25,0,None,0
STU0534,2024,9,excellent,78.79,156,198,96.63,4.29,64.6,100.0,112,20.8,balanced,1,0,0,0,0.8974,0.7429,0.9846,0.6815,0.6667,113.73,0.7656,good,22,3,80.85,3.4,12.69,28.96,Medium,Medium Risk,98.09,97.63,97.7,97.59,97.58,93.14,96.14,96.77,0,None,0
STU0534,2025,10,excellent,83.94,162,193,97.02,3.46,73.2,100.0,112,20.8,balanced,1,0,0,0,0.8946,0.7452,0.9842,0.6815,0.6667,164.23,0.7656,good,18,1,65.24,3.3,12.67,24.23,Medium,Medium Risk,98.07,97.5,97.89,97.66,97.56,94.79,96.32,97.64,0,None,0
STU0535,2023,8,irregular,58.5,117,200,57.38,11.56,18.4,92.4,107,9.1,balanced,0,0,1,0,0.427,0.3584,0.518,0.3827,0.3333,51.43,0.5809,good,43,1,100.0,43.51,32.28,57.65,High,High Risk,57.39,54.13,54.72,60.6,53.57,59.66,59.18,58.83,0,None,0
STU0535,2024,9,irregular,50.0,99,198,61.34,11.51,29.3,90.9,107,9.1,balanced,0,0,1,0,0.4359,0.3529,0.5231,0.3827,0.3333,30.18,0.5809,good,67,1,100.0,41.75,32.26,56.85,High,High Risk,58.15,59.02,58.41,63.86,56.49,65.27,65.09,61.41,0,None,0
STU0535,2025,10,irregular,46.11,89,193,64.01,11.71,24.0,97.7,107,9.1,balanced,0,0,1,0,0.4295,0.3464,0.5209,0.3827,0.3333,25.38,0.5809,good,58,5,100.0,40.81,32.35,56.45,High,High Risk,62.5,59.82,61.47,67.37,58.74,67.6,65.68,66.58,0,None,0
STU0536,2023,8,excellent,79.0,158,200,95.77,5.4,69.5,100.0,115,16.1,language_oriented,0,0,0,0,0.9485,0.8016,0.9846,0.722,0.6667,90.67,0.8325,excellent,22,0,80.7,2.72,10.29,28.01,Medium,Medium Risk,97.66,97.28,97.9,97.01,97.64,94.01,89.78,97.77,0,None,0
STU0536,2024,9,excellent,85.35,169,198,95.86,5.23,64.1,100.0,115,16.1,language_oriented,0,0,0,0,0.9487,0.8108,0.9846,0.722,0.6667,132.52,0.8325,excellent,16,1,58.25,2.68,10.19,21.23,Low,Low Risk,97.54,97.53,97.53,96.36,97.79,94.21,90.43,97.57,1,Parent Meeting,0
STU0536,2025,10,excellent,81.87,158,193,95.58,5.16,65.3,100.0,115,16.1,language_oriented,0,0,0,0,0.9473,0.8052,0.9842,0.722,0.6667,170.23,0.8325,excellent,17,1,63.69,2.82,10.26,22.94,Medium,Medium Risk,96.55,97.11,97.4,96.28,97.85,93.79,90.48,97.39,0,None,0
STU0537,2023,8,irregular,43.0,86,200,40.73,19.32,4.5,97.2,78,6.2,language_oriented,0,0,5,2,0.3848,0.3343,0.4253,0.3683,0.3333,66.52,0.3939,good,68,3,100.0,100.0,57.0,89.25,High,High Risk,65.71,52.38,34.05,28.78,37.38,30.61,20.49,67.38,0,None,0
STU0537,2024,9,irregular,38.89,77,198,44.54,19.73,4.5,99.3,78,6.2,language_oriented,0,0,4,3,0.3846,0.3333,0.4308,0.3683,0.3333,69.27,0.3939,good,74,1,100.0,100.0,56.93,89.23,High,High Risk,69.16,54.35,39.27,34.66,39.13,33.82,23.37,71.34,0,None,0
STU0537,2025,10,irregular,40.93,79,193,47.03,19.76,7.4,99.7,78,6.2,language_oriented,0,0,3,4,0.386,0.3413,0.4261,0.3683,0.3333,46.4,0.3939,good,79,4,100.0,100.0,56.92,89.23,High,High Risk,71.17,57.3,39.3,34.45,43.31,35.31,27.71,75.05,1,Mentoring Program,0
STU0538,2023,8,moderate,61.5,123,200,73.19,17.97,21.6,100.0,105,11.9,language_oriented,0,0,1,1,0.6409,0.6004,0.6717,0.6121,0.6667,58.02,0.751,excellent,37,1,100.0,40.91,20.41,53.51,High,High Risk,74.66,84.8,66.55,84.96,84.98,61.98,46.1,90.26,0,None,0
STU0538,2024,9,moderate,56.57,112,198,75.57,17.92,24.2,100.0,105,11.9,language_oriented,0,0,1,1,0.641,0.6,0.6769,0.6121,0.6667,71.27,0.751,excellent,46,0,100.0,39.95,20.34,53.06,High,High Risk,77.27,87.79,68.96,86.19,88.52,64.18,48.3,93.67,1,Parent Meeting,0
STU0538,2025,10,moderate,62.69,121,193,76.35,17.83,28.1,100.0,105,11.9,language_oriented,0,0,1,0,0.6403,0.6029,0.6735,0.6121,0.6667,87.9,0.751,excellent,33,1,100.0,31.66,20.36,49.34,High,High Risk,77.77,89.79,70.05,88.8,89.79,64.9,50.23,94.29,1,Parent Meeting,1
STU0539,2023,8,irregular,63.5,127,200,37.0,16.06,6.8,82.7,92,6.3,science_oriented,0,0,5,3,0.4957,0.4314,0.518,0.3871,0.3333,32.27,0.3539,below_average,61,8,100.0,100.0,54.87,88.72,High,High Risk,25.2,20.89,38.56,26.12,59.33,31.86,53.93,36.7,0,None,0
STU0539,2024,9,irregular,62.12,123,198,38.82,15.98,7.1,82.2,92,6.3,science_oriented,0,0,5,3,0.4872,0.4211,0.5231,0.3871,0.3333,58.65,0.3539,below_average,59,7,100.0,100.0,54.89,88.72,High,High Risk,28.42,22.98,38.7,27.03,60.24,31.66,55.11,38.24,1,Parent Meeting,0
STU0539,2025,10,irregular,56.48,109,193,39.13,15.97,6.4,89.2,92,6.3,science_oriented,0,0,5,3,0.4915,0.4288,0.5209,0.3871,0.3333,65.95,0.3539,below_average,70,8,100.0,100.0,54.85,88.71,High,High Risk,27.99,23.48,39.64,28.23,61.81,33.08,56.47,39.25,0,None,0
STU0540,2023,8,excellent,90.5,181,200,89.4,10.79,47.6,100.0,108,16.9,balanced,0,0,0,1,0.7776,0.6375,0.8618,0.7441,0.6667,84.13,0.8867,good,12,0,42.65,16.69,12.52,23.43,Low,Low Risk,94.35,91.81,97.48,92.26,91.21,76.21,94.03,83.48,0,None,0
STU0540,2024,9,excellent,90.91,180,198,91.21,9.15,55.0,100.0,108,16.9,balanced,0,0,0,0,0.7692,0.6333,0.8615,0.7441,0.6667,147.53,0.8867,good,12,2,42.36,8.13,12.56,19.51,Low,Low Risk,95.39,92.13,97.76,92.38,93.54,80.58,93.64,89.33,0,None,0
STU0540,2025,10,excellent,88.08,170,193,93.08,8.11,55.2,100.0,108,16.9,balanced,0,0,0,0,0.7721,0.6365,0.8632,0.7441,0.6667,135.53,0.8867,good,12,2,44.34,7.33,12.5,19.73,Low,Low Risk,96.66,94.33,97.57,95.08,94.91,84.23,95.56,90.56,0,None,0
STU0541,2023,8,moderate,64.5,129,200,71.58,18.88,9.8,100.0,75,18.2,language_oriented,0,0,1,1,0.6924,0.5929,0.7691,0.6332,0.6667,65.32,0.8116,average,56,1,100.0,40.52,17.7,52.66,High,High Risk,89.07,69.1,63.38,91.38,71.68,43.17,72.01,88.25,0,None,0
STU0541,2024,9,moderate,57.07,113,198,73.58,17.7,16.3,100.0,75,18.2,language_oriented,0,0,1,1,0.6923,0.5926,0.7692,0.6332,0.6667,78.58,0.8116,average,57,3,100.0,39.72,17.7,52.3,High,High Risk,89.12,70.23,65.48,92.09,75.69,46.64,73.22,87.36,1,Tutoring,1
STU0541,2025,10,moderate,59.59,115,193,75.16,18.05,14.6,100.0,75,18.2,language_oriented,0,0,1,1,0.693,0.5951,0.7684,0.6332,0.6667,52.7,0.8116,average,49,4,100.0,39.07,17.69,52.0,High,High Risk,92.44,73.58,69.3,92.61,75.82,45.73,74.67,89.46,1,Study Skills Workshop,1
STU0542,2023,8,moderate,55.0,110,200,60.41,17.88,9.9,100.0,94,11.0,balanced,0,0,2,0,0.5894,0.5497,0.6,0.5985,0.6667,50.67,0.5009,excellent,53,1,100.0,54.05,26.02,60.83,High,High Risk,70.17,71.6,79.61,60.32,51.48,32.97,64.17,64.9,0,None,0
STU0542,2024,9,moderate,68.18,135,198,62.73,18.28,9.0,98.1,94,11.0,balanced,0,0,2,0,0.5897,0.5652,0.6,0.5985,0.6667,57.52,0.5009,excellent,29,1,100.0,53.11,25.86,60.37,High,High Risk,74.05,73.06,81.88,63.38,52.23,34.16,67.92,67.92,1,Study Skills Workshop,1
STU0542,2025,10,moderate,67.36,130,193,65.62,18.28,13.4,100.0,94,11.0,balanced,0,0,1,1,0.5876,0.5514,0.6,0.5985,0.6667,71.73,0.5009,excellent,35,0,100.0,45.0,26.0,56.75,High,High Risk,73.8,76.8,85.37,65.55,54.88,36.31,70.89,71.27,1,Counseling,1
STU0543,2023,8,moderate,53.0,106,200,48.73,16.65,8.2,96.0,104,8.1,balanced,0,0,2,4,0.5472,0.4378,0.5537,0.6165,0.6667,41.5,0.7228,average,65,3,100.0,91.56,24.15,77.24,High,High Risk,65.38,45.99,27.41,56.61,56.09,36.39,41.87,67.93,0,None,0
STU0543,2024,9,moderate,56.57,112,198,51.07,16.71,9.1,100.0,104,8.1,balanced,0,0,2,3,0.5385,0.4286,0.5538,0.6165,0.6667,38.0,0.7228,average,59,1,100.0,82.8,24.23,73.32,High,High Risk,68.76,48.81,31.02,58.71,55.76,37.78,44.96,71.32,1,Tutoring,0
STU0543,2025,10,moderate,61.66,119,193,55.02,16.7,8.7,100.0,104,8.1,balanced,0,0,2,2,0.5442,0.4357,0.5526,0.6165,0.6667,71.2,0.7228,average,49,0,100.0,73.11,24.18,68.94,High,High Risk,68.79,51.48,33.49,65.75,61.69,42.72,46.69,72.73,0,None,0
STU0544,2023,8,excellent,82.5,165,200,73.14,12.92,25.4,100.0,113,10.1,balanced,0,0,1,0,0.6924,0.6301,0.7846,0.7318,0.6667,155.25,0.9197,good,18,2,66.25,31.9,13.5,37.6,Medium,Medium Risk,71.77,70.79,64.17,72.31,73.25,76.31,67.56,86.48,0,None,0
STU0544,2024,9,excellent,88.38,175,198,78.94,12.27,38.2,100.0,113,10.1,balanced,0,0,0,1,0.6923,0.6296,0.7846,0.7318,0.6667,114.2,0.9197,good,13,1,47.13,22.58,13.5,27.68,Low,Low Risk,79.2,76.91,71.81,78.78,80.3,80.84,73.95,90.2,1,Study Group,0
STU0544,2025,10,excellent,84.46,163,193,83.27,12.26,43.9,100.0,113,10.1,balanced,0,0,0,1,0.693,0.6331,0.7842,0.7318,0.6667,81.82,0.9197,good,18,1,64.88,20.83,13.48,32.21,Medium,Medium Risk,86.2,80.78,76.13,82.61,84.58,86.97,76.56,93.64,0,None,0
STU0545,2023,8,excellent,86.5,173,200,90.64,10.3,46.7,100.0,95,17.1,language_oriented,0,0,0,1,0.8033,0.7017,0.8618,0.7006,0.6667,126.2,0.8094,below_average,19,3,66.45,15.68,13.9,30.46,Low,Low Risk,97.71,96.74,89.58,97.26,93.46,78.48,85.14,92.62,0,None,0
STU0545,2024,9,excellent,88.38,175,198,91.49,9.97,45.2,100.0,95,17.1,language_oriented,0,0,0,1,0.7949,0.7097,0.8615,0.7006,0.6667,166.23,0.8094,below_average,17,12,59.13,15.51,13.83,28.17,Low,Low Risk,97.51,97.29,91.4,97.54,94.34,80.6,85.99,94.21,0,None,0
STU0545,2025,10,excellent,88.08,170,193,92.28,9.51,47.5,100.0,95,17.1,language_oriented,0,0,0,1,0.7984,0.703,0.8632,0.7006,0.6667,126.92,0.8094,below_average,19,5,65.34,15.12,13.87,29.87,Low,Low Risk,97.63,97.36,91.65,97.55,95.38,81.18,88.35,94.99,0,None,0
STU0546,2023,8,moderate,69.5,139,200,82.78,15.08,30.3,100.0,123,8.7,balanced,1,0,1,0,0.6924,0.5424,0.7228,0.6229,0.6667,70.38,0.9297,excellent,35,1,100.0,28.04,17.33,46.95,High,High Risk,85.85,93.36,69.8,92.47,57.67,84.63,89.06,87.86,0,None,0
STU0546,2024,9,moderate,66.67,132,198,84.63,13.86,33.7,100.0,123,8.7,balanced,1,0,1,0,0.6923,0.5556,0.7231,0.6229,0.6667,36.38,0.9297,excellent,35,1,100.0,27.3,17.19,46.58,High,High Risk,85.34,93.2,73.24,92.97,61.0,87.99,91.17,88.04,1,Mentoring Program,0
STU0546,2025,10,moderate,64.25,124,193,87.27,13.28,34.1,100.0,123,8.7,balanced,1,0,1,0,0.693,0.5437,0.7209,0.6229,0.6667,83.93,0.9297,excellent,30,1,100.0,26.23,17.34,46.14,High,High Risk,90.1,95.0,76.43,94.29,63.2,89.42,93.59,91.81,0,None,0
STU0547,2023,8,good,74.0,148,200,49.55,16.27,11.2,98.0,85,10.8,science_oriented,0,1,2,5,0.6244,0.5752,0.7073,0.773,0.6667,124.53,0.6195,excellent,24,1,90.2,97.69,38.89,80.74,High,High Risk,48.38,52.33,27.75,39.54,62.28,43.57,71.8,46.02,0,None,0
STU0547,2024,9,good,75.76,150,198,54.68,16.39,9.1,100.0,85,10.8,science_oriented,0,1,2,2,0.6154,0.5833,0.7077,0.773,0.6667,105.52,0.6195,excellent,27,1,97.97,71.82,38.8,71.41,High,High Risk,53.34,56.89,32.56,43.18,66.73,47.81,77.35,51.94,1,Parent Meeting,0
STU0547,2025,10,good,74.61,144,193,59.35,16.35,11.4,100.0,85,10.8,science_oriented,0,1,1,2,0.6232,0.5773,0.7051,0.773,0.6667,104.78,0.6195,excellent,25,1,92.77,54.8,38.9,62.21,High,High Risk,58.09,62.47,36.45,47.59,71.3,52.52,80.11,57.4,1,Tutoring,1
STU0548,2023,8,moderate,62.0,124,200,93.84,7.06,59.7,100.0,116,15.8,science_oriented,0,0,0,0,0.8633,0.7522,0.9537,0.6401,0.3333,49.33,0.95,below_average,57,5,100.0,5.2,11.12,35.12,High,High Risk,95.81,90.84,88.89,92.96,97.76,92.01,95.56,96.65,0,None,0
STU0548,2024,9,moderate,68.18,135,198,93.46,7.46,51.1,100.0,116,15.8,science_oriented,0,0,0,0,0.8718,0.7647,0.9538,0.6401,0.3333,75.3,0.95,below_average,49,6,100.0,5.18,10.99,35.08,High,High Risk,95.81,89.63,88.69,94.99,97.76,90.59,95.49,96.04,1,Parent Meeting,0
STU0548,2025,10,moderate,68.39,132,193,94.02,7.06,48.6,100.0,116,15.8,science_oriented,0,0,0,1,0.8682,0.7571,0.9526,0.6401,0.3333,78.98,0.95,below_average,52,6,100.0,13.03,11.09,38.63,High,High Risk,96.01,90.33,89.16,94.54,97.85,91.32,96.18,97.16,1,Parent Meeting,1
STU0549,2023,8,good,76.0,152,200,94.65,6.21,55.3,100.0,116,18.5,balanced,1,0,0,0,0.8891,0.7594,0.9335,0.8109,0.6667,139.05,0.7068,good,28,3,100.0,4.36,11.59,34.86,Medium,Medium Risk,95.27,93.32,96.42,88.47,96.42,92.54,97.37,97.28,0,None,0
STU0549,2024,9,good,78.79,156,198,96.22,4.38,66.2,100.0,116,18.5,balanced,1,0,0,0,0.8974,0.7714,0.9385,0.8109,0.6667,97.47,0.7068,good,23,3,83.85,3.56,11.39,29.61,Medium,Medium Risk,96.78,94.85,97.19,92.77,97.21,95.86,97.56,97.3,1,Study Group,0
STU0549,2025,10,good,73.58,142,193,96.95,3.34,74.1,100.0,116,18.5,balanced,1,0,0,0,0.8946,0.7643,0.9368,0.8109,0.6667,85.97,0.7068,good,28,0,100.0,3.33,11.49,34.37,Medium,Medium Risk,97.58,96.01,97.25,94.92,97.45,96.96,97.37,97.81,0,None,0
STU0550,2023,8,excellent,87.5,175,200,94.86,6.25,55.8,100.0,99,19.0,language_oriented,1,0,0,0,0.8713,0.8038,0.918,0.6929,0.6667,178.0,0.8413,excellent,13,2,47.75,4.63,11.71,19.34,Low,Low Risk,97.97,95.54,96.42,95.62,93.09,92.85,91.35,97.85,0,None,0
STU0550,2024,9,excellent,84.85,168,198,95.88,5.14,66.7,100.0,99,19.0,language_oriented,1,0,0,0,0.8718,0.7941,0.9231,0.6929,0.6667,154.95,0.8413,excellent,13,1,49.61,4.21,11.73,19.71,Medium,Medium Risk,97.55,96.96,96.71,96.49,95.39,94.51,93.42,97.62,0,None,0
STU0550,2025,10,excellent,88.08,170,193,96.82,3.68,74.5,100.0,99,19.0,language_oriented,1,0,0,0,0.8682,0.7982,0.9209,0.6929,0.6667,134.62,0.8413,excellent,12,2,44.34,3.91,11.73,17.99,Low,Low Risk,98.05,97.16,97.31,96.91,96.53,96.38,95.27,97.76,0,None,0
STU0551,2023,8,excellent,84.0,168,200,94.61,6.55,58.8,100.0,128,21.5,language_oriented,1,0,0,0,0.9743,0.754,0.9846,0.7338,0.6667,131.13,0.95,excellent,15,0,56.2,2.67,8.76,20.25,Medium,Medium Risk,97.5,97.74,95.47,97.53,90.49,88.87,96.47,95.11,0,None,0
STU0551,2024,9,excellent,85.35,169,198,95.58,5.54,60.8,100.0,128,21.5,language_oriented,1,0,0,0,0.9744,0.7632,0.9846,0.7338,0.6667,126.18,0.95,excellent,15,1,55.25,2.28,8.67,19.77,Low,Low Risk,97.12,98.01,96.11,97.83,93.36,90.77,97.1,96.26,1,Parent Meeting,0
STU0551,2025,10,excellent,76.68,148,193,95.59,5.97,58.3,100.0,128,21.5,language_oriented,1,0,0,0,0.9736,0.7564,0.9842,0.7338,0.6667,108.8,0.95,excellent,20,0,76.32,2.29,8.75,26.11,Medium,Medium Risk,97.44,98.02,95.65,97.98,92.57,90.91,97.03,96.43,0,None,0
STU0552,2023,8,good,78.0,156,200,90.51,10.26,49.5,100.0,99,18.6,science_oriented,0,0,0,1,0.8713,0.8136,0.9691,0.8469,0.6667,109.67,0.8411,good,25,5,90.4,14.37,7.77,35.53,Medium,Medium Risk,97.34,81.45,97.83,92.8,93.8,82.42,96.58,87.0,0,None,0
STU0552,2024,9,good,70.71,140,198,91.52,9.61,49.0,100.0,99,18.6,science_oriented,0,0,0,1,0.8718,0.8235,0.9692,0.8469,0.6667,148.82,0.8411,good,29,1,100.0,13.96,7.67,38.2,Medium,Medium Risk,97.7,83.45,97.8,94.63,93.21,83.15,97.0,89.2,0,None,0
STU0552,2025,10,good,77.2,149,193,93.08,8.02,56.1,100.0,99,18.6,science_oriented,0,0,0,0,0.8682,0.8178,0.9684,0.8469,0.6667,149.92,0.8411,good,25,1,90.96,5.4,7.74,31.65,Medium,Medium Risk,97.76,86.0,97.96,94.83,95.9,87.11,97.06,91.74,1,Parent Meeting,1
STU0553,2023,8,good,75.0,150,200,94.86,6.94,54.4,100.0,109,14.5,balanced,1,0,0,0,0.8033,0.7338,0.8871,0.8101,0.6667,103.53,0.7208,average,35,3,100.0,5.99,12.34,35.78,Medium,Medium Risk,97.88,93.3,83.09,96.14,97.43,97.05,96.25,96.88,0,None,0
STU0553,2024,9,good,80.3,159,198,95.33,6.35,60.6,100.0,109,14.5,balanced,1,0,0,0,0.7949,0.7419,0.8923,0.8101,0.6667,115.05,0.7208,average,31,6,100.0,5.97,12.18,35.73,Medium,Medium Risk,97.73,94.33,84.81,95.57,97.8,97.28,96.4,96.7,1,Academic Advising,1
STU0553,2025,10,good,83.42,161,193,95.87,5.58,59.6,100.0,109,14.5,balanced,1,0,0,0,0.7984,0.736,0.8893,0.8101,0.6667,152.55,0.7208,average,20,7,71.61,5.68,12.29,27.11,Medium,Medium Risk,97.44,95.38,86.0,97.06,97.83,97.21,96.89,97.53,0,None,0
STU0554,2023,8,good,76.0,152,200,83.87,12.08,40.3,100.0,108,14.9,balanced,0,0,0,1,0.6924,0.6416,0.718,0.727,0.6667,83.43,0.675,poor,39,6,100.0,20.6,18.15,43.81,Medium,Medium Risk,96.56,95.45,75.05,89.67,80.85,75.35,77.06,85.9,0,None,0
STU0554,2024,9,good,82.83,164,198,86.29,11.38,53.2,100.0,108,14.9,balanced,0,0,0,0,0.6923,0.6296,0.7231,0.727,0.6667,165.12,0.675,poor,29,7,99.02,11.64,18.19,39.49,Medium,Medium Risk,97.26,96.5,77.05,92.54,84.45,78.03,80.5,89.33,1,Study Group,0
STU0554,2025,10,good,85.49,165,193,88.63,10.5,51.3,100.0,108,14.9,balanced,0,0,0,0,0.693,0.6331,0.7209,0.727,0.6667,122.88,0.675,poor,25,7,85.16,10.69,18.19,34.9,Low,Low Risk,97.43,96.04,80.38,95.41,88.14,81.51,82.91,92.64,0,None,0
STU0555,2023,8,moderate,65.5,131,200,70.44,15.44,18.7,100.0,96,9.2,science_oriented,1,0,1,0,0.7346,0.5813,0.7537,0.5653,0.3333,52.78,0.6296,poor,64,8,100.0,32.13,22.13,49.99,High,High Risk,73.86,56.69,68.72,65.55,86.21,72.09,85.32,50.26,0,None,0
STU0555,2024,9,moderate,64.14,127,198,71.57,15.64,25.2,100.0,96,9.2,science_oriented,1,0,1,0,0.7436,0.5862,0.7538,0.5653,0.3333,59.82,0.6296,poor,65,9,100.0,31.5,22.08,49.69,High,High Risk,75.54,58.56,71.1,67.28,86.02,74.23,88.39,51.45,1,Tutoring,0
STU0555,2025,10,moderate,64.77,125,193,72.7,15.73,32.5,100.0,96,9.2,science_oriented,1,0,1,0,0.7365,0.5831,0.7526,0.5653,0.3333,79.53,0.6296,poor,60,12,100.0,31.19,22.13,49.57,High,High Risk,77.94,59.57,72.51,67.08,87.9,74.27,89.83,52.58,1,Study Skills Workshop,1
STU0556,2023,8,moderate,67.0,134,200,62.65,14.75,13.2,100.0,97,10.4,language_oriented,1,0,1,0,0.6667,0.5633,0.6974,0.5861,0.3333,60.55,0.5793,poor,58,7,100.0,36.61,23.49,52.35,High,High Risk,76.49,85.61,50.31,61.53,59.64,59.9,54.94,55.26,0,None,0
STU0556,2024,9,moderate,61.62,122,198,65.45,14.74,25.0,100.0,97,10.4,language_oriented,1,0,1,0,0.6667,0.5769,0.6923,0.5861,0.3333,63.07,0.5793,poor,61,13,100.0,35.49,23.43,51.83,High,High Risk,79.72,88.19,53.61,61.92,63.15,63.87,55.99,58.96,0,None,0
STU0556,2025,10,moderate,67.36,130,193,66.65,14.22,30.4,100.0,97,10.4,language_oriented,1,0,1,0,0.6667,0.5652,0.6949,0.5861,0.3333,81.47,0.5793,poor,59,15,100.0,35.01,23.51,51.63,High,High Risk,80.45,88.09,55.27,63.1,65.0,65.71,59.26,60.06,1,Study Skills Workshop,1
STU0557,2023,8,moderate,63.5,127,200,72.04,14.02,28.7,100.0,92,13.4,science_oriented,1,0,1,0,0.53,0.4347,0.6,0.6312,0.6667,101.27,0.567,average,54,4,100.0,35.59,25.52,52.39,High,High Risk,72.39,65.32,66.91,57.54,90.54,79.07,76.15,63.1,0,None,0
STU0557,2024,9,moderate,61.11,121,198,75.21,13.78,30.1,100.0,92,13.4,science_oriented,1,0,1,0,0.5385,0.4286,0.6,0.6312,0.6667,102.72,0.567,average,46,5,100.0,34.15,25.58,51.76,High,High Risk,77.84,68.54,70.61,62.09,91.61,81.07,78.67,67.72,0,None,0
STU0557,2025,10,moderate,59.59,115,193,76.71,13.59,33.1,100.0,92,13.4,science_oriented,1,0,1,0,0.5349,0.4261,0.6,0.6312,0.6667,70.47,0.567,average,61,4,100.0,33.62,25.61,51.53,High,High Risk,76.4,71.56,74.09,66.05,92.91,82.47,79.72,69.17,0,None,0
STU0558,2023,8,moderate,70.0,140,200,81.83,15.01,28.9,100.0,139,4.6,science_oriented,1,0,1,0,0.6924,0.5558,0.6974,0.642,0.3333,72.87,0.5976,good,39,1,100.0,28.42,42.18,53.33,Medium,Medium Risk,93.05,81.7,78.66,62.23,94.82,80.98,94.5,65.27,0,None,0
STU0558,2024,9,moderate,75.76,150,198,80.81,15.67,25.0,100.0,139,4.6,science_oriented,1,0,1,0,0.6923,0.5556,0.6923,0.642,0.3333,51.7,0.5976,good,33,4,100.0,28.83,42.26,53.54,Medium,Medium Risk,93.41,79.74,76.79,59.2,94.79,79.66,94.97,63.99,0,None,0
STU0558,2025,10,moderate,69.43,134,193,79.9,15.81,25.2,100.0,139,4.6,science_oriented,1,0,1,0,0.693,0.557,0.6949,0.642,0.3333,106.08,0.5976,good,30,2,100.0,29.18,42.2,53.68,High,High Risk,93.61,79.29,75.16,58.85,94.71,78.69,93.78,62.86,0,None,0
STU0559,2023,8,good,78.0,156,200,79.92,12.36,34.8,100.0,108,10.7,balanced,0,0,1,0,0.8713,0.8038,0.9382,0.7729,0.6667,84.47,0.791,average,27,3,96.4,25.6,10.57,43.08,Medium,Medium Risk,83.83,84.64,82.97,88.63,67.43,80.75,76.31,78.23,0,None,0
STU0559,2024,9,good,80.3,159,198,83.72,11.52,38.0,100.0,108,10.7,balanced,0,0,0,1,0.8718,0.7941,0.9385,0.7729,0.6667,76.92,0.791,average,29,5,100.0,17.08,10.66,40.35,Medium,Medium Risk,86.09,87.99,86.3,89.3,74.1,84.01,80.82,83.44,1,Parent Meeting,0
STU0559,2025,10,good,73.58,142,193,87.61,10.77,46.0,100.0,108,10.7,balanced,0,0,0,1,0.8682,0.7982,0.9368,0.7729,0.6667,86.2,0.791,average,35,4,100.0,15.59,10.64,39.68,Medium,Medium Risk,90.46,90.87,89.88,93.5,74.8,88.73,85.58,88.32,1,Academic Advising,1
STU0560,2023,8,excellent,84.0,168,200,96.39,4.48,60.5,100.0,108,21.4,science_oriented,0,0,0,0,0.9743,0.7636,0.9846,0.6782,0.3333,153.35,0.8398,below_average,24,7,83.2,1.96,11.44,28.7,Medium,Medium Risk,94.3,96.07,96.18,97.62,97.57,97.45,97.68,93.53,0,None,0
STU0560,2024,9,excellent,84.34,167,198,96.31,4.18,71.5,100.0,108,21.4,science_oriented,0,0,0,0,0.9744,0.7632,0.9846,0.6782,0.3333,90.62,0.8398,below_average,25,5,85.96,1.99,11.44,29.54,Medium,Medium Risk,94.33,96.17,96.76,97.41,97.1,97.34,97.59,93.01,0,None,0
STU0560,2025,10,excellent,86.01,166,193,96.53,4.6,68.1,100.0,108,21.4,science_oriented,0,0,0,0,0.9736,0.7659,0.9842,0.6782,0.3333,177.93,0.8398,below_average,19,2,66.79,1.92,11.42,23.75,Low,Low Risk,96.12,95.43,96.32,97.91,97.56,97.76,97.87,92.79,1,Academic Advising,1
STU0561,2023,8,moderate,63.5,127,200,84.55,11.48,49.3,100.0,132,2.1,balanced,1,0,0,1,0.8033,0.5958,0.9073,0.6604,0.6667,62.93,0.8563,good,41,0,100.0,18.11,34.38,46.75,High,High Risk,97.05,84.54,80.98,85.02,89.43,89.15,84.73,67.26,0,None,0
STU0561,2024,9,moderate,59.6,118,198,86.7,11.24,45.4,100.0,132,2.1,balanced,1,0,0,1,0.7949,0.6129,0.9077,0.6604,0.6667,103.78,0.8563,good,43,0,100.0,17.42,34.2,46.39,High,High Risk,97.18,88.13,86.46,87.08,91.61,91.01,86.14,69.14,1,Mentoring Program,0
STU0561,2025,10,moderate,61.14,118,193,89.3,10.15,38.8,100.0,132,2.1,balanced,1,0,0,1,0.7984,0.604,0.9051,0.6604,0.6667,49.45,0.8563,good,42,3,100.0,16.31,34.33,45.92,High,High Risk,97.55,89.55,86.05,92.26,92.26,93.95,89.82,73.21,1,Study Skills Workshop,0
STU0562,2023,8,good,80.0,160,200,86.39,11.77,43.7,100.0,104,14.9,balanced,1,0,0,1,0.897,0.7615,0.9846,0.8314,0.6667,152.85,0.8621,excellent,19,1,71.0,15.5,8.06,30.29,Medium,Medium Risk,84.33,90.32,78.88,88.59,93.24,75.57,94.74,88.74,0,None,0
STU0562,2024,9,good,74.75,148,198,88.56,10.33,47.7,100.0,104,14.9,balanced,1,0,0,1,0.8974,0.7714,0.9846,0.8314,0.6667,117.18,0.8621,excellent,22,0,83.68,14.63,7.96,33.67,Medium,Medium Risk,88.56,91.74,81.39,91.25,94.49,78.82,95.46,87.98,1,Study Group,0
STU0562,2025,10,good,77.72,150,193,90.5,9.9,44.4,100.0,104,14.9,balanced,1,0,0,1,0.8946,0.7643,0.9842,0.8314,0.6667,75.67,0.8621,excellent,24,0,87.6,13.91,8.04,34.55,Medium,Medium Risk,91.22,93.61,86.03,92.66,94.62,80.82,96.7,90.59,0,None,0
STU0563,2023,8,excellent,83.0,166,200,97.67,2.11,80.7,100.0,141,20.4,balanced,0,0,0,0,0.9148,0.7006,0.9846,0.7638,0.6667,162.43,0.8637,excellent,19,0,68.9,2.64,9.99,24.35,Medium,Medium Risk,97.97,97.85,98.13,97.77,96.89,97.6,97.79,97.43,0,None,0
STU0563,2024,9,excellent,86.36,171,198,97.72,1.85,87.2,100.0,141,20.4,balanced,0,0,0,0,0.9231,0.6944,0.9846,0.7638,0.6667,142.5,0.8637,excellent,12,0,45.55,2.45,10.06,17.28,Low,Low Risk,97.75,97.31,97.79,97.68,97.51,97.79,97.89,97.99,1,Parent Meeting,1
STU0563,2025,10,excellent,83.42,161,193,97.79,1.72,92.0,100.0,141,20.4,balanced,0,0,0,0,0.9209,0.6953,0.9842,0.7638,0.6667,166.83,0.8637,excellent,14,0,53.61,2.47,10.05,19.7,Medium,Medium Risk,97.84,97.69,97.72,97.71,98.1,97.89,97.65,97.74,0,None,0
STU0564,2023,8,moderate,65.5,131,200,51.04,17.67,8.5,94.7,95,7.9,practical,0,0,2,3,0.5987,0.5424,0.6618,0.637,0.6667,105.33,0.5515,below_average,60,6,100.0,81.61,43.64,77.63,High,High Risk,42.66,33.65,62.8,52.86,39.87,36.49,74.88,65.19,0,None,0
STU0564,2024,9,moderate,67.68,134,198,55.34,17.75,11.8,99.6,95,7.9,practical,0,0,1,4,0.5897,0.5217,0.6615,0.637,0.6667,103.17,0.5515,below_average,46,5,100.0,73.07,43.85,73.84,High,High Risk,45.96,38.71,67.93,56.44,45.31,39.55,78.07,70.34,0,None,0
STU0564,2025,10,moderate,65.8,127,193,58.65,17.64,13.8,99.3,95,7.9,practical,0,0,1,3,0.5969,0.5296,0.6632,0.637,0.6667,101.65,0.5515,below_average,50,9,100.0,63.6,43.74,69.56,High,High Risk,50.27,41.04,68.93,59.88,46.8,42.86,81.16,73.32,1,Mentoring Program,1
STU0565,2023,8,moderate,63.0,126,200,84.3,11.59,37.9,100.0,109,10.9,balanced,1,0,0,1,0.7439,0.6211,0.7846,0.6213,0.3333,68.77,0.6138,excellent,35,1,100.0,19.4,20.39,43.83,High,High Risk,82.86,85.81,82.15,91.07,70.57,85.69,90.07,83.88,0,None,0
STU0565,2024,9,moderate,67.68,134,198,86.28,11.4,47.6,100.0,109,10.9,balanced,1,0,0,1,0.7436,0.6207,0.7846,0.6213,0.3333,88.52,0.6138,excellent,33,1,100.0,18.62,20.39,43.47,High,High Risk,88.17,89.1,82.41,92.73,73.84,85.26,91.3,87.25,1,Mentoring Program,1
STU0565,2025,10,moderate,63.73,123,193,87.68,10.69,40.6,100.0,109,10.9,balanced,1,0,0,1,0.7457,0.6237,0.7842,0.6213,0.3333,92.48,0.6138,excellent,40,0,100.0,18.01,20.37,43.2,High,High Risk,88.26,89.97,84.73,92.92,75.76,87.02,92.64,88.33,0,None,0
STU0566,2023,8,moderate,60.0,120,200,59.69,18.94,10.5,100.0,99,9.6,language_oriented,0,0,1,3,0.6409,0.5603,0.7026,0.6189,0.6667,76.02,0.5093,excellent,45,4,100.0,62.3,23.84,64.0,High,High Risk,68.31,55.23,49.76,94.52,46.31,61.04,40.07,68.11,0,None,0
STU0566,2024,9,moderate,69.19,137,198,61.71,18.97,7.9,100.0,99,9.6,language_oriented,0,0,1,2,0.641,0.56,0.7077,0.6189,0.6667,59.82,0.5093,excellent,32,0,100.0,53.5,23.77,60.01,High,High Risk,69.67,58.9,50.64,94.48,48.66,63.11,40.7,72.6,1,Tutoring,0
STU0566,2025,10,moderate,61.14,118,193,63.09,19.0,12.3,100.0,99,9.6,language_oriented,0,0,1,1,0.6403,0.5617,0.7051,0.6189,0.6667,36.0,0.5093,excellent,33,2,100.0,44.96,23.79,56.18,High,High Risk,70.06,55.96,52.41,96.15,51.74,66.33,42.41,74.89,1,Counseling,0
STU0567,2023,8,at-risk,23.5,47,200,36.1,12.89,6.6,77.3,92,4.7,science_oriented,1,0,4,6,0.3076,0.2512,0.3846,0.287,0.3333,10.33,0.4732,good,105,4,100.0,100.0,58.88,89.72,High,High Risk,25.95,32.76,35.87,21.44,39.64,42.42,46.07,38.11,0,None,0
STU0567,2024,9,at-risk,20.71,41,198,36.98,13.04,7.1,71.0,92,4.7,science_oriented,1,0,4,6,0.3077,0.25,0.3846,0.287,0.3333,27.9,0.4732,good,91,4,100.0,100.0,58.89,89.72,High,High Risk,26.27,30.65,36.13,23.56,39.71,45.81,47.05,39.51,0,None,0
STU0567,2025,10,at-risk,24.87,48,193,38.76,12.94,7.1,75.8,92,4.7,science_oriented,1,0,4,6,0.307,0.2576,0.3842,0.287,0.3333,30.08,0.4732,good,81,0,100.0,100.0,58.82,89.71,High,High Risk,30.84,32.76,38.76,25.19,40.03,45.74,48.47,40.77,0,None,0
STU0568,2023,8,good,78.0,156,200,87.04,9.98,52.9,100.0,97,16.5,balanced,1,0,0,0,0.7439,0.6211,0.7846,0.8331,0.6667,79.6,0.8763,excellent,24,1,87.4,10.3,12.21,33.91,Medium,Medium Risk,92.99,94.8,79.73,87.26,86.04,85.7,85.66,85.17,0,None,0
STU0568,2024,9,good,74.24,147,198,87.75,9.57,55.6,100.0,97,16.5,balanced,1,0,0,0,0.7436,0.6207,0.7846,0.8331,0.6667,88.43,0.8763,excellent,27,2,99.03,10.03,12.22,37.28,Medium,Medium Risk,93.88,93.8,83.96,84.99,88.03,87.37,85.85,85.34,0,None,0
STU0568,2025,10,good,83.42,161,193,88.8,9.82,52.2,100.0,97,16.5,balanced,1,0,0,0,0.7457,0.6237,0.7842,0.8331,0.6667,145.7,0.8763,excellent,15,2,56.61,9.57,12.19,24.33,Medium,Medium Risk,93.42,95.96,84.06,86.69,87.72,88.7,87.52,85.99,0,None,0
STU0569,2023,8,excellent,86.0,172,200,97.76,1.87,85.8,100.0,112,19.0,language_oriented,1,0,0,0,0.897,0.7807,0.9537,0.7096,0.6667,173.03,0.95,good,18,1,63.8,2.96,9.45,22.83,Low,Low Risk,97.81,97.94,98.02,97.8,97.54,97.91,97.54,97.54,0,None,0
STU0569,2024,9,excellent,90.4,179,198,97.65,1.9,87.6,100.0,112,19.0,language_oriented,1,0,0,0,0.8974,0.7714,0.9538,0.7096,0.6667,75.53,0.95,good,10,1,36.72,2.99,9.54,14.74,Low,Low Risk,97.64,97.57,97.78,97.74,97.47,97.55,97.74,97.79,0,None,0
STU0569,2025,10,excellent,84.46,163,193,97.78,1.77,90.6,100.0,112,19.0,language_oriented,1,0,0,0,0.8946,0.7747,0.9526,0.7096,0.6667,158.22,0.95,good,16,1,58.88,2.99,9.52,21.39,Medium,Medium Risk,97.91,97.89,97.87,97.59,97.78,97.86,97.65,97.75,0,None,0
STU0570,2023,8,excellent,84.5,169,200,97.07,3.56,69.0,100.0,119,20.1,balanced,0,0,0,0,0.9485,0.8016,0.9537,0.7196,0.6667,124.02,0.939,good,20,2,70.85,2.2,9.2,24.55,Medium,Medium Risk,97.37,96.89,97.81,98.14,97.94,97.27,97.8,93.79,0,None,0
STU0570,2024,9,excellent,80.81,160,198,97.35,3.32,67.7,100.0,119,20.1,balanced,0,0,0,0,0.9487,0.8108,0.9538,0.7196,0.6667,133.35,0.939,good,25,1,88.43,2.08,9.11,29.75,Medium,Medium Risk,97.98,97.54,97.91,97.61,98.12,97.56,97.79,94.75,0,None,0
STU0570,2025,10,excellent,86.01,166,193,97.57,2.59,74.3,100.0,119,20.1,balanced,0,0,0,0,0.9473,0.8052,0.9526,0.7196,0.6667,178.22,0.939,good,18,2,63.79,2.03,9.18,22.35,Low,Low Risk,97.75,97.85,97.85,97.79,98.17,97.55,97.96,95.75,1,Study Group,0
STU0571,2023,8,good,76.5,153,200,50.18,15.81,6.4,95.2,81,12.9,balanced,0,0,3,2,0.538,0.4281,0.5438,0.7792,0.6667,151.2,0.6321,excellent,20,0,76.45,90.17,22.5,69.14,High,High Risk,28.69,48.06,66.01,64.19,57.61,34.33,57.46,48.8,0,None,0
STU0571,2024,9,good,82.32,163,198,53.22,16.3,8.4,92.2,81,12.9,balanced,0,0,2,1,0.5385,0.4286,0.5385,0.7792,0.6667,160.53,0.6321,excellent,14,0,54.37,65.94,22.57,51.63,Medium,Medium Risk,30.94,50.84,68.99,67.4,60.78,37.22,60.03,53.11,1,Parent Meeting,1
STU0571,2025,10,good,78.76,152,193,56.06,15.79,11.8,93.8,81,12.9,balanced,0,0,2,1,0.5349,0.4261,0.5423,0.7792,0.6667,163.52,0.6321,excellent,19,2,71.87,64.88,22.54,56.39,Medium,Medium Risk,34.48,54.99,70.64,68.35,65.58,38.99,62.77,56.26,0,None,0
STU0572,2023,8,irregular,47.0,94,200,29.7,13.22,6.2,73.0,85,3.9,balanced,0,0,7,3,0.2818,0.1828,0.3228,0.4364,0.3333,48.23,0.4516,poor,96,4,100.0,100.0,57.83,89.46,High,High Risk,43.32,39.31,19.17,23.48,28.24,16.19,34.69,38.37,0,None,0
STU0572,2024,9,irregular,42.93,85,198,31.4,13.33,4.7,67.0,85,3.9,balanced,0,0,7,3,0.2821,0.1818,0.3231,0.4364,0.3333,21.83,0.4516,poor,102,7,100.0,100.0,57.83,89.46,High,High Risk,46.29,40.4,18.85,24.67,30.2,17.42,34.89,40.9,1,Mentoring Program,1
STU0572,2025,10,irregular,41.97,81,193,32.95,13.81,5.6,68.9,85,3.9,balanced,0,0,6,4,0.2806,0.1879,0.3209,0.4364,0.3333,66.58,0.4516,poor,91,6,100.0,100.0,57.8,89.45,High,High Risk,47.29,43.67,22.02,24.95,33.26,17.86,35.18,43.04,1,Tutoring,1
STU0573,2023,8,excellent,90.0,180,200,85.0,13.23,36.5,100.0,93,17.3,science_oriented,0,0,0,1,0.8548,0.6703,0.882,0.767,0.6667,123.97,0.702,good,13,3,46.0,16.9,14.2,24.96,Low,Low Risk,92.49,71.34,94.29,67.87,96.17,87.61,92.01,78.44,0,None,0
STU0573,2024,9,excellent,93.94,186,198,88.1,11.63,37.1,100.0,93,17.3,science_oriented,0,0,0,1,0.8462,0.6667,0.8769,0.767,0.6667,171.13,0.702,good,6,2,22.24,15.84,14.31,17.38,Low,Low Risk,94.41,74.56,95.35,74.63,97.46,90.38,95.15,82.77,0,None,0
STU0573,2025,10,excellent,90.16,174,193,90.0,10.28,48.8,100.0,93,17.3,science_oriented,0,0,0,1,0.8511,0.6703,0.8791,0.767,0.6667,127.13,0.702,good,10,3,36.89,14.98,14.24,21.37,Low,Low Risk,94.6,79.99,96.15,76.59,97.45,91.98,95.61,87.11,0,None,0
STU0574,2023,8,good,70.5,141,200,91.45,9.47,50.8,100.0,114,17.8,science_oriented,1,0,0,0,0.7182,0.6075,0.7283,0.8256,0.6667,131.52,0.9197,good,31,1,100.0,9.06,12.69,37.25,Medium,Medium Risk,97.2,85.19,89.73,84.86,97.1,93.15,97.8,86.3,0,None,0
STU0574,2024,9,good,73.74,146,198,92.36,8.79,54.7,100.0,114,17.8,science_oriented,1,0,0,0,0.7179,0.6071,0.7231,0.8256,0.6667,170.52,0.9197,good,34,3,100.0,8.7,12.78,37.11,Medium,Medium Risk,97.42,86.59,92.43,86.48,97.16,94.34,97.74,86.22,0,None,0
STU0574,2025,10,good,65.8,127,193,92.84,8.57,53.4,100.0,114,17.8,science_oriented,1,0,0,0,0.7194,0.6099,0.7265,0.8256,0.6667,100.43,0.9197,good,44,2,100.0,8.48,12.7,36.99,High,High Risk,97.54,86.16,94.25,88.5,97.49,93.58,97.76,87.56,0,None,0
STU0575,2023,8,irregular,45.5,91,200,61.63,15.13,16.8,100.0,126,9.6,balanced,0,0,1,1,0.47,0.3454,0.5129,0.4181,0.3333,47.72,0.6854,below_average,96,6,100.0,48.95,30.21,59.58,High,High Risk,66.42,43.51,62.67,83.07,56.65,52.16,69.93,63.27,0,None,0
STU0575,2024,9,irregular,47.47,94,198,65.79,14.69,24.8,99.8,126,9.6,balanced,0,0,1,1,0.4615,0.3333,0.5077,0.4181,0.3333,65.12,0.6854,below_average,79,2,100.0,47.45,30.41,58.96,High,High Risk,72.23,46.46,68.81,85.64,61.84,55.88,73.7,68.0,1,Counseling,1
STU0575,2025,10,irregular,44.56,86,193,70.0,14.58,31.3,100.0,126,9.6,balanced,0,0,1,0,0.4651,0.3399,0.5107,0.4181,0.3333,18.7,0.6854,below_average,93,9,100.0,37.7,30.3,54.54,High,High Risk,77.13,52.16,72.91,87.72,63.7,59.79,78.36,74.21,0,None,0
STU0576,2023,8,excellent,87.5,175,200,94.96,6.44,51.9,100.0,108,18.7,balanced,1,1,0,0,0.9485,0.8198,0.9846,0.7555,0.6667,90.88,0.95,good,13,0,47.75,3.05,27.67,22.61,Low,Low Risk,97.49,97.46,97.05,97.02,95.14,94.72,86.59,97.49,0,None,0
STU0576,2024,9,excellent,82.32,163,198,95.35,6.15,54.9,100.0,108,18.7,balanced,1,1,0,0,0.9487,0.8108,0.9846,0.7555,0.6667,143.08,0.95,good,21,2,75.37,2.89,27.76,30.85,Medium,Medium Risk,97.68,97.69,97.36,97.32,95.95,95.64,86.56,97.31,0,None,0
STU0576,2025,10,excellent,88.6,171,193,96.08,4.77,67.6,100.0,108,18.7,balanced,1,1,0,0,0.9473,0.8151,0.9842,0.7555,0.6667,176.18,0.95,good,12,4,43.98,2.62,27.73,21.31,Low,Low Risk,97.48,97.83,97.13,97.01,95.78,96.26,90.85,97.89,1,Study Group,1
STU0577,2023,8,moderate,65.0,130,200,55.25,13.4,12.0,100.0,79,11.3,balanced,0,0,1,2,0.6667,0.5386,0.7283,0.7409,0.6667,84.72,0.6896,good,47,0,100.0,55.57,18.53,59.64,High,High Risk,62.4,42.88,58.28,62.46,52.33,59.69,46.54,60.83,0,None,0
STU0577,2024,9,moderate,58.59,116,198,58.06,13.6,19.6,95.1,79,11.3,balanced,0,0,1,2,0.6667,0.5385,0.7231,0.7409,0.6667,71.03,0.6896,good,47,3,100.0,54.44,18.61,59.15,High,High Risk,67.35,46.51,58.7,66.38,56.05,62.77,47.33,65.19,0,None,0
STU0577,2025,10,moderate,57.51,111,193,62.54,13.32,8.1,98.9,79,11.3,balanced,0,0,1,1,0.6667,0.5395,0.7265,0.7409,0.6667,43.92,0.6896,good,46,2,100.0,44.65,18.55,54.73,High,High Risk,71.19,49.91,62.59,70.1,60.25,65.61,54.25,70.75,1,Mentoring Program,1
STU0578,2023,8,good,76.0,152,200,97.37,2.84,77.0,100.0,114,17.2,science_oriented,0,0,0,0,0.7604,0.6182,0.8511,0.8459,0.6667,99.35,0.95,excellent,28,1,100.0,5.85,9.88,35.1,Medium,Medium Risk,98.09,95.64,97.85,97.57,97.63,97.53,97.63,97.29,0,None,0
STU0578,2024,9,good,76.77,152,198,97.58,2.29,80.7,100.0,114,17.2,science_oriented,0,0,0,0,0.7692,0.6,0.8462,0.8459,0.6667,115.43,0.95,excellent,22,2,82.26,5.58,10.14,29.73,Medium,Medium Risk,97.86,96.33,97.71,97.88,98.03,97.67,97.65,97.67,1,Academic Advising,1
STU0578,2025,10,good,77.2,149,193,97.67,1.95,87.1,100.0,114,17.2,science_oriented,0,0,0,0,0.7628,0.6099,0.8474,0.8459,0.6667,89.62,0.95,excellent,24,2,87.96,5.67,10.02,31.45,Medium,Medium Risk,97.83,97.03,97.56,98.17,97.78,97.69,97.72,97.66,1,Academic Advising,1
STU0579,2023,8,good,69.5,139,200,88.76,10.04,37.9,100.0,98,19.9,balanced,1,0,0,1,0.7861,0.6951,0.8,0.7843,0.6667,121.05,0.8354,good,40,4,100.0,16.77,12.83,40.76,High,High Risk,90.83,94.59,91.87,90.6,92.36,91.13,76.16,86.02,0,None,0
STU0579,2024,9,good,74.75,148,198,88.99,10.28,47.9,100.0,98,19.9,balanced,1,0,0,1,0.7949,0.7097,0.8,0.7843,0.6667,99.7,0.8354,good,31,0,100.0,16.51,12.69,40.6,Medium,Medium Risk,89.69,94.55,90.37,90.43,93.31,91.82,77.28,86.91,1,Study Skills Workshop,1
STU0579,2025,10,good,73.06,141,193,90.24,9.12,51.1,100.0,98,19.9,balanced,1,0,0,0,0.7892,0.6993,0.8,0.7843,0.6667,75.87,0.8354,good,30,1,100.0,8.12,12.79,36.85,Medium,Medium Risk,92.3,95.12,90.9,92.01,93.28,90.64,80.72,88.35,0,None,0
STU0580,2023,8,good,69.0,138,200,78.3,11.04,38.9,100.0,105,15.7,balanced,0,0,0,1,0.6667,0.5505,0.7228,0.8224,0.6667,90.73,0.73,below_average,45,6,100.0,23.35,16.26,44.57,High,High Risk,83.24,78.76,77.27,74.72,78.54,78.25,72.58,84.48,0,None,0
STU0580,2024,9,good,71.72,142,198,81.38,10.93,45.7,100.0,105,15.7,balanced,0,0,0,1,0.6667,0.5385,0.7231,0.8224,0.6667,96.23,0.73,below_average,49,7,100.0,22.11,16.37,44.04,Medium,Medium Risk,83.65,80.28,82.81,77.56,83.22,82.82,74.6,87.12,1,Study Skills Workshop,1
STU0580,2025,10,good,69.95,135,193,85.32,10.47,46.9,100.0,105,15.7,balanced,0,0,0,1,0.6667,0.5395,0.7209,0.8224,0.6667,177.83,0.73,below_average,41,4,100.0,20.54,16.39,43.34,High,High Risk,90.86,85.71,85.55,82.63,86.35,86.32,78.33,88.91,0,None,0
STU0581,2023,8,excellent,84.5,169,200,97.67,2.43,75.3,100.0,111,22.5,language_oriented,0,0,0,0,0.9743,0.8679,0.9846,0.72,0.6667,121.67,0.95,good,18,2,64.85,1.45,7.9,22.08,Medium,Medium Risk,97.66,97.99,97.91,97.76,97.71,97.49,97.27,97.69,0,None,0
STU0581,2024,9,excellent,84.85,168,198,97.81,1.92,85.2,100.0,111,22.5,language_oriented,0,0,0,0,0.9744,0.8684,0.9846,0.72,0.6667,114.57,0.95,good,16,1,58.61,1.39,7.9,20.18,Medium,Medium Risk,97.97,97.81,98.17,97.57,97.92,97.71,97.64,97.78,0,None,0
STU0581,2025,10,excellent,87.56,169,193,97.87,1.8,90.1,100.0,111,22.5,language_oriented,0,0,0,0,0.9736,0.8647,0.9842,0.72,0.6667,111.37,0.95,good,15,2,53.7,1.38,7.94,18.72,Low,Low Risk,97.89,98.02,98.06,97.75,97.8,97.74,97.89,97.85,0,None,0
STU0582,2023,8,excellent,89.0,178,200,91.1,8.93,54.0,100.0,84,16.1,science_oriented,0,0,0,0,0.9485,0.8914,0.9537,0.7822,0.6667,110.38,0.95,good,12,2,43.7,4.59,6.89,16.9,Low,Low Risk,94.82,89.99,91.4,95.56,95.03,94.6,81.42,89.04,0,None,0
STU0582,2024,9,excellent,90.4,179,198,91.54,8.82,47.9,100.0,84,16.1,science_oriented,0,0,0,1,0.9487,0.8919,0.9538,0.7822,0.6667,150.32,0.95,good,11,4,39.72,12.41,6.88,19.22,Low,Low Risk,95.37,90.84,91.76,95.38,96.56,93.27,81.86,90.28,0,None,0
STU0582,2025,10,excellent,86.01,166,193,93.12,7.35,51.4,100.0,84,16.1,science_oriented,0,0,0,0,0.9473,0.8887,0.9526,0.7822,0.6667,135.47,0.95,good,15,3,54.79,3.81,6.93,19.88,Low,Low Risk,96.23,92.7,93.77,95.82,96.75,95.31,85.74,91.67,0,None,0
STU0583,2023,8,moderate,62.5,125,200,52.72,18.93,8.0,99.8,97,6.0,language_oriented,1,0,1,4,0.5894,0.4345,0.6048,0.6209,0.6667,97.6,0.4601,excellent,42,1,100.0,74.12,47.26,75.17,High,High Risk,68.69,79.56,49.29,69.58,40.84,35.16,37.66,54.69,0,None,0
STU0583,2024,9,moderate,68.18,135,198,55.65,19.05,11.5,99.8,97,6.0,language_oriented,1,0,1,3,0.5897,0.4348,0.6,0.6209,0.6667,92.32,0.4601,excellent,33,1,100.0,64.94,47.33,71.06,High,High Risk,72.91,81.23,52.79,70.67,46.39,35.78,40.09,57.64,1,Tutoring,0
STU0583,2025,10,moderate,68.39,132,193,58.53,18.92,13.7,100.0,97,6.0,language_oriented,1,0,1,3,0.5876,0.4327,0.6,0.6209,0.6667,72.18,0.4601,excellent,35,0,100.0,63.83,47.35,70.56,High,High Risk,75.14,83.99,54.71,74.71,48.4,40.35,42.5,60.96,1,Mentoring Program,1
STU0584,2023,8,good,77.5,155,200,94.01,7.51,47.4,100.0,124,18.6,language_oriented,0,0,0,1,0.8633,0.763,0.9026,0.7944,0.6667,98.47,0.7989,good,27,1,96.75,13.13,10.96,37.67,Medium,Medium Risk,97.84,95.63,90.1,97.42,93.07,92.0,90.51,97.54,0,None,0
STU0584,2024,9,good,76.77,152,198,95.76,5.41,56.8,100.0,124,18.6,language_oriented,0,0,0,0,0.8718,0.7647,0.9077,0.7944,0.6667,139.38,0.7989,good,28,0,100.0,4.26,10.87,34.63,Medium,Medium Risk,97.97,96.91,93.26,97.76,95.14,94.06,94.76,97.25,1,Academic Advising,0
STU0584,2025,10,good,71.5,138,193,96.29,4.88,66.3,100.0,124,18.6,language_oriented,0,0,0,0,0.8682,0.7679,0.9051,0.7944,0.6667,172.48,0.7989,good,36,2,100.0,4.12,10.87,34.57,Medium,Medium Risk,98.01,97.92,94.71,97.64,95.87,94.82,95.0,97.44,1,Academic Advising,1
STU0585,2023,8,excellent,84.0,168,200,97.33,3.36,60.5,100.0,114,20.1,practical,1,0,0,0,0.8713,0.7151,0.918,0.6977,0.6667,122.98,0.95,excellent,13,0,50.2,3.64,10.87,19.42,Medium,Medium Risk,97.82,97.79,97.66,94.88,98.02,96.83,97.76,97.9,0,None,0
STU0585,2024,9,excellent,84.34,167,198,97.72,2.0,82.5,100.0,114,20.1,practical,1,0,0,0,0.8718,0.7059,0.9231,0.6977,0.6667,96.65,0.95,excellent,17,2,61.96,3.48,10.89,22.87,Medium,Medium Risk,97.82,97.81,97.56,97.09,97.78,97.84,97.77,97.95,0,None,0
STU0585,2025,10,excellent,84.46,163,193,97.69,2.3,70.9,100.0,114,20.1,practical,1,0,0,0,0.8682,0.7071,0.9209,0.6977,0.6667,134.38,0.95,excellent,12,5,46.88,3.56,10.91,18.39,Medium,Medium Risk,97.62,97.84,97.61,96.97,97.91,97.77,97.7,97.96,1,Parent Meeting,0
STU0586,2023,8,good,76.0,152,200,93.29,8.31,50.3,100.0,101,15.3,language_oriented,1,0,0,0,0.9063,0.689,0.9438,0.7574,0.6667,94.97,0.95,excellent,21,1,79.8,4.56,9.55,28.38,Medium,Medium Risk,97.66,96.78,95.0,97.79,88.59,84.0,94.61,97.29,0,None,0
STU0586,2024,9,good,80.81,160,198,94.26,6.94,57.3,100.0,101,15.3,language_oriented,1,0,0,0,0.8974,0.6857,0.9385,0.7574,0.6667,114.17,0.95,excellent,19,2,70.43,4.35,9.67,25.5,Medium,Medium Risk,97.68,97.24,95.66,97.57,90.2,86.66,95.3,96.78,1,Parent Meeting,1
STU0586,2025,10,good,78.76,152,193,95.51,5.65,60.3,100.0,101,15.3,language_oriented,1,0,0,0,0.9038,0.6895,0.9423,0.7574,0.6667,98.7,0.95,excellent,20,0,74.87,3.72,9.57,26.53,Medium,Medium Risk,97.43,97.56,97.08,97.52,92.82,89.49,96.97,97.16,0,None,0
STU0587,2023,8,moderate,62.5,125,200,74.65,13.05,30.3,100.0,87,9.2,practical,1,0,1,0,0.7954,0.6988,0.8357,0.6233,0.6667,40.42,0.6058,good,40,0,100.0,29.23,18.92,47.89,High,High Risk,87.64,82.62,74.22,72.91,81.51,67.53,70.41,66.25,0,None,0
STU0587,2024,9,moderate,71.21,141,198,77.04,12.66,38.7,100.0,87,9.2,practical,1,0,0,1,0.7949,0.7097,0.8308,0.6233,0.6667,40.6,0.6058,good,37,5,100.0,21.29,18.89,44.3,Medium,Medium Risk,90.23,83.25,76.28,74.22,84.82,69.64,74.44,69.62,0,None,0
STU0587,2025,10,moderate,62.69,121,193,79.24,12.37,32.2,100.0,87,9.2,practical,1,0,1,0,0.7984,0.703,0.8316,0.6233,0.6667,97.57,0.6058,good,48,2,100.0,27.34,18.94,47.04,High,High Risk,92.17,85.3,79.33,76.55,85.31,73.33,77.21,71.12,0,None,0
STU0588,2023,8,moderate,66.5,133,200,35.63,14.09,5.7,74.8,80,7.3,balanced,0,0,4,6,0.4957,0.345,0.5846,0.6607,0.3333,52.23,0.4024,average,44,4,100.0,100.0,48.53,87.13,High,High Risk,26.15,40.67,18.46,49.03,35.78,48.92,36.13,24.95,0,None,0
STU0588,2024,9,moderate,67.17,133,198,38.8,14.59,6.1,77.2,80,7.3,balanced,0,0,4,4,0.4872,0.3684,0.5846,0.6607,0.3333,48.12,0.4024,average,45,2,100.0,100.0,48.3,87.07,High,High Risk,30.05,43.83,21.42,52.22,37.12,50.85,40.83,28.71,1,Counseling,1
STU0588,2025,10,moderate,72.02,139,193,41.93,14.64,7.3,89.7,80,7.3,balanced,0,0,4,4,0.4915,0.3567,0.5842,0.6607,0.3333,102.28,0.4024,average,37,3,100.0,100.0,48.42,87.11,High,High Risk,33.81,45.94,25.5,55.94,39.86,53.74,42.37,30.9,1,Counseling,1
STU0589,2023,8,excellent,87.5,175,200,90.94,10.5,52.8,100.0,99,21.4,balanced,0,0,0,0,0.8805,0.8156,0.8974,0.6875,0.6667,106.03,0.8844,good,15,0,53.75,6.01,11.37,21.67,Low,Low Risk,94.19,96.5,79.72,97.76,95.9,76.85,94.86,94.66,0,None,0
STU0589,2024,9,excellent,84.85,168,198,92.18,9.21,52.1,100.0,99,21.4,balanced,0,0,0,0,0.8718,0.8235,0.8923,0.6875,0.6667,123.4,0.8844,good,16,2,58.61,5.69,11.36,22.98,Medium,Medium Risk,95.07,96.83,83.17,98.16,96.18,80.13,96.01,94.79,0,None,0
STU0589,2025,10,excellent,80.31,155,193,93.43,8.19,56.9,100.0,99,21.4,balanced,0,0,0,0,0.8775,0.8199,0.8949,0.6875,0.6667,119.98,0.8844,good,22,1,79.78,5.08,11.36,29.06,Medium,Medium Risk,96.05,97.45,85.87,98.12,97.2,83.1,96.59,95.63,1,Academic Advising,0
STU0590,2023,8,good,73.0,146,200,77.85,13.22,35.2,100.0,99,13.5,balanced,1,1,0,1,0.8376,0.6328,0.8562,0.7986,0.6667,161.03,0.6398,excellent,30,1,100.0,20.11,35.26,47.86,Medium,Medium Risk,85.01,82.07,70.55,68.89,86.77,75.21,68.86,87.32,0,None,0
STU0590,2024,9,good,74.75,148,198,81.46,12.63,40.0,100.0,99,13.5,balanced,1,1,0,1,0.8462,0.6364,0.8615,0.7986,0.6667,143.18,0.6398,excellent,24,0,89.68,18.49,35.15,44.01,Medium,Medium Risk,88.02,85.03,77.13,73.06,89.46,80.26,71.11,89.35,0,None,0
STU0590,2025,10,good,68.91,133,193,84.2,12.07,46.2,100.0,99,13.5,balanced,1,1,0,1,0.8419,0.6354,0.8577,0.7986,0.6667,149.38,0.6398,excellent,26,1,99.76,17.48,35.21,46.6,High,High Risk,90.49,88.67,78.77,76.0,91.58,80.69,75.53,93.11,1,Parent Meeting,1
STU0591,2023,8,good,85.0,170,200,95.93,5.18,66.0,100.0,121,17.0,balanced,1,0,0,0,0.7439,0.6087,0.8,0.8095,0.6667,100.28,0.8204,good,15,1,55.5,6.75,13.42,23.04,Low,Low Risk,97.43,97.2,95.08,96.81,89.47,97.95,97.76,94.56,0,None,0
STU0591,2024,9,good,79.8,158,198,96.71,4.08,67.9,100.0,121,17.0,balanced,1,0,0,0,0.7436,0.6207,0.8,0.8095,0.6667,89.4,0.8204,good,23,1,83.14,6.44,13.3,31.17,Medium,Medium Risk,98.08,97.55,96.0,97.45,92.99,97.69,97.62,95.83,0,None,0
STU0591,2025,10,good,75.65,146,193,96.71,3.88,72.1,100.0,121,17.0,balanced,1,0,0,0,0.7457,0.6113,0.8,0.8095,0.6667,127.2,0.8204,good,32,4,100.0,6.4,13.39,36.23,Medium,Medium Risk,97.84,97.58,95.6,97.77,93.54,97.79,97.89,95.27,0,None,0
STU0592,2023,8,good,76.0,152,200,83.31,15.25,23.4,100.0,85,12.4,language_oriented,0,0,1,0,0.8119,0.6107,0.8717,0.817,0.6667,152.85,0.95,good,25,1,91.8,25.44,10.23,41.54,Medium,Medium Risk,95.4,93.33,93.36,85.25,90.43,68.16,63.26,91.71,0,None,0
STU0592,2024,9,good,88.89,176,198,85.26,14.35,32.8,100.0,85,12.4,language_oriented,0,0,1,0,0.8205,0.5938,0.8769,0.817,0.6667,75.03,0.95,good,15,2,52.78,24.49,10.32,29.43,Medium,Medium Risk,96.33,94.71,93.76,89.05,91.11,72.11,64.71,93.54,0,None,0
STU0592,2025,10,good,72.02,139,193,86.78,13.38,38.0,100.0,85,12.4,language_oriented,0,0,0,1,0.8155,0.6027,0.8735,0.817,0.6667,106.4,0.95,good,34,3,100.0,16.98,10.28,40.21,Medium,Medium Risk,97.17,94.93,96.4,89.58,92.6,72.93,69.54,93.55,0,None,0
STU0593,2023,8,excellent,78.0,156,200,94.34,7.37,48.1,100.0,122,17.9,language_oriented,1,1,0,1,0.8291,0.7421,0.9129,0.7599,0.6667,101.23,0.9428,excellent,26,1,93.4,13.68,29.55,41.56,Medium,Medium Risk,97.37,97.76,89.93,98.08,96.75,91.95,88.18,97.65,0,None,0
STU0593,2024,9,excellent,83.84,166,198,95.49,5.9,59.9,100.0,122,17.9,language_oriented,1,1,0,0,0.8205,0.75,0.9077,0.7599,0.6667,134.75,0.9428,excellent,15,1,56.31,5.39,29.54,26.71,Medium,Medium Risk,97.83,97.6,94.26,97.65,97.42,94.05,90.41,97.02,0,None,0
STU0593,2025,10,excellent,85.49,165,193,96.34,4.66,67.3,100.0,122,17.9,language_oriented,1,1,0,0,0.8248,0.7444,0.9107,0.7599,0.6667,117.8,0.9428,excellent,14,1,52.16,4.97,29.55,25.27,Low,Low Risk,97.86,97.8,94.49,97.89,97.03,95.22,93.81,97.95,0,None,0
STU0594,2023,8,good,68.5,137,200,83.27,12.77,39.0,100.0,111,10.7,balanced,1,0,0,1,0.8033,0.6697,0.8357,0.8086,0.6667,134.68,0.6609,good,40,1,100.0,18.63,14.68,42.05,High,High Risk,94.21,83.43,86.25,82.0,87.81,86.45,65.83,85.28,0,None,0
STU0594,2024,9,good,71.21,141,198,84.97,12.73,33.9,100.0,111,10.7,balanced,1,0,1,0,0.7949,0.6774,0.8308,0.8086,0.6667,143.28,0.6609,good,32,3,100.0,25.12,14.68,44.97,Medium,Medium Risk,94.51,86.06,86.78,83.08,90.74,89.37,66.69,87.74,1,Mentoring Program,1
STU0594,2025,10,good,73.58,142,193,85.82,12.33,44.7,100.0,111,10.7,balanced,1,0,0,1,0.7984,0.67,0.8316,0.8086,0.6667,97.67,0.6609,good,31,0,100.0,17.7,14.74,41.65,Medium,Medium Risk,94.64,85.93,87.64,86.26,91.61,90.4,68.18,87.21,0,None,0
STU0595,2023,8,excellent,86.5,173,200,95.36,5.69,62.0,100.0,120,22.2,science_oriented,0,0,0,0,0.8291,0.7532,0.918,0.7109,0.6667,94.8,0.7993,average,20,1,69.45,5.28,12.49,26.33,Low,Low Risk,96.21,91.63,95.71,97.11,97.81,96.25,97.44,91.4,0,None,0
STU0595,2024,9,excellent,83.33,165,198,95.83,5.42,61.5,100.0,120,22.2,science_oriented,0,0,0,0,0.8205,0.75,0.9231,0.7109,0.6667,126.57,0.7993,average,24,3,83.67,5.26,12.45,30.58,Medium,Medium Risk,96.24,91.51,96.71,97.64,97.35,97.02,97.82,92.42,0,None,0
STU0595,2025,10,excellent,88.6,171,193,95.89,5.12,64.5,100.0,120,22.2,science_oriented,0,0,0,0,0.8248,0.7556,0.9209,0.7109,0.6667,139.55,0.7993,average,16,5,55.98,5.15,12.42,22.22,Low,Low Risk,96.53,92.95,95.81,96.96,97.93,96.22,97.55,93.38,0,None,0
STU0596,2023,8,moderate,61.5,123,200,62.97,13.11,17.8,100.0,72,9.1,balanced,1,0,1,0,0.6924,0.6301,0.7382,0.622,0.3333,107.45,0.7808,good,53,1,100.0,35.96,18.47,50.8,High,High Risk,74.13,64.98,53.21,52.75,57.3,69.93,55.23,74.72,0,None,0
STU0596,2024,9,moderate,62.12,123,198,68.03,12.75,22.7,99.5,72,9.1,balanced,1,0,1,0,0.6923,0.6296,0.7385,0.622,0.3333,58.58,0.7808,good,50,1,100.0,33.94,18.47,49.89,High,High Risk,79.25,68.78,58.57,58.84,63.59,75.19,61.07,78.31,1,Study Skills Workshop,0
STU0596,2025,10,moderate,55.44,107,193,73.56,13.03,33.0,100.0,72,9.1,balanced,1,0,1,0,0.693,0.6331,0.7368,0.622,0.3333,88.32,0.7808,good,47,4,100.0,31.72,18.47,48.89,High,High Risk,85.86,74.61,64.62,61.91,70.05,80.08,65.43,83.84,1,Tutoring,0
STU0597,2023,8,excellent,83.5,167,200,91.52,8.18,56.8,100.0,100,16.3,balanced,0,0,0,0,0.8119,0.6943,0.8717,0.6477,0.6667,105.6,0.8421,good,19,4,68.55,7.15,14.4,27.38,Medium,Medium Risk,96.58,96.14,90.02,86.89,91.66,90.21,89.48,91.77,0,None,0
STU0597,2024,9,excellent,86.36,171,198,92.49,7.94,55.7,100.0,100,16.3,balanced,0,0,0,0,0.8205,0.6875,0.8769,0.6477,0.6667,79.37,0.8421,good,16,4,57.55,6.59,14.39,23.83,Low,Low Risk,95.82,97.15,91.87,88.65,92.84,91.1,89.79,93.51,0,None,0
STU0597,2025,10,excellent,82.9,160,193,93.23,7.12,61.2,100.0,100,16.3,balanced,0,0,0,0,0.8155,0.6882,0.8735,0.6477,0.6667,82.72,0.8421,good,21,4,74.97,6.4,14.43,28.98,Medium,Medium Risk,96.03,97.14,93.44,90.45,92.81,91.02,91.54,94.04,0,None,0
STU0598,2023,8,irregular,63.0,126,200,59.92,21.48,6.6,100.0,85,6.0,science_oriented,1,0,2,3,0.6409,0.5603,0.6717,0.3878,0.0,54.57,0.5543,excellent,36,2,100.0,77.22,48.25,76.81,High,High Risk,61.31,39.62,49.25,32.02,76.16,70.54,89.28,49.76,0,None,0
STU0598,2024,9,irregular,59.6,118,198,64.37,19.96,11.0,100.0,85,6.0,science_oriented,1,0,1,2,0.641,0.56,0.6769,0.3878,0.0,45.57,0.5543,excellent,36,0,100.0,52.43,48.18,65.64,High,High Risk,65.33,44.6,56.85,37.77,78.42,74.56,92.44,54.94,1,Mentoring Program,0
STU0598,2025,10,irregular,63.21,122,193,68.75,19.89,15.1,100.0,85,6.0,science_oriented,1,0,1,2,0.6403,0.5617,0.6735,0.3878,0.0,46.72,0.5543,excellent,34,0,100.0,50.69,48.21,64.86,High,High Risk,71.45,46.13,60.89,43.31,82.73,78.06,95.02,58.31,1,Counseling,0
STU0599,2023,8,good,73.5,147,200,92.8,8.06,42.8,100.0,112,18.0,balanced,1,0,0,1,0.8033,0.6171,0.8408,0.7894,0.6667,118.02,0.95,average,37,1,100.0,14.81,11.18,39.46,Medium,Medium Risk,87.78,97.0,88.34,96.49,94.02,93.56,87.33,96.96,0,None,0
STU0599,2024,9,good,73.23,145,198,94.28,6.72,52.5,100.0,112,18.0,balanced,1,0,0,0,0.7949,0.6129,0.8462,0.7894,0.6667,92.83,0.95,average,33,3,100.0,6.39,11.14,35.66,Medium,Medium Risk,90.03,97.17,92.12,97.24,96.37,94.59,89.24,97.47,0,None,0
STU0599,2025,10,good,72.54,140,193,95.57,5.37,65.6,100.0,112,18.0,balanced,1,0,0,0,0.7984,0.6155,0.8419,0.7894,0.6667,146.23,0.95,average,34,4,100.0,5.8,11.18,35.41,Medium,Medium Risk,92.65,97.73,93.54,97.13,96.72,96.22,92.49,97.53,0,None,0
STU0600,2023,8,excellent,83.0,166,200,95.22,5.83,63.8,100.0,108,16.8,balanced,0,0,0,0,0.7696,0.5669,0.8357,0.7214,0.6667,72.13,0.8075,poor,27,9,92.9,6.52,15.26,34.62,Medium,Medium Risk,97.71,96.44,96.88,97.78,96.89,92.71,90.06,97.04,0,None,0
STU0600,2024,9,excellent,77.78,154,198,95.73,5.41,59.9,100.0,108,16.8,balanced,0,0,0,0,0.7692,0.5667,0.8308,0.7214,0.6667,143.28,0.8075,poor,37,7,100.0,6.32,15.33,36.68,Medium,Medium Risk,97.83,96.27,96.86,97.92,97.81,93.73,91.26,96.66,1,Study Group,1
STU0600,2025,10,excellent,76.68,148,193,96.18,5.04,60.1,100.0,108,16.8,balanced,0,0,0,0,0.7721,0.5683,0.8316,0.7214,0.6667,89.6,0.8075,poor,39,4,100.0,6.09,15.3,36.56,Medium,Medium Risk,97.65,97.32,97.29,97.85,97.48,95.17,91.12,97.46,0,None,0
STU0601,2023,8,excellent,85.5,171,200,88.54,10.41,49.7,100.0,106,14.9,practical,0,0,0,1,0.8119,0.6211,0.8463,0.6269,0.3333,170.15,0.95,excellent,13,1,49.15,16.35,14.31,25.68,Low,Low Risk,86.71,86.81,83.7,95.67,94.69,77.54,89.08,95.93,0,None,0
STU0601,2024,9,excellent,85.86,170,198,89.77,9.99,56.9,100.0,106,14.9,practical,0,0,0,0,0.8205,0.625,0.8462,0.6269,0.3333,76.7,0.95,excellent,14,0,51.9,7.68,14.27,22.59,Low,Low Risk,88.93,88.12,85.42,96.59,96.25,78.34,91.27,97.05,0,None,0
STU0601,2025,10,excellent,89.64,173,193,91.08,9.12,49.7,100.0,106,14.9,practical,0,0,0,1,0.8155,0.6236,0.8474,0.6269,0.3333,91.85,0.95,excellent,10,2,37.25,15.26,14.27,21.61,Low,Low Risk,91.03,88.82,89.36,96.77,96.45,80.23,91.43,96.68,0,None,0
STU0602,2023,8,excellent,88.0,176,200,91.25,10.65,48.3,100.0,131,12.6,language_oriented,1,0,0,1,0.9148,0.7943,0.9382,0.7286,0.6667,165.42,0.7432,good,15,1,53.4,13.2,12.26,25.03,Low,Low Risk,97.97,94.51,78.15,97.54,75.68,94.23,92.31,97.56,0,None,0
STU0602,2024,9,excellent,89.39,177,198,91.95,9.91,41.5,100.0,131,12.6,language_oriented,1,0,0,1,0.9231,0.8056,0.9385,0.7286,0.6667,129.4,0.7432,good,14,2,49.42,12.76,12.15,23.61,Low,Low Risk,97.63,95.47,82.7,97.68,75.69,94.94,93.62,97.8,0,None,0
STU0602,2025,10,excellent,87.56,169,193,92.88,8.68,47.6,100.0,131,12.6,language_oriented,1,0,0,1,0.9209,0.7997,0.9368,0.7286,0.6667,125.93,0.7432,good,13,2,47.7,12.43,12.23,22.96,Low,Low Risk,97.49,95.74,83.41,97.51,79.52,95.4,94.83,97.82,0,None,0
STU0603,2023,8,excellent,90.0,180,200,94.77,6.57,62.2,100.0,122,17.6,science_oriented,0,0,0,0,0.9743,0.8245,0.9846,0.6958,0.6667,170.92,0.95,good,12,2,43.0,2.61,8.82,16.28,Low,Low Risk,96.12,97.0,97.72,88.65,96.88,97.96,93.76,89.34,0,None,0
STU0603,2024,9,excellent,88.38,175,198,95.13,5.98,61.6,100.0,122,17.6,science_oriented,0,0,0,0,0.9744,0.8158,0.9846,0.6958,0.6667,72.62,0.95,good,13,0,47.13,2.46,8.91,17.47,Low,Low Risk,95.92,96.7,97.74,90.6,97.41,97.9,94.17,90.22,0,None,0
STU0603,2025,10,excellent,88.6,171,193,95.85,5.56,65.7,100.0,122,17.6,science_oriented,0,0,0,0,0.9736,0.8201,0.9842,0.6958,0.6667,136.07,0.95,good,13,2,46.98,2.19,8.87,17.3,Low,Low Risk,96.51,97.34,98.21,91.82,98.16,97.83,94.92,91.85,0,None,0
STU0604,2023,8,excellent,78.5,157,200,84.91,12.98,45.8,100.0,105,11.2,language_oriented,1,0,0,1,0.8119,0.6107,0.9129,0.6729,0.6667,102.43,0.9132,good,29,1,100.0,17.8,13.04,41.27,Medium,Medium Risk,96.44,93.91,85.34,97.49,72.63,77.15,74.05,91.32,0,None,0
STU0604,2024,9,excellent,85.35,169,198,87.63,12.08,48.1,100.0,105,11.2,language_oriented,1,0,0,1,0.8205,0.5938,0.9077,0.6729,0.6667,95.1,0.9132,good,16,3,58.25,16.54,13.29,28.24,Low,Low Risk,97.13,95.18,90.76,97.7,75.89,78.3,77.74,95.33,1,Academic Advising,0
STU0604,2025,10,excellent,82.38,159,193,89.82,10.72,43.2,100.0,105,11.2,language_oriented,1,0,0,1,0.8155,0.6027,0.9107,0.6729,0.6667,129.48,0.9132,good,18,0,66.33,15.76,13.16,30.28,Medium,Medium Risk,97.66,96.92,92.01,97.55,79.82,82.81,81.53,95.91,0,None,0
STU0605,2023,8,good,72.0,144,200,77.92,16.19,30.3,100.0,96,11.6,practical,0,0,1,0,0.6924,0.5186,0.7438,0.7356,0.6667,143.0,0.7667,average,37,3,100.0,29.98,17.45,47.85,Medium,Medium Risk,82.08,59.71,91.3,88.91,85.82,71.47,91.74,55.68,0,None,0
STU0605,2024,9,good,73.74,146,198,77.68,16.39,32.2,100.0,96,11.6,practical,0,0,1,0,0.6923,0.5185,0.7385,0.7356,0.6667,124.5,0.7667,average,40,0,100.0,30.08,17.53,47.92,Medium,Medium Risk,82.31,60.48,90.96,87.9,86.76,73.46,91.89,54.86,1,Study Group,1
STU0605,2025,10,good,77.72,150,193,78.31,16.7,28.3,100.0,96,11.6,practical,0,0,1,0,0.693,0.519,0.7423,0.7356,0.6667,84.02,0.7667,average,26,5,93.6,29.81,17.46,45.86,Medium,Medium Risk,87.51,59.2,91.28,86.06,86.4,75.01,92.25,55.5,0,None,0
STU0606,2023,8,moderate,68.5,137,200,70.27,13.98,24.0,100.0,112,4.6,balanced,0,0,1,0,0.5894,0.4345,0.6357,0.725,0.6667,90.07,0.7421,average,50,1,100.0,35.1,40.49,55.92,High,High Risk,93.09,55.5,68.45,66.62,68.19,74.04,67.04,72.53,0,None,0
STU0606,2024,9,moderate,74.24,147,198,71.06,13.89,22.3,100.0,112,4.6,balanced,0,0,1,0,0.5897,0.4348,0.6308,0.725,0.6667,47.65,0.7421,average,31,7,100.0,34.78,40.56,55.79,Medium,Medium Risk,95.61,58.48,70.18,68.25,67.55,73.53,66.16,75.36,1,Study Skills Workshop,1
STU0606,2025,10,moderate,68.39,132,193,71.92,13.98,26.5,100.0,112,4.6,balanced,0,0,1,0,0.5876,0.4327,0.6316,0.725,0.6667,91.48,0.7421,average,44,0,100.0,34.48,40.57,55.66,High,High Risk,94.83,58.21,69.66,67.86,69.63,74.65,69.59,76.41,0,None,0
STU0607,2023,8,moderate,63.5,127,200,85.76,11.22,44.8,100.0,102,10.1,balanced,1,0,0,1,0.7003,0.6343,0.8,0.5925,0.6667,74.33,0.95,excellent,41,0,100.0,19.69,15.56,42.75,High,High Risk,92.07,72.21,87.55,94.87,78.75,82.8,91.0,91.25,0,None,0
STU0607,2024,9,moderate,62.63,124,198,88.98,9.97,48.3,100.0,102,10.1,balanced,1,0,0,1,0.6923,0.6296,0.8,0.5925,0.6667,103.48,0.95,excellent,34,2,100.0,18.56,15.6,42.25,High,High Risk,91.92,77.52,90.72,96.13,83.06,86.26,92.99,94.31,1,Counseling,0
STU0607,2025,10,moderate,70.47,136,193,90.77,9.47,50.7,100.0,102,10.1,balanced,1,0,0,0,0.693,0.6331,0.8,0.5925,0.6667,104.28,0.95,excellent,31,2,100.0,9.83,15.57,38.32,Medium,Medium Risk,94.66,79.34,91.74,96.66,87.31,89.02,94.13,95.17,1,Counseling,1
STU0608,2023,8,irregular,50.0,100,200,15.39,8.73,3.0,55.1,75,4.5,balanced,0,1,10,0,0.2818,0.2409,0.3691,0.8882,0.6667,32.27,0.133,good,57,0,100.0,100.0,72.3,93.07,High,High Risk,18.7,12.63,31.72,15.97,13.0,10.79,13.83,10.56,0,None,0
STU0608,2024,9,irregular,51.01,101,198,16.44,9.43,3.8,60.9,75,4.5,balanced,0,1,10,0,0.2821,0.2727,0.3692,0.8882,0.6667,32.67,0.133,good,51,3,100.0,100.0,71.98,92.99,High,High Risk,23.33,13.38,32.56,16.51,13.6,11.86,15.36,11.62,1,Study Skills Workshop,0
STU0608,2025,10,irregular,49.74,96,193,17.87,9.6,4.1,56.4,75,4.5,balanced,0,1,9,1,0.2806,0.2485,0.3684,0.8882,0.6667,45.95,0.133,good,53,4,100.0,100.0,72.23,93.06,High,High Risk,23.99,15.24,35.11,18.09,15.08,13.21,16.03,12.55,1,Counseling,1
STU0609,2023,8,moderate,64.0,128,200,92.19,7.87,55.4,100.0,98,15.4,balanced,0,0,0,0,0.9148,0.7288,0.9537,0.6332,0.3333,79.73,0.7408,excellent,35,2,100.0,4.83,14.63,35.83,High,High Risk,97.0,86.8,87.23,97.86,96.59,92.85,87.33,94.5,0,None,0
STU0609,2024,9,moderate,67.17,133,198,94.01,6.81,56.6,100.0,98,15.4,balanced,0,0,0,0,0.9231,0.7222,0.9538,0.6332,0.3333,79.48,0.7408,excellent,32,1,100.0,3.93,14.69,35.44,High,High Risk,96.43,90.48,88.89,97.69,97.63,94.66,90.97,96.51,1,Parent Meeting,0
STU0609,2025,10,moderate,66.84,129,193,95.46,5.67,61.0,100.0,98,15.4,balanced,0,0,0,0,0.9209,0.7239,0.9526,0.6332,0.3333,48.13,0.7408,excellent,27,1,100.0,3.4,14.7,35.2,High,High Risk,97.54,93.18,91.64,97.98,97.92,95.78,93.37,97.12,1,Counseling,1
STU0610,2023,8,excellent,86.5,173,200,96.76,3.85,61.6,100.0,109,23.3,balanced,1,0,0,0,0.8633,0.7033,0.882,0.6573,0.6667,73.52,0.95,good,14,0,51.45,4.03,12.34,20.33,Low,Low Risk,97.72,97.41,97.61,97.08,96.42,96.76,96.96,94.52,0,None,0
STU0610,2024,9,excellent,85.35,169,198,96.96,3.43,74.1,100.0,109,23.3,balanced,1,0,0,0,0.8718,0.7059,0.8769,0.6573,0.6667,106.47,0.95,good,18,3,64.25,3.78,12.39,24.08,Low,Low Risk,97.89,97.54,97.93,97.49,96.77,96.37,97.07,95.17,0,None,0
STU0610,2025,10,excellent,86.53,167,193,96.94,3.41,73.7,100.0,109,23.3,balanced,1,0,0,0,0.8682,0.7071,0.8791,0.6573,0.6667,169.7,0.95,good,13,1,48.43,3.86,12.35,19.35,Low,Low Risk,97.55,97.8,97.49,97.46,96.66,96.36,97.38,95.29,0,None,0
STU0611,2023,8,at-risk,28.0,56,200,45.92,11.92,7.8,79.3,110,4.7,balanced,0,0,2,5,0.3928,0.3044,0.482,0.2689,0.0,30.27,0.275,average,88,0,100.0,100.0,60.22,90.06,High,High Risk,51.22,43.68,48.06,57.51,33.61,41.53,52.42,43.5,0,None,0
STU0611,2024,9,at-risk,30.81,61,198,48.58,11.97,8.2,96.6,110,4.7,balanced,0,0,1,5,0.3846,0.3333,0.4769,0.2689,0.0,11.9,0.275,average,108,1,100.0,87.88,60.01,84.55,High,High Risk,54.58,48.04,53.27,57.33,37.44,41.91,53.27,47.72,1,Mentoring Program,1
STU0611,2025,10,at-risk,36.27,70,193,50.63,11.73,10.7,84.7,110,4.7,balanced,0,0,1,4,0.386,0.3175,0.4791,0.2689,0.0,20.58,0.275,average,87,2,100.0,79.03,60.14,80.6,High,High Risk,56.14,49.89,52.66,60.0,38.39,46.04,55.86,49.29,1,Tutoring,1
STU0612,2023,8,moderate,61.5,123,200,64.61,11.82,28.9,100.0,114,13.5,balanced,1,0,1,0,0.6152,0.5,0.6309,0.63,0.6667,94.58,0.5488,good,50,3,100.0,36.85,24.71,52.76,High,High Risk,59.59,61.17,59.69,55.55,74.1,64.65,70.23,67.46,0,None,0
STU0612,2024,9,moderate,70.2,139,198,66.08,11.73,30.3,97.9,114,13.5,balanced,1,0,1,0,0.6154,0.5,0.6308,0.63,0.6667,49.47,0.5488,good,39,3,100.0,36.26,24.71,52.49,Medium,Medium Risk,63.61,64.36,61.12,57.05,77.44,66.23,68.32,68.36,1,Tutoring,0
STU0612,2025,10,moderate,63.73,123,193,68.72,11.99,28.9,99.2,114,13.5,balanced,1,0,1,0,0.614,0.5,0.6316,0.63,0.6667,82.67,0.5488,good,43,3,100.0,35.23,24.69,52.03,High,High Risk,65.17,66.59,64.79,58.42,79.64,68.03,72.75,70.23,0,None,0
STU0613,2023,8,moderate,61.0,122,200,53.48,12.0,17.8,90.9,94,5.0,balanced,1,0,1,4,0.4185,0.3264,0.518,0.6377,0.6667,39.67,0.7322,good,45,4,100.0,77.24,45.23,76.06,High,High Risk,47.37,48.66,46.69,56.45,55.05,60.51,58.56,49.37,0,None,0
STU0613,2024,9,moderate,59.09,117,198,54.78,12.18,11.8,94.0,94,5.0,balanced,1,0,1,3,0.4103,0.3125,0.5231,0.6377,0.6667,40.93,0.7322,good,44,1,100.0,68.88,45.29,72.32,High,High Risk,49.51,51.51,45.93,58.13,57.0,62.53,60.06,48.92,1,Mentoring Program,1
STU0613,2025,10,moderate,58.55,113,193,56.35,11.85,26.2,97.0,94,5.0,balanced,1,0,1,1,0.4124,0.3194,0.5209,0.6377,0.6667,43.02,0.7322,good,51,4,100.0,52.21,45.25,64.81,High,High Risk,50.52,50.73,49.98,62.03,60.23,60.73,61.96,51.86,1,Counseling,1
STU0614,2023,8,good,81.0,162,200,90.52,10.05,41.0,100.0,111,18.2,language_oriented,0,1,0,1,0.8548,0.6896,0.8717,0.768,0.6667,163.45,0.8281,excellent,20,1,73.3,14.7,32.25,36.67,Medium,Medium Risk,96.34,95.57,81.89,96.3,83.51,88.11,87.58,97.26,0,None,0
STU0614,2024,9,good,84.34,167,198,92.07,8.71,51.4,100.0,111,18.2,language_oriented,0,1,0,0,0.8462,0.697,0.8769,0.768,0.6667,89.68,0.8281,excellent,14,1,52.96,6.25,32.09,26.72,Medium,Medium Risk,96.54,94.79,82.2,97.39,89.05,89.56,90.3,97.18,1,Study Group,0
STU0614,2025,10,good,77.2,149,193,92.46,8.66,52.9,100.0,111,18.2,language_oriented,0,1,0,0,0.8511,0.6905,0.8735,0.768,0.6667,87.7,0.8281,excellent,24,0,87.96,5.99,32.21,37.14,Medium,Medium Risk,97.26,95.91,83.25,96.97,89.12,89.88,90.36,97.22,0,None,0
STU0615,2023,8,moderate,64.0,128,200,61.91,16.87,16.1,100.0,102,5.8,balanced,1,0,1,1,0.5894,0.506,0.6309,0.6527,0.6667,99.0,0.8249,good,43,2,100.0,46.45,40.05,60.91,High,High Risk,56.2,75.27,57.02,43.93,52.06,56.03,87.16,59.61,0,None,0
STU0615,2024,9,moderate,64.14,127,198,64.78,17.2,21.9,100.0,102,5.8,balanced,1,0,1,1,0.5897,0.5217,0.6308,0.6527,0.6667,81.78,0.8249,good,45,3,100.0,45.29,39.89,60.35,High,High Risk,58.9,77.75,59.36,45.33,52.52,60.16,89.82,62.67,0,None,0
STU0615,2025,10,moderate,56.99,110,193,67.45,16.58,17.2,100.0,102,5.8,balanced,1,0,1,1,0.5876,0.5066,0.6316,0.6527,0.6667,93.85,0.8249,good,44,2,100.0,44.27,40.03,59.93,High,High Risk,62.52,80.42,64.62,48.53,58.24,62.45,92.1,64.37,1,Study Skills Workshop,1
STU0616,2023,8,moderate,70.5,141,200,90.42,9.37,55.0,100.0,107,15.3,balanced,0,0,0,0,0.9228,0.8519,0.9846,0.6786,0.6667,48.45,0.6973,good,32,4,100.0,5.38,12.68,35.59,Medium,Medium Risk,97.11,84.95,89.37,94.96,84.86,88.93,88.62,96.63,0,None,0
STU0616,2024,9,moderate,66.67,132,198,92.59,8.21,59.8,100.0,107,15.3,balanced,0,0,0,0,0.9231,0.8611,0.9846,0.6786,0.6667,79.73,0.6973,good,45,3,100.0,4.5,12.59,35.17,High,High Risk,97.52,87.07,92.84,96.57,89.1,92.21,90.32,96.97,0,None,0
STU0616,2025,10,moderate,74.09,143,193,93.71,7.47,57.2,100.0,107,15.3,balanced,0,0,0,0,0.9209,0.8569,0.9842,0.6786,0.6667,53.28,0.6973,good,26,2,96.13,4.1,12.64,33.84,Medium,Medium Risk,97.45,89.25,93.06,97.87,89.16,93.65,92.93,97.84,1,Study Skills Workshop,1
STU0617,2023,8,moderate,64.5,129,200,72.32,14.39,29.0,100.0,76,12.7,language_oriented,0,0,1,0,0.6924,0.5424,0.7026,0.5333,0.3333,65.37,0.5813,average,48,4,100.0,32.22,24.65,50.66,High,High Risk,87.87,65.25,63.73,75.1,86.13,66.48,62.27,78.82,0,None,0
STU0617,2024,9,moderate,63.13,125,198,74.07,14.44,30.0,100.0,76,12.7,language_oriented,0,0,1,0,0.6923,0.5556,0.7077,0.5333,0.3333,78.2,0.5813,average,56,5,100.0,31.53,24.44,50.3,High,High Risk,89.72,68.02,67.34,77.49,87.74,66.89,64.42,79.24,0,None,0
STU0617,2025,10,moderate,65.8,127,193,76.26,14.16,31.4,100.0,76,12.7,language_oriented,0,0,1,0,0.693,0.5437,0.7051,0.5333,0.3333,86.95,0.5813,average,43,1,100.0,30.64,24.6,49.94,High,High Risk,89.93,68.85,69.37,78.07,91.9,72.18,65.94,82.09,1,Counseling,0
STU0618,2023,8,moderate,66.0,132,200,60.3,19.16,6.9,100.0,107,7.7,language_oriented,0,0,2,0,0.5894,0.4782,0.682,0.6182,0.6667,65.47,0.7465,excellent,40,3,100.0,54.09,41.43,64.7,High,High Risk,67.25,77.66,54.98,90.74,52.82,33.44,57.71,57.52,0,None,0
STU0618,2024,9,moderate,62.12,123,198,62.07,18.89,12.7,100.0,107,7.7,language_oriented,0,0,1,1,0.5897,0.4783,0.6769,0.6182,0.6667,68.57,0.7465,excellent,40,0,100.0,46.38,41.5,61.25,High,High Risk,71.21,79.17,59.74,92.39,52.91,36.5,60.12,59.27,1,Counseling,1
STU0618,2025,10,moderate,63.73,123,193,63.22,17.99,17.5,100.0,107,7.7,language_oriented,0,0,1,1,0.5876,0.4776,0.6791,0.6182,0.6667,72.9,0.7465,excellent,35,0,100.0,45.96,41.48,61.05,High,High Risk,69.65,78.74,58.54,92.5,56.66,39.05,59.83,62.55,0,None,0
STU0619,2023,8,excellent,84.5,169,200,88.54,10.82,51.5,100.0,110,11.8,practical,1,0,0,0,0.9485,0.8371,0.9846,0.6915,0.6667,90.0,0.8344,excellent,13,2,49.85,5.61,10.51,20.11,Medium,Medium Risk,83.18,93.74,82.86,80.14,97.64,86.4,97.63,81.64,0,None,0
STU0619,2024,9,excellent,83.33,165,198,89.92,10.37,52.1,100.0,110,11.8,practical,1,0,0,0,0.9487,0.8378,0.9846,0.6915,0.6667,152.48,0.8344,excellent,16,1,59.67,5.06,10.51,22.8,Medium,Medium Risk,84.33,94.3,87.4,83.66,97.82,87.31,97.7,84.0,0,None,0
STU0619,2025,10,excellent,84.46,163,193,91.46,8.71,50.1,100.0,110,11.8,practical,1,0,0,0,0.9473,0.8331,0.9842,0.6915,0.6667,130.35,0.8344,excellent,17,0,61.88,4.47,10.56,23.22,Medium,Medium Risk,88.2,94.81,87.68,86.13,97.99,90.87,97.25,86.42,0,None,0
STU0620,2023,8,good,75.5,151,200,73.06,16.94,19.6,100.0,82,13.3,language_oriented,0,0,1,1,0.6072,0.549,0.6871,0.8338,0.6667,122.58,0.7692,excellent,23,1,86.15,41.63,15.99,48.58,Medium,Medium Risk,91.07,85.29,72.69,86.42,67.28,46.86,73.64,76.7,0,None,0
STU0620,2024,9,good,70.2,139,198,74.24,16.64,18.7,100.0,82,13.3,language_oriented,0,0,1,1,0.6154,0.5417,0.6923,0.8338,0.6667,99.18,0.7692,excellent,25,1,95.86,41.0,15.98,51.2,Medium,Medium Risk,90.65,85.98,75.29,86.04,68.16,47.96,74.45,77.47,1,Parent Meeting,1
STU0620,2025,10,good,72.02,139,193,74.69,15.89,30.7,100.0,82,13.3,language_oriented,0,0,1,1,0.614,0.5429,0.6893,0.8338,0.6667,165.23,0.7692,excellent,26,2,97.59,40.84,16.02,51.66,Medium,Medium Risk,89.89,86.15,75.75,85.28,70.52,49.33,74.29,76.68,0,None,0
STU0621,2023,8,good,71.5,143,200,63.04,12.42,24.9,100.0,105,13.8,practical,1,0,1,0,0.573,0.5079,0.5846,0.7336,0.6667,157.08,0.6985,good,34,4,100.0,38.33,21.0,52.5,Medium,Medium Risk,74.12,60.07,69.35,56.74,67.67,56.33,69.02,54.16,0,None,0
STU0621,2024,9,good,72.22,143,198,64.23,12.67,24.3,98.0,105,13.8,practical,1,0,1,0,0.5641,0.5,0.5846,0.7336,0.6667,144.03,0.6985,good,27,3,100.0,38.03,21.08,52.38,Medium,Medium Risk,75.9,61.47,71.67,56.61,69.22,58.77,68.2,55.04,1,Parent Meeting,1
STU0621,2025,10,good,67.88,131,193,64.63,12.06,28.3,99.6,105,13.8,practical,1,0,1,0,0.5705,0.5079,0.5842,0.7336,0.6667,167.63,0.6985,good,36,5,100.0,37.74,21.01,52.23,High,High Risk,77.29,62.83,71.33,57.69,68.46,58.32,69.85,56.88,0,None,0
STU0622,2023,8,good,76.5,153,200,91.05,10.41,48.0,100.0,111,12.1,science_oriented,0,0,0,1,0.8291,0.7731,0.918,0.8434,0.6667,134.8,0.8135,below_average,35,6,100.0,15.0,9.43,39.11,Medium,Medium Risk,94.15,72.51,93.36,92.89,93.17,96.36,95.57,90.46,0,None,0
STU0622,2024,9,good,84.34,167,198,91.87,10.13,47.0,100.0,111,12.1,science_oriented,0,0,0,1,0.8205,0.7812,0.9231,0.8434,0.6667,148.28,0.8135,below_average,26,5,88.96,14.84,9.27,35.68,Medium,Medium Risk,94.98,73.72,93.41,93.0,95.15,96.84,96.56,92.71,0,None,0
STU0622,2025,10,good,79.27,153,193,92.59,9.65,51.3,100.0,111,12.1,science_oriented,0,0,0,0,0.8248,0.7764,0.9209,0.8434,0.6667,152.72,0.8135,below_average,32,7,100.0,6.47,9.35,35.25,Medium,Medium Risk,95.97,76.5,95.34,91.73,95.89,97.46,97.01,92.27,0,None,0
STU0623,2023,8,good,82.0,164,200,86.9,11.72,45.1,100.0,103,13.6,language_oriented,0,0,0,1,0.8291,0.68,0.8562,0.778,0.6667,150.03,0.95,good,19,2,69.6,16.66,10.55,31.01,Medium,Medium Risk,94.35,89.78,95.77,95.81,74.65,78.64,82.69,90.1,0,None,0
STU0623,2024,9,good,72.22,143,198,89.19,10.65,44.3,100.0,103,13.6,language_oriented,0,0,0,1,0.8205,0.6875,0.8615,0.778,0.6667,105.73,0.95,good,37,2,100.0,15.92,10.39,39.76,Medium,Medium Risk,95.47,92.15,96.4,96.87,80.5,81.13,85.28,91.55,0,None,0
STU0623,2025,10,good,79.27,153,193,91.3,9.41,57.7,100.0,103,13.6,language_oriented,0,0,0,0,0.8248,0.6806,0.8577,0.778,0.6667,155.03,0.95,good,24,0,86.51,6.98,10.52,31.72,Medium,Medium Risk,96.6,93.46,97.13,97.4,82.66,83.64,90.12,93.72,0,None,0
STU0624,2023,8,excellent,83.5,167,200,96.26,4.66,60.2,100.0,113,19.5,practical,0,0,0,0,0.9228,0.7682,0.9846,0.7548,0.6667,158.28,0.95,good,22,2,77.55,3.04,8.2,26.68,Medium,Medium Risk,97.61,92.71,97.86,97.92,97.91,95.75,96.7,94.42,0,None,0
STU0624,2024,9,excellent,76.26,151,198,96.6,4.09,63.6,100.0,113,19.5,practical,0,0,0,0,0.9231,0.7778,0.9846,0.7548,0.6667,164.15,0.95,good,27,0,97.62,2.9,8.11,32.62,Medium,Medium Risk,97.8,93.69,97.72,97.9,97.64,96.61,96.92,95.38,0,None,0
STU0624,2025,10,excellent,82.9,160,193,96.83,3.58,67.4,100.0,113,19.5,practical,0,0,0,0,0.9209,0.771,0.9842,0.7548,0.6667,101.9,0.95,good,22,2,77.97,2.85,8.18,26.72,Medium,Medium Risk,97.86,94.4,97.7,97.61,98.02,96.7,96.9,96.31,1,Study Group,1
STU0625,2023,8,good,80.5,161,200,86.3,10.98,45.9,100.0,91,15.3,balanced,0,0,0,1,0.8033,0.7338,0.8511,0.8238,0.6667,83.02,0.82,excellent,22,0,79.65,17.42,11.12,34.51,Medium,Medium Risk,88.16,86.62,89.55,90.39,85.49,81.59,94.26,75.05,0,None,0
STU0625,2024,9,good,66.16,131,198,88.01,10.31,50.9,100.0,91,15.3,balanced,0,0,0,0,0.7949,0.7419,0.8462,0.8238,0.6667,160.6,0.82,excellent,32,1,100.0,8.9,11.11,36.78,High,High Risk,88.35,89.41,88.96,93.64,88.84,83.48,95.48,77.32,1,Parent Meeting,0
STU0625,2025,10,good,76.17,147,193,89.38,9.46,56.1,100.0,91,15.3,balanced,0,0,0,0,0.7984,0.736,0.8474,0.8238,0.6667,120.08,0.82,excellent,22,4,82.68,8.28,11.15,31.32,Medium,Medium Risk,91.71,90.56,90.12,94.07,89.78,85.21,95.28,80.75,1,Mentoring Program,1
STU0626,2023,8,good,73.5,147,200,94.2,6.6,57.7,100.0,113,16.8,science_oriented,0,0,0,0,0.9148,0.8224,0.9846,0.7654,0.6667,131.88,0.7767,good,29,2,100.0,4.02,10.05,34.32,Medium,Medium Risk,93.29,95.26,96.98,90.82,88.27,97.02,95.35,94.19,0,None,0
STU0626,2024,9,good,76.77,152,198,95.21,5.86,56.2,100.0,113,16.8,science_oriented,0,0,0,0,0.9231,0.8333,0.9846,0.7654,0.6667,172.53,0.7767,good,31,0,100.0,3.46,9.94,34.04,Medium,Medium Risk,94.82,95.47,97.85,93.48,91.22,97.23,95.62,95.3,1,Academic Advising,1
STU0626,2025,10,good,74.61,144,193,95.6,5.41,64.4,100.0,113,16.8,science_oriented,0,0,0,0,0.9209,0.8283,0.9842,0.7654,0.6667,75.05,0.7767,good,29,3,100.0,3.34,10.0,34.0,Medium,Medium Risk,95.23,96.53,97.83,93.61,92.24,97.12,96.02,95.58,1,Study Group,1
STU0627,2023,8,good,87.0,174,200,89.01,11.42,49.4,100.0,92,16.4,language_oriented,1,0,0,1,0.7518,0.5804,0.8,0.7744,0.6667,176.93,0.8353,excellent,13,2,48.1,17.36,14.18,25.79,Low,Low Risk,97.08,82.14,76.84,97.76,95.47,76.08,92.97,97.75,0,None,0
STU0627,2024,9,good,76.26,151,198,90.52,10.23,38.8,100.0,92,16.4,language_oriented,1,0,0,1,0.7436,0.5862,0.8,0.7744,0.6667,111.45,0.8353,excellent,26,2,94.62,16.92,14.12,39.53,Medium,Medium Risk,97.38,85.94,78.0,97.87,96.49,81.01,94.05,97.59,0,None,0
STU0627,2025,10,good,80.31,155,193,92.4,8.59,58.3,100.0,92,16.4,language_oriented,1,0,0,0,0.7457,0.5883,0.8,0.7744,0.6667,126.02,0.8353,excellent,17,2,64.78,8.12,14.1,26.62,Medium,Medium Risk,96.92,89.7,83.61,97.64,96.56,84.38,95.32,97.94,0,None,0
STU0628,2023,8,good,80.0,160,200,70.99,15.41,21.3,100.0,87,10.2,language_oriented,1,0,1,0,0.8291,0.7627,0.9129,0.8788,0.6667,126.53,0.6005,below_average,32,8,100.0,30.02,12.1,46.53,Medium,Medium Risk,83.05,90.15,58.3,76.5,76.81,58.32,59.65,73.47,0,None,0
STU0628,2024,9,good,82.32,163,198,75.12,14.95,33.8,100.0,87,10.2,language_oriented,1,0,1,0,0.8205,0.75,0.9077,0.8788,0.6667,93.28,0.6005,below_average,26,5,90.37,28.54,12.3,43.03,Medium,Medium Risk,87.73,92.96,64.08,80.89,81.35,60.14,63.38,77.9,1,Academic Advising,1
STU0628,2025,10,good,81.35,157,193,77.4,13.92,34.6,100.0,87,10.2,language_oriented,1,0,1,0,0.8248,0.7556,0.9107,0.8788,0.6667,133.35,0.6005,below_average,27,4,94.06,27.55,12.2,43.66,Medium,Medium Risk,89.28,94.17,67.12,83.8,81.31,64.12,68.13,80.46,1,Academic Advising,0
STU0629,2023,8,excellent,87.5,175,200,93.98,7.66,52.2,100.0,136,13.6,science_oriented,0,0,0,0,0.8633,0.7332,0.9643,0.7187,0.6667,109.32,0.95,average,16,3,56.75,5.14,9.58,21.73,Low,Low Risk,96.34,84.6,97.57,91.44,96.17,95.23,95.84,95.3,0,None,0
STU0629,2024,9,excellent,87.37,173,198,95.3,6.09,63.2,100.0,136,13.6,science_oriented,0,0,0,0,0.8718,0.7353,0.9692,0.7187,0.6667,106.92,0.95,average,15,0,53.84,4.44,9.48,20.52,Low,Low Risk,96.77,86.69,97.58,94.95,97.29,96.69,96.81,95.43,0,None,0
STU0629,2025,10,excellent,84.46,163,193,95.22,6.22,52.2,100.0,136,13.6,science_oriented,0,0,0,0,0.8682,0.7375,0.9684,0.7187,0.6667,172.57,0.95,average,20,3,70.88,4.55,9.48,25.68,Medium,Medium Risk,97.89,88.79,97.15,93.69,96.95,96.21,96.15,95.67,0,None,0
STU0630,2023,8,excellent,88.5,177,200,94.01,8.19,49.7,100.0,103,19.5,science_oriented,0,0,0,1,0.7439,0.6211,0.8154,0.7769,0.6667,115.92,0.9092,good,16,0,56.05,15.52,12.38,26.89,Low,Low Risk,98.01,83.2,97.95,86.07,97.74,95.5,97.28,95.53,0,None,0
STU0630,2024,9,excellent,81.82,162,198,94.63,7.22,53.3,100.0,103,19.5,science_oriented,0,0,0,0,0.7436,0.6207,0.8154,0.7769,0.6667,123.88,0.9092,good,23,3,81.73,7.28,12.39,30.89,Medium,Medium Risk,97.96,84.68,97.75,91.01,97.66,96.0,96.71,96.29,0,None,0
STU0630,2025,10,excellent,79.27,153,193,95.24,6.4,60.7,100.0,103,19.5,science_oriented,0,0,0,0,0.7457,0.6237,0.8158,0.7769,0.6667,176.38,0.9092,good,21,2,77.51,6.99,12.35,29.48,Medium,Medium Risk,97.86,87.15,97.61,91.46,97.6,96.24,97.44,96.85,0,None,0
STU0631,2023,8,irregular,49.5,99,200,25.24,12.13,5.5,65.2,89,7.4,science_oriented,0,0,9,1,0.3848,0.2675,0.4253,0.3836,0.3333,45.15,0.4603,poor,93,7,100.0,100.0,56.37,89.09,High,High Risk,16.89,22.25,15.67,17.67,44.05,26.16,27.61,27.64,0,None,0
STU0631,2024,9,irregular,53.03,105,198,28.19,12.46,5.5,77.4,89,7.4,science_oriented,0,0,9,1,0.3846,0.2667,0.4308,0.3836,0.3333,36.48,0.4603,poor,88,7,100.0,100.0,56.3,89.07,High,High Risk,18.91,27.88,17.52,19.52,46.05,29.99,30.37,29.51,0,None,0
STU0631,2025,10,irregular,50.78,98,193,31.02,12.48,5.3,79.2,89,7.4,science_oriented,0,0,9,1,0.386,0.273,0.4261,0.3836,0.3333,41.15,0.4603,poor,84,11,100.0,100.0,56.3,89.08,High,High Risk,22.77,29.67,21.3,23.31,49.82,32.54,33.13,33.45,0,None,0
STU0632,2023,8,good,74.0,148,200,91.86,8.72,56.3,100.0,126,15.9,practical,0,0,0,0,0.897,0.7145,0.9846,0.7967,0.6667,103.53,0.8054,average,34,5,100.0,5.32,10.07,34.91,Medium,Medium Risk,95.23,88.27,97.04,85.99,96.6,85.16,96.43,92.01,0,None,0
STU0632,2024,9,good,74.75,148,198,93.44,7.58,59.0,100.0,126,15.9,practical,0,0,0,0,0.8974,0.7143,0.9846,0.7967,0.6667,90.98,0.8054,average,32,0,100.0,4.67,10.07,34.62,Medium,Medium Risk,97.1,90.82,97.69,87.4,97.2,87.76,97.3,93.95,0,None,0
STU0632,2025,10,good,75.65,146,193,93.98,7.67,56.0,100.0,126,15.9,practical,0,0,0,0,0.8946,0.7158,0.9842,0.7967,0.6667,137.17,0.8054,average,32,2,100.0,4.51,10.06,34.55,Medium,Medium Risk,97.51,91.99,97.88,89.59,97.53,87.59,97.19,94.35,0,None,0
STU0633,2023,8,excellent,86.5,173,200,96.25,4.95,67.4,100.0,109,18.3,language_oriented,0,0,0,0,0.7696,0.7221,0.8562,0.7386,0.6667,74.55,0.7973,excellent,11,1,42.45,6.11,13.2,18.78,Low,Low Risk,97.99,94.73,97.5,97.81,97.77,93.77,94.31,98.03,0,None,0
STU0633,2024,9,excellent,86.87,172,198,96.19,5.23,51.9,100.0,109,18.3,language_oriented,0,0,0,0,0.7692,0.7333,0.8615,0.7386,0.6667,147.52,0.7973,excellent,12,0,45.19,6.14,13.01,19.57,Low,Low Risk,98.01,95.18,97.98,98.0,97.89,92.46,94.71,97.8,0,None,0
STU0633,2025,10,excellent,91.19,176,193,96.51,4.27,68.8,100.0,109,18.3,language_oriented,0,0,0,0,0.7721,0.727,0.8577,0.7386,0.6667,116.55,0.7973,excellent,9,1,33.17,5.95,13.13,15.91,Low,Low Risk,98.09,95.21,97.85,97.95,97.7,94.1,95.0,97.73,0,None,0
STU0634,2023,8,moderate,67.0,134,200,59.46,13.45,14.1,99.6,102,10.1,balanced,0,0,1,2,0.538,0.3802,0.6253,0.6215,0.3333,105.52,0.7417,good,34,2,100.0,56.46,23.26,61.22,High,High Risk,54.25,58.78,47.68,47.48,63.91,54.97,72.02,70.21,0,None,0
STU0634,2024,9,moderate,62.63,124,198,62.13,12.31,25.2,96.2,102,10.1,balanced,0,0,1,1,0.5385,0.381,0.6308,0.6215,0.3333,55.67,0.7417,good,45,3,100.0,47.38,23.17,57.11,High,High Risk,60.05,59.92,49.62,51.86,68.06,58.34,71.55,73.18,1,Tutoring,1
STU0634,2025,10,moderate,59.59,115,193,65.27,12.71,25.7,100.0,102,10.1,balanced,0,0,1,0,0.5349,0.3768,0.6261,0.6215,0.3333,96.35,0.7417,good,41,1,100.0,38.19,23.28,53.01,High,High Risk,62.38,63.96,52.37,53.81,69.11,62.2,77.2,75.24,1,Study Skills Workshop,1
STU0635,2023,8,moderate,68.0,136,200,50.0,17.71,6.3,89.3,86,5.1,science_oriented,1,0,3,2,0.6409,0.4799,0.7129,0.6348,0.6667,100.22,0.6987,excellent,26,0,100.0,88.18,41.33,80.01,High,High Risk,60.51,29.07,50.44,29.53,50.2,62.62,70.13,42.76,0,None,0
STU0635,2024,9,moderate,76.26,151,198,53.78,16.81,10.0,93.0,86,5.1,science_oriented,1,0,2,2,0.641,0.48,0.7077,0.6348,0.6667,57.33,0.6987,excellent,24,3,88.62,71.67,41.41,69.19,High,High Risk,63.85,32.22,54.1,35.7,51.68,65.35,71.91,47.31,1,Mentoring Program,1
STU0635,2025,10,moderate,72.54,140,193,57.13,16.93,13.6,100.0,86,5.1,science_oriented,1,0,2,1,0.6403,0.4794,0.7107,0.6348,0.6667,78.73,0.6987,excellent,24,0,91.22,62.34,41.37,65.76,High,High Risk,68.32,34.7,59.1,38.22,55.51,67.49,75.99,50.07,0,None,0
STU0636,2023,8,excellent,84.0,168,200,93.41,7.53,54.9,100.0,99,15.2,science_oriented,1,0,0,0,0.9063,0.8208,0.9747,0.6779,0.6667,127.98,0.95,excellent,16,3,59.2,4.51,9.36,22.13,Medium,Medium Risk,95.51,87.24,89.59,91.3,97.28,95.81,95.69,93.8,0,None,0
STU0636,2024,9,excellent,85.35,169,198,94.29,6.47,63.6,100.0,99,15.2,science_oriented,1,0,0,0,0.8974,0.8286,0.9692,0.6779,0.6667,100.53,0.95,excellent,14,2,52.25,4.34,9.37,19.97,Low,Low Risk,96.47,86.63,92.85,92.61,97.36,96.21,96.72,95.16,1,Study Group,1
STU0636,2025,10,excellent,88.08,170,193,94.9,6.36,58.5,100.0,99,15.2,science_oriented,1,0,0,0,0.9038,0.8251,0.9739,0.6779,0.6667,120.55,0.95,excellent,10,0,38.34,3.96,9.33,15.62,Low,Low Risk,97.33,89.16,91.57,93.49,97.49,96.78,96.86,95.89,0,None,0
STU0637,2023,8,moderate,66.0,132,200,89.2,11.17,42.4,100.0,118,14.7,practical,1,0,0,1,0.6667,0.5633,0.718,0.6078,0.3333,99.48,0.9306,average,43,3,100.0,18.98,17.48,42.91,High,High Risk,89.58,88.23,97.51,91.59,91.12,85.02,96.94,73.81,0,None,0
STU0637,2024,9,moderate,68.69,136,198,90.36,10.01,48.1,100.0,118,14.7,practical,1,0,0,1,0.6667,0.5769,0.7231,0.6078,0.3333,66.62,0.9306,average,37,4,100.0,18.52,17.27,42.65,High,High Risk,92.12,88.15,97.4,93.33,92.54,87.16,96.86,76.87,1,Study Skills Workshop,1
STU0637,2025,10,moderate,66.84,129,193,92.09,9.01,51.9,100.0,118,14.7,practical,1,0,0,0,0.6667,0.5652,0.7209,0.6078,0.3333,54.68,0.9306,average,45,5,100.0,9.83,17.42,38.78,High,High Risk,93.73,91.66,97.67,94.8,93.52,89.25,97.31,79.82,1,Study Skills Workshop,1
STU0638,2023,8,excellent,89.0,178,200,97.63,1.88,85.0,100.0,122,23.0,science_oriented,1,0,0,0,0.8633,0.653,0.882,0.6627,0.6667,108.4,0.95,average,16,3,55.7,3.68,12.74,21.55,Low,Low Risk,97.63,97.77,97.65,97.66,97.48,97.54,97.73,97.55,0,None,0
STU0638,2024,9,excellent,81.82,162,198,97.84,1.79,87.9,100.0,122,23.0,science_oriented,1,0,0,0,0.8718,0.6471,0.8769,0.6627,0.6667,158.67,0.95,average,24,4,84.73,3.43,12.87,30.18,Medium,Medium Risk,97.63,97.85,98.13,98.06,97.76,97.67,98.07,97.59,0,None,0
STU0638,2025,10,excellent,85.49,165,193,97.83,1.82,89.3,100.0,122,23.0,science_oriented,1,0,0,0,0.8682,0.6464,0.8791,0.6627,0.6667,143.98,0.95,average,19,5,67.16,3.5,12.85,24.93,Low,Low Risk,97.9,98.09,97.9,97.7,97.88,97.57,97.84,97.88,1,Parent Meeting,1
STU0639,2023,8,moderate,57.5,115,200,55.99,13.88,19.9,98.9,108,8.0,balanced,1,1,1,3,0.6667,0.6158,0.7537,0.5636,0.3333,105.18,0.4266,excellent,43,2,100.0,63.27,44.87,69.69,High,High Risk,50.7,49.19,69.07,56.92,48.38,68.78,55.2,47.22,0,None,0
STU0639,2024,9,moderate,66.67,132,198,59.94,13.81,21.4,98.3,108,8.0,balanced,1,1,1,0,0.6667,0.6154,0.7538,0.5636,0.3333,89.03,0.4266,excellent,29,0,100.0,37.69,44.87,58.18,High,High Risk,58.17,51.74,72.54,60.09,53.74,73.31,58.09,50.94,1,Counseling,0
STU0639,2025,10,moderate,64.25,124,193,65.84,13.74,23.9,99.9,108,8.0,balanced,1,1,1,0,0.6667,0.6186,0.7526,0.5636,0.3333,96.23,0.4266,excellent,28,1,100.0,35.33,44.86,57.11,High,High Risk,66.44,58.33,77.02,64.6,56.03,78.75,64.72,59.27,1,Tutoring,0
STU0640,2023,8,excellent,81.0,162,200,95.61,5.79,61.0,100.0,110,22.3,language_oriented,0,0,0,0,0.8805,0.7091,0.9382,0.7213,0.6667,86.85,0.95,average,30,2,100.0,4.15,10.16,34.41,Medium,Medium Risk,97.47,97.24,97.66,97.47,93.47,88.23,97.65,97.5,0,None,0
STU0640,2024,9,excellent,89.39,177,198,95.94,5.36,60.9,100.0,110,22.3,language_oriented,0,0,0,0,0.8718,0.7059,0.9385,0.7213,0.6667,129.17,0.95,average,16,5,55.42,4.19,10.19,21.06,Low,Low Risk,97.53,97.84,97.7,97.7,92.67,90.24,97.82,97.62,0,None,0
STU0640,2025,10,excellent,83.42,161,193,96.27,4.97,63.1,100.0,110,22.3,language_oriented,0,0,0,0,0.8775,0.7102,0.9368,0.7213,0.6667,128.5,0.95,average,20,3,71.61,3.94,10.17,25.8,Medium,Medium Risk,97.79,97.41,97.91,97.99,93.98,90.82,98.04,97.78,0,None,0
STU0641,2023,8,good,69.5,139,200,50.71,16.68,8.4,98.9,101,12.7,language_oriented,1,1,2,1,0.6409,0.5603,0.6463,0.7985,0.6667,117.87,0.5762,average,43,5,100.0,64.9,40.09,69.23,High,High Risk,50.01,72.48,56.53,53.76,50.7,42.17,31.39,53.74,0,None,0
STU0641,2024,9,good,68.69,136,198,53.14,16.88,7.2,100.0,101,12.7,language_oriented,1,1,2,1,0.641,0.56,0.6462,0.7985,0.6667,90.58,0.5762,average,47,2,100.0,63.92,40.09,68.79,High,High Risk,53.11,74.37,58.73,56.6,52.45,45.81,33.25,57.97,1,Counseling,1
STU0641,2025,10,good,70.98,137,193,56.36,16.46,13.9,100.0,101,12.7,language_oriented,1,1,1,2,0.6403,0.5617,0.6474,0.7985,0.6667,158.63,0.5762,average,41,3,100.0,55.65,40.06,65.06,High,High Risk,57.57,77.45,61.85,58.91,55.59,46.9,39.12,61.35,1,Parent Meeting,1
STU0642,2023,8,irregular,44.0,88,200,47.12,13.41,4.6,85.0,80,8.3,science_oriented,0,0,2,5,0.4106,0.3133,0.4357,0.4669,0.3333,41.0,0.624,good,73,3,100.0,100.0,31.63,82.91,High,High Risk,44.67,43.19,52.0,48.67,53.75,56.28,47.27,29.74,0,None,0
STU0642,2024,9,irregular,39.9,79,198,49.51,13.06,7.0,90.0,80,8.3,science_oriented,0,0,2,3,0.4103,0.3125,0.4308,0.4669,0.3333,55.45,0.624,good,59,1,100.0,85.99,31.72,76.63,High,High Risk,45.82,46.94,52.43,52.77,55.75,58.23,50.22,31.58,0,None,0
STU0642,2025,10,irregular,45.08,87,193,50.44,12.76,11.1,93.7,80,8.3,science_oriented,0,0,2,3,0.4124,0.3194,0.4316,0.4669,0.3333,43.1,0.624,good,61,1,100.0,85.58,31.63,76.42,High,High Risk,47.2,46.55,55.4,55.21,55.63,60.33,49.96,33.74,1,Counseling,1
STU0643,2023,8,good,85.5,171,200,56.43,11.72,14.1,86.9,87,8.1,balanced,0,0,1,1,0.7182,0.6664,0.8154,0.799,0.6667,143.92,0.5232,average,17,5,61.15,46.06,17.28,43.39,Medium,Medium Risk,53.45,50.16,63.55,58.2,60.04,48.25,61.45,57.89,0,None,0
STU0643,2024,9,good,75.76,150,198,59.98,11.61,26.2,95.5,87,8.1,balanced,0,0,1,0,0.7179,0.6786,0.8154,0.799,0.6667,100.47,0.5232,average,35,4,100.0,36.65,17.16,50.78,Medium,Medium Risk,58.1,53.2,66.75,62.83,64.97,52.77,64.19,59.6,1,Parent Meeting,1
STU0643,2025,10,good,77.2,149,193,63.42,11.9,26.6,100.0,87,8.1,balanced,0,0,1,0,0.7194,0.6703,0.8158,0.799,0.6667,154.2,0.5232,average,30,2,100.0,35.25,17.23,50.17,Medium,Medium Risk,61.69,56.56,71.42,65.76,67.63,54.97,66.97,66.57,1,Parent Meeting,1
STU0644,2023,8,excellent,89.0,178,200,97.71,2.24,79.7,100.0,132,20.3,language_oriented,0,0,0,0,0.8548,0.7197,0.9228,0.7522,0.6667,110.9,0.7645,excellent,12,0,43.7,3.82,12.45,17.94,Low,Low Risk,97.71,97.92,97.54,97.71,97.2,97.74,97.87,97.93,0,None,0
STU0644,2024,9,excellent,89.39,177,198,97.64,2.02,74.8,100.0,132,20.3,language_oriented,0,0,0,0,0.8462,0.7273,0.9231,0.7522,0.6667,165.48,0.7645,excellent,9,2,34.42,4.02,12.37,15.23,Low,Low Risk,97.63,97.62,97.41,97.74,97.42,97.45,97.76,98.07,0,None,0
STU0644,2025,10,excellent,83.94,162,193,97.81,1.74,89.9,100.0,132,20.3,language_oriented,0,0,0,0,0.8511,0.7214,0.9209,0.7522,0.6667,86.22,0.7645,excellent,17,1,62.24,3.85,12.46,23.52,Medium,Medium Risk,97.66,97.61,98.06,97.93,97.8,97.87,97.58,98.04,0,None,0
STU0645,2023,8,moderate,59.5,119,200,37.85,14.89,5.9,76.0,83,5.8,balanced,0,0,3,6,0.5637,0.4543,0.6309,0.6153,0.6667,43.42,0.4232,good,52,2,100.0,100.0,47.34,86.83,High,High Risk,49.5,30.18,46.0,51.01,36.45,37.03,42.74,16.02,0,None,0
STU0645,2024,9,moderate,64.65,128,198,39.16,15.27,5.9,79.4,83,5.8,balanced,0,0,3,5,0.5641,0.4545,0.6308,0.6153,0.6667,50.83,0.4232,good,39,4,100.0,100.0,47.34,86.83,High,High Risk,52.45,29.99,48.87,52.65,36.78,39.27,42.85,17.04,0,None,0
STU0645,2025,10,moderate,56.99,110,193,41.41,15.33,0.5,86.8,83,5.8,balanced,0,0,3,4,0.5613,0.453,0.6316,0.6153,0.6667,73.63,0.4232,good,57,3,100.0,100.0,47.34,86.84,High,High Risk,52.83,33.74,50.62,56.21,38.51,41.24,46.22,17.99,0,None,0
STU0646,2023,8,moderate,65.0,130,200,72.15,14.4,28.6,100.0,85,12.9,science_oriented,1,0,1,0,0.573,0.5079,0.6154,0.5485,0.3333,92.52,0.7264,good,41,4,100.0,34.68,23.82,51.56,High,High Risk,73.38,67.78,77.71,69.76,82.35,59.14,89.9,59.9,0,None,0
STU0646,2024,9,moderate,65.66,130,198,72.94,14.89,27.4,100.0,85,12.9,science_oriented,1,0,1,0,0.5641,0.5,0.6154,0.5485,0.3333,100.68,0.7264,good,44,1,100.0,34.54,23.9,51.52,High,High Risk,74.07,68.95,80.18,68.86,86.75,58.82,89.55,61.12,0,None,0
STU0646,2025,10,moderate,66.84,129,193,74.68,14.23,34.9,100.0,85,12.9,science_oriented,1,0,1,0,0.5705,0.5079,0.6158,0.5485,0.3333,40.37,0.7264,good,44,4,100.0,33.72,23.82,51.13,High,High Risk,76.86,71.53,79.72,74.46,85.61,61.24,90.65,61.04,1,Mentoring Program,1
STU0647,2023,8,good,79.0,158,200,86.73,11.46,41.3,100.0,109,16.8,practical,0,0,0,1,0.8291,0.7221,0.9026,0.7288,0.6667,134.4,0.7662,good,21,1,77.7,16.73,13.17,34.13,Medium,Medium Risk,86.28,89.22,95.18,77.12,86.75,74.44,93.21,95.27,0,None,0
STU0647,2024,9,good,77.78,154,198,88.37,10.46,51.8,100.0,109,16.8,practical,0,0,0,0,0.8205,0.7188,0.9077,0.7288,0.6667,107.83,0.7662,good,26,5,93.56,8.24,13.13,35.06,Medium,Medium Risk,88.69,90.07,94.96,81.83,88.03,77.59,93.27,95.07,1,Parent Meeting,1
STU0647,2025,10,good,77.72,150,193,90.28,10.17,44.7,100.0,109,16.8,practical,0,0,0,1,0.8248,0.7236,0.9051,0.7288,0.6667,161.55,0.7662,good,23,0,84.6,15.39,13.12,35.59,Medium,Medium Risk,92.27,92.93,97.1,81.91,90.7,79.79,93.68,95.86,1,Academic Advising,1
STU0648,2023,8,moderate,63.0,126,200,61.57,19.26,16.7,100.0,98,8.1,practical,0,0,1,2,0.5558,0.4928,0.6408,0.63,0.6667,62.78,0.7018,excellent,34,1,100.0,55.26,22.33,60.45,High,High Risk,86.45,50.68,68.19,35.28,78.18,46.21,59.63,77.21,0,None,0
STU0648,2024,9,moderate,70.2,139,198,65.46,19.0,14.5,100.0,98,8.1,practical,0,0,1,2,0.5641,0.5,0.6462,0.63,0.6667,56.23,0.7018,excellent,28,1,100.0,53.54,22.18,59.64,Medium,Medium Risk,90.93,53.58,71.62,39.38,80.19,49.26,62.47,82.78,1,Parent Meeting,1
STU0648,2025,10,moderate,67.36,130,193,67.99,18.01,20.3,100.0,98,8.1,practical,0,0,1,1,0.5613,0.5,0.6419,0.63,0.6667,51.85,0.7018,excellent,36,2,100.0,44.58,22.24,55.62,High,High Risk,92.99,59.48,75.82,44.77,81.63,52.13,66.07,83.08,1,Study Group,1
STU0649,2023,8,good,75.0,150,200,79.99,15.36,30.6,100.0,111,8.8,science_oriented,0,0,1,0,0.7696,0.6553,0.8562,0.7585,0.6667,138.1,0.6289,average,36,4,100.0,27.61,16.0,46.43,Medium,Medium Risk,88.83,55.26,82.29,80.77,94.09,86.72,70.24,87.04,0,None,0
STU0649,2024,9,good,78.28,155,198,82.84,14.65,36.8,100.0,111,8.8,science_oriented,0,0,0,1,0.7692,0.6667,0.8615,0.7585,0.6667,99.02,0.6289,average,29,3,100.0,19.48,15.81,42.72,Medium,Medium Risk,89.44,57.51,85.35,84.07,95.95,89.72,76.03,88.16,1,Academic Advising,1
STU0649,2025,10,good,73.58,142,193,84.48,14.38,29.5,100.0,111,8.8,science_oriented,0,0,1,0,0.7721,0.6587,0.8577,0.7585,0.6667,116.13,0.6289,average,37,6,100.0,25.77,15.94,45.58,Medium,Medium Risk,91.33,59.65,85.63,87.67,95.72,91.83,77.01,91.66,1,Parent Meeting,0
STU0650,2023,8,at-risk,35.0,70,200,51.95,16.32,8.4,100.0,104,4.3,practical,1,0,1,5,0.3848,0.3105,0.4,0.3673,0.3333,6.75,0.5945,excellent,68,0,100.0,86.52,54.63,82.59,High,High Risk,78.01,61.26,47.8,38.9,42.52,49.64,60.19,38.41,0,None,0
STU0650,2024,9,at-risk,38.38,76,198,55.53,15.86,9.2,98.1,104,4.3,practical,1,0,1,3,0.3846,0.3333,0.4,0.3673,0.3333,32.65,0.5945,excellent,58,1,100.0,69.1,54.4,74.69,High,High Risk,78.77,64.34,50.12,44.66,46.19,54.83,63.72,41.04,1,Mentoring Program,1
STU0650,2025,10,at-risk,37.31,72,193,59.13,15.96,19.1,100.0,104,4.3,practical,1,0,1,2,0.386,0.3175,0.4,0.3673,0.3333,33.42,0.5945,excellent,53,2,100.0,59.63,54.56,70.47,High,High Risk,84.68,69.01,55.39,49.04,51.08,55.99,66.21,45.32,0,None,0
STU0651,2023,8,irregular,56.0,112,200,74.27,14.2,33.1,100.0,95,8.5,language_oriented,0,0,1,0,0.6667,0.5,0.7073,0.3425,0.0,18.07,0.7972,good,59,4,100.0,31.96,25.58,50.78,High,High Risk,79.41,82.9,66.16,88.1,70.19,60.28,67.47,84.32,0,None,0
STU0651,2024,9,irregular,56.06,111,198,77.0,14.67,32.2,100.0,95,8.5,language_oriented,0,0,1,0,0.6667,0.5,0.7077,0.3425,0.0,63.75,0.7972,good,58,0,100.0,30.87,25.58,50.28,High,High Risk,84.16,86.81,66.87,91.07,72.37,61.42,71.96,86.85,0,None,0
STU0651,2025,10,irregular,48.7,94,193,79.22,13.92,34.4,100.0,95,8.5,language_oriented,0,0,1,0,0.6667,0.5,0.7051,0.3425,0.0,43.3,0.7972,good,57,1,100.0,29.98,25.62,49.89,High,High Risk,85.91,90.07,70.72,91.29,76.05,63.93,75.03,88.3,1,Counseling,1
STU0652,2023,8,good,77.5,155,200,94.56,6.45,57.4,100.0,111,18.6,science_oriented,1,0,0,0,0.7003,0.5975,0.7335,0.8026,0.6667,167.85,0.7295,good,23,2,84.75,8.17,16.03,33.11,Medium,Medium Risk,89.65,88.77,94.06,97.33,96.57,97.66,97.51,93.39,0,None,0
STU0652,2024,9,good,67.68,134,198,95.67,5.55,66.4,100.0,111,18.6,science_oriented,1,0,0,0,0.6923,0.5926,0.7385,0.8026,0.6667,175.67,0.7295,good,34,3,100.0,7.88,16.0,37.55,High,High Risk,90.77,91.09,95.75,97.72,96.58,97.84,97.98,96.24,0,None,0
STU0652,2025,10,good,73.58,142,193,96.42,4.5,61.4,100.0,111,18.6,science_oriented,1,0,0,0,0.693,0.5951,0.7368,0.8026,0.6667,147.87,0.7295,good,27,1,99.5,7.57,16.0,37.26,Medium,Medium Risk,93.97,92.48,96.5,97.97,97.25,97.72,98.01,96.65,1,Counseling,1
STU0653,2023,8,excellent,88.0,176,200,94.75,5.71,68.7,100.0,110,19.3,balanced,0,0,0,0,0.9485,0.7112,0.9489,0.6706,0.6667,83.5,0.7927,good,12,3,44.4,3.13,13.35,18.07,Low,Low Risk,97.71,94.84,96.63,91.28,94.45,93.5,93.31,97.48,0,None,0
STU0653,2024,9,excellent,85.35,169,198,95.31,5.77,63.7,100.0,110,19.3,balanced,0,0,0,0,0.9487,0.7027,0.9538,0.6706,0.6667,84.68,0.7927,good,14,4,52.25,2.9,13.36,20.32,Low,Low Risk,97.47,95.83,97.48,91.54,94.73,94.49,93.52,97.67,0,None,0
STU0653,2025,10,excellent,92.75,179,193,96.07,4.49,67.2,100.0,110,19.3,balanced,0,0,0,0,0.9473,0.7038,0.9526,0.6706,0.6667,149.03,0.7927,good,8,1,29.08,2.63,13.37,13.25,Low,Low Risk,97.94,96.12,97.37,94.14,95.42,95.45,95.22,97.59,0,None,0
STU0654,2023,8,good,82.0,164,200,91.71,11.61,40.7,100.0,102,19.0,language_oriented,0,0,0,1,0.7696,0.6776,0.7846,0.8355,0.6667,123.38,0.95,good,25,1,87.6,15.92,10.5,36.07,Medium,Medium Risk,97.45,96.04,93.33,97.84,96.61,69.73,93.67,96.84,0,None,0
STU0654,2024,9,good,80.3,159,198,91.71,11.5,40.3,100.0,102,19.0,language_oriented,0,0,0,1,0.7692,0.6667,0.7846,0.8355,0.6667,78.25,0.95,good,25,2,88.79,15.93,10.6,36.46,Medium,Medium Risk,97.83,97.29,92.0,97.7,95.98,70.26,93.83,96.83,1,Study Group,0
STU0654,2025,10,good,74.61,144,193,92.24,11.01,40.8,100.0,102,19.0,language_oriented,0,0,0,1,0.7721,0.6706,0.7842,0.8355,0.6667,101.05,0.95,good,26,3,95.77,15.66,10.57,38.42,Medium,Medium Risk,97.15,97.49,94.14,97.85,96.26,71.08,93.73,97.79,0,None,0
STU0655,2023,8,at-risk,21.5,43,200,39.56,15.42,5.7,89.9,102,3.9,science_oriented,1,0,5,4,0.2818,0.1828,0.3228,0.2612,0.0,12.43,0.2742,good,89,1,100.0,100.0,63.99,91.0,High,High Risk,35.79,38.65,31.26,34.6,65.14,49.11,34.5,25.77,0,None,0
STU0655,2024,9,at-risk,26.26,52,198,43.0,15.22,6.3,91.6,102,3.9,science_oriented,1,0,3,5,0.2821,0.1818,0.3231,0.2612,0.0,31.7,0.2742,good,81,4,100.0,100.0,64.0,91.0,High,High Risk,39.17,42.95,32.4,39.71,66.72,51.88,38.95,29.48,1,Study Skills Workshop,1
STU0655,2025,10,at-risk,23.83,46,193,46.78,15.21,10.3,98.6,102,3.9,science_oriented,1,0,2,6,0.2806,0.1879,0.3209,0.2612,0.0,18.48,0.2742,good,91,2,100.0,100.0,63.97,90.99,High,High Risk,43.87,45.52,37.68,43.09,70.9,55.66,42.56,33.85,1,Tutoring,0
STU0656,2023,8,moderate,66.0,132,200,88.97,11.3,47.2,100.0,93,13.8,science_oriented,0,0,0,1,0.8376,0.7753,0.9382,0.6105,0.3333,65.55,0.8265,good,34,3,100.0,15.66,13.57,40.44,High,High Risk,87.17,77.28,82.21,81.82,97.05,96.11,92.88,93.46,0,None,0
STU0656,2024,9,moderate,65.66,130,198,91.47,9.46,55.2,100.0,93,13.8,science_oriented,0,0,0,0,0.8462,0.7879,0.9385,0.6105,0.3333,37.48,0.8265,good,42,0,100.0,6.49,13.44,36.28,High,High Risk,92.93,82.56,86.41,85.08,96.64,96.98,94.07,95.68,1,Tutoring,1
STU0656,2025,10,moderate,63.21,122,193,93.01,8.25,54.0,100.0,93,13.8,science_oriented,0,0,0,0,0.8419,0.7808,0.9368,0.6105,0.3333,75.73,0.8265,good,45,0,100.0,5.96,13.53,36.07,High,High Risk,94.52,83.39,87.18,89.43,97.74,97.6,95.56,96.3,1,Tutoring,0
STU0657,2023,8,moderate,70.0,140,200,61.03,18.18,11.5,100.0,70,12.3,balanced,0,0,1,2,0.5894,0.5655,0.6665,0.6702,0.6667,73.27,0.5435,average,40,2,100.0,54.8,22.79,60.36,High,High Risk,73.61,62.04,65.99,78.99,38.07,62.08,39.19,78.87,0,None,0
STU0657,2024,9,moderate,71.21,141,198,64.23,18.83,13.1,100.0,70,12.3,balanced,0,0,1,2,0.5897,0.5652,0.6615,0.6702,0.6667,70.9,0.5435,average,37,2,100.0,53.51,22.87,59.8,Medium,Medium Risk,77.91,66.79,65.25,81.49,41.4,65.56,39.96,81.57,1,Study Skills Workshop,1
STU0657,2025,10,moderate,70.98,137,193,64.33,18.35,15.9,100.0,70,12.3,balanced,0,0,1,2,0.5876,0.5673,0.6632,0.6702,0.6667,103.58,0.5435,average,37,5,100.0,53.51,22.82,59.79,Medium,Medium Risk,78.31,66.51,69.17,80.12,40.05,65.31,43.45,81.03,1,Study Group,1
STU0658,2023,8,good,78.5,157,200,66.65,14.9,27.0,100.0,111,6.9,balanced,0,0,1,0,0.6746,0.544,0.7537,0.7779,0.6667,120.07,0.7491,good,26,5,93.05,34.85,36.46,52.71,Medium,Medium Risk,85.89,53.64,69.43,75.61,78.97,64.78,57.56,57.1,0,None,0
STU0658,2024,9,good,69.7,138,198,67.91,14.68,29.3,100.0,111,6.9,balanced,0,0,1,0,0.6667,0.5385,0.7538,0.7779,0.6667,109.57,0.7491,good,30,2,100.0,34.5,36.51,54.66,High,High Risk,86.98,54.86,71.71,74.55,81.68,64.9,59.29,60.34,1,Study Group,0
STU0658,2025,10,good,83.94,162,193,69.97,14.84,27.4,100.0,111,6.9,balanced,0,0,1,0,0.6667,0.5395,0.7526,0.7779,0.6667,81.92,0.7491,good,21,2,74.24,33.68,36.52,46.56,Medium,Medium Risk,89.98,59.21,72.79,78.4,82.63,66.46,59.71,60.7,1,Counseling,0
STU0659,2023,8,excellent,88.0,176,200,96.67,4.32,68.2,100.0,122,17.5,language_oriented,1,0,0,0,0.7604,0.5954,0.8357,0.6754,0.6667,156.83,0.8704,average,16,7,56.4,6.12,14.95,23.41,Low,Low Risk,97.88,97.67,96.97,97.97,96.86,92.89,96.79,97.66,0,None,0
STU0659,2024,9,excellent,86.87,172,198,96.92,3.72,73.5,100.0,122,17.5,language_oriented,1,0,0,0,0.7692,0.6,0.8308,0.6754,0.6667,153.28,0.8704,average,19,4,66.19,5.85,14.97,26.23,Low,Low Risk,97.58,97.81,97.35,97.69,97.04,93.88,97.25,97.75,0,None,0
STU0659,2025,10,excellent,82.9,160,193,97.25,2.82,76.2,100.0,122,17.5,language_oriented,1,0,0,0,0.7628,0.5975,0.8316,0.6754,0.6667,132.47,0.8704,average,20,1,71.97,5.84,14.99,27.97,Medium,Medium Risk,97.59,97.77,97.8,97.54,97.21,95.88,97.38,97.41,0,None,0
STU0660,2023,8,moderate,67.5,135,200,69.7,14.65,30.2,100.0,114,13.4,language_oriented,0,0,1,0,0.7861,0.707,0.8618,0.6866,0.6667,60.35,0.858,excellent,27,1,100.0,31.4,13.4,47.48,High,High Risk,91.38,70.59,68.16,65.77,68.32,70.47,51.77,79.35,0,None,0
STU0660,2024,9,moderate,69.19,137,198,72.16,14.94,26.5,100.0,114,13.4,language_oriented,0,0,1,0,0.7949,0.7097,0.8615,0.6866,0.6667,107.33,0.858,excellent,30,1,100.0,30.24,13.38,46.95,High,High Risk,91.84,72.48,71.22,68.81,71.92,71.64,52.14,83.41,1,Study Skills Workshop,1
STU0660,2025,10,moderate,68.39,132,193,74.38,14.52,34.9,100.0,114,13.4,language_oriented,0,0,1,0,0.7892,0.7112,0.8632,0.6866,0.6667,43.37,0.858,excellent,28,0,100.0,29.46,13.34,46.59,High,High Risk,91.5,75.82,71.99,73.65,70.98,73.3,55.75,85.92,0,None,0
STU0661,2023,8,moderate,64.5,129,200,79.09,15.53,28.8,100.0,101,13.1,science_oriented,0,0,1,0,0.6667,0.5,0.7382,0.6333,0.3333,102.75,0.9136,excellent,42,3,100.0,30.03,17.56,47.9,High,High Risk,87.59,89.65,78.89,81.26,82.36,92.29,57.28,68.26,0,None,0
STU0661,2024,9,moderate,71.21,141,198,81.93,15.26,22.9,100.0,101,13.1,science_oriented,0,0,1,0,0.6667,0.5,0.7385,0.6333,0.3333,74.23,0.9136,excellent,31,2,100.0,28.89,17.55,47.39,Medium,Medium Risk,89.07,90.23,83.4,85.96,86.71,93.49,58.5,71.3,1,Parent Meeting,1
STU0661,2025,10,moderate,66.32,128,193,83.76,14.82,34.7,100.0,101,13.1,science_oriented,0,0,1,0,0.6667,0.5,0.7368,0.6333,0.3333,77.03,0.9136,excellent,31,0,100.0,28.16,17.58,47.07,High,High Risk,92.24,91.68,85.83,86.98,87.49,94.02,61.14,74.36,0,None,0
STU0662,2023,8,irregular,58.0,116,200,66.95,16.89,21.1,100.0,125,7.5,balanced,0,0,1,2,0.5215,0.41,0.5691,0.4308,0.3333,57.38,0.4835,good,52,1,100.0,53.79,51.5,67.08,High,High Risk,85.72,63.99,78.19,76.54,66.61,49.18,48.82,80.49,0,None,0
STU0662,2024,9,irregular,63.13,125,198,69.38,17.31,20.5,100.0,125,7.5,balanced,0,0,1,0,0.5128,0.4,0.5692,0.4308,0.3333,27.9,0.4835,good,38,3,100.0,36.99,51.59,59.54,High,High Risk,88.03,68.56,82.91,78.5,70.95,51.0,50.45,82.88,1,Parent Meeting,1
STU0662,2025,10,irregular,66.32,128,193,71.74,17.49,23.2,100.0,125,7.5,balanced,0,0,1,0,0.5178,0.407,0.5684,0.4308,0.3333,36.22,0.4835,good,32,0,100.0,35.95,51.54,59.06,High,High Risk,91.24,69.62,84.55,81.78,72.57,55.34,51.36,85.99,1,Mentoring Program,0
STU0663,2023,8,good,81.5,163,200,59.06,14.77,20.3,98.6,85,3.3,language_oriented,1,0,1,2,0.6409,0.5201,0.6871,0.8269,0.6667,171.23,0.6575,good,22,0,78.95,54.56,38.09,57.76,Medium,Medium Risk,80.95,68.42,57.0,59.02,55.21,43.97,49.42,68.13,0,None,0
STU0663,2024,9,good,77.78,154,198,61.84,14.95,22.1,100.0,85,3.3,language_oriented,1,0,1,1,0.641,0.52,0.6923,0.8269,0.6667,132.68,0.6575,good,22,3,81.56,45.44,38.01,54.42,Medium,Medium Risk,84.98,70.62,60.37,59.95,59.74,47.21,52.54,70.96,0,None,0
STU0663,2025,10,good,84.97,164,193,64.98,14.98,26.4,99.3,85,3.3,language_oriented,1,0,1,0,0.6403,0.5206,0.6893,0.8269,0.6667,163.68,0.6575,good,18,3,64.52,36.2,38.05,45.16,Medium,Medium Risk,85.89,74.39,64.59,63.96,60.42,50.49,53.53,75.65,1,Academic Advising,0
STU0664,2023,8,good,79.5,159,200,69.76,17.78,21.7,100.0,95,14.2,language_oriented,1,0,1,0,0.6667,0.5,0.718,0.7954,0.6667,173.97,0.5981,excellent,21,1,77.35,33.76,19.35,43.24,Medium,Medium Risk,90.59,82.99,56.2,82.05,67.36,51.01,55.93,84.26,0,None,0
STU0664,2024,9,good,78.28,155,198,71.36,17.82,29.2,100.0,95,14.2,language_oriented,1,0,1,0,0.6667,0.5,0.7231,0.7954,0.6667,178.32,0.5981,excellent,17,1,66.2,33.12,19.27,39.58,Medium,Medium Risk,93.02,84.95,58.76,82.76,70.83,51.78,57.88,86.32,1,Parent Meeting,0
STU0664,2025,10,good,77.2,149,193,72.8,17.09,29.1,100.0,95,14.2,language_oriented,1,0,1,0,0.6667,0.5,0.7209,0.7954,0.6667,109.8,0.5981,excellent,25,1,90.96,32.55,19.3,46.76,Medium,Medium Risk,92.67,84.17,60.53,85.15,71.3,53.21,60.24,86.43,1,Parent Meeting,0
STU0665,2023,8,at-risk,28.5,57,200,22.33,12.58,4.9,70.3,101,2.9,practical,1,0,9,1,0.2818,0.2409,0.3537,0.7892,0.6667,32.52,0.4334,average,87,2,100.0,100.0,50.0,87.5,High,High Risk,16.79,31.46,29.44,39.4,17.11,13.12,22.09,13.54,0,None,0
STU0665,2024,9,at-risk,20.71,41,198,26.11,13.74,4.5,72.0,101,2.9,practical,1,0,8,2,0.2821,0.2727,0.3538,0.7892,0.6667,35.75,0.4334,average,103,1,100.0,100.0,49.68,87.42,High,High Risk,20.96,36.65,34.81,43.93,18.7,15.87,25.28,16.79,1,Parent Meeting,1
STU0665,2025,10,at-risk,16.06,31,193,28.9,13.81,6.6,71.8,101,2.9,practical,1,0,7,3,0.2806,0.2485,0.3526,0.7892,0.6667,32.48,0.4334,average,128,4,100.0,100.0,49.94,87.49,High,High Risk,26.92,39.22,37.61,46.12,21.73,16.78,30.37,18.16,1,Mentoring Program,1
STU0666,2023,8,excellent,83.5,167,200,95.45,5.67,64.3,100.0,129,20.5,practical,0,0,0,0,0.8633,0.802,0.9382,0.7397,0.6667,171.52,0.8885,average,24,1,83.55,4.55,9.78,29.56,Medium,Medium Risk,98.16,97.48,97.7,94.82,97.46,94.18,96.13,88.86,0,None,0
STU0666,2024,9,excellent,85.35,169,198,96.65,4.29,67.5,100.0,129,20.5,practical,0,0,0,0,0.8718,0.7941,0.9385,0.7397,0.6667,155.92,0.8885,average,17,5,61.25,3.91,9.86,22.6,Low,Low Risk,97.9,97.64,97.94,96.38,97.71,96.29,97.35,92.45,0,None,0
STU0666,2025,10,excellent,79.27,153,193,96.96,3.47,68.0,100.0,129,20.5,practical,0,0,0,0,0.8682,0.7982,0.9368,0.7397,0.6667,162.23,0.8885,average,25,1,89.51,3.85,9.84,31.05,Medium,Medium Risk,97.37,97.83,97.75,97.14,97.9,96.62,97.38,93.87,0,None,0
STU0667,2023,8,excellent,91.5,183,200,97.37,3.28,66.5,100.0,103,21.1,language_oriented,1,0,0,0,0.9406,0.755,0.9846,0.6654,0.6667,100.22,0.95,good,11,1,38.95,2.24,10.12,15.22,Low,Low Risk,98.09,98.08,97.87,96.98,97.53,95.06,97.9,98.15,0,None,0
STU0667,2024,9,excellent,89.9,178,198,97.37,2.85,72.3,100.0,103,21.1,language_oriented,1,0,0,0,0.9487,0.7568,0.9846,0.6654,0.6667,122.8,0.95,good,13,0,46.07,2.08,10.11,17.28,Low,Low Risk,97.67,97.63,97.58,97.76,97.7,95.39,97.86,97.9,0,None,0
STU0667,2025,10,excellent,91.71,177,193,97.52,2.27,80.7,100.0,103,21.1,language_oriented,1,0,0,0,0.9473,0.7594,0.9842,0.6654,0.6667,159.28,0.95,good,9,3,32.8,2.05,10.09,13.28,Low,Low Risk,97.93,97.75,97.76,97.59,97.32,96.52,97.81,97.75,0,None,0
STU0668,2023,8,at-risk,28.0,56,200,46.73,15.69,7.7,87.7,97,6.1,science_oriented,1,0,3,3,0.4363,0.3329,0.4772,0.3238,0.3333,9.52,0.253,good,96,3,100.0,100.0,59.24,89.81,High,High Risk,50.56,42.38,43.42,34.05,61.78,53.3,57.44,26.92,0,None,0
STU0668,2024,9,at-risk,29.29,58,198,49.01,16.32,7.9,88.4,97,6.1,science_oriented,1,0,2,4,0.4359,0.3529,0.4769,0.3238,0.3333,29.2,0.253,good,72,1,100.0,93.68,59.04,86.92,High,High Risk,51.7,44.82,45.17,37.07,64.06,53.76,63.03,28.3,1,Mentoring Program,1
STU0668,2025,10,at-risk,30.57,59,193,51.21,15.84,5.7,89.9,97,6.1,science_oriented,1,0,2,3,0.4387,0.3395,0.4791,0.3238,0.3333,16.68,0.253,good,69,2,100.0,84.74,59.15,82.92,High,High Risk,56.25,47.13,46.57,37.37,65.83,56.22,63.01,33.36,0,None,0
STU0669,2023,8,excellent,87.0,174,200,82.13,14.6,30.7,100.0,96,18.2,language_oriented,0,0,1,0,0.8713,0.6765,0.9026,0.6528,0.6667,174.92,0.7678,good,17,3,60.1,24.72,15.12,32.94,Medium,Medium Risk,96.54,83.44,83.53,88.93,84.18,70.87,65.39,95.65,0,None,0
STU0669,2024,9,excellent,88.89,176,198,83.34,13.95,37.8,100.0,96,18.2,language_oriented,0,0,0,1,0.8718,0.6765,0.9077,0.6528,0.6667,98.47,0.7678,good,12,3,43.78,17.23,15.05,24.65,Low,Low Risk,96.37,85.19,85.46,88.49,85.66,70.92,69.12,96.02,0,None,0
STU0669,2025,10,excellent,89.12,172,193,85.43,13.02,42.7,100.0,96,18.2,language_oriented,0,0,0,1,0.8682,0.6768,0.9051,0.6528,0.6667,80.1,0.7678,good,11,5,40.62,16.46,15.08,23.36,Low,Low Risk,96.17,88.52,87.68,90.98,88.94,73.87,70.82,96.94,0,None,0
STU0670,2023,8,excellent,84.5,169,200,95.64,5.39,62.7,100.0,123,19.2,balanced,1,0,0,0,0.8455,0.6362,0.9026,0.7204,0.3333,79.75,0.8454,below_average,25,3,85.85,4.83,13.01,31.18,Medium,Medium Risk,97.82,96.22,96.15,95.87,94.19,96.12,96.55,92.51,0,None,0
STU0670,2024,9,excellent,84.34,167,198,95.78,5.18,67.2,100.0,123,19.2,balanced,1,0,0,0,0.8462,0.6364,0.9077,0.7204,0.3333,119.07,0.8454,below_average,23,2,79.96,4.76,12.93,29.36,Medium,Medium Risk,97.29,96.9,96.28,95.15,93.66,96.74,96.71,93.5,1,Academic Advising,1
STU0670,2025,10,excellent,87.56,169,193,96.41,4.34,69.2,100.0,123,19.2,balanced,1,0,0,0,0.8419,0.6354,0.9051,0.7204,0.3333,97.27,0.8454,below_average,18,4,62.7,4.6,12.98,24.13,Low,Low Risk,97.42,97.35,96.87,96.61,94.08,96.65,97.63,94.55,1,Academic Advising,0
STU0671,2023,8,good,80.5,161,200,89.79,10.56,50.8,100.0,108,11.9,science_oriented,0,0,0,0,0.7696,0.711,0.8154,0.8132,0.6667,150.08,0.8684,average,29,5,100.0,8.69,11.37,36.75,Medium,Medium Risk,91.95,76.23,96.33,96.05,95.31,95.24,83.03,86.75,0,None,0
STU0671,2024,9,good,75.25,149,198,92.51,8.32,55.1,100.0,108,11.9,science_oriented,0,0,0,0,0.7692,0.7,0.8154,0.8132,0.6667,176.07,0.8684,average,36,1,100.0,7.61,11.48,36.3,Medium,Medium Risk,95.28,82.98,97.96,96.28,96.1,96.18,86.76,91.74,0,None,0
STU0671,2025,10,good,80.31,155,193,94.15,6.98,53.1,100.0,108,11.9,science_oriented,0,0,0,0,0.7721,0.7048,0.8158,0.8132,0.6667,78.78,0.8684,average,28,3,97.78,6.9,11.42,35.29,Medium,Medium Risk,97.0,85.79,97.6,97.07,96.75,96.79,89.84,93.18,0,None,0
STU0672,2023,8,moderate,70.5,141,200,60.44,14.18,15.8,100.0,99,11.4,practical,0,0,1,1,0.5894,0.4345,0.6309,0.6865,0.6667,40.52,0.7673,good,33,1,100.0,47.03,20.95,56.4,Medium,Medium Risk,70.34,50.68,60.65,60.98,68.78,44.37,60.97,71.97,0,None,0
STU0672,2024,9,moderate,71.72,142,198,63.0,14.16,20.5,100.0,99,11.4,practical,0,0,1,1,0.5897,0.4348,0.6308,0.6865,0.6667,82.3,0.7673,good,36,3,100.0,46.0,20.95,55.94,Medium,Medium Risk,71.06,55.85,63.52,63.55,68.82,47.23,64.37,76.69,0,None,0
STU0672,2025,10,moderate,70.98,137,193,66.46,14.18,15.1,100.0,99,11.4,practical,0,0,1,1,0.5876,0.4327,0.6316,0.6865,0.6667,82.97,0.7673,good,29,0,100.0,44.66,20.96,55.34,Medium,Medium Risk,75.07,58.48,66.12,69.85,74.01,48.79,67.8,77.7,1,Study Group,1
STU0673,2023,8,good,80.0,160,200,94.99,6.45,61.3,100.0,103,19.4,practical,1,0,0,0,0.8376,0.6942,0.9026,0.7848,0.6667,75.8,0.747,excellent,21,1,77.0,5.25,12.62,28.62,Medium,Medium Risk,96.98,97.52,96.52,97.58,88.76,89.02,97.46,97.15,0,None,0
STU0673,2024,9,good,79.8,158,198,95.2,6.15,55.9,100.0,103,19.4,practical,1,0,0,0,0.8462,0.697,0.9077,0.7848,0.6667,136.32,0.747,excellent,16,2,62.14,5.0,12.51,24.02,Medium,Medium Risk,96.82,97.74,96.92,97.24,89.04,90.05,97.93,97.28,1,Study Group,1
STU0673,2025,10,good,70.98,137,193,95.39,6.02,63.8,100.0,103,19.4,practical,1,0,0,0,0.8419,0.698,0.9051,0.7848,0.6667,157.48,0.747,excellent,33,2,100.0,5.01,12.54,35.39,Medium,Medium Risk,97.07,97.94,97.08,97.67,89.82,89.96,97.6,97.42,0,None,0
STU0674,2023,8,excellent,86.0,172,200,97.79,1.83,87.8,100.0,118,21.6,balanced,1,0,0,0,0.7696,0.6441,0.8253,0.6505,0.6667,116.85,0.95,excellent,13,0,48.8,5.49,13.92,20.59,Low,Low Risk,97.47,97.69,97.93,98.02,97.97,97.48,97.94,97.91,0,None,0
STU0674,2024,9,excellent,82.32,163,198,97.79,1.94,83.2,100.0,118,21.6,balanced,1,0,0,0,0.7692,0.6333,0.8308,0.6505,0.6667,117.57,0.95,excellent,17,0,63.37,5.5,13.95,24.97,Medium,Medium Risk,98.02,97.7,97.82,97.8,97.77,97.94,97.76,97.56,0,None,0
STU0674,2025,10,excellent,88.08,170,193,97.81,1.73,90.7,100.0,118,21.6,balanced,1,0,0,0,0.7721,0.6365,0.8261,0.6505,0.6667,114.87,0.95,excellent,10,1,38.34,5.43,13.98,17.44,Low,Low Risk,97.85,97.82,97.79,97.93,98.01,97.77,97.61,97.78,1,Parent Meeting,1
STU0675,2023,8,moderate,62.0,124,200,59.03,15.53,17.1,99.7,94,13.1,balanced,0,0,1,2,0.6152,0.5,0.7026,0.6119,0.6667,105.23,0.6258,excellent,42,1,100.0,55.08,22.84,60.5,High,High Risk,78.28,74.53,60.8,64.23,53.98,44.04,48.99,56.36,0,None,0
STU0675,2024,9,moderate,63.64,126,198,61.57,15.45,23.4,99.2,94,13.1,balanced,0,0,1,1,0.6154,0.5,0.7077,0.6119,0.6667,96.57,0.6258,excellent,40,0,100.0,46.06,22.76,56.42,High,High Risk,80.35,77.4,64.85,65.98,58.26,46.07,51.83,60.08,1,Tutoring,1
STU0675,2025,10,moderate,60.1,116,193,63.47,15.62,22.7,100.0,94,13.1,balanced,0,0,1,1,0.614,0.5,0.7051,0.6119,0.6667,90.63,0.6258,excellent,37,1,100.0,45.33,22.8,56.1,High,High Risk,82.68,78.29,67.61,67.26,61.12,47.33,53.01,60.02,1,Parent Meeting,0
STU0676,2023,8,good,72.5,145,200,84.52,10.78,51.9,100.0,107,13.9,balanced,0,0,0,0,0.7604,0.7186,0.7691,0.811,0.6667,101.38,0.95,below_average,44,4,100.0,10.98,10.81,37.64,Medium,Medium Risk,88.18,79.11,90.12,95.48,85.72,84.67,79.6,77.32,0,None,0
STU0676,2024,9,good,74.24,147,198,84.88,10.75,43.2,100.0,107,13.9,balanced,0,0,0,1,0.7692,0.7333,0.7692,0.811,0.6667,149.52,0.95,below_average,38,5,100.0,18.66,10.66,41.06,Medium,Medium Risk,88.73,79.69,90.99,96.09,85.35,85.86,79.47,77.22,0,None,0
STU0676,2025,10,good,69.43,134,193,84.61,11.21,49.9,100.0,107,13.9,balanced,0,0,0,1,0.7628,0.7235,0.7684,0.811,0.6667,175.83,0.95,below_average,43,2,100.0,18.9,10.77,41.2,High,High Risk,88.64,79.48,91.88,95.58,84.36,85.53,79.6,78.01,0,None,0
STU0677,2023,8,excellent,86.5,173,200,97.23,2.86,74.3,100.0,100,19.4,balanced,0,0,0,0,0.9485,0.8643,0.9846,0.7874,0.6667,109.38,0.8614,excellent,12,0,45.45,2.14,7.92,16.58,Low,Low Risk,97.34,96.91,97.69,97.85,97.67,96.2,97.2,97.32,0,None,0
STU0677,2024,9,excellent,82.83,164,198,97.38,2.81,78.0,100.0,100,19.4,balanced,0,0,0,0,0.9487,0.8649,0.9846,0.7874,0.6667,90.7,0.8614,excellent,14,1,54.02,2.07,7.91,19.12,Medium,Medium Risk,97.56,97.75,98.23,97.69,97.3,96.34,97.19,97.6,0,None,0
STU0677,2025,10,excellent,84.46,163,193,97.46,2.69,76.4,100.0,100,19.4,balanced,0,0,0,0,0.9473,0.8609,0.9842,0.7874,0.6667,127.42,0.8614,excellent,15,1,55.88,2.07,7.96,19.69,Medium,Medium Risk,97.46,97.65,97.82,97.77,97.56,96.49,97.68,97.59,0,None,0
STU0678,2023,8,at-risk,34.0,68,200,24.01,11.68,4.3,65.6,101,4.3,balanced,1,0,9,1,0.2818,0.1828,0.3438,0.302,0.0,34.45,0.1679,good,75,0,100.0,100.0,64.46,91.11,High,High Risk,25.07,31.47,41.48,15.74,25.47,23.82,18.82,13.77,0,None,0
STU0678,2024,9,at-risk,30.3,60,198,28.03,12.7,5.7,69.5,101,4.3,balanced,1,0,9,1,0.2821,0.1818,0.3385,0.302,0.0,7.48,0.1679,good,86,0,100.0,100.0,64.55,91.14,High,High Risk,29.62,34.87,46.23,19.36,30.53,28.44,20.49,17.78,1,Counseling,1
STU0678,2025,10,at-risk,35.23,68,193,32.04,14.01,5.1,69.9,101,4.3,balanced,1,0,7,2,0.2806,0.1879,0.3423,0.302,0.0,33.33,0.1679,good,70,3,100.0,100.0,64.43,91.11,High,High Risk,32.93,42.01,51.61,22.48,35.1,32.23,21.71,19.81,0,None,0
STU0679,2023,8,moderate,74.0,148,200,65.55,15.95,17.3,100.0,122,6.7,science_oriented,0,0,1,1,0.5987,0.4861,0.6309,0.6583,0.6667,67.95,0.4807,average,35,1,100.0,44.8,45.3,61.49,High,High Risk,46.8,64.8,60.0,81.16,81.29,56.44,71.82,63.42,0,None,0
STU0679,2024,9,moderate,60.1,119,198,67.97,15.44,22.5,100.0,122,6.7,science_oriented,0,0,1,1,0.5897,0.4783,0.6308,0.6583,0.6667,87.75,0.4807,average,52,2,100.0,44.02,45.38,61.15,High,High Risk,48.73,66.58,61.54,80.87,85.22,59.96,72.09,66.52,0,None,0
STU0679,2025,10,moderate,66.84,129,193,69.61,14.64,22.1,100.0,122,6.7,science_oriented,0,0,1,0,0.5969,0.4855,0.6316,0.6583,0.6667,62.23,0.4807,average,49,3,100.0,35.22,45.29,57.17,High,High Risk,53.62,66.85,61.71,82.94,84.95,63.13,74.03,68.83,1,Parent Meeting,1
STU0680,2023,8,excellent,87.0,174,200,97.7,1.96,77.7,100.0,122,20.7,language_oriented,0,0,0,0,0.932,0.881,0.9382,0.705,0.6667,128.35,0.95,excellent,15,1,54.1,2.28,8.77,19.45,Low,Low Risk,97.77,97.59,97.59,97.93,97.72,97.68,97.63,97.74,0,None,0
STU0680,2024,9,excellent,86.87,172,198,97.82,1.85,89.2,100.0,122,20.7,language_oriented,0,0,0,0,0.9231,0.8889,0.9385,0.705,0.6667,175.43,0.95,excellent,12,0,45.19,2.41,8.68,16.81,Low,Low Risk,97.89,98.19,98.11,97.52,98.06,97.67,97.45,97.78,0,None,0
STU0680,2025,10,excellent,87.56,169,193,97.68,1.95,82.9,100.0,122,20.7,language_oriented,0,0,0,0,0.9302,0.8867,0.9368,0.705,0.6667,88.7,0.95,excellent,10,0,38.7,2.33,8.73,14.84,Low,Low Risk,97.97,97.33,97.56,97.99,97.7,97.75,97.59,97.62,0,None,0
STU0681,2023,8,moderate,68.0,136,200,78.55,14.88,32.2,100.0,105,16.0,language_oriented,0,0,1,0,0.8119,0.7365,0.8665,0.6291,0.6667,89.53,0.8419,excellent,34,1,100.0,27.34,14.43,45.91,High,High Risk,96.25,77.28,72.45,93.4,63.8,79.76,61.95,89.26,0,None,0
STU0681,2024,9,moderate,64.65,128,198,82.31,13.79,22.4,100.0,105,16.0,language_oriented,0,0,1,0,0.8205,0.75,0.8615,0.6291,0.6667,57.97,0.8419,excellent,35,0,100.0,25.67,14.37,45.14,High,High Risk,97.27,81.46,78.11,95.76,71.15,82.1,66.66,92.97,1,Parent Meeting,1
STU0681,2025,10,moderate,62.69,121,193,85.49,12.59,49.1,100.0,105,16.0,language_oriented,0,0,0,1,0.8155,0.7414,0.8632,0.6291,0.6667,101.95,0.8419,excellent,30,2,100.0,17.49,14.43,41.48,High,High Risk,97.62,85.21,84.83,96.26,75.09,87.05,70.05,95.42,1,Tutoring,0
STU0682,2023,8,good,81.0,162,200,71.71,13.24,25.4,100.0,113,11.8,balanced,0,1,1,0,0.6924,0.5558,0.718,0.8363,0.6667,124.72,0.5489,good,26,2,91.3,32.47,38.71,51.68,Medium,Medium Risk,75.71,81.83,63.68,69.08,73.47,62.17,66.38,82.65,0,None,0
STU0682,2024,9,good,84.85,168,198,70.89,13.63,29.0,100.0,113,11.8,balanced,0,1,1,0,0.6923,0.5556,0.7231,0.8363,0.6667,120.27,0.5489,good,20,1,70.61,32.8,38.64,45.6,Medium,Medium Risk,74.77,81.65,61.91,71.36,71.4,62.97,65.1,81.85,1,Academic Advising,0
STU0682,2025,10,good,80.83,156,193,70.12,13.11,31.9,99.7,113,11.8,balanced,0,1,1,0,0.693,0.557,0.7209,0.8363,0.6667,123.18,0.5489,good,21,1,76.42,33.09,38.66,47.48,Medium,Medium Risk,73.07,77.74,63.13,70.16,70.76,61.15,65.14,82.55,0,None,0
STU0683,2023,8,moderate,69.5,139,200,54.42,16.64,11.0,100.0,93,9.8,balanced,0,0,2,1,0.5215,0.4419,0.5747,0.6774,0.6667,84.65,0.6272,average,39,3,100.0,65.8,24.0,65.61,High,High Risk,54.42,57.08,33.91,59.08,53.32,56.04,40.83,81.33,0,None,0
STU0683,2024,9,moderate,69.19,137,198,57.83,17.76,8.9,100.0,93,9.8,balanced,0,0,1,2,0.5128,0.45,0.5692,0.6774,0.6667,105.27,0.6272,average,48,2,100.0,57.61,24.0,61.93,High,High Risk,57.58,58.8,37.65,61.61,56.15,59.31,41.9,86.75,1,Counseling,1
STU0683,2025,10,moderate,72.54,140,193,59.62,17.03,12.0,100.0,93,9.8,balanced,0,0,1,2,0.5178,0.4404,0.5739,0.6774,0.6667,73.9,0.6272,average,39,5,100.0,56.79,24.03,61.57,High,High Risk,60.11,61.99,38.57,65.65,58.02,61.22,45.67,87.01,1,Study Skills Workshop,1
STU0684,2023,8,excellent,84.5,169,200,94.37,7.04,57.3,100.0,121,14.2,language_oriented,0,0,0,0,0.7604,0.7075,0.8463,0.7302,0.6667,112.43,0.95,below_average,26,7,88.85,7.04,11.38,32.67,Medium,Medium Risk,97.63,97.59,97.93,97.72,92.97,92.28,83.97,97.72,0,None,0
STU0684,2024,9,excellent,87.88,174,198,94.7,6.76,55.2,100.0,121,14.2,language_oriented,0,0,0,0,0.7692,0.7,0.8462,0.7302,0.6667,127.5,0.95,below_average,19,3,65.48,6.73,11.45,25.54,Low,Low Risk,97.87,97.65,97.2,97.72,93.06,93.64,86.05,97.65,0,None,0
STU0684,2025,10,excellent,82.9,160,193,95.03,6.39,57.9,100.0,121,14.2,language_oriented,0,0,0,0,0.7628,0.7012,0.8474,0.7302,0.6667,173.1,0.95,below_average,29,5,98.97,6.73,11.42,35.58,Medium,Medium Risk,97.62,97.4,97.98,97.59,94.0,94.42,87.0,97.52,0,None,0
STU0685,2023,8,good,78.5,157,200,94.37,6.57,60.7,100.0,91,20.2,science_oriented,0,0,0,0,0.9663,0.8231,0.9691,0.8596,0.6667,158.98,0.927,average,28,7,99.05,2.93,6.14,32.57,Medium,Medium Risk,96.53,89.11,96.62,90.58,96.68,97.05,97.34,90.34,0,None,0
STU0685,2024,9,good,77.78,154,198,95.07,6.27,64.4,100.0,91,20.2,science_oriented,0,0,0,0,0.9744,0.8158,0.9692,0.8596,0.6667,171.2,0.927,average,29,5,100.0,2.48,6.21,32.67,Medium,Medium Risk,96.88,89.94,96.51,91.45,97.19,97.72,97.49,92.97,0,None,0
STU0685,2025,10,good,74.61,144,193,95.35,5.75,48.7,100.0,91,20.2,science_oriented,0,0,0,1,0.9736,0.8201,0.9684,0.8596,0.6667,89.82,0.927,average,31,0,100.0,10.39,6.18,36.22,Medium,Medium Risk,97.01,90.12,96.73,94.14,97.54,97.48,97.18,92.29,0,None,0
STU0686,2023,8,excellent,87.0,174,200,97.69,2.01,81.3,100.0,130,19.7,balanced,0,0,0,0,0.8633,0.6828,0.8871,0.724,0.6667,104.62,0.8405,excellent,10,0,39.1,3.66,12.78,16.57,Low,Low Risk,97.96,97.74,97.34,97.82,97.83,97.81,97.5,97.54,0,None,0
STU0686,2024,9,excellent,90.4,179,198,97.8,1.84,83.9,100.0,130,19.7,balanced,0,0,0,0,0.8718,0.6765,0.8923,0.724,0.6667,84.93,0.8405,excellent,10,0,36.72,3.45,12.76,15.76,Low,Low Risk,97.83,97.99,97.39,97.72,97.65,97.66,97.92,98.11,0,None,0
STU0686,2025,10,excellent,87.05,168,193,97.69,1.85,85.8,100.0,130,19.7,balanced,0,0,0,0,0.8682,0.6768,0.8893,0.724,0.6667,151.22,0.8405,excellent,10,3,39.07,3.56,12.8,16.52,Low,Low Risk,97.6,97.63,97.79,97.74,97.57,97.68,97.7,97.85,0,None,0
STU0687,2023,8,excellent,88.0,176,200,93.58,8.67,53.9,100.0,113,16.9,science_oriented,1,0,0,0,0.897,0.819,0.9228,0.7074,0.6667,177.23,0.9363,average,16,2,56.4,4.63,9.78,21.45,Low,Low Risk,97.31,97.63,94.97,81.17,97.66,97.31,97.79,83.09,0,None,0
STU0687,2024,9,excellent,83.33,165,198,93.96,8.31,49.3,100.0,113,16.9,science_oriented,1,0,0,1,0.8974,0.8286,0.9231,0.7074,0.6667,126.48,0.9363,average,26,3,89.67,12.47,9.68,34.93,Medium,Medium Risk,97.6,97.82,94.61,81.2,97.76,97.46,97.57,85.5,0,None,0
STU0687,2025,10,excellent,88.08,170,193,94.26,8.01,47.0,100.0,113,16.9,science_oriented,1,0,0,1,0.8946,0.8232,0.9209,0.7074,0.6667,129.33,0.9363,average,17,1,59.34,12.4,9.76,25.82,Low,Low Risk,97.94,97.51,95.72,82.62,97.8,97.78,97.78,85.52,1,Academic Advising,0
STU0688,2023,8,good,78.0,156,200,94.81,6.33,59.7,100.0,92,21.9,science_oriented,1,0,0,0,0.9063,0.7925,0.9798,0.7908,0.6667,158.75,0.7544,excellent,19,2,72.4,3.95,10.25,26.06,Medium,Medium Risk,97.58,90.11,95.41,96.16,93.42,96.32,97.75,90.96,0,None,0
STU0688,2024,9,good,73.74,146,198,95.29,6.32,56.5,100.0,92,21.9,science_oriented,1,0,0,0,0.8974,0.8,0.9846,0.7908,0.6667,85.25,0.7544,excellent,20,2,78.38,3.94,10.1,27.81,Medium,Medium Risk,97.95,91.46,96.47,95.86,95.47,96.87,97.73,90.69,0,None,0
STU0688,2025,10,good,67.36,130,193,95.98,5.6,55.2,100.0,92,21.9,science_oriented,1,0,0,0,0.9038,0.796,0.9842,0.7908,0.6667,149.4,0.7544,excellent,30,0,100.0,3.53,10.14,34.12,High,High Risk,97.68,93.94,96.34,96.97,95.59,97.07,97.7,93.03,0,None,0
STU0689,2023,8,good,82.0,164,200,96.81,3.82,73.2,100.0,136,15.7,language_oriented,0,0,0,0,0.7954,0.6456,0.8309,0.8086,0.6667,157.78,0.8786,good,23,3,81.6,5.37,11.73,29.83,Medium,Medium Risk,97.92,97.54,96.53,97.78,97.75,95.63,94.86,97.47,0,None,0
STU0689,2024,9,good,70.2,139,198,97.29,3.1,74.5,100.0,136,15.7,language_oriented,0,0,0,0,0.7949,0.6452,0.8308,0.8086,0.6667,133.28,0.8786,good,31,3,100.0,5.19,11.74,35.27,Medium,Medium Risk,97.77,97.97,97.34,97.71,97.6,96.08,96.59,97.97,1,Academic Advising,1
STU0689,2025,10,good,78.76,152,193,97.36,2.87,72.6,100.0,136,15.7,language_oriented,0,0,0,0,0.7984,0.6485,0.8316,0.8086,0.6667,105.95,0.8786,good,23,0,83.87,5.09,11.69,30.37,Medium,Medium Risk,98.06,97.77,97.56,97.78,97.48,96.46,96.78,97.73,0,None,0
STU0690,2023,8,moderate,67.0,134,200,62.14,12.59,25.1,99.6,92,4.7,balanced,0,0,1,0,0.5894,0.5352,0.6,0.6558,0.6667,97.02,0.7467,excellent,31,0,100.0,38.35,41.33,57.59,High,High Risk,70.2,68.47,51.75,61.63,59.06,66.88,57.79,60.82,0,None,0
STU0690,2024,9,moderate,69.19,137,198,60.58,12.37,26.7,92.9,92,4.7,balanced,0,0,1,0,0.5897,0.5217,0.6,0.6558,0.6667,73.52,0.7467,excellent,35,1,100.0,38.98,41.47,57.91,High,High Risk,68.12,67.29,50.21,61.29,57.28,63.74,57.38,59.1,1,Tutoring,1
STU0690,2025,10,moderate,68.39,132,193,60.89,12.75,21.8,96.6,92,4.7,balanced,0,0,1,0,0.5876,0.5224,0.6,0.6558,0.6667,82.93,0.7467,excellent,32,2,100.0,38.89,41.46,57.87,High,High Risk,68.55,67.57,50.39,61.53,57.36,64.1,56.96,60.41,1,Mentoring Program,1
STU0691,2023,8,excellent,89.5,179,200,97.57,2.15,81.6,100.0,121,18.9,language_oriented,0,0,0,0,0.8119,0.5992,0.8618,0.6898,0.3333,149.12,0.95,good,10,5,37.35,4.74,13.03,16.59,Low,Low Risk,97.67,97.71,97.49,97.82,97.34,97.08,97.78,97.76,0,None,0
STU0691,2024,9,excellent,83.84,166,198,97.74,1.77,91.2,100.0,121,18.9,language_oriented,0,0,0,0,0.8205,0.5938,0.8615,0.6898,0.3333,140.03,0.95,good,22,5,77.31,4.5,13.09,28.49,Medium,Medium Risk,97.94,97.77,97.93,97.57,97.77,97.59,97.53,97.9,0,None,0
STU0691,2025,10,excellent,89.12,172,193,97.77,1.89,81.4,100.0,121,18.9,language_oriented,0,0,0,0,0.8155,0.5912,0.8632,0.6898,0.3333,139.12,0.95,good,10,3,37.62,4.58,13.09,16.62,Low,Low Risk,97.95,97.93,98.06,97.68,97.6,97.54,97.74,97.79,0,None,0
STU0692,2023,8,irregular,49.0,98,200,80.66,14.13,34.2,100.0,129,16.6,science_oriented,1,0,1,0,0.5472,0.5152,0.5798,0.3695,0.0,48.38,0.6826,excellent,51,1,100.0,31.79,28.52,51.44,High,High Risk,84.39,72.52,65.9,69.43,80.61,93.69,95.99,73.48,0,None,0
STU0692,2024,9,irregular,44.95,89,198,83.65,13.49,47.2,100.0,129,16.6,science_oriented,1,0,0,1,0.5385,0.5238,0.5846,0.3695,0.0,27.48,0.6826,excellent,54,3,100.0,23.77,28.36,47.79,High,High Risk,88.12,77.47,69.43,73.29,82.81,95.89,96.31,76.46,1,Tutoring,0
STU0692,2025,10,irregular,38.86,75,193,86.08,12.38,40.4,100.0,129,16.6,science_oriented,1,0,0,1,0.5442,0.5159,0.5842,0.3695,0.0,54.12,0.6826,excellent,51,3,100.0,22.69,28.45,47.32,High,High Risk,90.79,79.95,74.08,77.47,87.57,96.29,97.3,77.36,1,Parent Meeting,1
STU0693,2023,8,at-risk,29.5,59,200,23.88,12.23,5.9,70.4,91,4.3,balanced,1,0,9,1,0.2818,0.2106,0.318,0.3676,0.3333,34.05,0.1239,below_average,109,9,100.0,100.0,63.91,90.98,High,High Risk,27.78,41.42,13.3,30.43,15.41,28.92,16.35,19.33,0,None,0
STU0693,2024,9,at-risk,33.33,66,198,25.62,13.12,4.5,68.4,91,4.3,balanced,1,0,9,1,0.2821,0.1818,0.3231,0.3676,0.3333,21.83,0.1239,below_average,112,6,100.0,100.0,64.13,91.03,High,High Risk,30.1,45.41,15.03,32.6,16.78,30.12,15.19,20.11,1,Study Skills Workshop,1
STU0693,2025,10,at-risk,35.75,69,193,27.37,13.77,4.7,70.7,91,4.3,balanced,1,0,8,2,0.2806,0.1879,0.3209,0.3676,0.3333,9.0,0.1239,below_average,109,7,100.0,100.0,64.1,91.02,High,High Risk,31.62,48.31,16.05,36.67,16.31,31.7,16.45,24.31,1,Mentoring Program,1
STU0694,2023,8,good,73.5,147,200,94.96,6.53,58.4,100.0,130,12.8,language_oriented,0,0,0,0,0.9228,0.7783,0.9747,0.7553,0.6667,179.68,0.9202,average,38,2,100.0,3.56,8.69,33.77,Medium,Medium Risk,96.58,97.67,98.14,98.06,95.14,88.96,91.2,97.85,0,None,0
STU0694,2024,9,good,80.81,160,198,95.85,5.15,65.0,100.0,130,12.8,language_oriented,0,0,0,0,0.9231,0.7778,0.9692,0.7553,0.6667,87.95,0.9202,average,28,3,97.43,3.2,8.78,32.86,Medium,Medium Risk,97.01,97.64,97.79,98.16,96.87,91.51,92.81,97.62,1,Study Group,1
STU0694,2025,10,good,81.35,157,193,96.68,3.92,69.8,100.0,130,12.8,language_oriented,0,0,0,0,0.9209,0.7811,0.9739,0.7553,0.6667,144.72,0.9202,average,26,2,91.06,2.91,8.67,30.79,Medium,Medium Risk,97.65,98.05,97.56,97.86,96.82,94.32,95.02,97.8,0,None,0
STU0695,2023,8,irregular,56.0,112,200,37.79,16.14,6.7,80.4,83,2.3,language_oriented,0,0,5,2,0.3076,0.1931,0.3335,0.3565,0.3333,27.28,0.4577,excellent,38,2,100.0,100.0,59.07,89.77,High,High Risk,45.23,27.0,53.9,54.06,21.34,24.67,33.55,54.55,0,None,0
STU0695,2024,9,irregular,51.01,101,198,41.32,17.49,7.0,86.6,83,2.3,language_oriented,0,0,4,2,0.3077,0.1667,0.3385,0.3565,0.3333,54.65,0.4577,excellent,56,2,100.0,100.0,59.26,89.82,High,High Risk,50.02,30.03,57.79,59.92,23.91,27.58,35.1,59.2,1,Mentoring Program,1
STU0695,2025,10,irregular,50.78,98,193,44.01,17.64,5.1,90.2,83,2.3,language_oriented,0,0,4,2,0.307,0.1717,0.3368,0.3565,0.3333,41.62,0.4577,excellent,44,3,100.0,100.0,59.24,89.81,High,High Risk,51.15,32.92,60.72,63.85,25.15,29.35,39.28,60.69,1,Parent Meeting,1
STU0696,2023,8,irregular,52.5,105,200,52.07,14.21,7.8,95.8,86,8.3,language_oriented,1,0,2,2,0.4013,0.3617,0.482,0.8929,0.6667,69.07,0.3842,average,59,2,100.0,77.14,25.53,71.1,High,High Risk,59.68,66.13,33.28,56.76,49.74,51.11,52.19,48.02,0,None,0
STU0696,2024,9,irregular,56.57,112,198,56.01,13.92,16.6,94.7,86,8.3,language_oriented,1,0,1,1,0.4103,0.375,0.4769,0.8929,0.6667,31.02,0.3842,average,68,2,100.0,52.39,25.47,59.94,High,High Risk,64.18,69.29,38.64,61.46,53.25,53.95,57.13,50.69,1,Mentoring Program,0
STU0696,2025,10,irregular,49.74,96,193,60.74,14.31,14.4,100.0,86,8.3,language_oriented,1,0,1,1,0.4031,0.369,0.4791,0.8929,0.6667,63.62,0.3842,average,59,4,100.0,50.64,25.5,59.16,High,High Risk,73.34,74.31,42.81,64.07,56.68,57.37,62.28,54.97,1,Tutoring,0
STU0697,2023,8,irregular,54.5,109,200,39.29,14.12,7.3,88.4,102,7.0,balanced,0,0,4,5,0.4957,0.3794,0.518,0.4532,0.3333,62.82,0.614,good,51,0,100.0,100.0,50.16,87.54,High,High Risk,40.55,26.07,31.36,45.05,44.95,48.36,26.25,52.23,0,None,0
STU0697,2024,9,irregular,43.43,86,198,40.59,15.22,7.6,88.2,102,7.0,balanced,0,0,4,4,0.4872,0.3684,0.5231,0.4532,0.3333,63.82,0.614,good,77,1,100.0,100.0,50.2,87.55,High,High Risk,42.63,27.1,31.0,46.92,46.54,51.61,25.54,55.15,1,Tutoring,1
STU0697,2025,10,irregular,49.74,96,193,42.21,14.04,7.1,81.8,102,7.0,balanced,0,0,4,4,0.4915,0.3752,0.5209,0.4532,0.3333,50.4,0.614,good,60,0,100.0,100.0,50.16,87.54,High,High Risk,44.6,30.12,34.64,48.3,48.26,51.17,27.9,53.87,1,Tutoring,1
STU0698,2023,8,moderate,59.5,119,200,40.85,13.58,6.4,82.1,101,5.8,language_oriented,1,0,2,7,0.5894,0.5655,0.6974,0.6549,0.6667,89.85,0.6762,average,61,5,100.0,100.0,40.64,85.16,High,High Risk,63.53,35.01,21.6,37.64,41.63,42.4,43.71,44.43,0,None,0
STU0698,2024,9,moderate,58.08,115,198,44.13,14.22,8.7,92.6,101,5.8,language_oriented,1,0,2,7,0.5897,0.5652,0.6923,0.6549,0.6667,95.22,0.6762,average,62,2,100.0,100.0,40.72,85.18,High,High Risk,67.56,37.0,25.81,40.58,44.48,45.57,47.51,47.91,1,Study Skills Workshop,1
STU0698,2025,10,moderate,70.47,136,193,48.03,13.92,9.7,94.8,101,5.8,language_oriented,1,0,2,4,0.5876,0.5673,0.6949,0.6549,0.6667,102.98,0.6762,average,40,4,100.0,91.03,40.66,81.13,High,High Risk,69.08,41.79,29.34,45.62,50.38,47.78,50.5,51.71,0,None,0
STU0699,2023,8,good,73.0,146,200,78.6,13.17,30.9,100.0,113,9.3,balanced,1,1,1,0,0.7439,0.5865,0.8154,0.7755,0.6667,170.63,0.6547,average,42,1,100.0,28.68,36.57,52.05,Medium,Medium Risk,87.45,71.88,82.33,88.86,79.85,75.84,80.54,67.09,0,None,0
STU0699,2024,9,good,70.2,139,198,78.88,12.5,32.0,100.0,113,9.3,balanced,1,1,1,0,0.7436,0.5862,0.8154,0.7755,0.6667,82.23,0.6547,average,42,4,100.0,28.58,36.58,52.0,Medium,Medium Risk,87.37,73.52,83.76,85.3,80.34,76.29,80.53,69.33,1,Parent Meeting,0
STU0699,2025,10,good,76.68,148,193,79.9,12.43,34.6,100.0,113,9.3,balanced,1,1,1,0,0.7457,0.5883,0.8158,0.7755,0.6667,117.95,0.6547,average,27,2,97.32,28.13,36.55,50.99,Medium,Medium Risk,85.02,73.36,84.82,89.67,79.84,76.48,81.79,72.05,0,None,0
STU0700,2023,8,excellent,88.5,177,200,93.2,9.14,40.2,100.0,121,14.4,language_oriented,0,0,0,1,0.7696,0.6672,0.7846,0.7175,0.6667,151.82,0.95,good,11,2,41.05,15.33,12.96,22.45,Low,Low Risk,97.93,95.14,94.9,97.91,94.64,94.93,77.12,97.46,0,None,0
STU0700,2024,9,excellent,85.35,169,198,94.0,8.03,52.6,100.0,121,14.4,language_oriented,0,0,0,0,0.7692,0.6667,0.7846,0.7175,0.6667,137.27,0.95,good,18,0,64.25,7.02,12.96,25.67,Low,Low Risk,97.88,95.45,96.19,97.91,94.46,96.28,80.5,97.47,0,None,0
STU0700,2025,10,excellent,85.49,165,193,95.14,6.55,55.0,100.0,121,14.4,language_oriented,0,0,0,0,0.7721,0.6706,0.7842,0.7175,0.6667,106.88,0.95,good,18,3,64.16,6.5,12.93,25.41,Low,Low Risk,97.88,96.35,97.09,97.69,96.4,97.23,83.68,97.68,0,None,0
STU0701,2023,8,irregular,49.5,99,200,43.16,13.82,7.6,82.5,109,3.5,language_oriented,1,0,3,5,0.5043,0.4569,0.6,0.8822,0.6667,43.58,0.571,excellent,41,3,100.0,100.0,40.22,85.06,High,High Risk,53.89,50.84,42.28,47.61,25.49,32.93,49.59,46.13,0,None,0
STU0701,2024,9,irregular,47.98,95,198,46.01,13.28,7.9,88.4,109,3.5,language_oriented,1,0,2,5,0.5128,0.45,0.6,0.8822,0.6667,19.33,0.571,excellent,43,1,100.0,100.0,40.29,85.07,High,High Risk,58.8,53.26,43.58,49.81,29.36,36.12,50.55,48.6,1,Parent Meeting,1
STU0701,2025,10,irregular,45.6,88,193,48.26,14.17,8.2,84.4,109,3.5,language_oriented,1,0,2,3,0.5085,0.4481,0.6,0.8822,0.6667,18.03,0.571,excellent,48,0,100.0,84.52,40.31,78.11,High,High Risk,60.33,56.82,46.89,53.38,30.53,36.91,52.4,52.29,0,None,0
STU0702,2023,8,good,72.5,145,200,63.93,11.89,27.3,97.2,92,8.4,balanced,1,0,1,0,0.6667,0.6158,0.6871,0.7919,0.6667,82.1,0.6895,below_average,46,4,100.0,36.1,17.35,50.58,Medium,Medium Risk,67.38,67.81,69.43,54.24,64.27,57.46,70.24,60.56,0,None,0
STU0702,2024,9,good,79.8,158,198,64.88,11.98,28.7,98.9,92,8.4,balanced,1,0,1,0,0.6667,0.6154,0.6923,0.7919,0.6667,78.67,0.6895,below_average,35,6,100.0,35.71,17.28,50.39,Medium,Medium Risk,68.77,68.14,72.77,57.6,63.68,59.32,69.29,60.72,0,None,0
STU0702,2025,10,good,80.83,156,193,65.56,12.19,31.4,100.0,92,8.4,balanced,1,0,1,0,0.6667,0.6186,0.6893,0.7919,0.6667,119.83,0.6895,below_average,29,5,100.0,35.44,17.29,50.27,Medium,Medium Risk,67.08,71.57,73.62,57.8,62.22,59.41,70.48,62.36,0,None,0
STU0703,2023,8,moderate,66.5,133,200,68.32,18.99,13.6,100.0,92,11.9,science_oriented,0,0,1,1,0.6409,0.5726,0.718,0.7022,0.6667,99.28,0.542,excellent,37,1,100.0,42.85,21.33,54.62,High,High Risk,70.44,36.86,62.18,73.06,96.71,61.84,82.72,64.37,0,None,0
STU0703,2024,9,moderate,72.22,143,198,69.31,19.25,12.6,100.0,92,11.9,science_oriented,0,0,1,1,0.641,0.56,0.7231,0.7022,0.6667,40.97,0.542,excellent,32,0,100.0,42.46,21.38,54.45,Medium,Medium Risk,72.91,37.76,63.98,74.06,96.59,63.12,84.45,66.51,1,Tutoring,0
STU0703,2025,10,moderate,67.88,131,193,71.91,18.41,16.0,100.0,92,11.9,science_oriented,0,0,1,1,0.6403,0.5617,0.7209,0.7022,0.6667,91.3,0.542,excellent,27,1,100.0,41.43,21.39,53.99,High,High Risk,76.01,38.74,65.5,76.47,97.0,67.67,85.4,68.0,0,None,0
STU0704,2023,8,moderate,55.5,111,200,55.67,15.33,10.3,97.0,98,8.4,balanced,0,0,2,1,0.5894,0.4345,0.6665,0.5776,0.3333,74.07,0.6974,below_average,67,5,100.0,63.94,23.65,64.69,High,High Risk,66.76,59.43,63.71,59.96,48.32,32.06,65.92,56.99,0,None,0
STU0704,2024,9,moderate,61.11,121,198,57.86,15.79,11.7,97.6,98,8.4,balanced,0,0,2,1,0.5897,0.4348,0.6615,0.5776,0.3333,42.52,0.6974,below_average,64,3,100.0,63.06,23.72,64.31,High,High Risk,70.42,63.85,66.72,61.24,49.17,34.31,69.67,58.75,1,Mentoring Program,0
STU0704,2025,10,moderate,61.14,118,193,59.51,15.77,8.3,94.4,98,8.4,balanced,0,0,2,0,0.5876,0.4327,0.6632,0.5776,0.3333,58.48,0.6974,below_average,53,3,100.0,54.44,23.71,60.43,High,High Risk,71.14,63.14,67.14,64.09,51.79,34.77,70.56,60.75,1,Tutoring,1
STU0705,2023,8,moderate,68.0,136,200,50.21,15.63,8.5,93.5,82,9.7,balanced,0,0,2,2,0.5558,0.4001,0.6,0.6459,0.3333,78.73,0.6632,good,38,3,100.0,74.8,24.13,69.69,High,High Risk,53.17,52.88,48.31,64.67,52.79,28.25,47.38,63.33,0,None,0
STU0705,2024,9,moderate,64.65,128,198,53.71,15.11,6.1,96.1,82,9.7,balanced,0,0,2,0,0.5641,0.4091,0.6,0.6459,0.3333,50.75,0.6632,good,38,3,100.0,57.23,24.04,61.77,High,High Risk,55.19,56.54,50.66,65.59,56.59,32.34,50.32,68.43,1,Mentoring Program,1
STU0705,2025,10,moderate,70.98,137,193,55.25,15.19,8.8,95.0,82,9.7,balanced,0,0,2,0,0.5613,0.4061,0.6,0.6459,0.3333,80.52,0.6632,good,38,1,100.0,56.67,24.07,61.52,High,High Risk,57.79,58.69,53.91,66.31,57.75,34.22,51.3,68.88,1,Parent Meeting,1
STU0706,2023,8,moderate,64.0,128,200,51.94,17.28,5.8,99.4,94,7.4,language_oriented,0,0,2,2,0.6667,0.5,0.682,0.6608,0.6667,37.75,0.7297,average,47,2,100.0,71.89,40.61,72.5,High,High Risk,59.57,70.86,54.35,53.38,36.13,49.6,30.09,66.78,0,None,0
STU0706,2024,9,moderate,58.59,116,198,56.07,16.32,9.3,96.6,94,7.4,language_oriented,0,0,2,1,0.6667,0.5,0.6769,0.6608,0.6667,65.22,0.7297,average,61,2,100.0,62.24,40.68,68.18,High,High Risk,65.22,72.8,57.39,62.14,43.03,51.98,34.08,69.98,1,Counseling,1
STU0706,2025,10,moderate,66.32,128,193,60.19,17.29,13.6,100.0,94,7.4,language_oriented,0,0,1,2,0.6667,0.5,0.6791,0.6608,0.6667,41.03,0.7297,average,44,3,100.0,53.59,40.65,64.28,High,High Risk,70.67,79.3,61.5,63.67,44.36,56.67,38.05,74.85,1,Tutoring,1
STU0707,2023,8,moderate,61.0,122,200,72.22,13.94,32.3,100.0,90,13.5,language_oriented,0,0,1,0,0.6152,0.5686,0.6357,0.6041,0.6667,101.15,0.7138,good,39,1,100.0,33.81,21.99,50.71,High,High Risk,73.31,77.48,55.94,93.87,72.92,71.37,60.58,75.13,0,None,0
STU0707,2024,9,moderate,72.73,144,198,72.87,14.22,24.8,100.0,90,13.5,language_oriented,0,0,1,0,0.6154,0.5833,0.6308,0.6041,0.6667,105.45,0.7138,good,29,1,100.0,33.55,21.92,50.57,Medium,Medium Risk,73.18,78.94,55.12,93.63,71.8,73.35,60.95,79.41,1,Mentoring Program,0
STU0707,2025,10,moderate,67.36,130,193,73.92,14.22,27.4,100.0,90,13.5,language_oriented,0,0,1,0,0.614,0.5707,0.6316,0.6041,0.6667,56.98,0.7138,good,35,2,100.0,33.15,22.03,50.43,High,High Risk,73.62,79.73,57.41,94.04,74.14,73.31,60.61,78.88,0,None,0
STU0708,2023,8,excellent,90.5,181,200,97.58,2.54,76.6,100.0,118,17.7,balanced,0,0,0,0,0.897,0.6754,0.9691,0.7073,0.6667,127.72,0.891,average,13,2,45.65,3.03,11.2,17.86,Low,Low Risk,97.65,97.18,97.92,97.96,97.74,97.8,96.87,97.72,0,None,0
STU0708,2024,9,excellent,93.94,186,198,97.61,2.16,79.8,100.0,118,17.7,balanced,0,0,0,0,0.8974,0.6857,0.9692,0.7073,0.6667,161.38,0.891,average,8,3,28.24,3.01,11.09,12.6,Low,Low Risk,97.73,97.24,97.74,98.01,97.95,97.65,97.23,97.56,0,None,0
STU0708,2025,10,excellent,89.12,172,193,97.8,1.81,88.7,100.0,118,17.7,balanced,0,0,0,0,0.8946,0.6759,0.9684,0.7073,0.6667,79.85,0.891,average,12,3,43.62,2.99,11.2,17.23,Low,Low Risk,98.11,97.84,98.22,97.51,97.73,97.83,97.8,97.45,0,None,0
STU0709,2023,8,at-risk,34.5,69,200,18.29,9.02,5.0,50.9,82,2.0,balanced,1,0,10,0,0.2818,0.1828,0.3846,0.2724,0.0,29.9,0.1781,excellent,68,3,100.0,100.0,64.28,91.07,High,High Risk,20.03,12.7,29.68,22.15,15.81,14.06,20.59,14.34,0,None,0
STU0709,2024,9,at-risk,30.81,61,198,21.84,10.38,5.1,54.7,82,2.0,balanced,1,0,9,1,0.2821,0.1818,0.3846,0.2724,0.0,21.8,0.1781,excellent,77,0,100.0,100.0,64.29,91.07,High,High Risk,24.96,16.57,35.29,25.01,20.08,15.44,24.02,17.88,1,Counseling,0
STU0709,2025,10,at-risk,28.5,55,193,27.68,10.87,5.1,64.9,82,2.0,balanced,1,0,9,1,0.2806,0.1879,0.3842,0.2724,0.0,15.17,0.1781,excellent,67,2,100.0,100.0,64.24,91.06,High,High Risk,32.58,20.83,41.05,31.27,24.89,20.37,32.21,23.08,1,Study Skills Workshop,1
STU0710,2023,8,moderate,61.0,122,200,78.4,13.58,26.2,100.0,116,10.3,balanced,0,0,1,0,0.8033,0.6171,0.8463,0.6682,0.6667,84.88,0.6401,good,53,0,100.0,27.57,18.17,46.95,High,High Risk,84.05,64.52,94.83,83.84,71.98,77.27,79.58,75.76,0,None,0
STU0710,2024,9,moderate,60.1,119,198,79.93,12.82,32.2,100.0,116,10.3,balanced,0,0,1,0,0.7949,0.6129,0.8462,0.6682,0.6667,54.58,0.6401,good,50,0,100.0,27.13,18.21,46.76,High,High Risk,84.86,68.79,95.42,86.16,72.51,79.8,80.92,74.21,1,Parent Meeting,1
STU0710,2025,10,moderate,58.55,113,193,82.49,12.34,45.6,100.0,116,10.3,balanced,0,0,0,1,0.7984,0.6155,0.8474,0.6682,0.6667,47.03,0.6401,good,43,2,100.0,19.04,18.17,43.11,High,High Risk,88.18,69.67,96.54,86.61,77.32,82.48,83.02,79.53,0,None,0
STU0711,2023,8,moderate,62.0,124,200,48.77,12.43,13.9,89.0,96,8.4,balanced,0,0,1,5,0.5043,0.441,0.6099,0.598,0.3333,107.08,0.4891,excellent,32,0,100.0,85.41,27.15,75.22,High,High Risk,40.87,40.35,50.94,58.52,46.81,50.76,47.42,53.46,0,None,0
STU0711,2024,9,moderate,68.69,136,198,51.57,12.53,15.4,88.5,96,8.4,balanced,0,0,1,3,0.5128,0.45,0.6154,0.598,0.3333,64.28,0.4891,excellent,30,0,100.0,68.11,26.97,67.39,High,High Risk,43.12,43.02,51.62,59.7,50.99,55.08,49.1,58.47,1,Tutoring,0
STU0711,2025,10,moderate,67.36,130,193,54.24,12.39,7.5,88.7,96,8.4,balanced,0,0,1,2,0.5085,0.4481,0.6103,0.598,0.3333,47.67,0.4891,excellent,37,2,100.0,59.13,27.07,63.38,High,High Risk,43.63,46.5,55.67,63.51,52.51,56.13,53.1,61.54,1,Tutoring,1
STU0712,2023,8,good,84.0,168,200,81.07,15.8,32.2,100.0,99,13.0,language_oriented,0,0,1,0,0.8033,0.6491,0.8309,0.8153,0.6667,177.45,0.6331,average,24,4,83.2,26.51,15.24,40.7,Medium,Medium Risk,97.59,86.32,75.02,96.5,83.73,73.83,58.76,89.57,0,None,0
STU0712,2024,9,good,84.85,168,198,82.2,14.9,24.3,100.0,99,13.0,language_oriented,0,0,1,0,0.7949,0.6452,0.8308,0.8153,0.6667,157.82,0.6331,average,21,3,73.61,26.22,15.28,37.7,Medium,Medium Risk,97.52,87.44,77.29,96.44,85.96,73.93,60.38,89.83,0,None,0
STU0712,2025,10,good,80.31,155,193,82.25,15.07,37.8,100.0,99,13.0,language_oriented,0,0,0,1,0.7984,0.6485,0.8316,0.8153,0.6667,124.77,0.6331,average,24,5,85.78,19.13,15.24,38.15,Medium,Medium Risk,97.92,86.82,76.73,96.55,85.4,73.83,61.65,90.92,0,None,0
STU0713,2023,8,moderate,66.5,133,200,88.92,11.12,43.7,100.0,97,15.0,language_oriented,0,0,0,1,0.7861,0.6415,0.8154,0.616,0.6667,73.58,0.931,good,45,1,100.0,16.71,15.07,41.29,High,High Risk,97.41,85.72,96.95,97.68,88.3,72.85,90.29,89.33,0,None,0
STU0713,2024,9,moderate,67.17,133,198,89.57,11.04,48.7,100.0,97,15.0,language_oriented,0,0,0,1,0.7949,0.6452,0.8154,0.616,0.6667,65.3,0.931,good,36,1,100.0,16.27,15.03,41.08,High,High Risk,97.36,87.19,97.1,97.63,89.97,72.98,91.5,91.2,0,None,0
STU0713,2025,10,moderate,73.06,141,193,90.27,10.7,47.2,100.0,97,15.0,language_oriented,0,0,0,1,0.7892,0.6444,0.8158,0.616,0.6667,58.25,0.931,good,32,0,100.0,16.11,15.03,41.01,Medium,Medium Risk,97.78,89.22,97.25,97.34,92.62,72.67,91.86,91.08,1,Parent Meeting,1
STU0714,2023,8,at-risk,28.0,56,200,11.13,4.23,4.0,34.2,87,1.4,balanced,0,1,11,0,0.2818,0.2409,0.3438,0.3196,0.0,28.12,0.3339,good,76,3,100.0,100.0,81.03,95.26,High,High Risk,9.84,10.7,18.85,10.38,10.16,10.28,9.95,10.06,0,None,0
STU0714,2024,9,at-risk,32.83,65,198,11.72,5.9,4.5,54.0,87,1.4,balanced,0,1,10,0,0.2821,0.2727,0.3385,0.3196,0.0,28.68,0.3339,good,72,1,100.0,100.0,80.79,95.2,High,High Risk,9.94,11.37,23.8,10.84,9.93,9.89,10.14,9.89,1,Mentoring Program,1
STU0714,2025,10,at-risk,36.79,71,193,12.19,6.28,3.7,52.8,87,1.4,balanced,0,1,10,0,0.2806,0.2485,0.3423,0.3196,0.0,6.5,0.3339,good,67,5,100.0,100.0,80.98,95.24,High,High Risk,10.2,12.66,24.79,11.3,10.04,10.31,10.46,10.17,0,None,0
STU0715,2023,8,good,72.5,145,200,90.92,8.53,56.6,100.0,90,17.6,balanced,0,0,0,0,0.7439,0.5519,0.7592,0.7733,0.6667,148.38,0.8144,poor,44,8,100.0,8.76,15.41,37.79,Medium,Medium Risk,83.69,88.55,95.2,90.75,94.61,91.38,90.43,92.14,0,None,0
STU0715,2024,9,good,74.24,147,198,92.5,7.75,54.3,100.0,90,17.6,balanced,0,0,0,0,0.7436,0.5517,0.7538,0.7733,0.6667,134.48,0.8144,poor,47,7,100.0,8.13,15.49,37.53,Medium,Medium Risk,84.96,89.88,95.13,93.56,95.94,93.67,92.91,92.8,0,None,0
STU0715,2025,10,good,69.43,134,193,95.15,5.61,64.4,100.0,90,17.6,balanced,0,0,0,0,0.7457,0.553,0.7581,0.7733,0.6667,108.3,0.8144,poor,51,7,100.0,7.03,15.42,37.02,High,High Risk,90.76,93.37,96.62,96.2,97.58,95.37,95.41,95.13,0,None,0
STU0716,2023,8,good,82.5,165,200,88.36,10.62,48.7,100.0,97,17.2,science_oriented,0,0,0,1,0.9228,0.7403,0.9846,0.8101,0.6667,171.42,0.95,poor,29,4,99.25,14.2,7.38,38.01,Medium,Medium Risk,93.58,82.07,83.87,91.27,89.61,90.4,96.94,78.73,0,None,0
STU0716,2024,9,good,82.32,163,198,91.16,8.84,54.0,100.0,97,17.2,science_oriented,0,0,0,0,0.9231,0.75,0.9846,0.8101,0.6667,138.55,0.95,poor,31,13,100.0,5.08,7.28,34.1,Medium,Medium Risk,95.81,86.78,85.75,92.66,92.81,92.67,97.18,84.3,0,None,0
STU0716,2025,10,good,80.83,156,193,93.05,7.61,60.5,100.0,97,17.2,science_oriented,0,0,0,0,0.9209,0.7424,0.9842,0.8101,0.6667,161.92,0.95,poor,34,3,100.0,4.36,7.36,33.8,Medium,Medium Risk,96.27,88.59,89.54,94.48,95.49,94.88,97.69,87.42,1,Study Group,1
STU0717,2023,8,moderate,62.5,125,200,53.09,17.29,9.6,100.0,70,7.8,science_oriented,0,0,2,3,0.5215,0.4419,0.6,0.7041,0.6667,54.27,0.5885,excellent,42,2,100.0,82.34,43.67,77.97,High,High Risk,36.48,48.54,55.31,47.84,77.04,64.77,54.31,34.19,0,None,0
STU0717,2024,9,moderate,58.08,115,198,54.45,17.85,8.9,100.0,70,7.8,science_oriented,0,0,1,4,0.5128,0.45,0.6,0.7041,0.6667,78.98,0.5885,excellent,44,1,100.0,74.96,43.59,74.63,High,High Risk,38.67,49.79,58.28,47.38,78.43,66.56,54.03,36.39,1,Mentoring Program,1
STU0717,2025,10,moderate,62.69,121,193,56.32,17.14,8.9,98.4,70,7.8,science_oriented,0,0,1,2,0.5178,0.4404,0.6,0.7041,0.6667,61.07,0.5885,excellent,29,2,100.0,58.12,43.69,67.07,High,High Risk,40.08,51.13,58.7,50.82,80.87,66.99,57.83,38.01,1,Study Skills Workshop,0
STU0718,2023,8,moderate,65.5,131,200,60.83,12.13,22.9,92.5,115,8.0,balanced,0,0,1,1,0.5558,0.4464,0.6511,0.6568,0.6667,58.4,0.5592,poor,63,7,100.0,47.55,24.24,57.46,High,High Risk,68.29,67.4,66.64,62.58,61.75,47.91,62.46,55.05,0,None,0
STU0718,2024,9,moderate,63.64,126,198,63.13,11.6,31.4,97.3,115,8.0,balanced,0,0,1,0,0.5641,0.4545,0.6462,0.6568,0.6667,37.6,0.5592,poor,65,13,100.0,38.47,24.24,53.37,High,High Risk,69.11,70.99,69.11,64.16,63.82,50.7,63.86,59.6,0,None,0
STU0718,2025,10,moderate,68.39,132,193,66.15,11.81,30.0,100.0,115,8.0,balanced,0,0,1,0,0.5613,0.453,0.6474,0.6568,0.6667,44.98,0.5592,poor,55,6,100.0,37.31,24.23,52.85,High,High Risk,70.78,71.98,72.41,68.34,68.73,54.22,66.2,62.91,1,Counseling,1
STU0719,2023,8,irregular,47.5,95,200,31.78,10.7,6.8,66.4,103,1.0,balanced,0,0,8,2,0.47,0.3806,0.518,0.8384,0.6667,70.07,0.1919,good,70,0,100.0,100.0,48.78,87.19,High,High Risk,27.68,36.27,30.53,30.62,34.58,28.73,37.85,26.44,0,None,0
STU0719,2024,9,irregular,51.52,102,198,34.02,10.92,6.1,78.0,103,1.0,balanced,0,0,7,3,0.4615,0.3889,0.5231,0.8384,0.6667,42.22,0.1919,good,65,1,100.0,100.0,48.62,87.15,High,High Risk,29.48,37.01,32.9,34.08,38.92,32.21,39.68,27.43,0,None,0
STU0719,2025,10,irregular,52.85,102,193,36.47,10.88,6.8,71.8,103,1.0,balanced,0,0,4,6,0.4651,0.3769,0.5209,0.8384,0.6667,22.5,0.1919,good,46,3,100.0,100.0,48.77,87.19,High,High Risk,33.26,42.03,36.96,35.31,38.94,34.05,40.27,30.8,1,Tutoring,0
STU0720,2023,8,good,73.5,147,200,93.92,7.33,49.7,100.0,117,13.2,balanced,0,0,0,1,0.8376,0.6635,0.8618,0.7315,0.6667,125.17,0.7978,below_average,47,6,100.0,13.68,13.84,39.62,Medium,Medium Risk,96.96,97.07,96.42,97.9,94.65,93.06,92.54,84.85,0,None,0
STU0720,2024,9,good,76.77,152,198,94.97,6.34,55.6,100.0,117,13.2,balanced,0,0,0,0,0.8462,0.6667,0.8615,0.7315,0.6667,178.3,0.7978,below_average,38,6,100.0,5.09,13.81,35.74,Medium,Medium Risk,97.96,97.71,96.36,97.82,95.0,94.34,95.11,86.88,1,Academic Advising,1
STU0720,2025,10,good,78.76,152,193,95.4,5.83,58.5,100.0,117,13.2,balanced,0,0,0,0,0.8419,0.6667,0.8632,0.7315,0.6667,120.32,0.7978,below_average,30,8,100.0,5.0,13.79,35.7,Medium,Medium Risk,97.69,97.55,97.2,97.6,96.35,94.33,94.96,89.37,0,None,0
STU0721,2023,8,excellent,84.0,168,200,87.3,11.21,51.8,100.0,99,17.2,balanced,0,0,0,0,0.7861,0.7171,0.8,0.6965,0.6667,155.95,0.95,good,18,2,65.2,9.36,12.65,26.93,Medium,Medium Risk,88.27,77.74,94.15,94.7,92.51,74.61,89.02,91.93,0,None,0
STU0721,2024,9,excellent,79.29,157,198,89.0,11.05,40.1,100.0,99,17.2,balanced,0,0,0,1,0.7949,0.7097,0.8,0.6965,0.6667,163.08,0.95,good,26,0,92.49,16.5,12.72,38.36,Medium,Medium Risk,91.75,78.12,95.57,96.42,93.28,76.67,91.3,94.05,0,None,0
STU0721,2025,10,excellent,91.19,176,193,90.41,9.85,51.6,100.0,99,17.2,balanced,0,0,0,0,0.7892,0.7112,0.8,0.6965,0.6667,131.58,0.95,good,9,0,33.17,8.05,12.71,16.75,Low,Low Risk,92.05,82.44,95.75,97.1,93.94,80.39,92.49,95.01,0,None,0
STU0722,2023,8,excellent,82.0,164,200,65.18,19.91,11.4,100.0,102,11.2,language_oriented,0,0,1,1,0.5894,0.5497,0.6357,0.7216,0.6667,137.3,0.771,average,28,2,96.6,45.14,18.97,54.04,Medium,Medium Risk,88.81,77.0,78.84,84.01,52.38,39.76,58.77,57.81,0,None,0
STU0722,2024,9,excellent,85.86,170,198,65.44,19.13,14.0,100.0,102,11.2,language_oriented,0,0,1,1,0.5897,0.5652,0.6308,0.7216,0.6667,77.38,0.771,average,19,1,66.9,45.03,18.89,45.05,Medium,Medium Risk,90.55,74.85,79.02,85.25,54.52,41.82,58.19,59.37,1,Parent Meeting,1
STU0722,2025,10,excellent,86.53,167,193,68.31,19.6,7.1,100.0,102,11.2,language_oriented,0,0,1,1,0.5876,0.5514,0.6316,0.7216,0.6667,111.62,0.771,average,19,4,66.43,43.93,19.01,44.45,Medium,Medium Risk,91.93,78.56,82.72,86.79,55.21,43.75,62.22,61.5,0,None,0
STU0723,2023,8,good,77.0,154,200,63.03,16.9,15.1,100.0,90,11.7,language_oriented,0,0,1,1,0.7346,0.6621,0.8048,0.8141,0.6667,175.02,0.7667,excellent,27,0,97.1,43.09,13.53,51.9,Medium,Medium Risk,56.7,88.96,61.44,77.18,58.42,47.14,50.38,71.41,0,None,0
STU0723,2024,9,good,79.29,157,198,64.6,16.31,26.9,100.0,90,11.7,language_oriented,0,0,1,1,0.7436,0.6552,0.8,0.8141,0.6667,126.65,0.7667,excellent,21,1,77.49,42.29,13.67,45.7,Medium,Medium Risk,57.96,88.48,64.05,76.8,59.31,48.94,52.24,71.58,1,Academic Advising,1
STU0723,2025,10,good,72.02,139,193,66.39,16.66,8.1,100.0,90,11.7,language_oriented,0,0,1,0,0.7365,0.6547,0.8,0.8141,0.6667,143.45,0.7667,excellent,28,1,100.0,33.71,13.67,48.59,Medium,Medium Risk,59.74,92.64,65.37,82.12,60.82,51.48,53.54,73.64,0,None,0
STU0724,2023,8,excellent,84.5,169,200,74.77,15.43,23.2,100.0,96,16.0,science_oriented,0,0,1,0,0.8291,0.7316,0.9228,0.6756,0.3333,163.72,0.7748,average,21,5,73.85,28.51,13.71,38.41,Medium,Medium Risk,85.25,56.81,80.29,78.02,79.6,83.78,75.88,60.13,0,None,0
STU0724,2024,9,excellent,82.83,164,198,76.42,14.89,34.6,100.0,96,16.0,science_oriented,0,0,1,0,0.8205,0.7188,0.9231,0.6756,0.3333,128.13,0.7748,average,23,1,81.02,28.02,13.83,40.37,Medium,Medium Risk,85.74,57.44,82.82,77.27,81.5,86.64,77.61,62.89,1,Study Group,1
STU0724,2025,10,excellent,88.08,170,193,79.96,13.82,37.9,100.0,96,16.0,science_oriented,0,0,0,1,0.8248,0.7236,0.9209,0.6756,0.3333,146.2,0.7748,average,15,3,53.34,19.52,13.82,28.24,Low,Low Risk,91.51,62.8,85.41,82.13,82.44,88.02,81.04,68.25,1,Study Group,1
STU0725,2023,8,good,64.0,128,200,70.71,17.11,24.9,100.0,70,12.5,language_oriented,1,0,1,0,0.7003,0.5607,0.7129,0.8079,0.6667,172.62,0.6483,average,44,5,100.0,32.71,17.82,49.17,High,High Risk,82.22,87.87,51.96,92.48,62.29,54.21,65.86,74.27,0,None,0
STU0725,2024,9,good,71.72,142,198,73.71,16.84,19.7,100.0,70,12.5,language_oriented,1,0,1,0,0.6923,0.5556,0.7077,0.8079,0.6667,105.97,0.6483,average,42,1,100.0,31.67,17.95,48.74,Medium,Medium Risk,83.67,92.14,56.76,95.43,67.28,56.85,68.36,76.47,1,Parent Meeting,0
STU0725,2025,10,good,80.31,155,193,78.19,15.45,30.7,100.0,70,12.5,language_oriented,1,0,1,0,0.693,0.557,0.7107,0.8079,0.6667,97.07,0.6483,average,23,3,82.78,29.86,17.89,42.74,Medium,Medium Risk,87.59,93.95,61.16,96.05,73.21,63.1,74.19,81.96,0,None,0
STU0726,2023,8,good,79.5,159,200,88.83,11.35,45.4,100.0,95,23.3,science_oriented,0,0,0,1,0.7089,0.6387,0.7537,0.7709,0.6667,163.23,0.95,average,28,4,98.35,18.29,12.64,40.9,Medium,Medium Risk,96.34,95.94,74.98,79.29,94.53,84.67,87.39,96.19,0,None,0
STU0726,2024,9,good,72.22,143,198,89.58,10.07,51.8,100.0,95,23.3,science_oriented,0,0,0,0,0.7179,0.6429,0.7538,0.7709,0.6667,163.37,0.95,average,43,4,100.0,9.81,12.6,37.56,Medium,Medium Risk,97.24,94.9,79.35,81.38,94.47,85.16,87.6,96.32,0,None,0
STU0726,2025,10,good,73.06,141,193,90.28,9.5,53.8,100.0,95,23.3,science_oriented,0,0,0,0,0.7101,0.6419,0.7526,0.7709,0.6667,105.02,0.95,average,35,2,100.0,9.69,12.62,37.51,Medium,Medium Risk,97.27,94.55,78.73,83.82,94.46,88.25,88.25,96.22,0,None,0
STU0727,2023,8,good,82.5,165,200,82.48,12.11,41.5,100.0,107,8.7,balanced,0,0,0,1,0.8033,0.5958,0.8253,0.7384,0.6667,121.38,0.9256,good,18,1,66.25,18.94,13.01,31.65,Medium,Medium Risk,97.37,77.48,94.12,83.53,80.28,70.56,81.47,82.92,0,None,0
STU0727,2024,9,good,75.76,150,198,85.68,10.9,51.3,100.0,107,8.7,balanced,0,0,0,0,0.7949,0.6129,0.8308,0.7384,0.6667,97.52,0.9256,good,31,4,100.0,9.83,12.76,37.61,Medium,Medium Risk,96.9,81.98,95.88,87.56,85.17,74.61,84.95,86.65,0,None,0
STU0727,2025,10,good,78.24,151,193,88.6,9.95,49.7,100.0,107,8.7,balanced,0,0,0,1,0.7984,0.604,0.8261,0.7384,0.6667,172.22,0.9256,good,26,2,93.23,16.59,12.92,38.67,Medium,Medium Risk,97.82,82.39,95.6,89.66,88.76,80.03,87.64,91.58,0,None,0
STU0728,2023,8,moderate,70.5,141,200,93.25,7.85,53.2,100.0,124,11.6,science_oriented,0,0,0,0,0.7604,0.6059,0.7691,0.6349,0.3333,62.3,0.7689,excellent,24,0,92.65,7.49,18.17,35.71,Medium,Medium Risk,92.05,88.38,92.06,89.8,97.68,96.65,96.3,91.22,0,None,0
STU0728,2024,9,moderate,73.23,145,198,94.4,6.71,60.3,100.0,124,11.6,science_oriented,0,0,0,0,0.7692,0.6,0.7692,0.6349,0.3333,37.93,0.7689,excellent,27,2,99.74,6.86,18.23,37.56,Medium,Medium Risk,93.0,91.23,92.37,91.89,97.56,97.14,96.77,93.02,1,Parent Meeting,0
STU0728,2025,10,moderate,68.39,132,193,95.13,6.1,59.4,100.0,124,11.6,science_oriented,0,0,0,0,0.7628,0.5975,0.7684,0.6349,0.3333,78.88,0.7689,excellent,32,0,100.0,6.69,18.27,37.58,High,High Risk,94.15,92.01,94.8,93.74,97.73,97.31,97.54,92.83,0,None,0
STU0729,2023,8,excellent,87.0,174,200,95.96,4.99,70.7,100.0,109,21.1,language_oriented,1,0,0,0,0.9485,0.8914,0.9846,0.7181,0.3333,124.18,0.8139,excellent,14,2,51.1,2.65,9.75,18.96,Low,Low Risk,97.81,97.01,95.19,97.67,97.84,95.68,90.67,97.57,0,None,0
STU0729,2024,9,excellent,88.89,176,198,96.73,4.22,61.9,100.0,109,21.1,language_oriented,1,0,0,0,0.9487,0.8919,0.9846,0.7181,0.3333,171.02,0.8139,excellent,12,3,43.78,2.33,9.74,16.62,Low,Low Risk,97.54,97.85,97.29,97.6,98.09,96.28,92.7,97.61,0,None,0
STU0729,2025,10,excellent,88.6,171,193,96.9,3.68,73.0,100.0,109,21.1,language_oriented,1,0,0,0,0.9473,0.8887,0.9842,0.7181,0.3333,161.75,0.8139,excellent,10,2,37.98,2.29,9.78,14.87,Low,Low Risk,97.72,97.73,96.67,97.78,97.79,96.49,93.9,98.12,0,None,0
STU0730,2023,8,good,74.5,149,200,67.38,15.51,18.5,100.0,99,17.6,balanced,0,1,1,0,0.7518,0.6813,0.7846,0.8199,0.6667,107.85,0.8358,excellent,22,0,83.85,33.01,32.48,48.13,Medium,Medium Risk,77.9,55.21,70.7,75.98,81.28,50.98,63.44,73.0,0,None,0
STU0730,2024,9,good,83.33,165,198,69.39,16.19,12.4,100.0,99,17.6,balanced,0,1,1,0,0.7436,0.6897,0.7846,0.8199,0.6667,124.9,0.8358,excellent,16,0,59.67,32.37,32.4,40.57,Medium,Medium Risk,80.99,56.83,73.45,79.08,83.8,51.8,66.58,75.02,0,None,0
STU0730,2025,10,good,77.2,149,193,70.88,15.71,27.0,100.0,99,17.6,balanced,0,1,1,0,0.7457,0.682,0.7842,0.8199,0.6667,150.7,0.8358,excellent,18,1,69.96,31.73,32.48,43.39,Medium,Medium Risk,81.86,58.57,74.11,80.0,83.58,53.43,67.62,77.09,0,None,0
STU0731,2023,8,good,80.0,160,200,81.83,15.05,30.8,100.0,116,12.2,language_oriented,0,0,1,0,0.7439,0.6557,0.7643,0.7715,0.6667,154.93,0.9046,average,30,3,100.0,27.39,12.98,45.57,Medium,Medium Risk,97.19,81.38,73.37,97.41,86.77,64.38,71.23,96.22,0,None,0
STU0731,2024,9,good,78.28,155,198,84.48,13.95,31.3,100.0,116,12.2,language_oriented,0,0,1,0,0.7436,0.6552,0.7692,0.7715,0.6667,102.97,0.9046,average,31,3,100.0,26.34,12.91,45.08,Medium,Medium Risk,97.65,85.75,75.89,96.89,87.55,67.9,76.68,97.0,0,None,0
STU0731,2025,10,good,77.72,150,193,86.98,12.63,40.5,100.0,116,12.2,language_oriented,0,0,0,1,0.7457,0.659,0.7684,0.7715,0.6667,140.03,0.9046,average,29,6,100.0,18.29,12.89,41.45,Medium,Medium Risk,97.38,89.91,82.15,97.39,91.52,71.61,80.1,97.23,1,Parent Meeting,1
STU0732,2023,8,irregular,53.5,107,200,44.3,20.1,6.4,100.0,84,4.0,science_oriented,0,0,2,5,0.4185,0.388,0.5283,0.8455,0.6667,32.38,0.5633,average,59,1,100.0,100.0,42.84,85.71,High,High Risk,58.98,35.51,36.51,35.62,78.31,56.4,20.74,37.92,0,None,0
STU0732,2024,9,irregular,55.05,109,198,44.94,20.45,4.0,100.0,84,4.0,science_oriented,0,0,3,4,0.4103,0.375,0.5231,0.8455,0.6667,37.65,0.5633,average,63,2,100.0,100.0,43.05,85.76,High,High Risk,56.51,33.44,38.03,37.05,81.29,57.02,21.34,38.77,0,None,0
STU0732,2025,10,irregular,56.99,110,193,46.6,20.59,6.7,100.0,84,4.0,science_oriented,0,0,3,4,0.4124,0.3833,0.5265,0.8455,0.6667,21.98,0.5633,average,62,2,100.0,100.0,42.91,85.73,High,High Risk,60.44,34.44,37.34,36.26,80.72,58.43,22.49,42.01,1,Tutoring,1
STU0733,2023,8,moderate,68.0,136,200,61.58,12.86,22.5,100.0,80,16.8,science_oriented,1,0,1,1,0.6667,0.5386,0.7382,0.6568,0.6667,93.27,0.8274,good,36,1,100.0,45.03,17.99,54.76,High,High Risk,70.27,49.32,59.63,64.03,62.32,57.4,74.78,55.34,0,None,0
STU0733,2024,9,moderate,60.61,120,198,63.0,13.25,22.3,100.0,80,16.8,science_oriented,1,0,1,1,0.6667,0.5385,0.7385,0.6568,0.6667,74.2,0.8274,good,41,1,100.0,44.46,17.99,54.51,High,High Risk,73.91,49.75,59.89,65.58,62.47,59.09,77.39,57.56,0,None,0
STU0733,2025,10,moderate,68.39,132,193,65.11,12.93,20.2,100.0,80,16.8,science_oriented,1,0,1,0,0.6667,0.5395,0.7368,0.6568,0.6667,68.28,0.8274,good,32,1,100.0,35.62,18.01,50.53,High,High Risk,74.63,53.36,61.48,67.62,63.38,60.33,79.66,60.4,1,Parent Meeting,0
STU0734,2023,8,moderate,63.5,127,200,32.72,14.63,7.0,77.7,103,4.1,balanced,0,0,7,2,0.3076,0.2512,0.3382,0.6961,0.6667,97.03,0.3464,poor,65,9,100.0,100.0,53.3,88.32,High,High Risk,34.36,30.72,33.9,51.78,21.75,16.68,39.74,39.39,0,None,0
STU0734,2024,9,moderate,54.04,107,198,34.62,14.35,6.5,85.0,103,4.1,balanced,0,0,6,3,0.3077,0.25,0.3385,0.6961,0.6667,64.25,0.3464,poor,79,8,100.0,100.0,53.3,88.33,High,High Risk,37.12,32.13,34.73,52.8,25.77,17.71,41.31,41.27,1,Counseling,1
STU0734,2025,10,moderate,65.8,127,193,39.51,14.72,6.2,85.4,103,4.1,balanced,0,0,3,6,0.307,0.2576,0.3368,0.6961,0.6667,49.48,0.3464,poor,59,7,100.0,100.0,53.25,88.31,High,High Risk,40.01,39.0,39.79,58.1,27.97,22.82,46.98,44.88,0,None,0
STU0735,2023,8,moderate,61.0,122,200,77.21,13.89,36.9,100.0,119,5.1,science_oriented,1,0,0,1,0.7604,0.6632,0.7691,0.6217,0.3333,42.2,0.7444,good,45,4,100.0,21.91,38.23,49.42,High,High Risk,67.73,62.82,79.43,83.59,82.89,89.19,84.44,63.19,0,None,0
STU0735,2024,9,moderate,64.65,128,198,79.64,12.83,40.5,100.0,119,5.1,science_oriented,1,0,0,1,0.7692,0.6667,0.7692,0.6217,0.3333,50.38,0.7444,good,36,1,100.0,20.76,38.19,48.89,High,High Risk,70.62,66.85,82.58,83.84,85.4,90.19,85.8,66.17,1,Study Skills Workshop,1
STU0735,2025,10,moderate,60.1,116,193,81.69,13.18,41.0,100.0,119,5.1,science_oriented,1,0,0,1,0.7628,0.6667,0.7684,0.6217,0.3333,106.95,0.7444,good,48,1,100.0,20.07,38.21,48.58,High,High Risk,72.24,68.23,86.08,88.07,86.92,92.91,87.73,68.33,1,Study Skills Workshop,0
STU0736,2023,8,moderate,65.0,130,200,83.15,11.78,43.4,100.0,85,14.9,science_oriented,0,0,0,1,0.6924,0.5929,0.7691,0.6248,0.3333,104.93,0.7968,average,48,5,100.0,20.89,18.09,43.92,High,High Risk,83.82,83.38,70.64,87.16,93.43,83.89,85.52,76.84,0,None,0
STU0736,2024,9,moderate,67.17,133,198,86.48,10.72,51.2,100.0,85,14.9,science_oriented,0,0,0,0,0.6923,0.5926,0.7692,0.6248,0.3333,82.07,0.7968,average,43,2,100.0,11.56,18.09,39.73,High,High Risk,85.54,85.0,76.7,91.19,94.94,87.63,88.43,82.33,1,Counseling,1
STU0736,2025,10,moderate,68.91,133,193,88.64,10.04,44.2,100.0,85,14.9,science_oriented,0,0,0,1,0.693,0.5951,0.7684,0.6248,0.3333,37.57,0.7968,average,44,2,100.0,18.68,18.08,42.93,High,High Risk,88.45,87.91,78.59,92.42,95.56,89.29,90.7,84.61,1,Counseling,1
STU0737,2023,8,good,85.5,171,200,94.31,7.34,55.9,100.0,96,14.9,balanced,0,0,0,0,0.9228,0.6946,0.9691,0.7727,0.6667,143.62,0.8853,average,22,4,76.15,3.82,9.78,27.01,Low,Low Risk,96.74,97.26,97.87,97.24,96.88,91.63,85.36,95.48,0,None,0
STU0737,2024,9,good,80.3,159,198,94.12,7.24,59.7,100.0,96,14.9,balanced,0,0,0,0,0.9231,0.6944,0.9692,0.7727,0.6667,168.45,0.8853,average,25,8,88.79,3.89,9.78,30.83,Medium,Medium Risk,96.09,97.01,97.82,96.74,96.97,90.81,85.89,95.73,0,None,0
STU0737,2025,10,good,78.76,152,193,94.1,7.31,53.3,100.0,96,14.9,balanced,0,0,0,0,0.9209,0.6953,0.9684,0.7727,0.6667,101.32,0.8853,average,27,4,95.87,3.94,9.79,32.98,Medium,Medium Risk,96.54,97.49,97.68,97.2,96.84,90.34,85.9,95.1,0,None,0
STU0738,2023,8,excellent,89.5,179,200,96.25,4.47,72.5,100.0,118,23.3,science_oriented,0,0,0,0,0.8548,0.8,0.9283,0.7114,0.6667,94.0,0.8462,average,15,1,52.35,4.4,11.15,20.47,Low,Low Risk,95.25,96.19,94.95,95.04,98.0,97.1,97.2,95.32,0,None,0
STU0738,2024,9,excellent,85.86,170,198,96.23,4.49,71.5,100.0,118,23.3,science_oriented,0,0,0,0,0.8462,0.7879,0.9231,0.7114,0.6667,98.98,0.8462,average,17,2,60.9,4.58,11.35,23.17,Low,Low Risk,94.72,96.47,94.24,95.33,97.16,97.47,97.72,95.54,0,None,0
STU0738,2025,10,excellent,84.97,164,193,96.52,3.91,71.7,100.0,118,23.3,science_oriented,0,0,0,0,0.8511,0.7941,0.9265,0.7114,0.6667,92.08,0.8462,average,21,5,73.52,4.37,11.24,26.83,Medium,Medium Risk,94.77,96.7,94.68,96.15,97.57,97.29,97.45,96.63,0,None,0
STU0739,2023,8,moderate,73.5,147,200,79.41,14.63,22.6,100.0,103,15.5,language_oriented,1,0,1,0,0.7954,0.6664,0.8717,0.5669,0.3333,36.35,0.95,good,28,5,100.0,27.33,14.67,45.97,Medium,Medium Risk,86.28,91.4,83.25,78.99,70.87,59.4,79.08,91.31,0,None,0
STU0739,2024,9,moderate,70.71,140,198,82.26,14.59,36.2,100.0,103,15.5,language_oriented,1,0,0,1,0.7949,0.6774,0.8769,0.5669,0.3333,61.38,0.95,good,35,1,100.0,19.2,14.48,42.26,Medium,Medium Risk,90.69,91.99,88.4,82.72,74.54,61.06,83.33,94.96,1,Study Group,0
STU0739,2025,10,moderate,70.47,136,193,85.08,12.98,38.6,100.0,103,15.5,language_oriented,1,0,0,1,0.7984,0.67,0.8735,0.5669,0.3333,99.03,0.95,good,29,1,100.0,18.0,14.61,41.75,Medium,Medium Risk,92.95,93.98,89.34,87.19,78.95,66.08,84.7,95.47,0,None,0
STU0740,2023,8,excellent,85.5,171,200,93.1,7.98,56.4,100.0,108,21.3,science_oriented,1,0,0,0,0.9148,0.8413,0.9846,0.653,0.6667,113.32,0.8855,below_average,24,4,82.15,4.46,10.48,29.27,Low,Low Risk,95.48,94.13,86.75,86.4,96.59,95.83,97.14,89.51,0,None,0
STU0740,2024,9,excellent,81.31,161,198,93.75,7.14,56.1,100.0,108,21.3,science_oriented,1,0,0,0,0.9231,0.8333,0.9846,0.653,0.6667,153.85,0.8855,below_average,30,7,100.0,4.04,10.55,34.46,Medium,Medium Risk,96.51,95.55,89.91,87.76,96.42,96.16,97.03,88.97,0,None,0
STU0740,2025,10,excellent,82.38,159,193,93.44,7.56,47.4,100.0,108,21.3,science_oriented,1,0,0,1,0.9209,0.8384,0.9842,0.653,0.6667,142.88,0.8855,below_average,29,5,99.33,12.2,10.51,37.92,Medium,Medium Risk,95.79,94.2,88.7,88.33,96.92,95.68,97.32,88.71,1,Academic Advising,1
STU0741,2023,8,moderate,66.0,132,200,70.35,16.17,27.7,100.0,109,8.6,language_oriented,0,0,1,0,0.5815,0.4709,0.682,0.6231,0.3333,81.07,0.8151,good,45,4,100.0,35.23,20.37,50.95,High,High Risk,74.41,64.89,62.85,91.92,64.54,65.47,54.78,89.41,0,None,0
STU0741,2024,9,moderate,58.59,116,198,71.96,16.02,31.5,100.0,109,8.6,language_oriented,0,0,1,0,0.5897,0.4783,0.6769,0.6231,0.3333,53.9,0.8151,good,44,2,100.0,34.42,20.38,50.58,High,High Risk,73.99,68.65,68.05,92.51,62.5,69.21,55.51,91.99,1,Counseling,1
STU0741,2025,10,moderate,70.47,136,193,74.15,15.4,16.9,100.0,109,8.6,language_oriented,0,0,1,0,0.5876,0.4776,0.6791,0.6231,0.3333,95.57,0.8151,good,28,2,100.0,33.59,20.35,50.2,Medium,Medium Risk,77.4,71.87,69.15,93.45,66.24,69.58,58.96,92.62,0,None,0
STU0742,2023,8,good,81.5,163,200,92.9,7.95,54.6,100.0,103,12.0,practical,1,0,0,0,0.9406,0.8358,0.9846,0.8296,0.6667,165.97,0.8855,good,20,4,72.95,4.03,7.0,25.45,Medium,Medium Risk,97.94,84.6,95.09,88.74,95.15,89.33,96.47,97.4,0,None,0
STU0742,2024,9,good,80.3,159,198,93.49,7.48,56.5,100.0,103,12.0,practical,1,0,0,0,0.9487,0.8378,0.9846,0.8296,0.6667,131.0,0.8855,good,20,3,73.79,3.63,6.98,25.52,Medium,Medium Risk,97.85,87.89,94.37,90.08,94.65,89.42,96.94,97.46,0,None,0
STU0742,2025,10,good,82.9,160,193,94.07,7.0,58.9,100.0,103,12.0,practical,1,0,0,0,0.9473,0.8331,0.9842,0.8296,0.6667,163.85,0.8855,good,21,9,74.97,3.43,7.03,25.79,Medium,Medium Risk,98.05,88.48,94.66,91.78,95.03,90.71,97.33,97.55,0,None,0
STU0743,2023,8,good,79.0,158,200,48.6,17.94,6.6,98.8,97,11.1,science_oriented,1,1,3,3,0.7003,0.5975,0.7228,0.815,0.6667,154.92,0.6215,good,28,1,98.7,95.55,37.56,82.0,High,High Risk,67.75,47.31,34.43,40.63,66.87,56.43,52.64,24.85,0,None,0
STU0743,2024,9,good,80.81,160,198,53.67,18.1,6.3,98.8,97,11.1,science_oriented,1,1,2,2,0.6923,0.5926,0.7231,0.815,0.6667,79.43,0.6215,good,21,3,76.43,70.69,37.61,64.14,High,High Risk,73.6,52.98,39.4,45.33,70.2,59.16,56.38,26.94,1,Mentoring Program,0
STU0743,2025,10,good,73.06,141,193,57.4,18.01,7.7,100.0,97,11.1,science_oriented,1,1,2,2,0.693,0.5951,0.7209,0.815,0.6667,176.53,0.6215,good,32,1,100.0,69.18,37.61,70.53,High,High Risk,78.83,57.03,40.19,48.14,74.51,64.07,61.74,32.67,1,Mentoring Program,1
STU0744,2023,8,good,71.5,143,200,62.32,13.18,19.9,95.6,113,4.9,balanced,0,0,1,1,0.7261,0.6473,0.7335,0.7882,0.6667,80.03,0.7954,poor,50,11,100.0,43.55,34.83,58.3,Medium,Medium Risk,73.92,44.55,61.2,64.55,66.87,68.52,63.26,58.82,0,None,0
STU0744,2024,9,good,73.23,145,198,65.93,13.05,19.1,98.9,113,4.9,balanced,0,0,1,1,0.7179,0.6429,0.7385,0.7882,0.6667,120.85,0.7954,poor,43,8,100.0,42.27,34.8,57.72,Medium,Medium Risk,76.09,48.8,62.83,71.26,72.71,71.2,65.2,61.71,0,None,0
STU0744,2025,10,good,78.76,152,193,69.34,12.74,27.7,98.7,113,4.9,balanced,0,0,1,0,0.7194,0.6465,0.7368,0.7882,0.6667,104.27,0.7954,poor,33,8,100.0,32.88,34.79,53.49,Medium,Medium Risk,80.5,52.96,68.48,73.5,72.52,73.83,68.92,66.08,1,Academic Advising,1
STU0745,2023,8,good,73.5,147,200,64.8,21.04,15.4,100.0,109,11.7,science_oriented,0,0,1,2,0.7518,0.5566,0.8511,0.788,0.6667,127.03,0.6807,below_average,37,5,100.0,50.04,15.7,56.44,Medium,Medium Risk,42.52,51.23,57.99,37.02,79.94,90.9,79.82,57.75,0,None,0
STU0745,2024,9,good,72.73,144,198,68.66,20.07,11.5,100.0,109,11.7,science_oriented,0,0,1,2,0.7436,0.5517,0.8462,0.788,0.6667,118.2,0.6807,below_average,46,7,100.0,48.66,15.82,55.85,Medium,Medium Risk,46.8,55.17,63.29,42.6,84.56,93.77,81.9,61.43,0,None,0
STU0745,2025,10,good,73.58,142,193,71.66,19.84,23.7,100.0,109,11.7,science_oriented,0,0,1,2,0.7457,0.553,0.8474,0.788,0.6667,155.47,0.6807,below_average,43,2,100.0,47.42,15.79,55.29,Medium,Medium Risk,47.59,58.79,67.42,47.49,85.18,94.6,87.97,65.41,1,Parent Meeting,0
STU0746,2023,8,good,72.5,145,200,82.81,12.9,35.4,100.0,100,20.1,science_oriented,1,1,0,1,0.7604,0.5954,0.8463,0.8228,0.6667,120.67,0.7757,excellent,23,0,88.25,19.67,33.26,43.64,Medium,Medium Risk,74.04,85.81,80.65,77.98,84.48,85.98,95.73,71.51,0,None,0
STU0746,2024,9,good,78.79,156,198,85.42,11.81,42.5,100.0,100,20.1,science_oriented,1,1,0,1,0.7692,0.6,0.8462,0.8228,0.6667,173.82,0.7757,excellent,24,4,86.85,18.45,33.22,42.66,Medium,Medium Risk,80.04,88.25,83.11,81.03,86.48,87.63,95.79,76.57,0,None,0
STU0746,2025,10,good,74.61,144,193,87.88,10.91,49.7,100.0,100,20.1,science_oriented,1,1,0,1,0.7628,0.5975,0.8474,0.8228,0.6667,78.9,0.7757,excellent,28,1,100.0,17.59,33.22,46.22,Medium,Medium Risk,83.21,91.72,85.26,82.82,89.93,90.35,96.95,78.95,1,Academic Advising,1
STU0747,2023,8,excellent,89.0,178,200,80.07,12.64,33.4,100.0,96,27.3,science_oriented,0,1,1,0,0.8291,0.7731,0.882,0.711,0.6667,176.75,0.692,average,14,0,49.7,26.39,34.44,35.4,Medium,Medium Risk,78.87,78.82,79.67,66.72,95.47,78.77,76.85,85.65,0,None,0
STU0747,2024,9,excellent,86.87,172,198,83.08,11.7,42.1,100.0,96,27.3,science_oriented,0,1,0,1,0.8205,0.7812,0.8769,0.711,0.6667,104.37,0.692,average,16,4,57.19,18.36,34.43,34.03,Low,Low Risk,81.1,82.51,83.87,71.61,95.85,81.78,81.86,86.3,0,None,0
STU0747,2025,10,excellent,92.23,178,193,85.91,11.19,47.5,100.0,96,27.3,science_oriented,0,1,0,1,0.8248,0.7764,0.8791,0.711,0.6667,139.7,0.692,average,10,3,35.44,17.14,34.45,26.96,Low,Low Risk,85.1,84.81,86.89,76.12,97.3,84.59,83.6,89.15,0,None,0
STU0748,2023,8,moderate,71.0,142,200,61.41,12.84,20.1,100.0,111,5.6,balanced,0,0,1,0,0.6667,0.6158,0.7537,0.6729,0.3333,100.87,0.7794,poor,52,3,100.0,37.1,37.39,56.04,Medium,Medium Risk,51.05,56.89,62.06,74.79,66.23,52.38,62.2,67.18,0,None,0
STU0748,2024,9,moderate,60.61,120,198,64.11,12.66,23.0,99.0,111,5.6,balanced,0,0,1,0,0.6667,0.6154,0.7538,0.6729,0.3333,67.67,0.7794,poor,67,7,100.0,36.02,37.39,55.56,High,High Risk,53.5,60.6,65.06,73.82,70.55,54.23,64.17,71.63,1,Parent Meeting,0
STU0748,2025,10,moderate,69.43,134,193,67.0,13.19,22.2,100.0,111,5.6,balanced,0,0,1,0,0.6667,0.6186,0.7526,0.6729,0.3333,69.3,0.7794,poor,50,8,100.0,34.87,37.38,55.03,High,High Risk,56.09,64.91,67.44,79.72,73.86,56.13,66.83,74.83,0,None,0
STU0749,2023,8,moderate,62.5,125,200,85.47,11.68,39.8,100.0,99,11.9,science_oriented,1,0,0,1,0.7604,0.6293,0.8562,0.6606,0.6667,63.28,0.8922,excellent,36,3,100.0,18.61,14.27,41.94,High,High Risk,90.13,87.12,76.42,81.33,84.42,87.33,95.78,77.39,0,None,0
STU0749,2024,9,moderate,66.67,132,198,87.66,11.13,48.0,100.0,99,11.9,science_oriented,1,0,0,1,0.7692,0.6333,0.8615,0.6606,0.6667,88.62,0.8922,excellent,38,1,100.0,17.55,14.15,41.43,High,High Risk,91.24,90.73,79.35,85.41,88.4,89.89,96.76,77.12,1,Parent Meeting,0
STU0749,2025,10,moderate,69.43,134,193,88.95,10.44,39.7,100.0,99,11.9,science_oriented,1,0,0,1,0.7628,0.6321,0.8577,0.6606,0.6667,61.75,0.8922,excellent,31,2,100.0,17.16,14.22,41.28,High,High Risk,92.06,92.47,79.56,85.8,89.29,90.92,96.91,80.78,1,Mentoring Program,0
STU0750,2023,8,moderate,60.0,120,200,64.64,16.75,8.7,100.0,109,11.0,science_oriented,1,0,1,1,0.538,0.4281,0.6309,0.5929,0.6667,36.67,0.8508,good,47,1,100.0,46.38,21.64,56.28,High,High Risk,60.34,69.06,36.72,58.07,91.2,66.08,66.09,61.64,0,None,0
STU0750,2024,9,moderate,67.17,133,198,68.36,16.2,20.7,100.0,109,11.0,science_oriented,1,0,1,1,0.5385,0.4286,0.6308,0.5929,0.6667,47.82,0.8508,good,34,1,100.0,44.89,21.63,55.61,High,High Risk,62.05,73.99,43.08,59.48,91.85,70.86,71.03,65.05,0,None,0
STU0750,2025,10,moderate,60.1,116,193,71.83,15.97,18.7,100.0,109,11.0,science_oriented,1,0,1,1,0.5349,0.4261,0.6316,0.5929,0.6667,101.37,0.8508,good,53,1,100.0,43.57,21.65,55.02,High,High Risk,68.45,78.07,44.95,64.36,93.51,74.03,74.4,70.28,1,Counseling,1
STU0751,2023,8,good,77.0,154,200,85.76,10.5,48.5,100.0,93,18.4,balanced,0,0,0,1,0.8548,0.7698,0.918,0.849,0.6667,136.97,0.95,excellent,20,1,76.1,16.6,7.3,32.13,Medium,Medium Risk,90.24,83.37,85.43,94.47,80.38,81.84,87.65,86.19,0,None,0
STU0751,2024,9,good,79.8,158,198,88.13,9.96,51.8,100.0,93,18.4,balanced,0,0,0,0,0.8462,0.7576,0.9231,0.849,0.6667,159.95,0.95,excellent,21,0,77.14,7.83,7.35,28.5,Medium,Medium Risk,89.78,85.34,87.74,96.97,84.04,84.53,89.84,88.91,0,None,0
STU0751,2025,10,good,81.87,158,193,90.16,9.22,44.6,100.0,93,18.4,balanced,0,0,0,1,0.8511,0.7631,0.9209,0.849,0.6667,172.03,0.95,excellent,17,2,63.69,14.91,7.33,27.65,Medium,Medium Risk,92.71,89.6,89.11,97.16,87.3,85.68,91.58,90.97,1,Academic Advising,0
STU0752,2023,8,moderate,52.0,104,200,95.48,5.72,63.2,100.0,114,21.0,language_oriented,0,0,0,0,0.7776,0.7038,0.7846,0.6807,0.6667,69.7,0.95,average,73,3,100.0,6.26,13.33,36.15,High,High Risk,97.75,97.95,97.93,97.84,96.98,93.08,89.1,97.2,0,None,0
STU0752,2024,9,moderate,59.6,118,198,95.7,5.88,61.4,100.0,114,21.0,language_oriented,0,0,0,0,0.7692,0.7,0.7846,0.6807,0.6667,40.15,0.95,average,63,2,100.0,6.34,13.37,36.19,High,High Risk,98.01,98.22,97.46,97.88,97.02,92.44,90.31,97.39,1,Mentoring Program,0
STU0752,2025,10,moderate,54.92,106,193,96.31,4.61,59.7,100.0,114,21.0,language_oriented,0,0,0,0,0.7721,0.7048,0.7842,0.6807,0.6667,48.32,0.95,average,63,3,100.0,6.03,13.33,36.05,High,High Risk,97.84,97.64,97.36,97.74,97.3,95.15,92.11,97.64,1,Study Skills Workshop,1
STU0753,2023,8,excellent,89.0,178,200,86.25,12.02,46.3,100.0,105,12.9,science_oriented,0,0,0,1,0.8805,0.6695,0.9129,0.6445,0.6667,92.17,0.8396,excellent,12,1,43.7,15.89,14.13,23.79,Low,Low Risk,82.35,76.49,89.72,85.11,90.11,96.15,94.5,71.26,0,None,0
STU0753,2024,9,excellent,85.35,169,198,88.08,10.94,51.4,100.0,105,12.9,science_oriented,0,0,0,0,0.8718,0.6765,0.9077,0.6445,0.6667,91.18,0.8396,excellent,12,1,46.25,7.33,14.14,20.71,Low,Low Risk,83.75,79.36,91.31,88.65,91.38,95.9,95.8,75.61,0,None,0
STU0753,2025,10,excellent,86.53,167,193,89.39,10.98,39.7,100.0,105,12.9,science_oriented,0,0,0,1,0.8775,0.6697,0.9107,0.6445,0.6667,120.78,0.8396,excellent,14,0,51.43,14.69,14.16,25.58,Low,Low Risk,87.16,78.62,93.52,89.13,94.2,96.68,95.85,77.49,0,None,0
STU0754,2023,8,good,76.5,153,200,58.42,12.56,22.0,96.4,102,7.7,language_oriented,0,0,1,1,0.5894,0.4782,0.6357,0.7906,0.6667,88.12,0.4973,good,29,1,100.0,47.84,42.41,62.13,High,High Risk,61.88,74.42,56.16,47.42,63.62,58.62,51.43,55.38,0,None,0
STU0754,2024,9,good,79.8,158,198,62.75,12.45,25.6,100.0,102,7.7,language_oriented,0,0,1,0,0.5897,0.4783,0.6308,0.7906,0.6667,97.72,0.4973,good,20,4,74.14,38.11,42.49,50.01,Medium,Medium Risk,68.17,79.76,59.6,52.6,65.11,62.88,55.74,59.51,1,Tutoring,1
STU0754,2025,10,good,74.09,143,193,66.61,12.88,23.9,100.0,102,7.7,language_oriented,0,0,1,0,0.5876,0.4776,0.6316,0.7906,0.6667,80.77,0.4973,good,27,3,99.13,36.6,42.48,56.83,Medium,Medium Risk,72.32,83.74,61.79,56.28,72.36,65.31,59.25,62.63,0,None,0
STU0755,2023,8,good,79.0,158,200,56.26,15.54,7.8,99.2,82,10.6,balanced,1,0,1,2,0.6667,0.5386,0.7537,0.7458,0.6667,141.92,0.4888,good,23,3,83.7,55.16,21.06,55.2,Medium,Medium Risk,75.43,61.22,36.37,52.49,46.64,64.73,61.65,50.24,0,None,0
STU0755,2024,9,good,74.24,147,198,57.48,15.53,7.7,99.4,82,10.6,balanced,1,0,1,2,0.6667,0.5385,0.7538,0.7458,0.6667,131.98,0.4888,good,28,3,100.0,54.67,21.06,59.87,Medium,Medium Risk,75.33,58.87,36.5,55.46,49.33,67.09,61.98,51.65,0,None,0
STU0755,2025,10,good,77.72,150,193,58.89,15.53,17.9,100.0,82,10.6,balanced,1,0,1,1,0.6667,0.5395,0.7526,0.7458,0.6667,81.55,0.4888,good,23,1,84.6,46.11,21.07,51.39,Medium,Medium Risk,75.9,60.43,39.25,54.76,51.07,69.99,66.51,52.43,0,None,0
STU0756,2023,8,moderate,59.0,118,200,74.13,13.62,37.9,100.0,92,14.1,balanced,1,0,0,1,0.6152,0.5,0.6618,0.6339,0.6667,80.32,0.8218,excellent,37,0,100.0,26.04,20.07,46.74,High,High Risk,68.67,91.73,68.85,86.24,68.75,67.62,75.91,66.2,0,None,0
STU0756,2024,9,moderate,69.19,137,198,77.29,13.4,29.6,100.0,92,14.1,balanced,1,0,1,0,0.6154,0.5,0.6615,0.6339,0.6667,84.98,0.8218,excellent,27,0,100.0,31.78,20.07,49.32,High,High Risk,72.22,94.0,73.36,88.51,72.73,70.79,78.54,70.01,0,None,0
STU0756,2025,10,moderate,61.14,118,193,79.94,12.99,44.2,100.0,92,14.1,balanced,1,0,0,1,0.614,0.5,0.6632,0.6339,0.6667,74.97,0.8218,excellent,35,2,100.0,23.74,20.05,45.7,High,High Risk,74.28,94.27,75.14,91.01,77.26,73.83,82.07,72.14,1,Mentoring Program,1
STU0757,2023,8,moderate,61.5,123,200,67.85,14.36,17.0,100.0,90,12.1,science_oriented,0,0,1,0,0.5215,0.41,0.5846,0.6068,0.3333,42.57,0.7113,excellent,36,1,100.0,37.43,24.33,52.93,High,High Risk,56.74,64.75,63.12,82.27,79.11,59.63,79.3,57.77,0,None,0
STU0757,2024,9,moderate,60.61,120,198,71.06,14.3,30.5,100.0,90,12.1,science_oriented,0,0,1,0,0.5128,0.4,0.5846,0.6068,0.3333,38.65,0.7113,excellent,35,1,100.0,36.32,24.43,52.45,High,High Risk,61.58,66.27,67.98,86.92,82.75,61.09,81.29,61.54,1,Tutoring,1
STU0757,2025,10,moderate,60.62,117,193,74.74,14.11,25.4,100.0,90,12.1,science_oriented,0,0,1,0,0.5178,0.407,0.5842,0.6068,0.3333,99.87,0.7113,excellent,45,2,100.0,34.75,24.36,51.73,High,High Risk,69.05,69.14,69.48,90.09,84.1,65.32,85.86,65.16,1,Tutoring,1
STU0758,2023,8,irregular,46.5,93,200,34.12,15.88,4.5,88.7,87,8.2,balanced,0,0,7,2,0.4106,0.3329,0.4511,0.5051,0.3333,28.8,0.4492,excellent,58,0,100.0,100.0,33.07,83.27,High,High Risk,16.33,36.09,30.27,34.31,58.63,22.03,34.06,39.6,0,None,0
STU0758,2024,9,irregular,50.51,100,198,35.54,15.32,5.8,88.5,87,8.2,balanced,0,0,5,4,0.4103,0.3125,0.4462,0.5051,0.3333,54.65,0.4492,excellent,41,0,100.0,100.0,33.34,83.34,High,High Risk,17.1,38.32,34.6,34.96,58.67,23.78,36.41,41.07,1,Parent Meeting,1
STU0758,2025,10,irregular,44.56,86,193,36.74,15.56,5.9,87.2,87,8.2,balanced,0,0,4,5,0.4124,0.3194,0.4474,0.5051,0.3333,69.23,0.4492,excellent,52,0,100.0,100.0,33.25,83.31,High,High Risk,18.27,39.55,33.68,36.18,61.5,25.36,37.31,42.86,1,Counseling,1
STU0759,2023,8,good,76.0,152,200,93.51,7.93,60.0,100.0,100,18.9,science_oriented,1,0,0,0,0.9063,0.689,0.9382,0.7577,0.6667,137.33,0.9202,average,33,6,100.0,4.47,10.08,34.53,Medium,Medium Risk,89.62,94.15,97.63,84.81,96.91,96.54,97.33,88.17,0,None,0
STU0759,2024,9,good,80.81,160,198,94.05,7.28,62.3,100.0,100,18.9,science_oriented,1,0,0,0,0.8974,0.6857,0.9385,0.7577,0.6667,161.02,0.9202,average,28,3,97.43,4.43,10.11,33.75,Medium,Medium Risk,89.76,93.84,97.65,87.2,97.76,96.61,97.62,89.84,1,Study Group,1
STU0759,2025,10,good,79.79,154,193,95.36,5.97,57.1,100.0,100,18.9,science_oriented,1,0,0,0,0.9038,0.6895,0.9368,0.7577,0.6667,82.65,0.9202,average,27,1,95.15,3.78,10.1,32.77,Medium,Medium Risk,95.7,95.21,97.7,89.55,97.42,96.64,97.75,91.67,0,None,0
STU0760,2023,8,excellent,84.0,168,200,93.32,8.09,48.6,100.0,117,26.4,science_oriented,1,1,0,1,0.8548,0.8,0.9073,0.7339,0.6667,129.0,0.8327,average,25,3,86.2,13.57,31.22,39.77,Medium,Medium Risk,95.41,88.57,97.25,90.1,96.82,97.1,96.51,83.12,0,None,0
STU0760,2024,9,excellent,84.85,168,198,94.7,7.19,53.2,100.0,117,26.4,science_oriented,1,1,0,0,0.8462,0.7879,0.9077,0.7339,0.6667,95.97,0.8327,average,19,2,67.61,5.2,31.34,30.46,Medium,Medium Risk,97.27,91.1,97.75,91.23,97.36,97.39,97.7,87.03,0,None,0
STU0760,2025,10,excellent,86.53,167,193,94.85,6.43,63.9,100.0,117,26.4,science_oriented,1,1,0,0,0.8511,0.7941,0.9051,0.7339,0.6667,95.9,0.8327,average,19,3,66.43,5.04,31.31,30.02,Low,Low Risk,97.14,92.2,97.55,91.14,97.79,97.16,97.23,88.12,0,None,0
STU0761,2023,8,good,73.5,147,200,94.22,6.59,60.7,100.0,98,15.7,language_oriented,0,0,0,0,0.7518,0.7155,0.8,0.753,0.6667,104.03,0.766,good,28,2,100.0,7.27,14.3,36.85,Medium,Medium Risk,97.81,91.38,91.57,97.16,94.03,91.86,94.52,96.02,0,None,0
STU0761,2024,9,good,78.79,156,198,93.91,7.12,57.2,100.0,98,15.7,language_oriented,0,0,0,0,0.7436,0.7241,0.8,0.753,0.6667,156.32,0.766,good,25,0,89.85,7.56,14.21,33.91,Medium,Medium Risk,98.01,90.91,89.92,97.72,94.32,92.39,94.15,95.74,1,Academic Advising,1
STU0761,2025,10,good,78.76,152,193,94.2,6.82,60.1,100.0,98,15.7,language_oriented,0,0,0,0,0.7457,0.7173,0.8,0.753,0.6667,101.57,0.766,good,27,2,95.87,7.41,14.28,35.66,Medium,Medium Risk,97.65,90.52,90.37,97.5,94.21,92.88,94.84,96.4,1,Academic Advising,1
STU0762,2023,8,irregular,44.5,89,200,45.35,14.26,7.6,87.0,91,8.7,balanced,0,0,2,6,0.5043,0.441,0.5382,0.339,0.0,38.43,0.48,good,56,1,100.0,100.0,33.54,83.38,High,High Risk,48.26,61.24,27.9,38.4,54.47,39.3,45.82,47.03,0,None,0
STU0762,2024,9,irregular,51.01,101,198,47.61,13.59,7.8,87.3,91,8.7,balanced,0,0,2,5,0.5128,0.45,0.5385,0.339,0.0,33.4,0.48,good,67,3,100.0,100.0,33.44,83.36,High,High Risk,51.62,61.23,31.05,40.91,55.47,43.62,48.08,49.06,1,Tutoring,1
STU0762,2025,10,irregular,49.74,96,193,49.46,13.61,9.5,89.9,91,8.7,balanced,0,0,2,4,0.5085,0.4481,0.5368,0.339,0.0,32.58,0.48,good,61,4,100.0,92.04,33.49,79.79,High,High Risk,53.24,63.58,34.78,41.83,57.65,43.14,49.06,52.52,0,None,0
STU0763,2023,8,excellent,85.0,170,200,73.91,13.92,34.8,100.0,98,13.8,practical,0,1,1,0,0.7346,0.5813,0.7846,0.7184,0.6667,154.25,0.919,average,23,2,79.5,30.74,34.27,46.25,Medium,Medium Risk,88.7,70.35,83.26,77.06,80.77,66.12,65.16,69.62,0,None,0
STU0763,2024,9,excellent,84.34,167,198,75.97,13.45,37.6,100.0,98,13.8,practical,0,1,0,1,0.7436,0.5862,0.7846,0.7184,0.6667,108.38,0.919,average,20,4,70.96,22.74,34.22,40.07,Medium,Medium Risk,90.4,73.43,87.87,77.97,80.91,69.28,67.31,71.09,0,None,0
STU0763,2025,10,excellent,86.53,167,193,78.24,13.32,37.9,100.0,98,13.8,practical,0,1,0,1,0.7365,0.5831,0.7842,0.7184,0.6667,134.58,0.919,average,16,2,57.43,21.98,34.25,35.68,Medium,Medium Risk,92.92,75.52,86.67,80.1,85.03,71.09,71.08,72.06,0,None,0
STU0764,2023,8,moderate,72.0,144,200,67.19,16.16,18.6,100.0,93,10.0,science_oriented,1,0,1,1,0.6072,0.4643,0.7026,0.6146,0.6667,44.57,0.5436,good,36,0,100.0,43.98,24.37,55.88,Medium,Medium Risk,65.23,59.3,54.79,71.05,92.2,75.05,67.93,49.83,0,None,0
STU0764,2024,9,moderate,72.73,144,198,70.57,15.14,29.9,100.0,93,10.0,science_oriented,1,0,1,0,0.6154,0.4583,0.7077,0.6146,0.6667,46.58,0.5436,good,27,5,100.0,34.46,24.36,51.6,Medium,Medium Risk,67.75,63.59,58.94,73.22,94.42,78.87,71.65,55.1,1,Parent Meeting,1
STU0764,2025,10,moderate,64.25,124,193,72.93,15.27,26.6,100.0,93,10.0,science_oriented,1,0,1,0,0.614,0.4571,0.7051,0.6146,0.6667,69.42,0.5436,good,39,4,100.0,33.55,24.41,51.2,High,High Risk,69.99,64.45,63.05,78.26,94.93,80.94,73.95,56.52,0,None,0
STU0765,2023,8,excellent,86.5,173,200,97.69,2.07,79.7,100.0,127,22.9,science_oriented,0,0,0,0,0.9228,0.6946,0.9846,0.6718,0.6667,174.13,0.7759,good,14,0,51.45,2.47,13.21,19.85,Low,Low Risk,97.92,98.06,97.66,97.49,97.58,97.37,97.85,97.62,0,None,0
STU0765,2024,9,excellent,86.36,171,198,97.71,2.0,75.6,100.0,127,22.9,science_oriented,0,0,0,0,0.9231,0.6944,0.9846,0.6718,0.6667,113.57,0.7759,good,17,0,60.55,2.45,13.21,22.57,Low,Low Risk,98.03,97.61,97.55,97.66,97.51,97.7,97.79,97.87,0,None,0
STU0765,2025,10,excellent,90.16,174,193,97.82,1.77,90.4,100.0,127,22.9,science_oriented,0,0,0,0,0.9209,0.6953,0.9842,0.6718,0.6667,121.45,0.7759,good,10,2,36.89,2.45,13.21,15.47,Low,Low Risk,97.83,97.72,98.02,97.83,97.89,97.67,97.77,97.94,0,None,0
STU0766,2023,8,excellent,87.5,175,200,95.15,6.88,49.6,100.0,112,24.5,language_oriented,0,0,0,1,0.8291,0.629,0.8974,0.6939,0.6667,167.95,0.95,average,19,3,65.75,13.36,12.12,28.77,Low,Low Risk,96.97,97.71,96.95,98.0,94.96,96.19,85.74,97.61,0,None,0
STU0766,2024,9,excellent,83.33,165,198,96.05,5.14,61.8,100.0,112,24.5,language_oriented,0,0,0,0,0.8205,0.625,0.8923,0.6939,0.6667,171.87,0.95,average,20,5,71.67,5.17,12.24,26.89,Medium,Medium Risk,96.74,97.73,97.48,97.76,96.05,97.03,89.39,97.74,0,None,0
STU0766,2025,10,excellent,84.46,163,193,96.77,4.09,64.0,100.0,112,24.5,language_oriented,0,0,0,0,0.8248,0.6278,0.8949,0.6939,0.6667,169.38,0.95,average,21,2,73.88,4.8,12.17,27.37,Medium,Medium Risk,97.85,98.13,97.71,97.88,96.46,97.43,91.75,97.86,0,None,0
STU0767,2023,8,good,77.5,155,200,91.45,8.65,51.1,100.0,97,14.6,science_oriented,0,0,0,0,0.8633,0.6926,0.9691,0.8615,0.6667,86.0,0.95,excellent,18,1,69.75,6.15,7.06,25.46,Medium,Medium Risk,93.38,84.79,89.88,89.05,92.71,94.31,90.83,95.75,0,None,0
STU0767,2024,9,good,78.79,156,198,92.77,7.98,53.7,100.0,97,14.6,science_oriented,0,0,0,0,0.8718,0.7059,0.9692,0.8615,0.6667,119.23,0.95,excellent,19,1,71.85,5.46,6.92,25.74,Medium,Medium Risk,94.32,86.34,90.63,88.61,94.91,95.7,93.45,96.76,0,None,0
STU0767,2025,10,good,77.2,149,193,94.11,6.78,56.9,100.0,97,14.6,science_oriented,0,0,0,0,0.8682,0.6964,0.9684,0.8615,0.6667,110.62,0.95,excellent,19,1,72.96,4.99,7.03,25.89,Medium,Medium Risk,94.89,88.82,92.04,92.22,95.36,96.59,95.03,97.03,0,None,0
STU0768,2023,8,good,78.0,156,200,90.16,9.62,33.4,100.0,102,19.0,practical,0,0,1,0,0.7518,0.6594,0.8154,0.7327,0.6667,117.22,0.8454,below_average,39,3,100.0,23.9,13.84,44.21,Medium,Medium Risk,91.23,88.63,93.75,80.33,91.57,86.89,96.65,91.69,0,None,0
STU0768,2024,9,good,75.25,149,198,91.48,8.87,42.8,100.0,102,19.0,practical,0,0,0,1,0.7436,0.6552,0.8154,0.7327,0.6667,135.42,0.8454,below_average,38,4,100.0,16.54,13.88,40.91,Medium,Medium Risk,92.77,91.95,94.31,80.1,92.2,89.36,96.95,93.59,1,Parent Meeting,0
STU0768,2025,10,good,74.09,143,193,92.28,8.31,56.1,100.0,102,19.0,practical,0,0,0,0,0.7457,0.659,0.8158,0.7327,0.6667,99.0,0.8454,below_average,40,0,100.0,8.17,13.84,37.14,Medium,Medium Risk,93.06,92.16,94.59,82.02,93.29,91.1,96.82,93.5,1,Parent Meeting,0
STU0769,2023,8,excellent,93.0,186,200,96.57,4.32,65.0,100.0,113,21.2,balanced,0,0,0,0,0.8376,0.673,0.9335,0.6799,0.6667,76.78,0.7954,below_average,11,2,37.9,4.62,13.74,16.88,Low,Low Risk,97.45,97.81,97.39,96.43,93.71,96.66,95.76,97.56,0,None,0
STU0769,2024,9,excellent,85.35,169,198,96.93,3.5,72.1,100.0,113,21.2,balanced,0,0,0,0,0.8462,0.6667,0.9385,0.6799,0.6667,162.02,0.7954,below_average,23,4,79.25,4.31,13.73,29.15,Low,Low Risk,97.88,97.3,97.29,96.96,94.65,97.07,96.48,97.77,0,None,0
STU0769,2025,10,excellent,80.83,156,193,96.85,4.02,68.9,100.0,113,21.2,balanced,0,0,0,0,0.8419,0.6667,0.9368,0.6799,0.6667,90.05,0.7954,below_average,32,7,100.0,4.42,13.75,35.43,Medium,Medium Risk,97.28,97.61,97.55,97.15,94.47,96.74,96.55,97.74,0,None,0
STU0770,2023,8,moderate,67.5,135,200,54.92,16.56,8.6,100.0,92,2.0,science_oriented,0,0,1,3,0.7003,0.524,0.8,0.6208,0.6667,103.13,0.6479,good,40,0,100.0,63.03,40.63,68.52,High,High Risk,56.23,50.0,54.22,39.32,61.8,75.92,58.18,35.94,0,None,0
STU0770,2024,9,moderate,69.19,137,198,59.32,16.67,11.5,100.0,92,2.0,science_oriented,0,0,1,2,0.6923,0.5185,0.8,0.6208,0.6667,77.98,0.6479,good,41,4,100.0,53.43,40.68,64.21,High,High Risk,58.04,53.37,58.13,43.98,65.85,80.39,63.37,40.93,1,Counseling,1
STU0770,2025,10,moderate,70.47,136,193,62.56,16.83,12.5,100.0,92,2.0,science_oriented,0,0,1,2,0.693,0.519,0.8,0.6208,0.6667,36.7,0.6479,good,29,3,100.0,52.12,40.68,63.62,High,High Risk,62.36,57.97,61.24,46.84,69.67,84.45,66.46,43.08,1,Mentoring Program,1
STU0771,2023,8,moderate,69.5,139,200,91.49,8.79,58.2,100.0,101,14.9,language_oriented,0,0,0,0,0.8548,0.78,0.918,0.7166,0.6667,77.43,0.8237,average,38,1,100.0,6.31,11.74,35.77,High,High Risk,97.7,97.81,85.67,97.62,89.92,87.24,84.94,93.93,0,None,0
STU0771,2024,9,moderate,70.71,140,198,92.53,8.16,58.2,100.0,101,14.9,language_oriented,0,0,0,0,0.8462,0.7879,0.9231,0.7166,0.6667,53.17,0.8237,average,41,4,100.0,6.07,11.59,35.63,Medium,Medium Risk,97.66,97.9,86.89,97.84,91.27,89.77,86.44,95.02,0,None,0
STU0771,2025,10,moderate,69.43,134,193,93.36,7.52,53.4,100.0,101,14.9,language_oriented,0,0,0,0,0.8511,0.7833,0.9209,0.7166,0.6667,94.3,0.8237,average,42,2,100.0,5.63,11.67,35.45,High,High Risk,97.77,98.04,90.79,97.97,91.89,89.57,88.2,95.36,0,None,0
STU0772,2023,8,good,81.5,163,200,93.56,7.01,56.4,100.0,113,17.3,balanced,0,0,0,0,0.897,0.7902,0.9026,0.7373,0.6667,127.82,0.8296,good,24,2,84.95,4.64,11.37,30.41,Medium,Medium Risk,89.89,96.73,93.15,94.03,92.34,93.47,95.5,92.33,0,None,0
STU0772,2024,9,good,76.77,152,198,95.34,5.59,62.8,100.0,113,17.3,balanced,0,0,0,0,0.8974,0.8,0.9077,0.7373,0.6667,73.4,0.8296,good,31,3,100.0,3.91,11.19,34.56,Medium,Medium Risk,93.4,96.88,95.28,96.66,93.32,95.33,96.53,94.81,1,Parent Meeting,1
STU0772,2025,10,good,78.76,152,193,96.53,4.16,67.8,100.0,113,17.3,balanced,0,0,0,0,0.8946,0.7938,0.9051,0.7373,0.6667,130.1,0.8296,good,21,0,77.87,3.49,11.3,27.76,Medium,Medium Risk,95.04,97.54,96.41,96.76,95.41,96.48,97.46,96.6,0,None,0
STU0773,2023,8,irregular,38.5,77,200,41.51,12.96,8.6,89.1,94,11.4,language_oriented,1,0,2,6,0.4106,0.3133,0.5073,0.4223,0.3333,35.68,0.2465,excellent,56,2,100.0,100.0,37.11,84.28,High,High Risk,50.89,35.86,38.67,41.15,33.95,37.82,40.02,55.57,0,None,0
STU0773,2024,9,irregular,41.41,82,198,43.9,13.06,3.8,89.1,94,11.4,language_oriented,1,0,1,7,0.4103,0.3125,0.5077,0.4223,0.3333,22.32,0.2465,excellent,52,0,100.0,100.0,37.12,84.28,High,High Risk,53.17,37.23,41.37,43.92,37.17,39.82,43.98,57.05,1,Study Skills Workshop,1
STU0773,2025,10,irregular,40.41,78,193,46.65,12.8,9.7,85.4,94,11.4,language_oriented,1,0,1,7,0.4124,0.3194,0.5051,0.4223,0.3333,31.18,0.2465,excellent,66,1,100.0,100.0,37.09,84.27,High,High Risk,56.58,42.93,43.59,46.54,39.39,41.37,46.4,59.16,1,Tutoring,1
STU0774,2023,8,excellent,84.0,168,200,94.88,5.93,63.2,100.0,120,16.7,practical,1,0,0,0,0.8455,0.7774,0.918,0.6758,0.6667,85.93,0.95,excellent,14,2,53.2,5.14,10.69,20.94,Medium,Medium Risk,96.54,95.63,97.31,92.81,96.75,90.45,97.36,93.63,0,None,0
STU0774,2024,9,excellent,81.31,161,198,96.39,4.28,53.8,100.0,120,16.7,practical,1,0,0,0,0.8462,0.7879,0.9231,0.6758,0.6667,84.65,0.95,excellent,16,1,61.08,4.52,10.51,22.99,Medium,Medium Risk,97.42,96.21,97.54,94.69,96.86,94.3,97.68,96.69,0,None,0
STU0774,2025,10,excellent,84.97,164,193,96.8,4.02,70.0,100.0,120,16.7,practical,1,0,0,0,0.8419,0.7808,0.9209,0.6758,0.6667,131.02,0.95,excellent,15,1,55.52,4.44,10.61,21.31,Medium,Medium Risk,97.91,96.44,97.71,95.26,97.51,95.49,97.7,97.01,1,Study Group,0
STU0775,2023,8,excellent,77.0,154,200,88.48,10.94,46.8,100.0,107,23.6,balanced,1,1,0,1,0.9485,0.73,0.9846,0.6807,0.3333,89.48,0.8829,below_average,38,5,100.0,13.64,31.07,43.91,Medium,Medium Risk,94.44,74.38,94.74,88.5,84.56,93.31,86.45,92.84,0,None,0
STU0775,2024,9,excellent,77.78,154,198,90.6,9.56,54.2,100.0,107,23.6,balanced,1,1,0,0,0.9487,0.7297,0.9846,0.6807,0.3333,171.55,0.8829,below_average,38,3,100.0,4.78,31.08,39.92,Medium,Medium Risk,96.46,79.44,93.87,92.26,85.0,94.48,89.53,93.87,1,Parent Meeting,0
STU0775,2025,10,excellent,84.97,164,193,92.55,8.35,59.9,100.0,107,23.6,balanced,1,1,0,0,0.9473,0.7316,0.9842,0.6807,0.3333,99.15,0.8829,below_average,24,8,82.52,4.04,31.06,34.34,Medium,Medium Risk,96.6,82.63,96.38,93.26,89.5,95.29,91.73,96.16,0,None,0
STU0776,2023,8,irregular,44.0,88,200,33.12,15.14,5.5,87.0,97,10.5,science_oriented,0,0,7,2,0.2818,0.2106,0.3382,0.3897,0.3333,24.9,0.4794,good,76,2,100.0,100.0,37.84,84.46,High,High Risk,23.7,27.31,25.65,19.41,43.86,35.29,54.31,25.08,0,None,0
STU0776,2024,9,irregular,45.45,90,198,34.32,15.81,6.1,82.3,97,10.5,science_oriented,0,0,7,2,0.2821,0.1818,0.3385,0.3897,0.3333,66.95,0.4794,good,74,0,100.0,100.0,38.12,84.53,High,High Risk,25.32,28.75,25.88,17.22,45.79,37.0,55.95,26.92,1,Parent Meeting,0
STU0776,2025,10,irregular,43.01,83,193,33.53,15.53,5.2,82.5,97,10.5,science_oriented,0,0,7,2,0.2806,0.1879,0.3368,0.3897,0.3333,42.92,0.4794,good,64,2,100.0,100.0,38.08,84.52,High,High Risk,22.7,29.08,26.16,17.69,44.52,36.9,54.98,26.79,1,Study Skills Workshop,0
STU0777,2023,8,good,80.5,161,200,94.7,6.3,63.7,100.0,88,17.5,balanced,1,0,0,0,0.7861,0.6516,0.8,0.8668,0.6667,83.22,0.8272,excellent,18,1,67.65,6.4,11.74,26.11,Medium,Medium Risk,90.91,96.61,93.21,95.81,94.58,93.33,97.74,94.16,0,None,0
STU0777,2024,9,good,80.81,160,198,95.48,5.68,61.7,100.0,88,17.5,balanced,1,0,0,0,0.7949,0.6452,0.8,0.8668,0.6667,113.67,0.8272,excellent,21,0,76.43,5.91,11.8,28.54,Medium,Medium Risk,91.6,97.03,94.21,94.81,96.4,94.83,97.75,95.93,0,None,0
STU0777,2025,10,good,73.06,141,193,95.89,5.08,66.9,100.0,88,17.5,balanced,1,0,0,0,0.7892,0.6444,0.8,0.8668,0.6667,160.68,0.8272,excellent,21,0,81.86,5.86,11.81,30.15,Medium,Medium Risk,92.49,97.21,96.12,95.59,96.06,95.0,97.95,95.92,0,None,0
STU0778,2023,8,good,79.0,158,200,50.83,15.32,7.0,99.1,96,9.9,balanced,0,1,2,2,0.6667,0.5633,0.682,0.7905,0.6667,135.58,0.4564,good,24,0,86.7,72.34,41.48,68.93,High,High Risk,60.46,39.52,34.17,51.72,42.6,50.87,65.14,58.88,0,None,0
STU0778,2024,9,good,89.9,178,198,54.7,15.27,7.0,97.2,96,9.9,balanced,0,1,1,3,0.6667,0.5769,0.6769,0.7905,0.6667,90.0,0.4564,good,13,5,46.07,63.78,41.42,52.88,Medium,Medium Risk,65.15,43.43,38.47,56.26,46.47,53.74,69.08,60.46,0,None,0
STU0778,2025,10,good,87.56,169,193,58.23,15.63,11.1,99.0,96,9.9,balanced,0,1,1,2,0.6667,0.5652,0.6791,0.7905,0.6667,95.0,0.4564,good,15,1,53.7,54.38,41.51,50.96,Medium,Medium Risk,68.37,46.86,40.42,60.75,50.94,56.5,73.67,64.7,1,Parent Meeting,0
STU0779,2023,8,good,73.5,147,200,63.84,15.61,20.7,100.0,89,12.3,language_oriented,1,1,1,0,0.7182,0.5358,0.8154,0.792,0.6667,178.68,0.8222,good,34,1,100.0,35.1,34.24,54.35,Medium,Medium Risk,77.84,53.3,57.5,74.36,50.67,66.9,58.0,76.46,0,None,0
STU0779,2024,9,good,80.81,160,198,65.94,15.15,16.3,100.0,89,12.3,language_oriented,1,1,1,0,0.7179,0.5357,0.8154,0.792,0.6667,150.48,0.8222,good,25,4,88.43,34.26,34.24,50.51,Medium,Medium Risk,82.96,57.05,58.95,77.59,50.79,66.64,59.45,77.8,0,None,0
STU0779,2025,10,good,74.61,144,193,68.11,15.48,9.2,100.0,89,12.3,language_oriented,1,1,1,0,0.7194,0.5366,0.8158,0.792,0.6667,117.12,0.8222,good,27,4,98.77,33.37,34.22,53.2,Medium,Medium Risk,83.55,58.65,59.64,80.24,55.0,67.83,62.75,80.75,1,Study Group,1
STU0780,2023,8,at-risk,20.0,40,200,16.47,8.92,3.6,49.6,84,6.7,language_oriented,0,0,10,1,0.2818,0.1828,0.3129,0.4363,0.3333,30.1,0.3162,below_average,132,4,100.0,100.0,60.01,90.0,High,High Risk,27.18,11.46,23.91,12.51,13.3,12.32,13.44,22.17,0,None,0
STU0780,2024,9,at-risk,27.27,54,198,18.15,9.39,4.8,55.1,84,6.7,language_oriented,0,0,10,0,0.2821,0.1818,0.3077,0.4363,0.3333,10.53,0.3162,below_average,120,4,100.0,100.0,60.1,90.02,High,High Risk,31.13,13.47,26.42,14.84,14.35,13.06,15.46,22.59,1,Counseling,1
STU0780,2025,10,at-risk,20.21,39,193,20.45,10.5,4.1,57.0,84,6.7,language_oriented,0,0,9,1,0.2806,0.1879,0.3107,0.4363,0.3333,28.67,0.3162,below_average,123,5,100.0,100.0,59.99,90.0,High,High Risk,35.48,15.98,27.26,17.22,14.99,14.04,17.21,27.45,1,Parent Meeting,0
STU0781,2023,8,good,75.0,150,200,95.29,6.16,53.2,100.0,99,20.9,science_oriented,0,0,0,0,0.7861,0.6188,0.8408,0.7884,0.6667,110.43,0.8569,average,31,7,100.0,6.16,12.58,35.92,Medium,Medium Risk,96.67,90.74,95.55,95.94,97.9,94.95,97.54,93.43,0,None,0
STU0781,2024,9,good,75.25,149,198,95.77,5.31,58.7,100.0,99,20.9,science_oriented,0,0,0,0,0.7949,0.6129,0.8462,0.7884,0.6667,75.07,0.8569,average,29,2,100.0,5.8,12.56,35.75,Medium,Medium Risk,96.71,91.84,96.02,95.36,97.85,95.14,97.53,96.03,0,None,0
STU0781,2025,10,good,81.35,157,193,96.44,4.43,64.5,100.0,99,20.9,science_oriented,0,0,0,0,0.7892,0.611,0.8419,0.7884,0.6667,89.42,0.8569,average,22,7,79.06,5.64,12.64,29.42,Medium,Medium Risk,97.54,94.4,96.43,96.85,97.72,96.07,96.76,96.07,1,Study Group,0
STU0782,2023,8,good,82.0,164,200,76.57,16.26,32.0,100.0,118,12.8,practical,0,0,1,0,0.7861,0.6843,0.8,0.6992,0.6667,125.22,0.896,average,27,3,93.6,28.65,13.73,44.41,Medium,Medium Risk,90.13,77.04,93.45,69.21,75.23,54.13,90.44,68.91,0,None,0
STU0782,2024,9,good,80.3,159,198,76.13,16.21,27.1,100.0,118,12.8,practical,0,0,1,0,0.7949,0.6774,0.8,0.6992,0.6667,91.62,0.896,average,29,3,100.0,28.65,13.8,46.34,Medium,Medium Risk,89.89,74.75,93.21,69.37,75.42,53.29,89.84,71.0,0,None,0
STU0782,2025,10,good,71.5,138,193,76.52,16.1,26.4,100.0,118,12.8,practical,0,0,1,0,0.7892,0.6778,0.8,0.6992,0.6667,117.48,0.896,average,43,3,100.0,28.61,13.8,46.32,Medium,Medium Risk,89.25,77.25,93.57,70.71,74.94,54.53,90.54,68.73,0,None,0
STU0783,2023,8,excellent,84.5,169,200,87.91,10.43,42.1,100.0,102,13.7,science_oriented,0,0,0,1,0.9578,0.8842,0.9846,0.7465,0.6667,103.57,0.7628,poor,26,13,88.85,13.68,10.02,35.32,Medium,Medium Risk,92.06,93.35,84.33,83.21,95.81,89.01,83.21,84.81,0,None,0
STU0783,2024,9,excellent,89.39,177,198,88.75,9.53,51.0,100.0,102,13.7,science_oriented,0,0,0,0,0.9487,0.8919,0.9846,0.7465,0.6667,104.55,0.7628,poor,17,10,58.42,5.52,9.94,22.5,Low,Low Risk,92.77,94.0,85.38,82.43,94.98,90.38,82.86,86.37,0,None,0
STU0783,2025,10,excellent,91.71,177,193,88.79,9.74,52.0,100.0,102,13.7,science_oriented,0,0,0,0,0.9566,0.8898,0.9842,0.7465,0.6667,154.62,0.7628,poor,14,7,47.8,5.35,9.97,19.24,Low,Low Risk,92.04,92.99,84.62,85.54,95.59,90.19,84.02,86.58,0,None,0
STU0784,2023,8,good,72.5,145,200,92.51,9.25,55.1,100.0,88,19.3,language_oriented,0,0,0,0,0.9228,0.7961,0.9846,0.8098,0.6667,124.52,0.95,good,35,1,100.0,4.54,6.82,33.75,Medium,Medium Risk,97.74,96.3,96.84,97.15,97.08,86.18,78.49,97.83,0,None,0
STU0784,2024,9,good,75.25,149,198,93.16,8.71,55.3,100.0,88,19.3,language_oriented,0,0,0,0,0.9231,0.8056,0.9846,0.8098,0.6667,78.8,0.95,good,28,2,100.0,4.28,6.73,33.61,Medium,Medium Risk,97.58,96.46,97.29,97.36,97.93,88.29,81.08,97.14,1,Study Group,1
STU0784,2025,10,good,76.68,148,193,93.71,8.21,47.9,100.0,88,19.3,language_oriented,0,0,0,1,0.9209,0.7997,0.9842,0.8098,0.6667,178.62,0.95,good,27,1,97.32,12.1,6.79,36.34,Medium,Medium Risk,97.77,96.7,97.47,97.68,97.89,90.01,81.53,97.78,1,Academic Advising,0
STU0785,2023,8,irregular,54.5,109,200,50.57,17.66,7.3,98.8,106,8.9,balanced,1,0,2,3,0.5558,0.4928,0.5691,0.4548,0.3333,53.63,0.6362,good,60,2,100.0,82.66,27.9,74.17,High,High Risk,68.44,56.38,55.02,36.24,36.05,46.52,71.99,31.88,0,None,0
STU0785,2024,9,irregular,57.07,113,198,50.94,17.25,10.3,93.1,106,8.9,balanced,1,0,2,3,0.5641,0.5,0.5692,0.4548,0.3333,59.6,0.6362,good,58,0,100.0,82.34,27.82,74.01,High,High Risk,67.16,57.13,57.09,35.64,38.32,46.92,70.93,31.33,1,Mentoring Program,1
STU0785,2025,10,irregular,58.55,113,193,49.95,17.67,9.4,99.8,106,8.9,balanced,1,0,2,4,0.5613,0.5,0.5684,0.4548,0.3333,18.92,0.6362,good,53,1,100.0,90.79,27.84,77.82,High,High Risk,67.48,57.43,57.21,36.98,36.41,46.82,71.21,29.2,1,Tutoring,1
STU0786,2023,8,moderate,59.5,119,200,55.48,18.4,10.0,100.0,102,11.6,language_oriented,1,1,2,2,0.5122,0.4497,0.5691,0.666,0.6667,84.58,0.7106,excellent,41,2,100.0,73.56,42.99,73.85,High,High Risk,72.31,60.29,45.01,80.01,34.35,43.03,58.83,59.98,0,None,0
STU0786,2024,9,moderate,63.13,125,198,55.69,18.17,7.1,99.9,102,11.6,language_oriented,1,1,2,2,0.5128,0.45,0.5692,0.666,0.6667,49.22,0.7106,excellent,30,0,100.0,73.47,42.98,73.81,High,High Risk,72.31,59.93,45.67,79.45,31.97,45.12,56.64,61.59,0,None,0
STU0786,2025,10,moderate,63.73,123,193,56.82,18.0,11.9,100.0,102,11.6,language_oriented,1,1,1,3,0.5085,0.4481,0.5684,0.666,0.6667,64.73,0.7106,excellent,39,0,100.0,66.1,43.01,70.5,High,High Risk,74.86,61.75,46.6,80.93,35.85,43.54,58.0,64.2,1,Tutoring,0
STU0787,2023,8,good,78.0,156,200,97.27,3.04,75.2,100.0,126,15.8,language_oriented,0,0,0,0,0.8119,0.6528,0.882,0.7267,0.6667,168.6,0.8633,good,30,2,100.0,4.85,12.76,35.37,Medium,Medium Risk,97.86,97.81,97.11,98.16,96.5,96.63,97.53,96.87,0,None,0
STU0787,2024,9,good,81.82,162,198,97.57,2.35,79.7,100.0,126,15.8,language_oriented,0,0,0,0,0.8205,0.6562,0.8769,0.7267,0.6667,152.82,0.8633,good,19,4,69.73,4.56,12.8,26.17,Medium,Medium Risk,97.65,97.53,97.84,98.03,97.37,97.04,97.98,97.29,1,Academic Advising,0
STU0787,2025,10,good,79.27,153,193,97.58,2.01,83.0,100.0,126,15.8,language_oriented,0,0,0,0,0.8155,0.6559,0.8791,0.7267,0.6667,167.1,0.8633,good,22,1,80.51,4.66,12.77,29.44,Medium,Medium Risk,97.79,97.79,97.51,97.84,97.15,97.59,97.65,97.41,1,Parent Meeting,0
STU0788,2023,8,excellent,83.5,167,200,83.89,12.37,42.3,100.0,92,18.2,science_oriented,1,0,0,1,0.9063,0.7641,0.9382,0.7317,0.6667,178.88,0.9184,good,18,3,65.55,16.32,9.88,29.48,Medium,Medium Risk,91.09,72.1,85.61,80.16,94.29,91.4,75.77,81.89,0,None,0
STU0788,2024,9,excellent,92.93,184,198,85.64,11.48,41.0,100.0,92,18.2,science_oriented,1,0,0,1,0.8974,0.7714,0.9385,0.7317,0.6667,144.82,0.9184,good,7,6,25.95,15.79,9.8,17.34,Low,Low Risk,92.77,76.79,87.02,82.32,93.65,92.13,78.11,83.65,1,Study Group,1
STU0788,2025,10,excellent,94.82,183,193,87.28,10.84,45.2,100.0,92,18.2,science_oriented,1,0,0,1,0.9038,0.7668,0.9368,0.7317,0.6667,172.08,0.9184,good,6,2,21.63,15.01,9.87,15.71,Low,Low Risk,92.4,76.94,88.64,84.88,95.13,92.95,81.24,86.58,0,None,0
STU0789,2023,8,at-risk,26.0,52,200,14.17,7.94,4.6,52.8,75,5.9,language_oriented,1,1,10,0,0.2818,0.2106,0.3537,0.2614,0.0,30.35,0.145,good,82,2,100.0,100.0,85.19,96.3,High,High Risk,21.05,24.87,11.25,12.37,10.17,10.43,10.23,15.47,0,None,0
STU0789,2024,9,at-risk,29.29,58,198,13.94,7.14,3.1,46.8,75,5.9,language_oriented,1,1,10,1,0.2821,0.1818,0.3538,0.2614,0.0,17.37,0.145,good,73,2,100.0,100.0,85.47,96.37,High,High Risk,18.6,24.12,10.95,12.49,10.17,10.8,11.03,14.51,0,None,0
STU0789,2025,10,at-risk,32.12,62,193,14.05,7.41,4.1,49.6,75,5.9,language_oriented,1,1,10,1,0.2806,0.1879,0.3526,0.2614,0.0,29.0,0.145,good,70,2,100.0,100.0,85.43,96.36,High,High Risk,19.92,24.32,11.28,13.45,10.45,10.89,10.66,13.58,1,Tutoring,1
STU0790,2023,8,good,78.5,157,200,80.46,13.1,31.8,100.0,96,14.9,balanced,0,0,1,0,0.8891,0.6725,0.9228,0.7862,0.6667,91.27,0.921,good,26,2,93.05,25.03,9.89,41.65,Medium,Medium Risk,77.49,89.45,91.94,92.31,74.71,68.14,75.63,79.82,0,None,0
STU0790,2024,9,good,86.87,172,198,81.14,13.06,39.7,100.0,96,14.9,balanced,0,0,0,1,0.8974,0.6857,0.9231,0.7862,0.6667,169.77,0.921,good,14,1,51.19,17.59,9.76,25.71,Low,Low Risk,78.4,90.67,93.02,92.54,76.2,69.52,75.75,80.8,1,Academic Advising,1
STU0790,2025,10,good,81.87,158,193,81.28,13.18,43.8,100.0,96,14.9,balanced,0,0,0,1,0.8946,0.6759,0.9209,0.7862,0.6667,123.75,0.921,good,20,1,72.69,17.6,9.89,32.2,Medium,Medium Risk,79.02,92.14,89.62,92.85,75.76,69.65,75.73,81.02,0,None,0
STU0791,2023,8,good,72.5,145,200,51.24,12.31,9.4,88.5,110,1.0,balanced,1,0,1,3,0.5472,0.3908,0.6,0.789,0.6667,138.87,0.4175,excellent,29,1,100.0,67.56,45.05,71.66,High,High Risk,56.24,41.6,47.8,59.31,51.54,43.6,53.02,60.84,0,None,0
STU0791,2024,9,good,73.74,146,198,51.96,12.39,18.0,96.6,110,1.0,balanced,1,0,1,2,0.5385,0.381,0.6,0.789,0.6667,125.78,0.4175,excellent,23,1,87.38,59.45,45.15,64.25,High,High Risk,55.83,41.03,50.86,59.06,51.64,44.26,53.8,63.1,1,Tutoring,0
STU0791,2025,10,good,69.43,134,193,52.6,12.42,16.6,91.1,110,1.0,balanced,1,0,1,3,0.5442,0.3873,0.6,0.789,0.6667,135.7,0.4175,excellent,29,0,100.0,67.08,45.08,71.46,High,High Risk,57.69,44.22,49.48,59.04,52.76,44.05,53.43,64.9,1,Parent Meeting,0
STU0792,2023,8,excellent,90.5,181,200,96.73,4.11,64.8,100.0,107,17.5,balanced,0,0,0,0,0.7861,0.6516,0.8,0.7356,0.6667,163.43,0.95,average,14,4,48.65,5.58,12.52,20.24,Low,Low Risk,98.08,97.46,93.23,97.75,95.22,96.55,97.15,98.14,0,None,0
STU0792,2024,9,excellent,84.34,167,198,96.9,3.67,73.9,100.0,107,17.5,balanced,0,0,0,0,0.7949,0.6452,0.8,0.7356,0.6667,174.28,0.95,average,24,5,82.96,5.34,12.59,30.44,Medium,Medium Risk,97.81,97.52,93.26,97.58,96.01,96.93,97.43,97.91,0,None,0
STU0792,2025,10,excellent,88.6,171,193,97.36,2.75,74.4,100.0,107,17.5,balanced,0,0,0,0,0.7892,0.6444,0.8,0.7356,0.6667,164.5,0.95,average,14,5,49.98,5.27,12.59,20.51,Low,Low Risk,97.8,97.74,95.91,97.98,97.12,97.03,97.46,97.81,0,None,0
STU0793,2023,8,excellent,89.0,178,200,94.01,7.31,59.6,100.0,117,20.4,science_oriented,0,0,0,0,0.9485,0.7843,0.9691,0.7197,0.6667,103.77,0.7377,excellent,12,2,43.7,3.43,12.16,17.69,Low,Low Risk,97.48,90.59,91.44,85.62,97.25,93.92,97.27,97.01,0,None,0
STU0793,2024,9,excellent,78.79,156,198,94.84,6.45,55.2,100.0,117,20.4,science_oriented,0,0,0,0,0.9487,0.7838,0.9692,0.7197,0.6667,106.2,0.7377,excellent,21,2,77.85,3.09,12.16,27.79,Medium,Medium Risk,97.77,92.21,92.05,87.21,97.86,95.43,97.59,97.36,0,None,0
STU0793,2025,10,excellent,91.19,176,193,95.6,5.22,67.9,100.0,117,20.4,science_oriented,0,0,0,0,0.9473,0.7872,0.9684,0.7197,0.6667,83.48,0.7377,excellent,7,0,27.17,2.81,12.14,12.45,Low,Low Risk,97.6,94.04,93.52,90.29,97.82,95.97,97.02,97.51,0,None,0
STU0794,2023,8,irregular,44.5,89,200,53.39,13.16,11.3,97.3,118,3.5,balanced,0,0,1,2,0.4013,0.2974,0.4309,0.9397,0.6667,49.93,0.5846,excellent,52,0,100.0,61.62,43.0,68.48,High,High Risk,62.16,52.44,57.21,50.39,43.73,43.05,62.7,56.63,0,None,0
STU0794,2024,9,irregular,39.9,79,198,57.06,13.22,17.0,100.0,118,3.5,balanced,0,0,1,2,0.4103,0.3125,0.4308,0.9397,0.6667,41.37,0.5846,excellent,49,2,100.0,59.97,42.85,67.7,High,High Risk,68.59,59.12,61.45,57.34,44.38,45.98,62.69,61.15,1,Counseling,1
STU0794,2025,10,irregular,54.4,105,193,59.84,13.23,21.3,97.9,118,3.5,balanced,0,0,1,2,0.4031,0.3036,0.4316,0.9397,0.6667,64.9,0.5846,excellent,40,1,100.0,59.0,42.93,67.28,High,High Risk,69.87,61.64,64.8,59.47,46.59,49.48,66.13,63.2,1,Parent Meeting,0
STU0795,2023,8,good,74.0,148,200,88.9,10.7,50.4,100.0,110,14.8,language_oriented,1,0,0,0,0.8376,0.7753,0.9129,0.7671,0.6667,91.57,0.7596,good,33,6,100.0,7.69,11.82,36.41,Medium,Medium Risk,96.84,96.74,86.65,92.78,81.68,81.53,84.57,96.04,0,None,0
STU0795,2024,9,good,73.23,145,198,89.77,10.51,45.4,100.0,110,14.8,language_oriented,1,0,0,1,0.8462,0.7879,0.9077,0.7671,0.6667,125.58,0.7596,good,29,1,100.0,15.17,11.77,39.77,Medium,Medium Risk,97.49,97.78,87.61,94.17,83.85,80.91,85.35,97.06,0,None,0
STU0795,2025,10,good,77.2,149,193,90.9,9.5,50.1,100.0,110,14.8,language_oriented,1,0,0,0,0.8419,0.7808,0.9107,0.7671,0.6667,135.95,0.7596,good,29,1,100.0,6.8,11.79,36.01,Medium,Medium Risk,96.9,97.96,87.95,94.22,86.86,83.13,87.06,97.34,0,None,0
STU0796,2023,8,excellent,81.0,162,200,87.71,11.92,47.7,100.0,118,16.7,science_oriented,0,0,0,1,0.7346,0.5813,0.7643,0.6912,0.6667,178.72,0.95,excellent,22,2,79.3,18.22,14.65,35.65,Medium,Medium Risk,72.41,87.65,86.56,80.13,97.1,94.58,97.8,77.69,0,None,0
STU0796,2024,9,excellent,80.81,160,198,90.27,10.0,46.8,100.0,118,16.7,science_oriented,0,0,0,1,0.7436,0.5862,0.7692,0.6912,0.6667,142.45,0.95,excellent,21,1,76.43,17.02,14.52,34.22,Medium,Medium Risk,80.7,90.67,88.89,85.89,96.6,95.64,97.61,79.64,0,None,0
STU0796,2025,10,excellent,84.46,163,193,92.05,8.84,54.5,100.0,118,16.7,science_oriented,0,0,0,0,0.7365,0.5831,0.7684,0.6912,0.6667,105.13,0.95,excellent,16,2,58.88,8.45,14.57,25.11,Medium,Medium Risk,81.01,92.07,91.92,88.44,97.13,97.45,97.82,84.26,0,None,0
STU0797,2023,8,good,76.5,153,200,71.35,12.73,36.4,99.8,106,14.9,balanced,0,0,0,1,0.7182,0.6075,0.7691,0.7781,0.6667,118.7,0.8312,poor,42,11,100.0,25.1,14.36,44.88,Medium,Medium Risk,66.71,59.37,67.66,81.51,77.7,75.29,64.24,79.72,0,None,0
STU0797,2024,9,good,83.84,166,198,73.28,12.57,36.5,100.0,106,14.9,balanced,0,0,0,1,0.7179,0.6071,0.7692,0.7781,0.6667,79.97,0.8312,poor,29,5,98.31,24.33,14.36,44.03,Medium,Medium Risk,66.07,62.64,71.48,80.74,80.97,77.81,65.29,79.77,1,Parent Meeting,1
STU0797,2025,10,good,77.72,150,193,75.68,12.32,28.0,100.0,106,14.9,balanced,0,0,1,0,0.7194,0.6099,0.7684,0.7781,0.6667,158.35,0.8312,poor,38,5,100.0,30.34,14.35,47.24,Medium,Medium Risk,69.63,64.56,75.44,84.29,81.24,77.25,67.71,84.89,0,None,0
STU0798,2023,8,moderate,67.0,134,200,67.5,15.46,19.6,100.0,124,8.9,balanced,0,0,1,0,0.7182,0.6433,0.8154,0.6543,0.3333,55.83,0.5144,excellent,33,1,100.0,33.64,20.53,50.27,High,High Risk,83.11,55.14,61.93,64.24,62.81,75.48,55.05,86.79,0,None,0
STU0798,2024,9,moderate,63.13,125,198,69.02,15.26,22.3,100.0,124,8.9,balanced,0,0,1,0,0.7179,0.6429,0.8154,0.6543,0.3333,55.78,0.5144,excellent,34,0,100.0,33.03,20.54,50.0,High,High Risk,84.36,57.03,64.21,67.7,62.13,74.85,55.79,88.98,1,Counseling,0
STU0798,2025,10,moderate,60.1,116,193,71.37,14.7,36.4,100.0,124,8.9,balanced,0,0,0,1,0.7194,0.6465,0.8158,0.6543,0.3333,81.27,0.5144,excellent,39,2,100.0,25.07,20.49,46.4,High,High Risk,84.82,60.02,66.49,70.79,65.94,76.08,57.97,91.94,1,Study Skills Workshop,1
STU0799,2023,8,excellent,83.5,167,200,60.79,12.96,24.5,98.2,108,9.5,science_oriented,0,0,1,2,0.7776,0.6375,0.8357,0.7011,0.6667,118.7,0.6548,average,19,4,68.55,51.13,17.25,47.89,Medium,Medium Risk,64.39,64.12,49.52,46.31,70.46,72.44,58.58,54.71,0,None,0
STU0799,2024,9,excellent,83.33,165,198,61.98,12.71,19.6,97.0,108,9.5,science_oriented,0,0,1,1,0.7692,0.6333,0.8308,0.7011,0.6667,77.82,0.6548,average,21,3,74.67,42.82,17.36,46.01,Medium,Medium Risk,63.95,64.54,50.54,49.17,70.55,72.59,61.71,57.77,1,Parent Meeting,1
STU0799,2025,10,excellent,82.38,159,193,63.52,12.38,22.4,96.9,108,9.5,science_oriented,0,0,1,0,0.7721,0.6365,0.8316,0.7011,0.6667,177.6,0.6548,average,21,1,75.33,34.15,17.32,42.3,Medium,Medium Risk,68.39,65.92,53.31,50.35,71.98,73.41,62.21,59.6,1,Study Group,1
STU0800,2023,8,excellent,86.5,173,200,88.46,10.95,46.2,100.0,103,17.1,balanced,0,0,0,1,0.9485,0.8741,0.9846,0.7351,0.6667,81.42,0.7796,good,14,0,51.45,13.64,10.09,24.1,Low,Low Risk,80.24,77.89,93.85,97.42,83.12,88.65,92.01,93.49,0,None,0
STU0800,2024,9,excellent,84.85,168,198,89.9,10.02,49.6,100.0,103,17.1,balanced,0,0,0,1,0.9487,0.8649,0.9846,0.7351,0.6667,161.83,0.7796,good,16,2,58.61,13.07,10.18,26.01,Medium,Medium Risk,82.0,79.73,93.91,97.66,84.69,91.1,93.07,94.79,0,None,0
STU0800,2025,10,excellent,78.76,152,193,89.61,10.07,49.9,100.0,103,17.1,balanced,0,0,0,1,0.9473,0.8707,0.9842,0.7351,0.6667,77.47,0.7796,good,26,1,92.87,13.21,10.13,36.34,Medium,Medium Risk,83.2,80.15,92.71,97.55,86.75,90.5,92.88,93.53,0,None,0
STU0801,2023,8,excellent,90.5,181,200,97.18,3.2,67.8,100.0,111,20.1,balanced,0,0,0,0,0.9228,0.7783,0.9846,0.7517,0.6667,163.58,0.95,excellent,8,1,30.65,2.67,8.16,12.44,Low,Low Risk,97.84,94.66,97.69,97.87,96.89,97.63,97.56,97.41,0,None,0
STU0801,2024,9,excellent,86.87,172,198,97.45,2.63,78.4,100.0,111,20.1,balanced,0,0,0,0,0.9231,0.7778,0.9846,0.7517,0.6667,120.33,0.95,excellent,14,2,51.19,2.56,8.17,18.55,Low,Low Risk,97.74,96.32,97.55,98.28,97.14,97.69,97.46,97.51,0,None,0
STU0801,2025,10,excellent,90.67,175,193,97.4,2.65,75.5,100.0,111,20.1,balanced,0,0,0,0,0.9209,0.7811,0.9842,0.7517,0.6667,157.12,0.95,excellent,8,1,30.53,2.62,8.14,12.37,Low,Low Risk,97.55,95.82,97.78,97.75,97.52,97.74,97.53,97.62,0,None,0
STU0802,2023,8,at-risk,26.0,52,200,16.72,8.9,4.6,54.4,70,5.0,science_oriented,0,0,10,0,0.2818,0.2409,0.3691,0.3311,0.3333,16.52,0.3326,good,74,2,100.0,100.0,60.44,90.11,High,High Risk,17.82,11.59,11.9,14.27,11.91,26.13,23.19,12.54,0,None,0
STU0802,2024,9,at-risk,26.77,53,198,17.68,9.51,5.0,56.7,70,5.0,science_oriented,0,0,10,0,0.2821,0.2727,0.3692,0.3311,0.3333,9.98,0.3326,good,97,3,100.0,100.0,60.12,90.03,High,High Risk,20.03,12.41,12.74,15.52,12.54,29.28,22.27,12.64,1,Tutoring,1
STU0802,2025,10,at-risk,21.24,41,193,18.65,9.97,4.6,51.1,70,5.0,science_oriented,0,0,10,0,0.2806,0.2485,0.3684,0.3311,0.3333,31.55,0.3326,good,102,2,100.0,100.0,60.38,90.09,High,High Risk,21.62,12.54,13.71,15.92,12.65,29.32,24.42,14.49,1,Counseling,1
STU0803,2023,8,moderate,62.5,125,200,37.06,13.5,2.5,74.1,96,5.4,language_oriented,1,0,4,6,0.4363,0.3723,0.5026,0.7185,0.6667,102.88,0.3365,average,52,2,100.0,100.0,49.32,87.33,High,High Risk,38.74,45.62,32.91,44.61,45.44,20.12,34.32,41.1,0,None,0
STU0803,2024,9,moderate,59.09,117,198,40.54,13.82,8.8,79.9,96,5.4,language_oriented,1,0,2,8,0.4359,0.3529,0.5077,0.7185,0.6667,90.7,0.3365,average,60,7,100.0,100.0,49.44,87.36,High,High Risk,42.6,49.42,37.78,47.83,48.96,22.99,38.68,43.53,1,Mentoring Program,0
STU0803,2025,10,moderate,60.1,116,193,44.61,14.56,5.3,87.4,96,5.4,language_oriented,1,0,2,5,0.4387,0.3603,0.5051,0.7185,0.6667,38.83,0.3365,average,57,2,100.0,100.0,49.4,87.35,High,High Risk,45.07,55.97,41.48,50.03,53.07,26.52,42.49,48.91,0,None,0
STU0804,2023,8,good,80.5,161,200,77.37,15.32,26.2,100.0,96,9.3,balanced,0,0,1,0,0.6667,0.5772,0.682,0.8182,0.6667,163.73,0.647,good,19,2,70.65,30.72,17.93,39.5,Medium,Medium Risk,88.65,54.22,89.48,93.96,76.31,66.67,78.39,83.19,0,None,0
STU0804,2024,9,good,74.75,148,198,78.34,14.92,29.9,100.0,96,9.3,balanced,0,0,1,0,0.6667,0.5769,0.6769,0.8182,0.6667,111.03,0.647,good,32,2,100.0,30.33,18.01,48.15,Medium,Medium Risk,87.58,54.82,90.58,93.27,76.83,68.76,80.94,83.73,0,None,0
STU0804,2025,10,good,76.17,147,193,80.37,14.81,35.8,100.0,96,9.3,balanced,0,0,0,1,0.6667,0.5791,0.6791,0.8182,0.6667,144.8,0.647,good,26,3,94.68,22.52,17.95,43.03,Medium,Medium Risk,88.38,58.42,94.05,94.88,80.27,70.41,80.78,85.37,0,None,0
STU0805,2023,8,good,81.5,163,200,88.0,11.83,52.8,100.0,113,9.4,practical,1,0,0,0,0.7261,0.5409,0.8,0.7545,0.6667,133.92,0.7021,good,25,2,87.95,10.28,16.97,35.25,Medium,Medium Risk,88.49,95.04,83.17,73.09,96.32,77.04,97.65,91.49,0,None,0
STU0805,2024,9,good,75.76,150,198,89.65,10.97,42.0,100.0,113,9.4,practical,1,0,0,1,0.7179,0.5357,0.8,0.7545,0.6667,92.67,0.7021,good,28,2,100.0,17.78,17.02,42.26,Medium,Medium Risk,93.1,96.17,86.74,75.95,96.75,78.42,97.81,94.66,0,None,0
STU0805,2025,10,good,76.17,147,193,91.24,9.82,38.1,100.0,113,9.4,practical,1,0,0,1,0.7194,0.5366,0.8,0.7545,0.6667,115.1,0.7021,good,31,3,100.0,17.12,17.01,41.96,Medium,Medium Risk,92.61,96.77,89.47,80.41,97.36,81.53,97.57,95.41,1,Study Group,1
STU0806,2023,8,moderate,70.5,141,200,83.81,13.09,39.1,100.0,134,7.9,language_oriented,0,0,0,1,0.7604,0.5954,0.7691,0.665,0.3333,106.48,0.9209,good,35,3,100.0,19.27,35.4,47.52,Medium,Medium Risk,90.16,96.24,84.52,91.4,71.27,72.0,75.87,95.75,0,None,0
STU0806,2024,9,moderate,73.23,145,198,84.8,12.75,31.5,100.0,134,7.9,language_oriented,0,0,1,0,0.7692,0.6,0.7692,0.665,0.3333,57.07,0.9209,good,30,3,100.0,25.7,35.35,50.4,Medium,Medium Risk,92.64,97.37,86.63,91.03,72.15,74.44,76.26,95.08,0,None,0
STU0806,2025,10,moderate,71.5,138,193,85.6,12.6,41.6,100.0,134,7.9,language_oriented,0,0,0,1,0.7628,0.5975,0.7684,0.665,0.3333,39.32,0.9209,good,38,0,100.0,18.5,35.39,47.17,Medium,Medium Risk,92.94,96.58,86.78,92.85,74.17,75.13,77.89,96.3,0,None,0
STU0807,2023,8,good,75.5,151,200,74.74,16.72,23.7,100.0,101,10.8,science_oriented,1,0,1,0,0.6409,0.6004,0.682,0.8622,0.6667,119.38,0.878,excellent,24,1,89.15,32.28,13.35,44.61,Medium,Medium Risk,79.42,69.8,83.21,61.05,91.02,73.23,89.44,50.89,0,None,0
STU0807,2024,9,good,76.26,151,198,77.35,15.82,22.7,100.0,101,10.8,science_oriented,1,0,1,0,0.641,0.6,0.6769,0.8622,0.6667,76.43,0.878,excellent,26,1,94.62,31.24,13.43,45.8,Medium,Medium Risk,83.21,72.11,84.88,68.5,92.28,75.44,91.48,52.19,0,None,0
STU0807,2025,10,good,73.58,142,193,79.92,15.01,20.9,100.0,101,10.8,science_oriented,1,0,1,0,0.6403,0.6029,0.6791,0.8622,0.6667,73.23,0.878,excellent,23,1,87.5,30.23,13.37,43.19,Medium,Medium Risk,85.23,73.56,86.1,70.59,94.35,78.78,92.79,57.56,1,Parent Meeting,1
STU0808,2023,8,at-risk,32.5,65,200,32.86,13.43,3.5,75.0,95,5.5,science_oriented,0,0,8,1,0.2818,0.1828,0.3537,0.3086,0.0,8.0,0.4595,excellent,65,0,100.0,100.0,59.8,89.95,High,High Risk,12.76,29.6,42.63,29.25,52.11,33.62,29.28,31.89,0,None,0
STU0808,2024,9,at-risk,28.28,56,198,35.16,13.73,5.8,84.0,95,5.5,science_oriented,0,0,6,3,0.2821,0.1818,0.3538,0.3086,0.0,27.17,0.4595,excellent,78,0,100.0,100.0,59.81,89.95,High,High Risk,15.64,31.58,45.22,29.56,55.87,36.37,30.33,34.56,1,Tutoring,1
STU0808,2025,10,at-risk,31.09,60,193,37.78,14.06,7.3,83.3,95,5.5,science_oriented,0,0,5,4,0.2806,0.1879,0.3526,0.3086,0.0,19.38,0.4595,excellent,79,2,100.0,100.0,59.77,89.94,High,High Risk,15.63,32.93,48.74,31.93,58.28,39.02,34.34,39.34,1,Tutoring,0
STU0809,2023,8,moderate,67.5,135,200,76.23,15.28,26.0,100.0,97,10.2,science_oriented,0,0,1,0,0.6244,0.466,0.6562,0.6793,0.6667,63.55,0.7819,excellent,34,1,100.0,32.02,20.18,49.45,High,High Risk,89.83,56.69,77.72,73.83,87.14,68.84,90.43,67.91,0,None,0
STU0809,2024,9,moderate,58.59,116,198,78.36,14.79,38.6,100.0,97,10.2,science_oriented,0,0,0,1,0.6154,0.4583,0.6615,0.6793,0.6667,103.75,0.7819,excellent,42,0,100.0,24.35,20.18,46.0,High,High Risk,92.02,60.6,80.93,77.02,87.22,69.85,93.4,69.95,1,Tutoring,1
STU0809,2025,10,moderate,66.32,128,193,81.47,14.2,34.2,100.0,97,10.2,science_oriented,0,0,1,0,0.6232,0.465,0.6577,0.6793,0.6667,72.6,0.7819,excellent,35,0,100.0,29.95,20.17,48.52,High,High Risk,93.88,63.67,84.63,81.22,91.06,73.57,94.3,74.76,1,Study Skills Workshop,1
STU0810,2023,8,moderate,64.0,128,200,62.23,17.45,13.9,100.0,115,9.9,science_oriented,0,0,1,2,0.5558,0.5072,0.6154,0.5531,0.3333,42.42,0.6108,good,41,0,100.0,54.99,25.47,61.11,High,High Risk,59.14,44.27,78.46,79.36,61.53,56.49,76.76,42.5,0,None,0
STU0810,2024,9,moderate,74.24,147,198,64.6,17.53,11.1,100.0,115,9.9,science_oriented,0,0,1,2,0.5641,0.5,0.6154,0.5531,0.3333,90.88,0.6108,good,34,1,100.0,53.88,25.54,60.63,High,High Risk,62.98,46.57,80.69,83.68,62.63,59.62,78.19,46.71,1,Parent Meeting,0
STU0810,2025,10,moderate,66.84,129,193,68.68,16.85,16.9,100.0,115,9.9,science_oriented,0,0,1,0,0.5613,0.5,0.6158,0.5531,0.3333,68.0,0.6108,good,43,1,100.0,36.3,25.54,52.72,High,High Risk,67.23,53.56,85.29,86.0,67.61,61.16,81.47,51.97,1,Counseling,1
STU0811,2023,8,moderate,74.0,148,200,63.68,10.62,27.8,95.5,116,7.8,balanced,1,0,1,0,0.6152,0.5,0.6871,0.5858,0.6667,86.7,0.764,good,26,2,96.2,37.23,41.52,55.99,Medium,Medium Risk,67.45,67.23,55.36,66.86,62.51,62.07,63.4,64.85,0,None,0
STU0811,2024,9,moderate,67.17,133,198,66.55,10.76,33.2,97.3,116,7.8,balanced,1,0,1,0,0.6154,0.5,0.6923,0.5858,0.6667,83.07,0.764,good,38,0,100.0,36.07,41.44,56.59,High,High Risk,70.94,71.15,61.82,68.39,65.05,65.26,65.06,66.32,0,None,0
STU0811,2025,10,moderate,62.18,120,193,70.76,10.81,35.9,100.0,116,7.8,balanced,1,0,0,1,0.614,0.5,0.6893,0.5858,0.6667,97.0,0.764,good,49,1,100.0,27.42,41.48,52.71,High,High Risk,77.37,73.29,64.45,74.07,68.3,69.86,68.45,71.78,1,Counseling,1
STU0812,2023,8,good,73.5,147,200,88.21,15.58,27.7,100.0,94,17.7,language_oriented,1,0,1,0,0.8455,0.6667,0.8974,0.7226,0.6667,73.32,0.95,average,35,2,100.0,22.8,11.17,43.05,Medium,Medium Risk,97.76,96.66,95.2,94.04,55.55,73.26,97.38,96.97,0,None,0
STU0812,2024,9,good,75.25,149,198,88.41,15.49,31.1,100.0,94,17.7,language_oriented,1,0,1,0,0.8462,0.6667,0.8923,0.7226,0.6667,111.43,0.95,average,30,1,100.0,22.71,11.25,43.03,Medium,Medium Risk,97.43,96.96,95.5,95.4,57.12,73.93,96.98,97.63,0,None,0
STU0812,2025,10,good,79.27,153,193,88.74,15.35,19.5,100.0,94,17.7,language_oriented,1,0,1,0,0.8419,0.6667,0.8949,0.7226,0.6667,97.2,0.95,average,31,3,100.0,22.66,11.21,43.0,Medium,Medium Risk,97.41,97.08,96.66,95.68,57.26,73.28,96.9,97.28,0,None,0
STU0813,2023,8,moderate,60.5,121,200,74.63,18.17,27.9,100.0,86,11.0,language_oriented,0,0,1,0,0.7776,0.6706,0.7846,0.6703,0.6667,68.85,0.7647,excellent,45,1,100.0,29.6,16.65,47.48,High,High Risk,97.58,62.49,88.06,80.45,77.3,60.42,53.57,94.07,0,None,0
STU0813,2024,9,moderate,72.22,143,198,75.91,16.82,32.4,100.0,86,11.0,language_oriented,0,0,1,0,0.7692,0.6667,0.7846,0.6703,0.6667,37.05,0.7647,excellent,29,1,100.0,29.25,16.69,47.34,Medium,Medium Risk,97.47,63.72,87.92,82.03,77.25,63.65,57.05,93.07,1,Parent Meeting,1
STU0813,2025,10,moderate,66.84,129,193,76.02,17.01,30.3,100.0,86,11.0,language_oriented,0,0,1,0,0.7721,0.6706,0.7842,0.6703,0.6667,76.27,0.7647,excellent,30,0,100.0,29.15,16.65,47.28,High,High Risk,97.35,64.06,88.29,83.53,78.3,62.46,57.68,93.4,0,None,0
STU0814,2023,8,moderate,63.5,127,200,54.05,12.65,19.8,97.8,114,7.3,balanced,1,0,1,2,0.6072,0.451,0.6253,0.7047,0.6667,48.62,0.743,average,53,1,100.0,57.24,40.87,65.97,High,High Risk,55.73,60.94,40.91,71.31,50.69,48.78,50.2,54.52,0,None,0
STU0814,2024,9,moderate,72.73,144,198,56.56,13.2,21.3,98.2,114,7.3,balanced,1,0,1,1,0.6154,0.4583,0.6308,0.7047,0.6667,54.75,0.743,average,39,0,100.0,48.07,40.72,61.81,High,High Risk,56.37,63.55,44.33,74.43,53.57,50.88,52.55,59.76,0,None,0
STU0814,2025,10,moderate,68.91,133,193,60.72,13.39,20.7,97.8,114,7.3,balanced,1,0,1,1,0.614,0.4571,0.6261,0.7047,0.6667,39.95,0.743,average,42,4,100.0,46.43,40.8,61.1,High,High Risk,61.46,69.8,47.06,79.41,54.49,57.42,55.46,62.15,1,Tutoring,0
STU0815,2023,8,excellent,84.5,169,200,95.42,5.71,56.5,100.0,116,23.2,balanced,0,0,0,0,0.9228,0.7225,0.9846,0.6905,0.6667,168.2,0.7412,average,22,3,76.85,3.38,13.08,27.84,Medium,Medium Risk,97.56,95.89,96.41,98.0,97.34,91.35,93.79,95.51,0,None,0
STU0815,2024,9,excellent,85.86,170,198,95.83,5.16,60.3,100.0,116,23.2,balanced,0,0,0,0,0.9231,0.7222,0.9846,0.6905,0.6667,131.63,0.7412,average,21,3,72.9,3.2,13.08,26.58,Low,Low Risk,97.96,96.89,96.79,97.46,97.65,91.99,94.25,96.18,0,None,0
STU0815,2025,10,excellent,81.87,158,193,96.1,5.03,65.2,100.0,116,23.2,balanced,0,0,0,0,0.9209,0.7239,0.9842,0.6905,0.6667,107.33,0.7412,average,22,3,78.69,3.14,13.07,28.29,Medium,Medium Risk,98.3,96.21,96.89,97.76,97.19,92.82,95.07,96.59,0,None,0
STU0816,2023,8,good,68.0,136,200,77.73,13.81,32.6,100.0,93,13.2,science_oriented,0,0,1,0,0.6667,0.5386,0.6618,0.8035,0.6667,137.85,0.8983,below_average,52,3,100.0,30.58,15.14,47.55,High,High Risk,71.42,76.35,76.32,57.44,87.98,86.94,82.99,73.24,0,None,0
STU0816,2024,9,good,71.72,142,198,79.32,13.83,28.1,100.0,93,13.2,science_oriented,0,0,1,0,0.6667,0.5385,0.6615,0.8035,0.6667,88.1,0.8983,below_average,46,5,100.0,29.94,15.15,47.26,Medium,Medium Risk,75.84,78.47,77.73,59.94,89.64,87.66,84.34,75.57,0,None,0
STU0816,2025,10,good,78.24,151,193,81.15,13.27,34.2,100.0,93,13.2,science_oriented,0,0,1,0,0.6667,0.5395,0.6632,0.8035,0.6667,107.35,0.8983,below_average,34,5,100.0,29.21,15.11,46.92,Medium,Medium Risk,75.73,78.98,79.4,63.26,90.91,89.84,86.7,77.47,0,None,0
STU0817,2023,8,excellent,85.0,170,200,76.62,15.43,24.9,100.0,108,18.7,language_oriented,0,1,1,0,0.8548,0.6401,0.9129,0.7097,0.6667,121.37,0.7143,good,17,2,61.5,27.26,35.0,39.46,Medium,Medium Risk,89.93,69.99,83.6,81.73,71.06,56.87,82.62,86.86,0,None,0
STU0817,2024,9,excellent,86.36,171,198,79.84,15.33,28.4,100.0,108,18.7,language_oriented,0,1,1,0,0.8462,0.6364,0.9077,0.7097,0.6667,150.68,0.7143,good,14,2,51.55,26.14,35.11,36.0,Medium,Medium Risk,91.19,73.22,85.92,84.85,76.11,59.6,85.94,90.03,0,None,0
STU0817,2025,10,excellent,82.38,159,193,81.06,14.9,33.3,100.0,108,18.7,language_oriented,0,1,1,0,0.8511,0.6393,0.9107,0.7097,0.6667,159.73,0.7143,good,20,2,72.33,25.55,35.04,41.96,Medium,Medium Risk,92.66,75.93,87.3,85.81,77.61,61.87,87.68,89.3,0,None,0
STU0818,2023,8,at-risk,34.5,69,200,30.41,11.51,5.2,66.3,95,3.4,language_oriented,1,0,9,1,0.3076,0.2512,0.3129,0.2845,0.0,16.37,0.1644,average,89,7,100.0,100.0,64.64,91.16,High,High Risk,30.49,32.52,32.94,41.54,27.59,27.08,21.28,34.27,0,None,0
STU0818,2024,9,at-risk,25.76,51,198,32.76,11.77,7.0,71.2,95,3.4,language_oriented,1,0,7,3,0.3077,0.25,0.3077,0.2845,0.0,6.63,0.1644,average,113,2,100.0,100.0,64.73,91.18,High,High Risk,32.69,32.99,35.83,44.15,28.92,30.41,23.8,36.86,1,Mentoring Program,0
STU0818,2025,10,at-risk,27.46,53,193,34.76,11.9,6.1,69.1,95,3.4,language_oriented,1,0,5,5,0.307,0.2576,0.3107,0.2845,0.0,21.17,0.1644,average,108,1,100.0,100.0,64.61,91.15,High,High Risk,35.49,35.24,38.33,45.86,31.56,32.31,26.87,37.61,1,Counseling,0
STU0819,2023,8,good,81.0,162,200,81.74,14.83,32.7,100.0,93,10.9,science_oriented,0,0,1,0,0.8291,0.711,0.9129,0.7376,0.6667,90.02,0.6734,average,24,2,85.3,25.72,14.34,40.75,Medium,Medium Risk,84.21,73.4,89.05,78.66,96.29,84.13,93.55,56.23,0,None,0
STU0819,2024,9,good,74.24,147,198,82.48,14.71,32.5,100.0,93,10.9,science_oriented,0,0,1,0,0.8205,0.7188,0.9077,0.7376,0.6667,166.95,0.6734,average,31,1,100.0,25.6,14.34,45.11,Medium,Medium Risk,86.28,73.66,89.5,77.56,95.57,84.27,94.78,56.83,1,Parent Meeting,0
STU0819,2025,10,good,80.31,155,193,82.86,15.15,34.4,100.0,93,10.9,science_oriented,0,0,1,0,0.8248,0.7125,0.9107,0.7376,0.6667,124.0,0.6734,average,26,2,91.78,25.36,14.36,42.54,Medium,Medium Risk,87.27,72.45,89.54,79.63,96.69,84.66,94.57,55.49,0,None,0
STU0820,2023,8,good,77.5,155,200,88.9,11.89,41.5,100.0,98,18.3,practical,0,0,0,1,0.897,0.752,0.9798,0.787,0.6667,110.93,0.9328,excellent,21,1,78.75,14.5,8.05,32.16,Medium,Medium Risk,97.4,88.96,96.32,93.32,87.99,69.82,92.68,94.21,0,None,0
STU0820,2024,9,good,78.28,155,198,89.31,11.98,41.3,100.0,98,18.3,practical,0,0,0,1,0.8974,0.7429,0.9846,0.787,0.6667,142.63,0.9328,excellent,19,4,72.2,14.33,8.07,30.13,Medium,Medium Risk,97.57,88.13,96.35,93.14,88.86,69.22,93.44,95.09,0,None,0
STU0820,2025,10,good,78.24,151,193,88.36,12.19,45.5,100.0,98,18.3,practical,0,0,0,1,0.8946,0.7452,0.9842,0.787,0.6667,151.7,0.9328,excellent,25,1,90.23,14.77,8.05,35.73,Medium,Medium Risk,97.2,85.16,96.58,93.5,86.35,68.78,93.38,93.93,0,None,0
STU0821,2023,8,irregular,40.5,81,200,47.3,14.57,8.9,92.6,104,2.6,balanced,0,0,2,4,0.4442,0.3271,0.5382,0.4786,0.3333,33.23,0.4258,below_average,103,4,100.0,94.2,52.7,85.56,High,High Risk,56.17,37.95,69.33,45.51,53.34,39.7,34.55,52.92,0,None,0
STU0821,2024,9,irregular,43.43,86,198,51.33,14.88,10.6,100.0,104,2.6,balanced,0,0,1,4,0.4359,0.3529,0.5385,0.4786,0.3333,39.23,0.4258,below_average,89,4,100.0,77.75,52.44,78.1,High,High Risk,62.45,44.78,73.5,49.38,57.49,40.99,39.3,56.34,0,None,0
STU0821,2025,10,irregular,58.55,113,193,55.65,14.88,20.1,100.0,104,2.6,balanced,0,0,1,3,0.4387,0.3395,0.5368,0.4786,0.3333,70.68,0.4258,below_average,67,3,100.0,67.96,52.6,73.73,High,High Risk,66.74,47.19,78.46,54.75,59.39,46.62,41.09,61.51,1,Tutoring,1
STU0822,2023,8,excellent,83.5,167,200,97.32,2.85,73.9,100.0,100,22.7,balanced,0,0,0,0,0.8713,0.647,0.9537,0.6627,0.6667,150.82,0.95,average,24,3,83.55,3.65,11.72,29.64,Medium,Medium Risk,97.66,96.3,96.07,98.21,98.08,97.46,97.45,97.53,0,None,0
STU0822,2024,9,excellent,84.34,167,198,97.7,2.26,78.0,100.0,100,22.7,balanced,0,0,0,0,0.8718,0.6471,0.9538,0.6627,0.6667,123.87,0.95,average,22,7,76.96,3.48,11.72,27.58,Medium,Medium Risk,97.97,97.4,96.85,98.0,97.86,97.69,97.92,97.87,1,Parent Meeting,1
STU0822,2025,10,excellent,79.79,154,193,97.59,2.21,79.1,100.0,100,22.7,balanced,0,0,0,0,0.8682,0.6464,0.9526,0.6627,0.6667,93.6,0.95,average,28,4,98.15,3.6,11.74,34.0,Medium,Medium Risk,97.7,96.92,97.11,97.65,97.71,97.75,97.82,97.95,0,None,0
STU0823,2023,8,good,76.0,152,200,97.48,2.88,73.9,100.0,116,19.6,balanced,1,0,0,0,0.9485,0.7572,0.9846,0.7468,0.6667,79.23,0.7387,excellent,22,0,82.8,2.04,11.64,28.67,Medium,Medium Risk,97.98,97.94,97.91,97.67,94.46,97.63,97.98,97.92,0,None,0
STU0823,2024,9,good,78.79,156,198,97.56,2.91,64.1,100.0,116,19.6,balanced,1,0,0,0,0.9487,0.7568,0.9846,0.7468,0.6667,74.6,0.7387,excellent,19,0,71.85,2.0,11.65,25.37,Medium,Medium Risk,98.0,98.03,97.83,98.31,94.89,97.64,97.84,97.88,0,None,0
STU0823,2025,10,good,78.24,151,193,97.56,2.65,72.2,100.0,116,19.6,balanced,1,0,0,0,0.9473,0.7594,0.9842,0.7468,0.6667,76.15,0.7387,excellent,24,0,87.23,2.03,11.63,29.99,Medium,Medium Risk,97.77,97.84,98.22,97.79,95.23,97.7,97.99,97.77,0,None,0
STU0824,2023,8,at-risk,25.0,50,200,45.96,14.13,5.5,93.8,108,8.6,science_oriented,0,0,2,6,0.3333,0.2555,0.3489,0.2994,0.3333,34.82,0.3514,average,117,1,100.0,100.0,40.95,85.24,High,High Risk,41.85,33.48,47.87,50.18,36.43,48.74,63.85,41.21,0,None,0
STU0824,2024,9,at-risk,31.82,63,198,47.95,14.05,9.9,92.9,108,8.6,science_oriented,0,0,2,5,0.3333,0.2308,0.3538,0.2994,0.3333,15.7,0.3514,average,87,2,100.0,100.0,41.13,85.28,High,High Risk,43.26,34.48,48.22,52.9,36.9,51.63,65.47,44.46,0,None,0
STU0824,2025,10,at-risk,29.02,56,193,49.82,14.09,12.0,92.2,108,8.6,science_oriented,0,0,1,6,0.3333,0.2372,0.3526,0.2994,0.3333,10.88,0.3514,average,98,1,100.0,96.4,41.08,83.65,High,High Risk,44.88,36.55,48.81,53.79,41.43,53.23,67.54,47.44,1,Study Skills Workshop,1
STU0825,2023,8,good,77.0,154,200,80.38,15.07,35.5,100.0,102,13.8,language_oriented,1,0,0,1,0.7861,0.5979,0.8717,0.6983,0.6667,173.3,0.6012,good,31,4,100.0,20.12,17.96,43.55,Medium,Medium Risk,89.76,94.31,79.15,92.13,70.64,63.83,70.13,92.21,0,None,0
STU0825,2024,9,good,68.18,135,198,83.06,14.69,33.3,100.0,102,13.8,language_oriented,1,0,1,0,0.7949,0.5806,0.8769,0.6983,0.6667,155.62,0.6012,good,38,4,100.0,25.88,18.06,46.16,High,High Risk,92.29,96.79,84.05,94.39,72.17,68.79,71.9,94.53,1,Study Group,1
STU0825,2025,10,good,72.02,139,193,86.39,12.96,36.5,100.0,102,13.8,language_oriented,1,0,0,1,0.7892,0.5895,0.8735,0.6983,0.6667,124.83,0.6012,good,37,1,100.0,17.66,18.02,42.45,Medium,Medium Risk,93.78,97.07,86.63,95.29,78.64,72.46,77.62,96.01,1,Study Skills Workshop,1
STU0826,2023,8,excellent,82.5,165,200,97.74,1.92,79.9,100.0,121,21.1,balanced,0,0,0,0,0.8713,0.8136,0.9026,0.6635,0.6667,95.12,0.7385,below_average,27,10,93.25,3.48,13.98,33.03,Medium,Medium Risk,97.62,97.8,97.5,97.84,97.41,98.03,97.83,97.73,0,None,0
STU0826,2024,9,excellent,86.36,171,198,97.84,1.78,91.3,100.0,121,21.1,balanced,0,0,0,0,0.8718,0.8235,0.9077,0.6635,0.6667,163.57,0.7385,below_average,24,3,81.55,3.43,13.8,29.46,Low,Low Risk,97.86,97.79,97.9,97.78,97.76,97.96,97.73,97.88,1,Study Group,1
STU0826,2025,10,excellent,83.94,162,193,97.77,1.9,80.3,100.0,121,21.1,balanced,0,0,0,0,0.8682,0.8178,0.9051,0.6635,0.6667,96.75,0.7385,below_average,23,7,80.24,3.53,13.9,29.13,Medium,Medium Risk,97.96,97.83,97.36,98.06,97.63,97.63,97.75,97.98,0,None,0
STU0827,2023,8,irregular,45.0,90,200,88.14,11.83,39.8,100.0,108,10.5,science_oriented,1,0,0,1,0.6152,0.5,0.6154,0.8415,0.6667,36.32,0.7487,excellent,57,1,100.0,20.44,17.71,43.62,High,High Risk,94.98,73.39,91.33,74.2,95.13,92.88,96.31,84.85,0,None,0
STU0827,2024,9,irregular,44.95,89,198,89.34,10.99,36.4,100.0,108,10.5,science_oriented,1,0,0,1,0.6154,0.5,0.6154,0.8415,0.6667,53.88,0.7487,excellent,49,2,100.0,19.96,17.71,43.41,High,High Risk,94.68,76.15,91.27,78.09,95.67,94.24,96.0,87.1,1,Mentoring Program,0
STU0827,2025,10,irregular,44.56,86,193,90.02,10.65,40.8,100.0,108,10.5,science_oriented,1,0,0,1,0.614,0.5,0.6158,0.8415,0.6667,41.75,0.7487,excellent,47,1,100.0,19.71,17.7,43.3,High,High Risk,95.14,75.68,93.16,80.7,97.06,94.2,96.56,86.75,0,None,0
STU0828,2023,8,good,76.0,152,200,87.63,11.33,40.4,100.0,111,21.2,balanced,0,1,0,1,0.7776,0.6375,0.8463,0.7469,0.6667,152.72,0.95,good,24,0,88.8,17.39,31.74,42.4,Medium,Medium Risk,93.72,94.35,88.5,88.69,84.24,76.36,85.75,94.52,0,None,0
STU0828,2024,9,good,81.82,162,198,88.19,11.17,43.3,100.0,111,21.2,balanced,0,1,0,1,0.7692,0.6333,0.8462,0.7469,0.6667,108.85,0.95,good,24,2,84.73,17.34,31.79,41.17,Medium,Medium Risk,93.75,94.68,88.61,92.32,85.87,77.65,85.47,93.51,1,Parent Meeting,1
STU0828,2025,10,good,79.79,154,193,89.59,10.22,46.3,100.0,111,21.2,balanced,0,1,0,1,0.7721,0.6365,0.8474,0.7469,0.6667,159.82,0.95,good,22,3,80.15,16.72,31.73,39.5,Medium,Medium Risk,94.11,94.8,89.7,92.46,86.46,81.22,87.69,94.21,1,Study Group,0
STU0829,2023,8,excellent,86.5,173,200,94.76,6.77,60.9,100.0,98,15.5,language_oriented,1,0,0,0,0.9485,0.7029,0.9846,0.7678,0.6667,72.92,0.858,excellent,13,2,48.45,3.13,9.98,18.44,Low,Low Risk,97.67,97.37,85.55,97.78,93.21,97.76,90.57,97.33,0,None,0
STU0829,2024,9,excellent,87.88,174,198,95.65,5.62,66.1,100.0,98,15.5,language_oriented,1,0,0,0,0.9487,0.7027,0.9846,0.7678,0.6667,88.72,0.858,excellent,11,1,41.48,2.76,9.98,16.18,Low,Low Risk,97.77,98.1,89.08,97.61,95.18,97.79,92.41,97.37,0,None,0
STU0829,2025,10,excellent,91.19,176,193,96.52,4.5,64.7,100.0,98,15.5,language_oriented,1,0,0,0,0.9473,0.7038,0.9842,0.7678,0.6667,164.57,0.858,excellent,8,1,30.17,2.44,9.97,12.64,Low,Low Risk,97.95,98.01,91.82,97.96,96.73,97.8,94.0,97.27,0,None,0
STU0830,2023,8,excellent,78.5,157,200,91.36,9.44,47.1,100.0,112,16.0,science_oriented,0,0,0,1,0.8376,0.6227,0.918,0.6994,0.6667,79.8,0.8817,excellent,22,0,81.05,14.7,12.79,34.13,Medium,Medium Risk,96.82,88.97,84.63,95.52,97.02,82.34,94.91,92.77,0,None,0
STU0830,2024,9,excellent,83.84,166,198,91.91,9.07,47.2,100.0,112,16.0,science_oriented,0,0,0,1,0.8462,0.6061,0.9231,0.6994,0.6667,140.37,0.8817,excellent,14,0,53.31,14.31,12.88,25.66,Medium,Medium Risk,96.66,88.69,84.81,95.83,97.57,84.18,95.54,94.9,1,Parent Meeting,1
STU0830,2025,10,excellent,81.87,158,193,92.03,8.79,49.9,100.0,112,16.0,science_oriented,0,0,0,1,0.8419,0.6152,0.9209,0.6994,0.6667,137.52,0.8817,excellent,15,2,57.69,14.35,12.82,26.97,Medium,Medium Risk,96.66,88.87,86.32,96.59,97.17,84.09,94.67,94.46,0,None,0
STU0831,2023,8,excellent,88.5,177,200,97.77,1.92,79.9,100.0,132,19.6,balanced,1,0,0,0,0.9148,0.6919,0.9798,0.7039,0.6667,162.48,0.915,below_average,19,4,65.05,2.6,10.58,23.33,Low,Low Risk,97.84,97.67,97.84,97.59,97.63,97.82,97.93,97.75,0,None,0
STU0831,2024,9,excellent,89.39,177,198,97.73,1.87,83.8,100.0,132,19.6,balanced,1,0,0,0,0.9231,0.6944,0.9846,0.7039,0.6667,126.48,0.915,below_average,15,1,52.42,2.45,10.48,19.45,Low,Low Risk,98.12,97.6,97.83,97.58,97.59,97.74,97.83,97.67,0,None,0
STU0831,2025,10,excellent,87.05,168,193,97.81,1.74,92.4,100.0,132,19.6,balanced,1,0,0,0,0.9209,0.6953,0.9842,0.7039,0.6667,100.45,0.915,below_average,18,2,63.07,2.46,10.48,22.65,Low,Low Risk,97.97,97.68,97.94,97.89,97.77,97.65,97.88,97.77,0,None,0
STU0832,2023,8,at-risk,35.0,70,200,27.83,12.26,6.0,69.0,103,3.2,balanced,1,0,8,2,0.3333,0.2555,0.3846,0.3348,0.3333,32.05,0.1985,good,81,0,100.0,100.0,62.0,90.5,High,High Risk,15.72,36.91,31.6,33.58,28.83,18.0,35.11,23.69,0,None,0
STU0832,2024,9,at-risk,29.8,59,198,27.64,12.37,5.1,67.3,103,3.2,balanced,1,0,9,1,0.3333,0.2308,0.3846,0.3348,0.3333,7.87,0.1985,good,72,1,100.0,100.0,62.25,90.56,High,High Risk,15.78,33.1,31.18,34.64,29.26,17.38,38.42,21.87,1,Counseling,1
STU0832,2025,10,at-risk,31.61,61,193,28.19,12.32,4.3,80.9,103,3.2,balanced,1,0,9,1,0.3333,0.2372,0.3842,0.3348,0.3333,30.6,0.1985,good,69,2,100.0,100.0,62.19,90.55,High,High Risk,15.59,34.98,32.07,34.03,30.46,16.58,38.06,24.87,1,Parent Meeting,1
STU0833,2023,8,moderate,73.0,146,200,71.69,14.33,30.0,100.0,92,8.9,balanced,1,0,1,0,0.5987,0.5139,0.682,0.6761,0.6667,64.12,0.9168,good,36,1,100.0,34.35,17.36,49.8,Medium,Medium Risk,55.29,83.03,59.05,77.53,75.96,76.01,62.03,79.68,0,None,0
STU0833,2024,9,moderate,71.72,142,198,73.19,14.1,18.2,100.0,92,8.9,balanced,1,0,1,0,0.5897,0.5217,0.6769,0.6761,0.6667,78.12,0.9168,good,32,3,100.0,33.93,17.35,49.61,Medium,Medium Risk,56.49,82.57,62.71,77.61,80.36,76.61,63.36,81.47,0,None,0
STU0833,2025,10,moderate,71.5,138,193,75.38,13.74,27.2,100.0,92,8.9,balanced,1,0,1,0,0.5969,0.5145,0.6791,0.6761,0.6667,47.03,0.9168,good,36,0,100.0,32.91,17.4,49.16,Medium,Medium Risk,60.18,85.1,63.95,82.79,78.49,78.09,66.25,83.1,1,Academic Advising,0
STU0834,2023,8,excellent,84.5,169,200,91.9,8.27,49.9,100.0,128,12.1,practical,0,0,0,1,0.7696,0.6003,0.8511,0.7262,0.6667,153.4,0.95,good,19,4,67.85,15.85,12.46,30.6,Medium,Medium Risk,90.21,85.95,97.2,94.72,95.26,87.06,91.84,95.27,0,None,0
STU0834,2024,9,excellent,81.31,161,198,92.92,7.79,42.4,100.0,128,12.1,practical,0,0,0,1,0.7692,0.6,0.8462,0.7262,0.6667,172.87,0.95,good,22,0,79.08,15.45,12.53,33.81,Medium,Medium Risk,92.02,86.38,97.88,95.05,96.51,88.75,92.73,96.28,0,None,0
STU0834,2025,10,excellent,87.05,168,193,92.94,7.78,52.7,100.0,128,12.1,practical,0,0,0,0,0.7721,0.6024,0.8474,0.7262,0.6667,115.68,0.95,good,14,3,51.07,7.38,12.49,21.77,Low,Low Risk,92.63,88.73,97.78,95.12,96.52,88.83,92.76,94.74,0,None,0
STU0835,2023,8,moderate,66.5,133,200,69.34,12.54,31.9,100.0,100,8.7,practical,0,0,1,0,0.7604,0.6736,0.8309,0.6605,0.6667,51.75,0.8111,below_average,55,3,100.0,32.06,15.42,48.28,High,High Risk,71.83,67.49,85.26,78.52,71.86,61.9,62.71,64.0,0,None,0
STU0835,2024,9,moderate,71.72,142,198,71.58,12.63,32.4,100.0,100,8.7,practical,0,0,1,0,0.7692,0.6667,0.8308,0.6605,0.6667,99.03,0.8111,below_average,40,5,100.0,30.98,15.5,47.82,Medium,Medium Risk,74.69,70.8,86.94,81.34,72.89,64.0,64.54,66.91,1,Tutoring,1
STU0835,2025,10,moderate,61.14,118,193,74.07,12.53,39.9,100.0,100,8.7,practical,0,0,0,1,0.7628,0.6667,0.8316,0.6605,0.6667,52.95,0.8111,below_average,60,5,100.0,23.11,15.48,44.27,High,High Risk,74.08,72.88,89.33,84.06,75.58,65.95,68.34,70.75,0,None,0
STU0836,2023,8,good,79.5,159,200,94.92,6.09,58.4,100.0,117,17.0,science_oriented,1,0,0,0,0.932,0.7982,0.9537,0.7528,0.6667,123.42,0.8279,excellent,22,0,80.35,3.39,10.24,28.19,Medium,Medium Risk,95.94,95.82,97.84,85.8,95.68,96.89,97.17,92.21,0,None,0
STU0836,2024,9,good,73.23,145,198,95.63,5.21,67.0,100.0,117,17.0,science_oriented,1,0,0,0,0.9231,0.8056,0.9538,0.7528,0.6667,126.45,0.8279,excellent,31,2,100.0,3.29,10.16,34.02,Medium,Medium Risk,96.15,96.32,97.95,88.27,96.74,96.97,97.54,93.68,0,None,0
STU0836,2025,10,good,70.98,137,193,96.47,4.48,62.8,100.0,117,17.0,science_oriented,1,0,0,0,0.9302,0.8017,0.9526,0.7528,0.6667,146.67,0.8279,excellent,24,2,92.31,2.81,10.22,31.51,Medium,Medium Risk,96.82,97.51,97.88,91.53,97.44,97.17,97.76,94.93,0,None,0
STU0837,2023,8,good,76.0,152,200,89.96,10.61,45.5,100.0,115,20.3,language_oriented,1,1,0,1,0.8033,0.7132,0.8309,0.8136,0.6667,116.63,0.7472,below_average,33,3,100.0,15.95,32.92,45.41,Medium,Medium Risk,97.9,92.82,81.89,96.59,92.26,84.63,81.26,97.05,0,None,0
STU0837,2024,9,good,74.75,148,198,91.05,9.85,41.5,100.0,115,20.3,language_oriented,1,1,0,1,0.7949,0.7097,0.8308,0.8136,0.6667,88.17,0.7472,below_average,40,5,100.0,15.68,32.96,45.3,Medium,Medium Risk,97.7,94.33,83.15,97.1,93.95,85.59,83.73,97.03,0,None,0
STU0837,2025,10,good,78.24,151,193,92.08,9.05,52.6,100.0,115,20.3,language_oriented,1,1,0,0,0.7984,0.7145,0.8316,0.8136,0.6667,124.65,0.7472,below_average,29,6,100.0,7.2,32.9,41.47,Medium,Medium Risk,97.9,94.61,83.4,97.32,94.69,88.3,85.2,96.81,0,None,0
STU0838,2023,8,good,76.5,153,200,87.44,12.01,43.9,100.0,100,17.8,language_oriented,1,0,0,1,0.7604,0.5954,0.8099,0.8062,0.6667,97.17,0.8445,excellent,27,1,97.45,17.82,13.11,40.53,Medium,Medium Risk,74.65,96.89,86.17,97.68,71.47,86.22,88.62,94.4,0,None,0
STU0838,2024,9,good,77.27,153,198,89.41,10.92,35.8,100.0,100,17.8,language_oriented,1,0,0,1,0.7692,0.6,0.8154,0.8062,0.6667,134.38,0.8445,excellent,24,2,87.91,16.85,12.98,37.2,Medium,Medium Risk,78.68,97.46,90.25,97.6,72.75,88.31,90.43,96.13,0,None,0
STU0838,2025,10,good,78.76,152,193,90.44,10.46,52.2,100.0,100,17.8,language_oriented,1,0,0,0,0.7628,0.5975,0.8103,0.8062,0.6667,131.47,0.8445,excellent,20,2,74.87,8.57,13.08,29.59,Medium,Medium Risk,80.67,97.64,90.11,97.5,75.31,91.21,91.25,95.87,0,None,0
STU0839,2023,8,moderate,64.5,129,200,37.58,15.29,6.3,83.9,100,3.4,language_oriented,0,1,5,3,0.5815,0.4848,0.5846,0.6166,0.3333,84.95,0.3805,average,44,0,100.0,100.0,68.34,92.09,High,High Risk,60.99,28.63,31.0,30.03,42.49,35.72,26.14,50.19,0,None,0
STU0839,2024,9,moderate,70.2,139,198,39.67,16.2,6.3,93.8,100,3.4,language_oriented,0,1,5,3,0.5897,0.4783,0.5846,0.6166,0.3333,93.33,0.3805,average,46,3,100.0,100.0,68.41,92.1,High,High Risk,63.71,30.97,33.82,32.15,44.28,37.72,26.44,55.49,0,None,0
STU0839,2025,10,moderate,70.47,136,193,42.77,15.94,6.8,90.5,100,3.4,language_oriented,0,1,3,5,0.5876,0.4776,0.5842,0.6166,0.3333,97.28,0.3805,average,38,7,100.0,100.0,68.42,92.11,High,High Risk,65.72,34.04,37.83,35.98,47.26,39.14,30.17,59.49,1,Mentoring Program,0
STU0840,2023,8,excellent,80.5,161,200,88.6,11.52,36.9,100.0,109,14.6,science_oriented,0,0,0,1,0.8891,0.7304,0.9592,0.7117,0.6667,151.13,0.7673,excellent,22,0,79.65,14.78,12.56,33.69,Medium,Medium Risk,85.39,70.38,91.41,92.85,96.59,94.08,88.3,88.65,0,None,0
STU0840,2024,9,excellent,84.85,168,198,89.54,10.43,44.9,100.0,109,14.6,science_oriented,0,0,0,1,0.8974,0.7429,0.9538,0.7117,0.6667,87.77,0.7673,excellent,14,1,52.61,14.23,12.52,25.32,Medium,Medium Risk,88.04,72.86,91.58,91.73,96.58,94.14,90.06,90.73,0,None,0
STU0840,2025,10,excellent,88.08,170,193,91.38,9.61,57.1,100.0,109,14.6,science_oriented,0,0,0,0,0.8946,0.7348,0.9581,0.7117,0.6667,137.83,0.7673,excellent,12,1,44.34,5.56,12.54,18.94,Low,Low Risk,90.97,76.7,93.36,94.19,97.4,95.16,92.98,90.52,0,None,0
STU0841,2023,8,irregular,43.5,87,200,79.55,15.15,29.7,100.0,124,8.3,science_oriented,0,0,1,0,0.7182,0.5717,0.7382,0.3609,0.3333,58.05,0.5445,poor,104,6,100.0,28.82,27.83,49.92,High,High Risk,88.6,55.72,81.65,79.13,93.92,84.32,79.9,77.0,0,None,0
STU0841,2024,9,irregular,41.92,83,198,82.65,14.77,34.8,100.0,124,8.3,science_oriented,0,0,1,0,0.7179,0.5714,0.7385,0.3609,0.3333,56.03,0.5445,poor,98,11,100.0,27.58,27.82,49.37,High,High Risk,92.79,57.82,83.94,83.21,94.89,87.55,82.47,80.82,1,Study Skills Workshop,0
STU0841,2025,10,irregular,48.19,93,193,85.91,13.43,36.9,100.0,124,8.3,science_oriented,0,0,0,1,0.7194,0.5733,0.7368,0.3609,0.3333,54.8,0.5445,poor,84,9,100.0,19.25,27.83,45.62,High,High Risk,94.61,64.42,87.43,86.79,96.59,90.67,86.26,83.55,1,Parent Meeting,1
STU0842,2023,8,good,79.5,159,200,85.09,11.89,48.9,100.0,87,17.3,language_oriented,0,0,0,1,0.9228,0.7961,0.9537,0.8035,0.6667,109.57,0.8063,good,22,2,80.35,15.51,9.57,33.48,Medium,Medium Risk,97.4,91.48,84.03,87.37,78.73,71.83,79.96,97.46,0,None,0
STU0842,2024,9,good,78.79,156,198,86.84,11.4,46.3,100.0,87,17.3,language_oriented,0,0,0,1,0.9231,0.8056,0.9538,0.8035,0.6667,155.28,0.8063,good,26,1,92.85,14.8,9.47,36.88,Medium,Medium Risk,97.29,93.09,88.14,88.69,79.52,74.6,82.18,97.66,1,Study Group,1
STU0842,2025,10,good,85.49,165,193,88.79,10.3,44.1,100.0,87,17.3,language_oriented,0,0,0,1,0.9209,0.7997,0.9526,0.8035,0.6667,119.35,0.8063,good,19,0,67.16,14.06,9.55,28.86,Low,Low Risk,97.96,93.97,89.23,90.53,83.88,78.44,84.04,97.85,1,Study Group,1
STU0843,2023,8,irregular,49.0,98,200,54.78,14.79,10.8,99.4,103,4.7,science_oriented,0,0,1,4,0.4528,0.3774,0.5129,0.3863,0.3333,22.3,0.3989,average,77,7,100.0,76.03,54.82,77.92,High,High Risk,49.42,49.49,49.86,74.44,61.27,50.63,65.98,40.12,0,None,0
STU0843,2024,9,irregular,54.55,108,198,58.79,14.62,12.3,100.0,103,4.7,science_oriented,0,0,1,1,0.4615,0.3889,0.5077,0.3863,0.3333,53.15,0.3989,average,59,1,100.0,50.25,54.79,66.31,High,High Risk,56.76,52.66,54.09,77.7,65.88,53.52,68.22,43.82,0,None,0
STU0843,2025,10,irregular,54.4,105,193,63.94,14.34,16.8,100.0,103,4.7,science_oriented,0,0,1,0,0.4558,0.3843,0.5107,0.3863,0.3333,48.23,0.3989,average,62,3,100.0,40.31,54.79,61.84,High,High Risk,60.68,58.77,57.9,82.53,71.41,58.27,73.91,50.16,1,Parent Meeting,1
STU0844,2023,8,moderate,64.0,128,200,63.23,13.31,17.9,95.6,109,8.5,science_oriented,0,0,1,0,0.5637,0.5,0.6463,0.5824,0.3333,52.88,0.8033,below_average,62,6,100.0,38.43,21.61,52.7,High,High Risk,51.89,51.62,61.91,63.4,70.39,67.4,59.11,76.81,0,None,0
STU0844,2024,9,moderate,65.15,129,198,66.84,14.21,27.7,100.0,109,8.5,science_oriented,0,0,1,0,0.5641,0.5,0.6462,0.5824,0.3333,96.03,0.8033,below_average,59,4,100.0,36.98,21.61,52.04,High,High Risk,56.46,51.94,64.27,65.7,74.89,70.58,63.79,82.28,0,None,0
STU0844,2025,10,moderate,64.25,124,193,69.76,13.37,17.0,100.0,109,8.5,science_oriented,0,0,1,0,0.5613,0.5,0.6474,0.5824,0.3333,104.63,0.8033,below_average,61,6,100.0,35.87,21.59,51.54,High,High Risk,59.81,56.85,67.88,70.16,77.14,72.81,65.91,84.79,1,Counseling,1
STU0845,2023,8,moderate,69.0,138,200,59.08,12.31,19.8,97.6,94,8.5,balanced,1,0,1,2,0.6924,0.5186,0.7537,0.613,0.3333,85.22,0.6663,average,48,3,100.0,53.52,21.25,59.4,High,High Risk,49.96,61.66,54.98,71.2,49.34,55.77,61.98,66.2,0,None,0
STU0845,2024,9,moderate,67.17,133,198,62.03,12.51,24.7,99.3,94,8.5,balanced,1,0,1,0,0.6923,0.5185,0.7538,0.613,0.3333,40.25,0.6663,average,46,4,100.0,36.34,21.25,51.67,High,High Risk,54.26,66.38,58.53,74.97,52.11,58.87,62.67,68.01,1,Tutoring,1
STU0845,2025,10,moderate,75.13,145,193,65.31,12.74,23.4,100.0,94,8.5,balanced,1,0,1,0,0.693,0.519,0.7526,0.613,0.3333,51.88,0.6663,average,29,1,100.0,35.02,21.27,51.07,Medium,Medium Risk,58.33,68.59,62.33,76.16,56.21,60.08,68.88,71.85,1,Parent Meeting,1
STU0846,2023,8,moderate,66.0,132,200,69.26,12.51,28.8,100.0,100,10.5,balanced,0,0,1,0,0.6409,0.5201,0.6665,0.6839,0.6667,47.28,0.6574,excellent,38,2,100.0,34.48,21.26,50.83,High,High Risk,67.54,75.16,79.37,60.11,70.87,70.51,61.13,69.88,0,None,0
STU0846,2024,9,moderate,64.65,128,198,73.46,12.37,27.8,100.0,100,10.5,balanced,0,0,1,0,0.641,0.52,0.6615,0.6839,0.6667,50.43,0.6574,excellent,36,3,100.0,32.8,21.34,50.09,High,High Risk,76.11,77.05,84.07,65.78,74.79,74.81,63.92,73.87,0,None,0
STU0846,2025,10,moderate,69.43,134,193,76.58,12.16,41.5,100.0,100,10.5,balanced,0,0,0,1,0.6403,0.5206,0.6632,0.6839,0.6667,51.3,0.6574,excellent,30,0,100.0,24.56,21.31,46.38,High,High Risk,78.54,78.36,85.06,69.37,77.36,79.01,66.27,79.39,1,Study Skills Workshop,0
STU0847,2023,8,at-risk,34.5,69,200,33.57,17.64,4.0,96.7,111,1.0,balanced,0,0,7,2,0.2818,0.2409,0.3489,0.7872,0.6667,23.22,0.3575,average,104,2,100.0,100.0,51.25,87.81,High,High Risk,29.62,20.67,41.04,68.66,23.11,21.99,27.95,40.47,0,None,0
STU0847,2024,9,at-risk,28.79,57,198,32.92,17.51,4.9,96.7,111,1.0,balanced,0,0,7,2,0.2821,0.2727,0.3538,0.7872,0.6667,25.15,0.3575,average,84,1,100.0,100.0,50.86,87.71,High,High Risk,32.07,18.2,39.27,68.3,24.91,20.87,26.92,43.02,1,Mentoring Program,1
STU0847,2025,10,at-risk,33.16,64,193,33.88,17.62,2.9,96.9,111,1.0,balanced,0,0,7,2,0.2806,0.2485,0.3526,0.7872,0.6667,32.53,0.3575,average,95,3,100.0,100.0,51.12,87.78,High,High Risk,31.35,20.3,41.45,71.69,24.28,22.39,28.63,41.65,0,None,0
STU0848,2023,8,moderate,63.0,126,200,93.62,6.89,60.3,100.0,127,14.6,balanced,1,0,0,0,0.6667,0.5772,0.7592,0.6479,0.3333,83.95,0.95,poor,66,8,100.0,9.22,15.63,38.06,High,High Risk,95.36,93.88,89.76,93.77,96.54,94.94,95.76,88.49,0,None,0
STU0848,2024,9,moderate,66.16,131,198,94.64,6.44,53.7,100.0,127,14.6,balanced,1,0,0,0,0.6667,0.5769,0.7538,0.6479,0.3333,93.58,0.95,poor,58,4,100.0,8.81,15.72,37.89,High,High Risk,96.91,94.1,92.36,95.36,96.74,95.77,95.69,90.41,1,Parent Meeting,0
STU0848,2025,10,moderate,59.59,115,193,94.8,6.11,52.7,100.0,127,14.6,balanced,1,0,0,0,0.6667,0.5791,0.7581,0.6479,0.3333,80.8,0.95,poor,73,6,100.0,8.75,15.63,37.84,High,High Risk,96.15,94.9,92.14,95.03,96.88,96.21,95.92,91.0,1,Study Skills Workshop,0
STU0849,2023,8,excellent,88.5,177,200,96.76,4.16,62.2,100.0,120,20.0,language_oriented,0,0,0,0,0.9743,0.7981,0.9846,0.7469,0.6667,138.35,0.95,below_average,16,1,56.05,1.81,8.06,19.65,Low,Low Risk,98.02,97.84,97.15,95.59,97.86,97.58,92.97,97.9,0,None,0
STU0849,2024,9,excellent,92.93,184,198,97.0,3.62,69.2,100.0,120,20.0,language_oriented,0,0,0,0,0.9744,0.7895,0.9846,0.7469,0.6667,106.4,0.95,below_average,9,2,31.95,1.71,8.15,12.39,Low,Low Risk,97.49,97.88,97.18,95.78,97.97,97.79,94.26,98.01,0,None,0
STU0849,2025,10,excellent,88.08,170,193,97.36,2.81,75.6,100.0,120,20.0,language_oriented,0,0,0,0,0.9736,0.793,0.9842,0.7469,0.6667,125.28,0.95,below_average,19,3,65.34,1.58,8.12,22.35,Low,Low Risk,97.63,98.01,97.06,97.55,97.81,97.76,95.38,97.89,0,None,0
STU0850,2023,8,good,78.0,156,200,91.28,10.18,46.5,100.0,97,18.3,science_oriented,0,0,0,1,0.897,0.819,0.9592,0.7376,0.6667,89.47,0.8156,good,24,2,87.4,13.55,10.44,34.92,Medium,Medium Risk,96.6,84.28,92.93,73.09,97.95,92.97,97.09,93.36,0,None,0
STU0850,2024,9,good,77.27,153,198,91.19,9.69,48.5,100.0,97,18.3,science_oriented,0,0,0,1,0.8974,0.8286,0.9538,0.7376,0.6667,87.48,0.8156,good,29,1,100.0,13.58,10.42,38.71,Medium,Medium Risk,95.0,85.35,92.5,75.21,97.66,92.26,97.5,92.86,0,None,0
STU0850,2025,10,good,72.54,140,193,92.01,9.14,55.1,100.0,97,18.3,science_oriented,0,0,0,0,0.8946,0.8232,0.9581,0.7376,0.6667,105.23,0.8156,good,27,2,100.0,5.3,10.41,34.99,Medium,Medium Risk,95.93,86.82,93.78,75.0,97.76,93.22,96.83,94.1,1,Academic Advising,1
STU0851,2023,8,moderate,77.5,155,200,53.14,15.55,7.4,100.0,104,8.0,balanced,0,1,1,3,0.47,0.3454,0.5026,0.7343,0.6667,96.25,0.6022,good,23,4,84.75,68.35,45.29,67.5,High,High Risk,73.79,51.41,45.25,60.02,66.3,40.18,46.68,50.92,0,None,0
STU0851,2024,9,moderate,66.67,132,198,54.41,15.58,10.4,100.0,104,8.0,balanced,0,1,1,3,0.4615,0.3333,0.5077,0.7343,0.6667,100.63,0.6022,good,37,0,100.0,68.0,45.33,71.93,High,High Risk,76.62,53.26,44.59,59.49,66.67,42.94,46.24,53.92,1,Tutoring,0
STU0851,2025,10,moderate,71.5,138,193,55.79,15.49,14.0,100.0,104,8.0,balanced,0,1,1,3,0.4651,0.3399,0.5051,0.7343,0.6667,59.97,0.6022,good,28,0,100.0,67.38,45.31,71.65,High,High Risk,78.13,55.03,44.6,61.39,68.11,44.89,48.18,55.22,1,Parent Meeting,0
STU0852,2023,8,moderate,73.0,146,200,55.84,18.23,10.7,100.0,92,7.8,practical,1,1,1,4,0.6409,0.5603,0.7382,0.596,0.3333,95.27,0.5578,good,31,0,100.0,71.84,63.04,78.09,High,High Risk,47.37,68.77,68.7,40.73,61.7,37.29,75.04,45.25,0,None,0
STU0852,2024,9,moderate,68.69,136,198,55.65,18.3,7.8,98.3,92,7.8,practical,1,1,1,4,0.641,0.56,0.7385,0.596,0.3333,84.05,0.5578,good,34,1,100.0,71.92,63.04,78.12,High,High Risk,45.84,69.47,68.19,39.97,63.0,37.38,74.64,43.58,1,Study Skills Workshop,1
STU0852,2025,10,moderate,66.32,128,193,56.13,18.48,11.3,99.4,92,7.8,practical,1,1,1,4,0.6403,0.5617,0.7368,0.596,0.3333,106.48,0.5578,good,40,3,100.0,71.74,63.04,78.04,High,High Risk,48.26,67.63,69.56,41.03,62.5,37.07,77.71,44.71,0,None,0
STU0853,2023,8,good,75.0,150,200,80.32,12.85,30.2,100.0,112,11.3,science_oriented,0,0,1,0,0.6924,0.5186,0.7026,0.8701,0.6667,104.73,0.7783,good,26,3,95.5,29.02,15.2,45.51,Medium,Medium Risk,82.12,74.19,83.01,76.34,86.66,84.07,89.49,64.56,0,None,0
STU0853,2024,9,good,70.2,139,198,83.28,12.14,49.8,100.0,112,11.3,science_oriented,0,0,0,1,0.6923,0.5185,0.7077,0.8701,0.6667,167.85,0.7783,good,30,1,100.0,20.84,15.12,43.16,Medium,Medium Risk,85.39,77.36,89.01,78.74,88.95,87.57,91.69,68.25,0,None,0
STU0853,2025,10,good,72.54,140,193,86.23,11.7,44.6,100.0,112,11.3,science_oriented,0,0,0,1,0.693,0.519,0.7051,0.8701,0.6667,104.52,0.7783,good,34,1,100.0,19.65,15.16,42.63,Medium,Medium Risk,90.1,79.77,89.72,82.21,91.88,90.46,94.26,70.9,1,Study Group,0
STU0854,2023,8,good,75.5,151,200,84.14,10.8,47.6,100.0,96,19.8,language_oriented,0,0,0,1,0.6667,0.5386,0.7228,0.7637,0.6667,123.02,0.8039,good,32,2,100.0,21.01,16.44,43.56,Medium,Medium Risk,96.06,85.21,87.98,89.83,79.73,76.99,76.9,87.32,0,None,0
STU0854,2024,9,good,74.24,147,198,86.7,10.48,49.7,100.0,96,19.8,language_oriented,0,0,0,1,0.6667,0.5385,0.7231,0.7637,0.6667,151.38,0.8039,good,32,2,100.0,19.99,16.44,43.1,Medium,Medium Risk,97.36,88.74,89.62,91.9,80.91,80.28,81.03,89.75,0,None,0
STU0854,2025,10,good,72.54,140,193,89.86,9.02,56.3,100.0,96,19.8,language_oriented,0,0,0,0,0.6667,0.5395,0.7209,0.7637,0.6667,168.85,0.8039,good,33,2,100.0,10.72,16.46,38.94,Medium,Medium Risk,97.66,92.14,91.88,95.09,87.03,85.17,83.17,91.98,0,None,0
STU0855,2023,8,good,74.0,148,200,48.52,13.66,8.2,90.4,80,2.4,balanced,1,0,1,6,0.53,0.4681,0.5382,0.7328,0.6667,123.9,0.6946,below_average,39,2,100.0,92.99,42.17,82.39,High,High Risk,52.29,49.11,72.01,46.43,39.07,40.49,42.81,52.23,0,None,0
STU0855,2024,9,good,82.32,163,198,51.16,14.11,18.3,93.7,80,2.4,balanced,1,0,1,4,0.5385,0.4762,0.5385,0.7328,0.6667,105.68,0.6946,below_average,25,9,87.37,75.77,42.09,70.83,High,High Risk,54.54,48.51,76.66,51.52,41.9,42.95,45.73,55.54,1,Parent Meeting,1
STU0855,2025,10,good,79.79,154,193,52.0,14.31,14.3,96.7,80,2.4,balanced,1,0,1,3,0.5349,0.4754,0.5368,0.7328,0.6667,108.05,0.6946,below_average,29,2,100.0,67.5,42.12,70.91,High,High Risk,58.59,51.22,75.48,50.57,44.76,42.78,44.59,54.21,1,Study Skills Workshop,1
STU0856,2023,8,moderate,68.0,136,200,71.71,12.75,31.0,100.0,99,11.7,science_oriented,0,0,1,0,0.7439,0.6433,0.7537,0.6523,0.6667,40.42,0.8533,below_average,51,5,100.0,31.44,16.42,48.25,High,High Risk,58.23,68.35,75.7,72.19,64.37,76.81,75.92,77.59,0,None,0
STU0856,2024,9,moderate,71.72,142,198,74.45,13.32,28.1,100.0,99,11.7,science_oriented,0,0,1,0,0.7436,0.6552,0.7538,0.6523,0.6667,66.82,0.8533,below_average,43,5,100.0,30.35,16.29,47.73,Medium,Medium Risk,60.66,70.41,77.47,74.14,67.57,81.28,80.22,79.52,0,None,0
STU0856,2025,10,moderate,65.8,127,193,75.42,13.17,25.9,100.0,99,11.7,science_oriented,0,0,1,0,0.7457,0.6467,0.7526,0.6523,0.6667,92.57,0.8533,below_average,58,5,100.0,29.92,16.4,47.56,High,High Risk,62.39,73.14,77.47,73.8,68.61,81.57,78.22,82.85,1,Parent Meeting,1
STU0857,2023,8,good,76.5,153,200,78.91,12.46,43.5,100.0,109,15.2,science_oriented,0,0,0,1,0.8548,0.7498,0.9228,0.824,0.6667,178.13,0.6238,excellent,26,0,94.45,19.34,12.82,40.24,Medium,Medium Risk,72.38,80.07,75.11,89.48,87.76,79.03,81.93,66.32,0,None,0
STU0857,2024,9,good,83.84,166,198,81.48,11.53,44.0,100.0,109,15.2,science_oriented,0,0,0,1,0.8462,0.7576,0.9231,0.824,0.6667,114.57,0.6238,excellent,17,3,62.31,18.48,12.74,30.2,Medium,Medium Risk,73.21,82.91,77.22,93.02,90.23,83.22,81.56,69.97,0,None,0
STU0857,2025,10,good,82.38,159,193,83.57,11.57,44.8,100.0,109,15.2,science_oriented,0,0,0,1,0.8511,0.7524,0.9209,0.824,0.6667,175.83,0.6238,excellent,19,0,69.33,17.55,12.83,31.9,Medium,Medium Risk,76.66,85.06,80.62,93.9,92.53,84.22,84.08,71.07,0,None,0
STU0858,2023,8,irregular,46.0,92,200,67.96,17.18,25.9,100.0,116,7.2,language_oriented,1,0,1,1,0.6667,0.5772,0.7691,0.8716,0.6667,23.88,0.6717,excellent,62,2,100.0,42.48,35.18,57.91,High,High Risk,83.06,71.41,53.9,78.03,47.95,67.03,54.92,88.73,0,None,0
STU0858,2024,9,irregular,52.02,103,198,68.5,16.74,23.2,100.0,116,7.2,language_oriented,1,0,1,0,0.6667,0.5769,0.7692,0.8716,0.6667,26.15,0.6717,excellent,41,1,100.0,34.27,35.18,54.22,High,High Risk,83.89,72.79,54.54,77.52,52.08,65.15,56.6,90.03,1,Tutoring,1
STU0858,2025,10,irregular,51.81,100,193,70.46,17.34,18.6,100.0,116,7.2,language_oriented,1,0,1,0,0.6667,0.5791,0.7684,0.8716,0.6667,43.4,0.6717,excellent,49,2,100.0,33.48,35.18,53.86,High,High Risk,87.39,73.4,56.34,80.63,52.58,68.66,57.19,90.86,1,Tutoring,0
STU0859,2023,8,good,73.5,147,200,67.85,17.27,21.2,100.0,120,7.2,science_oriented,1,0,1,1,0.7439,0.6211,0.7846,0.7468,0.6667,178.45,0.8938,poor,45,5,100.0,40.98,33.68,56.86,Medium,Medium Risk,73.32,51.61,48.06,75.53,80.41,73.15,84.94,50.85,0,None,0
STU0859,2024,9,good,69.7,138,198,71.31,16.77,24.1,100.0,120,7.2,science_oriented,1,0,1,0,0.7436,0.6207,0.7846,0.7468,0.6667,123.1,0.8938,poor,56,4,100.0,31.6,33.68,52.64,High,High Risk,77.04,55.44,54.91,79.47,84.78,75.67,87.72,54.48,0,None,0
STU0859,2025,10,good,72.02,139,193,75.45,16.54,28.9,100.0,120,7.2,science_oriented,1,0,1,0,0.7457,0.6237,0.7842,0.7468,0.6667,83.73,0.8938,poor,48,9,100.0,29.91,33.66,51.87,Medium,Medium Risk,80.66,58.51,59.11,84.29,90.16,80.42,91.75,58.99,0,None,0
STU0860,2023,8,excellent,77.5,155,200,91.39,10.11,48.2,100.0,120,14.7,practical,0,0,0,1,0.7776,0.6706,0.8717,0.6683,0.6667,128.88,0.95,good,28,0,99.75,15.89,12.6,40.23,Medium,Medium Risk,96.64,85.65,97.45,97.75,97.54,81.35,85.7,97.58,0,None,0
STU0860,2024,9,excellent,85.86,170,198,92.68,8.7,47.4,100.0,120,14.7,practical,0,0,0,1,0.7692,0.6667,0.8769,0.6683,0.6667,155.35,0.95,good,14,2,51.9,15.54,12.56,25.71,Low,Low Risk,96.64,87.54,97.19,97.23,97.51,82.88,90.09,97.35,0,None,0
STU0860,2025,10,excellent,81.35,157,193,93.85,7.42,57.6,100.0,120,14.7,practical,0,0,0,0,0.7721,0.6706,0.8735,0.6683,0.6667,169.98,0.95,good,20,5,73.06,7.02,12.58,28.22,Medium,Medium Risk,97.17,90.15,97.53,97.71,97.62,85.95,90.69,98.01,0,None,0
STU0861,2023,8,good,75.5,151,200,55.5,14.46,7.6,97.7,99,7.3,science_oriented,0,0,2,1,0.5637,0.4543,0.6717,0.7861,0.6667,79.48,0.6328,good,24,4,89.15,64.53,40.17,65.82,High,High Risk,63.42,49.37,53.2,31.79,67.33,55.62,65.63,54.56,0,None,0
STU0861,2024,9,good,79.8,158,198,56.62,14.8,9.5,93.3,99,7.3,science_oriented,0,0,2,0,0.5641,0.4545,0.6769,0.7861,0.6667,176.9,0.6328,good,27,1,95.14,56.07,40.09,63.79,High,High Risk,65.29,50.95,52.72,32.5,68.13,57.21,66.6,57.49,1,Tutoring,0
STU0861,2025,10,good,72.02,139,193,58.55,14.67,15.8,97.7,99,7.3,science_oriented,0,0,1,1,0.5613,0.453,0.6735,0.7861,0.6667,90.57,0.6328,good,35,1,100.0,48.35,40.15,61.8,High,High Risk,68.04,50.99,56.38,35.35,69.21,59.07,69.86,57.2,1,Mentoring Program,1
STU0862,2023,8,moderate,73.0,146,200,80.6,12.65,34.9,100.0,120,4.2,practical,0,0,1,0,0.8805,0.7766,0.9537,0.6525,0.6667,105.63,0.95,good,28,1,100.0,25.15,30.63,48.98,Medium,Medium Risk,78.34,72.25,95.35,78.42,85.92,75.31,73.25,89.15,0,None,0
STU0862,2024,9,moderate,74.75,148,198,83.14,11.88,46.0,100.0,120,4.2,practical,0,0,0,1,0.8718,0.7647,0.9538,0.6525,0.6667,65.18,0.95,good,33,1,100.0,17.31,30.75,45.47,Medium,Medium Risk,82.88,76.31,96.32,81.45,89.9,78.84,75.39,90.88,0,None,0
STU0862,2025,10,moderate,76.68,148,193,86.44,10.86,51.0,100.0,120,4.2,practical,0,0,0,0,0.8775,0.7702,0.9526,0.6525,0.6667,106.88,0.95,good,28,5,100.0,7.87,30.71,41.22,Medium,Medium Risk,86.94,79.72,96.85,83.55,92.23,82.91,79.66,93.4,1,Parent Meeting,1
STU0863,2023,8,at-risk,23.0,46,200,24.75,13.26,5.4,75.7,91,2.9,balanced,0,0,9,1,0.2818,0.1828,0.3592,0.3549,0.3333,9.27,0.1843,good,102,0,100.0,100.0,62.92,90.73,High,High Risk,48.69,15.62,27.39,27.05,28.57,13.7,20.37,25.24,0,None,0
STU0863,2024,9,at-risk,22.22,44,198,27.47,13.75,2.8,74.2,91,2.9,balanced,0,0,9,0,0.2821,0.1818,0.3538,0.3549,0.3333,31.15,0.1843,good,99,2,100.0,100.0,63.01,90.75,High,High Risk,52.08,16.55,31.73,30.22,31.56,18.22,22.83,29.47,0,None,0
STU0863,2025,10,at-risk,23.32,45,193,30.83,14.05,5.8,86.7,91,2.9,balanced,0,0,8,1,0.2806,0.1879,0.3581,0.3549,0.3333,15.83,0.1843,good,86,3,100.0,100.0,62.89,90.72,High,High Risk,57.29,20.73,35.0,33.46,33.78,18.93,27.73,31.37,1,Study Skills Workshop,0
STU0864,2023,8,good,81.5,163,200,94.51,6.38,50.9,100.0,116,14.2,science_oriented,1,0,0,0,0.897,0.7328,0.918,0.7677,0.6667,75.37,0.95,poor,29,12,99.95,4.26,9.3,34.22,Medium,Medium Risk,97.19,97.5,92.34,90.32,97.65,92.13,93.95,95.21,0,None,0
STU0864,2024,9,good,72.22,143,198,95.77,5.37,70.8,100.0,116,14.2,science_oriented,1,0,0,0,0.8974,0.7429,0.9231,0.7677,0.6667,165.62,0.95,poor,48,11,100.0,3.74,9.12,33.96,Medium,Medium Risk,97.6,97.81,94.1,93.67,97.94,94.21,94.34,96.99,1,Study Group,1
STU0864,2025,10,good,81.87,158,193,96.59,4.21,68.1,100.0,116,14.2,science_oriented,1,0,0,0,0.8946,0.7348,0.9209,0.7677,0.6667,110.03,0.95,poor,32,9,100.0,3.47,9.23,33.87,Medium,Medium Risk,97.9,98.26,96.7,94.25,97.68,95.0,96.32,97.01,1,Parent Meeting,0
STU0865,2023,8,moderate,64.0,128,200,25.92,12.4,4.8,68.9,79,8.2,balanced,1,0,8,2,0.3591,0.3089,0.4357,0.6014,0.3333,79.33,0.546,average,55,2,100.0,100.0,30.16,82.54,High,High Risk,43.98,29.07,17.44,17.95,36.81,19.67,27.79,17.17,0,None,0
STU0865,2024,9,moderate,59.6,118,198,27.57,12.99,4.7,68.7,79,8.2,balanced,1,0,8,2,0.359,0.2857,0.4308,0.6014,0.3333,82.13,0.546,average,57,0,100.0,100.0,30.46,82.62,High,High Risk,46.88,30.88,19.62,18.0,40.27,22.1,28.39,17.97,1,Parent Meeting,1
STU0865,2025,10,moderate,58.03,112,193,27.98,13.35,6.4,76.7,79,8.2,balanced,1,0,8,2,0.3597,0.293,0.4316,0.6014,0.3333,97.6,0.546,average,57,1,100.0,100.0,30.38,82.59,High,High Risk,49.04,30.02,19.24,19.97,42.32,22.02,29.28,17.56,1,Parent Meeting,1
STU0866,2023,8,excellent,83.5,167,200,93.17,7.7,55.3,100.0,114,14.0,practical,0,0,0,0,0.7954,0.6132,0.8618,0.6979,0.6667,117.03,0.95,average,23,9,80.55,6.82,12.73,30.42,Medium,Medium Risk,83.58,92.63,97.77,94.69,97.33,87.65,95.91,95.57,0,None,0
STU0866,2024,9,excellent,79.29,157,198,94.27,6.58,62.2,100.0,114,14.0,practical,0,0,0,0,0.7949,0.6129,0.8615,0.6979,0.6667,120.43,0.95,average,32,1,100.0,6.39,12.74,36.06,Medium,Medium Risk,85.48,93.25,98.17,96.65,97.07,89.89,97.29,96.32,0,None,0
STU0866,2025,10,excellent,80.31,155,193,95.4,5.86,61.7,100.0,114,14.0,practical,0,0,0,0,0.7984,0.6155,0.8632,0.6979,0.6667,157.27,0.95,average,30,3,100.0,5.87,12.69,35.81,Medium,Medium Risk,88.29,95.56,98.0,96.92,97.77,91.37,97.27,97.22,1,Study Group,1
STU0867,2023,8,moderate,69.5,139,200,94.89,7.35,43.7,100.0,123,9.2,science_oriented,0,0,0,1,0.7261,0.6473,0.8,0.5872,0.3333,52.6,0.7575,good,37,3,100.0,15.52,18.42,41.59,High,High Risk,96.1,82.34,97.33,96.39,97.51,97.04,97.4,94.76,0,None,0
STU0867,2024,9,moderate,67.68,134,198,95.2,6.18,60.7,100.0,123,9.2,science_oriented,0,0,0,0,0.7179,0.6429,0.8,0.5872,0.3333,40.87,0.7575,good,36,3,100.0,7.56,18.46,38.02,High,High Risk,96.35,84.41,97.42,96.71,97.52,96.79,96.61,96.01,0,None,0
STU0867,2025,10,moderate,68.39,132,193,95.5,6.1,55.8,100.0,123,9.2,science_oriented,0,0,0,0,0.7194,0.6465,0.8,0.5872,0.3333,99.18,0.7575,good,34,2,100.0,7.41,18.43,37.94,High,High Risk,96.72,85.74,97.08,97.58,97.09,97.24,97.07,95.94,1,Study Skills Workshop,1
STU0868,2023,8,good,80.5,161,200,90.56,9.49,55.6,100.0,84,21.1,balanced,0,0,0,0,0.897,0.7041,0.9846,0.6944,0.6667,102.15,0.742,good,22,3,79.65,5.84,13.17,29.81,Medium,Medium Risk,96.93,82.18,94.61,96.32,94.55,85.93,85.57,92.58,0,None,0
STU0868,2024,9,good,76.26,151,198,91.79,8.53,56.7,100.0,84,21.1,balanced,0,0,0,0,0.8974,0.7143,0.9846,0.6944,0.6667,165.22,0.742,good,25,2,91.62,5.33,13.07,33.15,Medium,Medium Risk,96.68,85.36,96.17,96.29,94.69,86.78,88.39,94.15,0,None,0
STU0868,2025,10,good,72.54,140,193,92.69,8.28,50.4,100.0,84,21.1,balanced,0,0,0,0,0.8946,0.7054,0.9842,0.6944,0.6667,170.58,0.742,good,34,1,100.0,5.03,13.17,35.56,Medium,Medium Risk,97.74,88.42,96.35,97.53,94.85,87.2,89.45,94.86,1,Academic Advising,0
STU0869,2023,8,excellent,87.0,174,200,95.25,5.61,64.2,100.0,118,18.6,science_oriented,0,0,0,0,0.9228,0.8148,0.9846,0.7718,0.6667,134.65,0.942,average,19,5,66.1,3.44,7.52,23.26,Low,Low Risk,97.96,93.98,97.52,94.28,92.5,96.25,97.3,92.29,0,None,0
STU0869,2024,9,excellent,85.35,169,198,96.24,4.42,71.8,100.0,118,18.6,science_oriented,0,0,0,0,0.9231,0.8056,0.9846,0.7718,0.6667,114.47,0.942,average,20,3,70.25,3.04,7.61,24.35,Low,Low Risk,97.62,95.93,97.33,95.66,93.96,97.09,97.73,94.45,0,None,0
STU0869,2025,10,excellent,92.75,179,193,97.18,3.49,67.0,100.0,118,18.6,science_oriented,0,0,0,0,0.9209,0.8098,0.9842,0.7718,0.6667,177.38,0.942,average,10,6,35.08,2.71,7.57,13.64,Low,Low Risk,97.81,96.3,98.0,97.06,96.67,97.76,97.73,95.93,0,None,0
STU0870,2023,8,excellent,85.0,170,200,96.93,4.01,66.8,100.0,121,17.0,science_oriented,1,0,0,0,0.9743,0.8333,0.9846,0.6358,0.6667,98.25,0.9307,good,19,3,67.5,1.74,10.22,23.59,Low,Low Risk,97.85,95.47,96.23,97.02,97.89,97.63,97.71,95.61,0,None,0
STU0870,2024,9,excellent,89.9,178,198,97.16,3.21,72.0,100.0,121,17.0,science_oriented,1,0,0,0,0.9744,0.8421,0.9846,0.6358,0.6667,148.12,0.9307,good,10,0,37.07,1.65,10.13,14.4,Low,Low Risk,97.16,96.1,96.21,97.46,97.72,97.49,97.87,97.18,0,None,0
STU0870,2025,10,excellent,87.05,168,193,97.46,2.41,81.5,100.0,121,17.0,science_oriented,1,0,0,0,0.9736,0.8376,0.9842,0.6358,0.6667,116.57,0.9307,good,15,2,54.07,1.54,10.19,19.46,Low,Low Risk,97.63,97.15,96.79,97.16,97.78,97.88,97.78,97.22,0,None,0
STU0871,2023,8,at-risk,23.5,47,200,16.33,9.7,4.1,56.3,115,6.2,science_oriented,0,1,10,0,0.2818,0.2106,0.3846,0.3219,0.3333,32.3,0.1,average,119,1,100.0,100.0,84.19,96.05,High,High Risk,17.38,10.78,9.87,10.5,27.64,23.21,18.52,9.88,0,None,0
STU0871,2024,9,at-risk,23.74,47,198,16.45,9.5,2.9,59.4,115,6.2,science_oriented,0,1,10,0,0.2821,0.1818,0.3846,0.3219,0.3333,28.78,0.1,average,114,2,100.0,100.0,84.47,96.12,High,High Risk,17.54,10.76,10.25,11.45,28.21,24.05,16.99,10.24,0,None,0
STU0871,2025,10,at-risk,27.46,53,193,16.87,9.69,4.4,56.6,115,6.2,science_oriented,0,1,10,0,0.2806,0.1879,0.3842,0.3219,0.3333,9.25,0.1,average,103,4,100.0,100.0,84.42,96.11,High,High Risk,17.19,11.1,10.62,12.98,28.68,23.75,17.9,10.06,1,Mentoring Program,1
STU0872,2023,8,good,78.0,156,200,94.39,8.21,36.9,100.0,90,19.8,science_oriented,0,0,0,1,0.8713,0.7545,0.882,0.7579,0.6667,118.58,0.8755,average,27,8,96.4,12.82,10.94,37.42,Medium,Medium Risk,97.16,90.69,96.92,77.77,98.1,97.58,97.64,97.16,0,None,0
STU0872,2024,9,good,79.29,157,198,95.14,7.01,55.6,100.0,90,19.8,science_oriented,0,0,0,0,0.8718,0.7647,0.8769,0.7579,0.6667,111.68,0.8755,average,31,1,100.0,4.51,10.91,34.76,Medium,Medium Risk,97.28,91.97,97.18,81.46,97.88,97.58,97.64,97.72,1,Parent Meeting,1
STU0872,2025,10,good,80.83,156,193,95.16,6.83,51.4,100.0,90,19.8,science_oriented,0,0,0,0,0.8682,0.7571,0.8791,0.7579,0.6667,169.9,0.8755,average,24,3,85.42,4.57,10.95,30.42,Medium,Medium Risk,96.94,93.17,97.72,82.31,97.68,97.25,97.99,97.31,0,None,0
STU0873,2023,8,good,80.5,161,200,94.37,6.69,61.7,100.0,124,14.0,language_oriented,1,0,0,0,0.7439,0.6087,0.8,0.7724,0.6667,78.65,0.95,good,26,1,91.65,7.38,12.21,33.87,Medium,Medium Risk,97.83,96.15,94.49,95.89,95.37,93.29,89.19,95.21,0,None,0
STU0873,2024,9,good,79.8,158,198,95.39,5.58,65.9,100.0,124,14.0,language_oriented,1,0,0,0,0.7436,0.6207,0.8,0.7724,0.6667,116.87,0.95,good,20,3,74.14,6.97,12.09,28.4,Medium,Medium Risk,97.96,97.06,96.1,96.15,95.51,94.03,92.43,95.81,1,Parent Meeting,0
STU0873,2025,10,good,81.35,157,193,96.51,4.34,69.4,100.0,124,14.0,language_oriented,1,0,0,0,0.7457,0.6113,0.8,0.7724,0.6667,158.13,0.95,good,22,1,79.06,6.48,12.19,29.68,Medium,Medium Risk,97.79,97.55,96.85,97.33,96.85,95.4,94.08,97.3,0,None,0
STU0874,2023,8,good,78.0,156,200,86.63,10.42,53.3,100.0,85,15.8,balanced,1,0,0,0,0.897,0.8381,0.9283,0.8316,0.6667,155.7,0.95,good,27,5,96.4,7.41,6.81,33.96,Medium,Medium Risk,95.07,78.04,91.86,81.23,86.16,81.06,95.94,85.97,0,None,0
STU0874,2024,9,good,78.28,155,198,88.47,10.13,55.5,100.0,85,15.8,balanced,1,0,0,0,0.8974,0.8286,0.9231,0.8316,0.6667,151.88,0.95,good,24,0,87.2,6.66,6.99,30.91,Medium,Medium Risk,95.52,80.1,92.83,85.48,88.82,83.27,96.22,88.59,0,None,0
STU0874,2025,10,good,80.83,156,193,89.99,9.25,44.9,100.0,85,15.8,balanced,1,0,0,1,0.8946,0.8336,0.9265,0.8316,0.6667,106.28,0.95,good,19,1,70.42,14.11,6.88,29.2,Medium,Medium Risk,96.43,83.9,93.71,86.52,88.35,84.66,96.68,90.53,1,Study Group,1
STU0875,2023,8,good,72.0,144,200,77.23,13.76,31.8,100.0,108,12.0,language_oriented,0,0,1,0,0.8291,0.7627,0.9073,0.8502,0.6667,179.47,0.6601,good,32,2,100.0,27.53,11.86,45.35,Medium,Medium Risk,84.89,87.73,66.3,80.7,66.61,75.14,69.51,88.47,0,None,0
STU0875,2024,9,good,71.72,142,198,79.08,13.72,41.3,100.0,108,12.0,language_oriented,0,0,0,1,0.8205,0.75,0.9077,0.8502,0.6667,117.53,0.6601,good,29,0,100.0,19.96,11.98,41.98,Medium,Medium Risk,86.57,89.5,67.76,81.27,68.04,76.72,72.65,92.45,0,None,0
STU0875,2025,10,good,80.83,156,193,81.57,13.11,45.7,100.0,108,12.0,language_oriented,0,0,0,1,0.8248,0.7556,0.9051,0.8502,0.6667,119.62,0.6601,good,18,0,67.42,18.88,11.96,31.71,Medium,Medium Risk,90.05,91.92,71.41,85.14,71.73,79.16,72.97,93.03,0,None,0
STU0876,2023,8,good,77.0,154,200,65.68,14.66,24.1,100.0,90,10.1,science_oriented,0,0,1,0,0.6409,0.5603,0.6408,0.7834,0.6667,91.93,0.6479,average,28,2,100.0,35.91,19.4,51.01,Medium,Medium Risk,52.8,57.43,62.41,74.44,83.17,58.43,77.93,57.29,0,None,0
STU0876,2024,9,good,72.22,143,198,69.87,13.83,30.5,100.0,90,10.1,science_oriented,0,0,1,0,0.641,0.56,0.6462,0.7834,0.6667,148.73,0.6479,average,43,3,100.0,34.23,19.32,50.23,Medium,Medium Risk,57.91,63.81,66.26,79.3,85.42,62.36,81.3,62.7,1,Study Group,1
STU0876,2025,10,good,78.76,152,193,74.35,14.15,41.1,100.0,90,10.1,science_oriented,0,0,0,1,0.6403,0.5617,0.6419,0.7834,0.6667,111.78,0.6479,average,29,3,100.0,25.45,19.37,46.3,Medium,Medium Risk,62.9,66.88,71.45,85.32,89.64,66.62,85.37,65.56,1,Parent Meeting,1
STU0877,2023,8,moderate,68.5,137,200,78.67,11.51,35.1,100.0,111,15.0,balanced,0,0,0,1,0.8119,0.7048,0.8665,0.6525,0.6667,95.82,0.7055,below_average,46,4,100.0,20.29,16.32,43.21,High,High Risk,76.57,80.14,68.16,85.0,82.3,74.55,81.08,81.83,0,None,0
STU0877,2024,9,moderate,61.62,122,198,80.84,11.34,33.0,100.0,111,15.0,balanced,0,0,1,0,0.8205,0.7188,0.8615,0.6525,0.6667,36.38,0.7055,below_average,60,7,100.0,26.26,16.26,45.88,High,High Risk,81.16,81.34,70.13,83.66,85.85,77.72,83.51,82.92,1,Parent Meeting,1
STU0877,2025,10,moderate,72.02,139,193,82.1,10.96,46.0,100.0,111,15.0,balanced,0,0,0,1,0.8155,0.7091,0.8632,0.6525,0.6667,95.43,0.7055,below_average,41,3,100.0,18.85,16.33,42.56,Medium,Medium Risk,82.06,84.08,71.3,86.6,85.35,76.92,85.36,85.21,1,Counseling,1
STU0878,2023,8,moderate,79.0,158,200,80.75,13.18,44.9,100.0,104,9.1,practical,0,0,0,1,0.8291,0.629,0.8408,0.6475,0.3333,49.52,0.6734,average,27,5,95.7,19.12,18.05,41.82,Medium,Medium Risk,71.12,74.64,91.56,77.2,92.26,71.32,90.74,75.25,0,None,0
STU0878,2024,9,moderate,65.66,130,198,82.38,12.97,40.7,100.0,104,9.1,practical,0,0,0,1,0.8205,0.625,0.8462,0.6475,0.3333,64.17,0.6734,average,41,3,100.0,18.64,18.01,42.89,High,High Risk,74.25,76.77,92.0,79.38,94.12,71.39,92.68,80.3,1,Parent Meeting,1
STU0878,2025,10,moderate,67.36,130,193,84.83,11.82,34.3,100.0,104,9.1,practical,0,0,1,0,0.8248,0.6278,0.8419,0.6475,0.3333,59.15,0.6734,average,46,3,100.0,24.57,18.04,45.57,High,High Risk,77.61,80.66,93.92,83.12,94.74,75.25,93.27,81.41,1,Tutoring,0
STU0879,2023,8,irregular,39.5,79,200,19.41,10.69,3.2,57.9,96,6.2,science_oriented,0,1,10,0,0.3848,0.3343,0.482,0.8821,0.6667,34.38,0.3534,good,81,2,100.0,100.0,66.48,91.62,High,High Risk,28.2,10.86,20.92,13.81,18.21,17.87,32.54,12.15,0,None,0
STU0879,2024,9,irregular,44.44,88,198,22.03,12.7,3.8,75.8,96,6.2,science_oriented,0,1,9,1,0.3846,0.3333,0.4769,0.8821,0.6667,22.45,0.3534,good,60,2,100.0,100.0,66.57,91.64,High,High Risk,34.72,11.42,21.73,17.42,20.56,20.51,37.74,13.16,1,Counseling,0
STU0879,2025,10,irregular,42.49,82,193,25.92,13.53,4.2,67.7,96,6.2,science_oriented,0,1,8,2,0.386,0.3413,0.4791,0.8821,0.6667,25.13,0.3534,good,68,2,100.0,100.0,66.46,91.61,High,High Risk,40.2,12.82,28.46,20.89,26.44,23.2,42.23,15.95,1,Parent Meeting,1
STU0880,2023,8,moderate,55.0,110,200,49.78,19.61,6.2,100.0,107,12.0,science_oriented,0,1,2,3,0.3928,0.3044,0.4202,0.6373,0.3333,66.75,0.3927,average,71,1,100.0,86.23,52.02,81.81,High,High Risk,69.31,13.86,55.7,58.83,48.79,65.83,54.43,38.47,0,None,0
STU0880,2024,9,moderate,55.05,109,198,52.92,20.57,5.2,100.0,107,12.0,science_oriented,0,1,2,2,0.3846,0.3333,0.4154,0.6373,0.3333,37.68,0.3927,average,59,1,100.0,77.14,51.8,77.66,High,High Risk,72.54,13.97,57.72,65.27,49.68,68.47,56.6,40.53,1,Parent Meeting,0
STU0880,2025,10,moderate,56.99,110,193,55.17,21.32,4.8,100.0,107,12.0,science_oriented,0,1,2,1,0.386,0.3175,0.4158,0.6373,0.3333,68.38,0.3927,average,65,3,100.0,68.21,51.95,73.68,High,High Risk,76.68,16.9,57.76,67.25,54.97,71.34,58.84,43.79,1,Mentoring Program,1
STU0881,2023,8,good,72.5,145,200,68.44,13.7,27.7,100.0,91,15.8,balanced,0,1,1,0,0.6152,0.5,0.6309,0.8304,0.6667,76.03,0.5532,good,34,4,100.0,35.32,40.63,56.05,Medium,Medium Risk,79.05,75.76,79.93,66.65,72.87,54.56,62.79,61.88,0,None,0
STU0881,2024,9,good,72.73,144,198,70.81,13.56,22.4,100.0,91,15.8,balanced,0,1,1,0,0.6154,0.5,0.6308,0.8304,0.6667,115.38,0.5532,good,30,0,100.0,34.37,40.63,55.62,Medium,Medium Risk,80.95,78.85,84.34,69.42,74.85,56.93,65.88,65.83,0,None,0
STU0881,2025,10,good,77.72,150,193,74.85,13.57,35.0,100.0,91,15.8,balanced,0,1,0,1,0.614,0.5,0.6316,0.8304,0.6667,144.15,0.5532,good,28,1,99.6,25.78,40.62,51.64,Medium,Medium Risk,82.36,83.2,86.18,73.48,79.94,62.96,67.93,70.13,0,None,0
STU0882,2023,8,excellent,89.0,178,200,86.61,10.81,42.5,100.0,87,23.0,science_oriented,1,0,0,1,0.7518,0.5908,0.8309,0.735,0.6667,112.32,0.7064,good,13,2,46.7,18.32,16.33,26.34,Low,Low Risk,94.72,86.91,79.37,80.12,85.23,90.23,96.7,77.8,0,None,0
STU0882,2024,9,excellent,81.82,162,198,89.24,9.95,54.7,100.0,87,23.0,science_oriented,1,0,0,0,0.7436,0.5862,0.8308,0.735,0.6667,156.23,0.7064,good,21,1,75.73,9.43,16.38,31.06,Medium,Medium Risk,95.93,89.12,82.6,84.36,87.16,92.64,97.62,80.43,0,None,0
STU0882,2025,10,excellent,82.9,160,193,91.05,8.43,54.4,100.0,87,23.0,science_oriented,1,0,0,0,0.7457,0.5883,0.8316,0.735,0.6667,81.1,0.7064,good,20,1,71.97,8.67,16.35,29.58,Medium,Medium Risk,96.75,91.38,85.49,87.22,88.81,93.81,97.49,84.53,0,None,0
STU0883,2023,8,good,80.0,160,200,94.65,6.26,60.5,100.0,117,16.2,balanced,0,0,0,0,0.9743,0.8069,0.9846,0.804,0.6667,170.03,0.7465,good,26,2,92.0,2.65,9.88,31.27,Medium,Medium Risk,96.87,96.31,97.11,91.33,96.05,91.98,96.13,92.32,0,None,0
STU0883,2024,9,good,76.26,151,198,95.68,5.14,66.7,100.0,117,16.2,balanced,0,0,0,0,0.9744,0.8158,0.9846,0.804,0.6667,133.02,0.7465,good,26,2,94.62,2.24,9.79,31.84,Medium,Medium Risk,97.36,96.83,97.03,93.44,96.73,93.53,96.79,94.53,0,None,0
STU0883,2025,10,good,81.87,158,193,96.34,4.47,63.4,100.0,117,16.2,balanced,0,0,0,0,0.9736,0.8105,0.9842,0.804,0.6667,101.85,0.7465,good,20,2,72.69,1.99,9.85,25.17,Medium,Medium Risk,98.1,97.56,97.37,95.2,96.46,94.66,97.18,94.79,0,None,0
STU0884,2023,8,at-risk,41.0,82,200,38.22,14.52,6.5,79.4,104,5.6,balanced,1,0,5,4,0.3333,0.2317,0.3537,0.2713,0.0,14.68,0.2349,poor,104,10,100.0,100.0,63.43,90.86,High,High Risk,42.74,24.18,31.03,42.96,48.01,55.05,29.89,28.9,0,None,0
STU0884,2024,9,at-risk,39.9,79,198,43.9,14.33,8.8,91.5,104,5.6,balanced,1,0,3,5,0.3333,0.2308,0.3538,0.2713,0.0,21.68,0.2349,poor,99,11,100.0,100.0,63.43,90.86,High,High Risk,48.19,32.05,38.37,47.92,55.61,59.64,35.6,32.89,1,Tutoring,1
STU0884,2025,10,at-risk,35.75,69,193,49.28,14.76,9.5,98.0,104,5.6,balanced,1,0,1,5,0.3333,0.2372,0.3526,0.2713,0.0,24.95,0.2349,poor,106,6,100.0,88.62,63.39,85.73,High,High Risk,58.29,38.61,44.56,52.77,59.22,64.31,39.61,38.87,1,Study Skills Workshop,1
STU0885,2023,8,excellent,84.0,168,200,95.55,6.02,56.4,100.0,113,14.0,science_oriented,1,0,0,0,0.8119,0.6626,0.8309,0.7092,0.6667,115.42,0.95,excellent,13,0,50.2,5.54,12.48,20.67,Medium,Medium Risk,96.89,96.11,95.4,87.73,95.31,96.4,97.93,97.65,0,None,0
STU0885,2024,9,excellent,83.33,165,198,96.32,4.69,59.2,100.0,113,14.0,science_oriented,1,0,0,0,0.8205,0.6562,0.8308,0.7092,0.6667,79.43,0.95,excellent,15,2,56.67,5.06,12.54,22.41,Medium,Medium Risk,97.38,96.49,96.17,92.44,96.59,95.92,97.52,97.73,1,Parent Meeting,1
STU0885,2025,10,excellent,84.97,164,193,96.44,4.69,55.2,100.0,113,14.0,science_oriented,1,0,0,0,0.8155,0.6559,0.8316,0.7092,0.6667,111.18,0.95,excellent,16,0,58.52,5.11,12.53,22.99,Medium,Medium Risk,98.0,96.06,96.88,90.07,97.03,96.55,98.16,97.65,0,None,0
STU0886,2023,8,irregular,54.0,108,200,57.05,14.12,10.2,98.8,97,5.0,practical,0,0,1,2,0.47,0.4002,0.5073,0.3516,0.0,71.47,0.7165,good,51,1,100.0,58.78,50.61,69.1,High,High Risk,50.4,46.71,63.62,65.11,70.54,54.57,59.41,48.31,0,None,0
STU0886,2024,9,irregular,52.02,103,198,59.65,13.51,17.0,100.0,97,5.0,practical,0,0,1,0,0.4615,0.3889,0.5077,0.3516,0.0,46.68,0.7165,good,52,1,100.0,41.91,50.72,61.54,High,High Risk,53.04,50.18,66.52,66.87,71.52,56.68,63.55,52.26,1,Parent Meeting,0
STU0886,2025,10,irregular,59.59,115,193,62.04,13.41,27.1,100.0,97,5.0,practical,0,0,1,0,0.4651,0.3965,0.5051,0.3516,0.0,41.72,0.7165,good,52,0,100.0,40.88,50.68,61.07,High,High Risk,56.15,51.76,67.85,69.08,74.8,60.04,65.5,53.74,0,None,0
STU0887,2023,8,moderate,64.0,128,200,75.05,14.71,34.7,100.0,100,15.0,balanced,1,0,1,0,0.7776,0.6044,0.8309,0.689,0.6667,94.32,0.5675,good,40,0,100.0,29.43,19.2,48.04,High,High Risk,86.54,78.37,66.38,57.62,72.19,68.99,93.04,72.9,0,None,0
STU0887,2024,9,moderate,59.6,118,198,78.15,13.46,33.4,100.0,100,15.0,balanced,1,0,1,0,0.7692,0.6,0.8308,0.689,0.6667,98.23,0.5675,good,50,1,100.0,28.35,19.25,47.57,High,High Risk,89.33,79.92,69.74,62.27,77.13,73.0,94.85,76.69,1,Study Skills Workshop,0
STU0887,2025,10,moderate,67.36,130,193,81.32,13.06,37.8,100.0,100,15.0,balanced,1,0,0,1,0.7721,0.6024,0.8316,0.689,0.6667,55.95,0.5675,good,40,4,100.0,20.03,19.21,43.82,High,High Risk,91.91,85.34,69.18,67.37,79.16,77.1,96.64,80.55,0,None,0
STU0888,2023,8,good,77.5,155,200,91.21,8.99,54.4,100.0,108,16.4,language_oriented,1,0,0,0,0.7604,0.6397,0.7747,0.8021,0.6667,146.15,0.95,good,22,2,81.75,8.31,11.69,31.19,Medium,Medium Risk,97.76,97.49,86.87,96.78,90.14,82.39,88.95,93.33,0,None,0
STU0888,2024,9,good,70.71,140,198,90.93,9.64,47.6,100.0,108,16.4,language_oriented,1,0,0,1,0.7692,0.6333,0.7692,0.8021,0.6667,127.03,0.95,good,36,5,100.0,16.24,11.84,40.27,Medium,Medium Risk,97.8,97.15,85.06,96.76,91.82,80.86,89.19,92.84,0,None,0
STU0888,2025,10,good,75.13,145,193,91.05,9.19,51.1,100.0,108,16.4,language_oriented,1,0,0,0,0.7628,0.6321,0.7739,0.8021,0.6667,91.43,0.95,good,33,5,100.0,8.32,11.78,36.69,Medium,Medium Risk,97.48,96.94,86.78,96.38,90.95,81.29,89.81,92.62,1,Study Group,1
STU0889,2023,8,excellent,88.5,177,200,92.11,8.3,53.2,100.0,116,13.9,balanced,0,0,0,0,0.897,0.7615,0.9643,0.6927,0.3333,115.1,0.7778,excellent,9,2,35.05,5.21,12.4,15.96,Low,Low Risk,93.58,96.79,94.05,90.32,93.4,90.57,88.51,91.45,0,None,0
STU0889,2024,9,excellent,86.87,172,198,94.47,6.39,64.0,100.0,116,13.9,balanced,0,0,0,0,0.8974,0.7714,0.9692,0.6927,0.3333,152.88,0.7778,excellent,15,1,54.19,4.26,12.22,21.23,Low,Low Risk,95.73,97.59,95.47,93.82,95.7,93.28,91.68,94.07,0,None,0
STU0889,2025,10,excellent,86.53,167,193,95.3,5.73,66.2,100.0,116,13.9,balanced,0,0,0,0,0.8946,0.7643,0.9684,0.6927,0.3333,93.7,0.7778,excellent,13,0,48.43,3.99,12.31,19.4,Low,Low Risk,96.8,97.58,96.41,94.41,96.38,93.49,93.45,95.5,0,None,0
STU0890,2023,8,good,71.0,142,200,77.99,15.27,39.2,100.0,97,14.6,language_oriented,0,0,0,1,0.6924,0.5673,0.7335,0.7602,0.6667,174.07,0.7582,average,40,2,100.0,22.95,16.75,44.52,Medium,Medium Risk,88.48,89.66,70.69,90.44,65.25,62.91,70.29,93.74,0,None,0
STU0890,2024,9,good,74.24,147,198,79.81,15.16,34.1,100.0,97,14.6,language_oriented,0,0,1,0,0.6923,0.5556,0.7385,0.7602,0.6667,127.67,0.7582,average,33,4,100.0,29.23,16.79,47.35,Medium,Medium Risk,91.65,89.58,72.23,91.61,66.69,65.61,72.43,95.37,1,Study Group,1
STU0890,2025,10,good,78.76,152,193,81.46,14.51,42.7,100.0,97,14.6,language_oriented,0,0,0,1,0.693,0.557,0.7368,0.7602,0.6667,79.57,0.7582,average,32,2,100.0,21.55,16.8,43.9,Medium,Medium Risk,93.53,89.25,74.42,92.21,66.97,68.7,73.93,95.8,1,Academic Advising,1
STU0891,2023,8,excellent,84.0,168,200,90.04,11.71,39.4,100.0,108,21.0,language_oriented,0,1,0,1,0.8119,0.7365,0.8562,0.6696,0.6667,122.87,0.95,average,21,3,74.2,15.75,32.15,37.38,Medium,Medium Risk,97.81,95.08,92.25,95.99,91.69,86.58,70.19,97.66,0,None,0
STU0891,2024,9,excellent,90.91,180,198,91.21,10.28,35.4,100.0,108,21.0,language_oriented,0,1,0,1,0.8205,0.75,0.8615,0.6696,0.6667,115.98,0.95,average,14,1,48.36,15.11,31.93,29.29,Low,Low Risk,97.26,95.27,93.19,96.92,91.68,89.32,74.28,97.35,0,None,0
STU0891,2025,10,excellent,88.08,170,193,92.05,10.03,35.3,100.0,108,21.0,language_oriented,0,1,0,1,0.8155,0.7414,0.8577,0.6696,0.6667,124.62,0.95,average,16,5,56.34,14.87,32.08,31.61,Low,Low Risk,97.78,96.55,93.95,97.19,93.3,90.28,75.3,97.46,0,None,0
STU0892,2023,8,irregular,59.5,119,200,64.57,16.45,15.3,100.0,95,6.4,language_oriented,1,0,1,0,0.5637,0.5,0.6408,0.8367,0.6667,68.18,0.7372,good,51,5,100.0,37.9,37.6,56.45,High,High Risk,80.25,87.75,58.09,61.45,69.43,54.63,56.45,51.8,0,None,0
STU0892,2024,9,irregular,44.44,88,198,67.51,16.37,21.8,100.0,95,6.4,language_oriented,1,0,1,0,0.5641,0.5,0.6462,0.8367,0.6667,36.7,0.7372,good,76,3,100.0,36.71,37.52,55.9,High,High Risk,83.79,90.71,60.44,68.41,72.07,57.37,58.37,56.63,1,Counseling,0
STU0892,2025,10,irregular,54.92,106,193,70.16,16.09,28.5,100.0,95,6.4,language_oriented,1,0,1,0,0.5613,0.5,0.6419,0.8367,0.6667,29.43,0.7372,good,51,1,100.0,35.71,37.58,55.46,High,High Risk,85.56,92.69,62.95,68.25,75.79,60.83,63.59,58.53,1,Tutoring,1
STU0893,2023,8,moderate,63.0,126,200,59.6,12.82,15.4,96.4,109,7.4,science_oriented,0,0,1,1,0.6667,0.602,0.7129,0.5735,0.3333,36.72,0.4635,good,51,1,100.0,45.83,44.86,61.84,High,High Risk,52.31,58.84,44.42,53.59,63.83,72.43,57.82,65.33,0,None,0
STU0893,2024,9,moderate,69.7,138,198,60.98,13.45,15.0,100.0,109,7.4,science_oriented,0,0,1,1,0.6667,0.6154,0.7077,0.5735,0.3333,70.82,0.4635,good,35,2,100.0,45.27,44.81,61.57,High,High Risk,52.14,59.84,47.32,53.15,66.33,73.03,59.14,67.36,0,None,0
STU0893,2025,10,moderate,59.07,114,193,62.91,12.91,25.3,100.0,109,7.4,science_oriented,0,0,1,1,0.6667,0.6047,0.7107,0.5735,0.3333,70.35,0.4635,good,48,5,100.0,44.5,44.87,61.24,High,High Risk,55.38,62.75,46.99,55.59,69.71,74.03,61.86,70.61,1,Parent Meeting,1
STU0894,2023,8,moderate,61.5,123,200,65.29,13.63,19.7,99.5,102,13.9,science_oriented,1,0,1,1,0.6924,0.6539,0.7382,0.6434,0.6667,81.78,0.6293,excellent,39,1,100.0,43.04,20.08,54.39,High,High Risk,58.94,60.38,63.38,48.4,77.63,70.32,76.03,57.51,0,None,0
STU0894,2024,9,moderate,57.58,114,198,68.88,13.61,23.3,100.0,102,13.9,science_oriented,1,0,1,0,0.6923,0.6667,0.7385,0.6434,0.6667,46.82,0.6293,excellent,39,0,100.0,33.6,19.95,50.11,High,High Risk,63.72,65.76,69.32,51.36,79.64,75.44,78.94,60.69,0,None,0
STU0894,2025,10,moderate,60.1,116,193,71.16,13.81,18.3,100.0,102,13.9,science_oriented,1,0,1,0,0.693,0.6578,0.7368,0.6434,0.6667,68.58,0.6293,excellent,44,1,100.0,32.68,20.06,49.72,High,High Risk,66.2,67.25,71.03,54.58,82.79,77.44,80.94,63.08,1,Counseling,1
STU0895,2023,8,irregular,48.0,96,200,47.96,12.62,11.5,86.1,82,10.7,balanced,1,0,1,6,0.3591,0.2867,0.4154,0.8525,0.6667,47.07,0.3153,average,69,5,100.0,96.63,29.12,80.77,High,High Risk,47.38,44.67,57.03,48.09,53.67,54.09,41.62,38.15,0,None,0
STU0895,2024,9,irregular,44.95,89,198,48.15,12.46,8.0,87.5,82,10.7,balanced,1,0,1,5,0.359,0.2857,0.4154,0.8525,0.6667,62.77,0.3153,average,85,3,100.0,88.56,29.13,77.13,High,High Risk,47.96,46.58,57.36,51.4,54.49,51.41,41.31,38.48,1,Parent Meeting,1
STU0895,2025,10,irregular,47.67,92,193,50.0,12.08,10.7,87.1,82,10.7,balanced,1,0,1,3,0.3597,0.293,0.4158,0.8525,0.6667,57.93,0.3153,average,78,1,100.0,71.81,29.05,69.58,High,High Risk,50.73,47.11,57.25,51.44,57.25,55.22,44.57,38.48,1,Parent Meeting,1
STU0896,2023,8,good,71.5,143,200,90.35,9.57,55.3,100.0,104,13.7,language_oriented,1,0,0,0,0.8119,0.7365,0.9026,0.835,0.6667,175.78,0.95,good,36,2,100.0,7.62,8.15,35.47,Medium,Medium Risk,93.24,97.71,94.33,95.19,83.57,85.56,82.27,95.5,0,None,0
STU0896,2024,9,good,81.31,161,198,90.94,9.33,52.9,100.0,104,13.7,language_oriented,1,0,0,0,0.8205,0.75,0.9077,0.835,0.6667,147.82,0.95,good,22,1,79.08,7.21,7.93,28.95,Medium,Medium Risk,94.45,97.77,94.6,95.62,83.56,86.18,84.02,95.04,1,Academic Advising,0
STU0896,2025,10,good,79.27,153,193,91.49,9.06,52.9,100.0,104,13.7,language_oriented,1,0,0,0,0.8155,0.7414,0.9051,0.835,0.6667,75.75,0.95,good,24,4,86.51,7.09,8.06,31.16,Medium,Medium Risk,93.98,97.93,96.62,95.47,85.21,86.6,84.8,94.98,0,None,0
STU0897,2023,8,excellent,89.0,178,200,92.48,8.75,47.9,100.0,97,17.7,science_oriented,0,0,0,1,0.8548,0.6896,0.9283,0.7324,0.6667,123.6,0.8398,good,13,1,46.7,13.91,11.93,23.25,Low,Low Risk,96.34,85.74,93.83,95.06,96.98,91.69,96.52,83.75,0,None,0
STU0897,2024,9,excellent,86.87,172,198,93.29,8.1,52.5,100.0,97,17.7,science_oriented,0,0,0,0,0.8462,0.697,0.9231,0.7324,0.6667,116.35,0.8398,good,18,0,63.19,5.76,11.94,24.54,Low,Low Risk,96.51,87.25,94.92,95.81,96.77,92.48,96.9,86.65,0,None,0
STU0897,2025,10,excellent,87.05,168,193,93.91,7.24,58.7,100.0,97,17.7,science_oriented,0,0,0,0,0.8511,0.6905,0.9265,0.7324,0.6667,173.7,0.8398,good,15,3,54.07,5.41,11.95,21.64,Low,Low Risk,97.04,89.12,95.62,96.62,97.19,93.2,97.17,86.67,0,None,0
STU0898,2023,8,moderate,73.5,147,200,64.71,14.79,23.4,100.0,92,9.0,science_oriented,1,0,1,1,0.5558,0.4146,0.5747,0.555,0.3333,68.35,0.6916,poor,50,5,100.0,46.0,25.76,57.14,Medium,Medium Risk,49.94,62.54,61.85,58.16,92.54,68.42,60.36,61.81,0,None,0
STU0898,2024,9,moderate,70.71,140,198,67.34,14.26,26.8,100.0,92,9.0,science_oriented,1,0,1,0,0.5641,0.4091,0.5692,0.555,0.3333,83.65,0.6916,poor,50,11,100.0,36.78,25.9,53.03,Medium,Medium Risk,55.1,65.92,63.67,60.06,94.42,69.75,62.76,65.82,1,Academic Advising,1
STU0898,2025,10,moderate,65.8,127,193,70.07,14.19,11.2,100.0,92,9.0,science_oriented,1,0,1,0,0.5613,0.4061,0.5739,0.555,0.3333,71.63,0.6916,poor,59,11,100.0,35.75,25.86,52.55,High,High Risk,56.34,70.17,65.75,62.07,95.4,74.29,67.24,66.47,0,None,0
STU0899,2023,8,excellent,91.5,183,200,97.73,1.97,78.5,100.0,117,23.1,language_oriented,0,0,0,0,0.9228,0.7961,0.9846,0.6275,0.6667,103.78,0.9171,poor,15,8,50.95,2.45,10.96,19.13,Low,Low Risk,97.92,97.58,97.79,97.75,97.56,97.55,97.81,97.96,0,None,0
STU0899,2024,9,excellent,89.9,178,198,97.84,1.87,82.8,100.0,117,23.1,language_oriented,0,0,0,0,0.9231,0.8056,0.9846,0.6275,0.6667,163.45,0.9171,poor,18,6,61.07,2.4,10.87,22.12,Low,Low Risk,97.97,97.91,97.83,98.03,97.91,97.53,97.73,97.94,0,None,0
STU0899,2025,10,excellent,89.12,172,193,97.8,1.78,91.5,100.0,117,23.1,language_oriented,0,0,0,0,0.9209,0.7997,0.9842,0.6275,0.6667,78.1,0.9171,poor,18,6,61.62,2.46,10.93,22.33,Low,Low Risk,97.75,97.97,97.92,97.98,97.84,97.76,97.66,97.61,0,None,0
STU0900,2023,8,moderate,64.5,129,200,79.55,10.82,36.9,100.0,93,12.7,science_oriented,0,0,0,1,0.6667,0.5505,0.7283,0.6718,0.6667,103.28,0.9161,good,43,2,100.0,22.85,16.39,44.38,High,High Risk,87.36,76.59,84.01,70.06,84.45,81.29,74.99,79.72,0,None,0
STU0900,2024,9,moderate,67.17,133,198,82.57,10.41,49.1,100.0,93,12.7,science_oriented,0,0,0,1,0.6667,0.5385,0.7231,0.6718,0.6667,86.32,0.9161,good,39,1,100.0,21.64,16.59,43.89,High,High Risk,91.21,79.77,85.8,74.21,87.12,84.35,77.81,83.24,1,Study Skills Workshop,1
STU0900,2025,10,moderate,68.91,133,193,85.26,10.61,53.6,100.0,93,12.7,science_oriented,0,0,0,0,0.6667,0.5395,0.7265,0.6718,0.6667,81.05,0.9161,good,41,0,100.0,12.56,16.53,39.79,High,High Risk,93.72,83.9,89.09,76.13,91.18,85.55,79.55,84.92,1,Parent Meeting,1
STU0901,2023,8,excellent,88.5,177,200,92.56,8.1,59.9,100.0,121,14.6,science_oriented,1,0,0,0,0.7861,0.6742,0.8202,0.7472,0.6667,133.58,0.95,average,17,1,59.05,7.25,11.76,23.92,Low,Low Risk,97.9,96.81,90.83,89.14,96.22,92.47,93.24,84.69,0,None,0
STU0901,2024,9,excellent,85.35,169,198,93.83,6.89,63.1,100.0,121,14.6,science_oriented,1,0,0,0,0.7949,0.6774,0.8154,0.7472,0.6667,174.15,0.95,average,19,7,67.25,6.57,11.8,26.08,Low,Low Risk,97.93,96.42,93.1,90.56,96.64,93.08,94.79,88.62,0,None,0
STU0901,2025,10,excellent,91.19,176,193,95.57,5.34,65.8,100.0,121,14.6,science_oriented,1,0,0,0,0.7892,0.6778,0.8158,0.7472,0.6667,152.88,0.95,average,10,2,36.17,5.99,11.79,16.49,Low,Low Risk,97.82,97.45,94.74,92.88,97.53,95.6,95.62,92.96,0,None,0
STU0902,2023,8,excellent,88.5,177,200,96.14,4.51,69.7,100.0,131,18.6,language_oriented,1,0,0,0,0.8291,0.629,0.8562,0.703,0.6667,172.47,0.9324,good,12,1,44.05,4.96,12.82,18.65,Low,Low Risk,97.91,97.71,97.44,97.17,97.63,92.8,94.45,96.2,0,None,0
STU0902,2024,9,excellent,84.34,167,198,96.74,3.75,68.3,100.0,131,18.6,language_oriented,1,0,0,0,0.8205,0.625,0.8615,0.703,0.6667,86.33,0.9324,good,18,2,64.96,4.89,12.78,24.89,Medium,Medium Risk,97.72,97.61,97.53,98.18,97.57,94.26,95.72,96.98,0,None,0
STU0902,2025,10,excellent,89.12,172,193,96.97,3.52,68.9,100.0,131,18.6,language_oriented,1,0,0,0,0.8248,0.6278,0.8577,0.703,0.6667,173.72,0.9324,good,11,2,40.62,4.72,12.81,17.51,Low,Low Risk,97.61,98.03,97.57,97.9,97.78,94.42,96.2,97.35,0,None,0
STU0903,2023,8,excellent,78.5,157,200,94.87,7.12,47.7,100.0,122,20.1,language_oriented,0,0,0,1,0.9663,0.903,0.9846,0.7045,0.6667,164.32,0.9145,average,28,1,99.05,10.72,8.39,36.64,Medium,Medium Risk,97.57,97.96,96.81,97.52,94.07,85.34,95.34,98.05,0,None,0
STU0903,2024,9,excellent,79.29,157,198,95.52,6.2,64.3,100.0,122,20.1,language_oriented,0,0,0,0,0.9744,0.8947,0.9846,0.7045,0.6667,96.82,0.9145,average,26,3,92.49,2.31,8.48,30.91,Medium,Medium Risk,97.72,97.8,97.03,97.74,95.06,87.49,96.56,97.93,0,None,0
STU0903,2025,10,excellent,82.38,159,193,96.02,5.26,60.8,100.0,122,20.1,language_oriented,0,0,0,0,0.9736,0.9013,0.9842,0.7045,0.6667,142.9,0.9145,average,22,2,78.33,2.12,8.42,26.56,Medium,Medium Risk,97.96,97.75,97.27,97.23,96.12,90.07,96.4,98.01,0,None,0
STU0904,2023,8,good,71.5,143,200,96.4,4.67,62.5,100.0,96,22.7,balanced,0,0,0,0,0.8119,0.7365,0.8309,0.763,0.6667,79.13,0.95,below_average,40,6,100.0,5.2,10.66,35.01,Medium,Medium Risk,97.95,97.38,96.9,97.45,97.8,96.57,96.52,91.34,0,None,0
STU0904,2024,9,good,79.29,157,198,96.35,4.69,64.1,100.0,96,22.7,balanced,0,0,0,0,0.8205,0.75,0.8308,0.763,0.6667,171.68,0.95,below_average,30,4,100.0,5.05,10.53,34.9,Medium,Medium Risk,97.98,97.07,96.65,97.45,97.71,97.14,96.72,91.09,1,Academic Advising,0
STU0904,2025,10,good,81.35,157,193,96.86,3.94,71.0,100.0,96,22.7,balanced,0,0,0,0,0.8155,0.7414,0.8316,0.763,0.6667,75.1,0.95,below_average,30,5,100.0,4.94,10.6,34.88,Medium,Medium Risk,97.91,96.76,97.69,97.18,97.5,97.66,97.41,93.07,0,None,0
STU0905,2023,8,good,78.5,157,200,61.36,14.23,21.4,100.0,83,14.8,balanced,0,0,1,1,0.6667,0.602,0.6871,0.7977,0.6667,169.68,0.6965,good,25,1,90.05,45.12,17.27,51.64,Medium,Medium Risk,76.52,45.51,60.02,71.52,54.52,55.25,67.55,66.06,0,None,0
STU0905,2024,9,good,75.25,149,198,63.88,14.34,17.7,100.0,83,14.8,balanced,0,0,1,1,0.6667,0.6154,0.6923,0.7977,0.6667,164.47,0.6965,good,29,1,100.0,44.12,17.06,54.12,Medium,Medium Risk,81.68,46.77,62.22,71.94,58.29,57.51,68.71,68.98,1,Parent Meeting,0
STU0905,2025,10,good,77.72,150,193,65.03,14.4,27.3,100.0,83,14.8,balanced,0,0,1,1,0.6667,0.6047,0.6893,0.7977,0.6667,158.73,0.6965,good,26,3,93.6,43.65,17.21,52.03,Medium,Medium Risk,81.74,47.97,66.25,74.44,58.4,58.95,70.6,69.05,0,None,0
STU0906,2023,8,excellent,80.0,160,200,84.08,12.05,38.8,100.0,101,20.7,balanced,0,0,0,1,0.8548,0.6703,0.9382,0.8045,0.6667,98.82,0.8238,good,22,4,80.0,17.27,10.78,34.47,Medium,Medium Risk,93.56,75.01,85.84,95.3,84.3,86.88,79.3,76.7,0,None,0
STU0906,2024,9,excellent,86.36,171,198,85.71,11.09,53.1,100.0,101,20.7,balanced,0,0,0,0,0.8462,0.6667,0.9385,0.8045,0.6667,116.98,0.8238,good,15,3,54.55,8.79,10.81,23.02,Low,Low Risk,93.61,79.54,87.11,95.01,85.7,87.68,82.58,77.58,1,Study Group,1
STU0906,2025,10,excellent,81.35,157,193,86.81,10.71,51.9,100.0,101,20.7,balanced,0,0,0,0,0.8511,0.6703,0.9368,0.8045,0.6667,89.38,0.8238,good,24,3,85.06,8.25,10.8,31.93,Medium,Medium Risk,93.3,80.14,87.72,95.95,86.61,90.47,84.01,81.03,0,None,0
STU0907,2023,8,excellent,83.5,167,200,96.74,4.37,60.8,100.0,118,25.9,science_oriented,0,0,0,0,0.8033,0.6491,0.8974,0.7424,0.6667,95.8,0.9226,average,22,1,77.55,5.24,11.36,28.46,Medium,Medium Risk,97.34,97.31,97.79,90.39,97.69,97.52,97.83,96.97,0,None,0
STU0907,2024,9,excellent,83.33,165,198,96.55,4.45,66.8,100.0,118,25.9,science_oriented,0,0,0,0,0.7949,0.6452,0.8923,0.7424,0.6667,115.73,0.9226,average,21,4,74.67,5.48,11.48,27.74,Medium,Medium Risk,97.44,96.99,97.85,89.81,97.84,97.27,97.64,96.56,1,Parent Meeting,1
STU0907,2025,10,excellent,77.72,150,193,96.95,4.07,57.7,100.0,118,25.9,science_oriented,0,0,0,0,0.7984,0.6485,0.8949,0.7424,0.6667,82.77,0.9226,average,26,3,93.6,5.25,11.41,33.29,Medium,Medium Risk,97.38,97.63,97.92,91.14,97.8,97.76,97.85,97.1,0,None,0
STU0908,2023,8,good,69.0,138,200,70.93,14.49,29.1,100.0,125,14.1,balanced,0,0,1,0,0.7604,0.6632,0.7846,0.7164,0.6667,165.43,0.5924,excellent,26,1,99.7,31.42,18.39,48.65,High,High Risk,76.74,69.32,82.49,60.62,58.17,61.58,77.42,84.0,0,None,0
STU0908,2024,9,good,72.73,144,198,72.44,15.3,22.8,100.0,125,14.1,balanced,0,0,1,0,0.7692,0.6667,0.7846,0.7164,0.6667,105.45,0.5924,excellent,28,2,100.0,30.64,18.35,48.38,Medium,Medium Risk,82.61,70.71,84.57,60.09,58.19,61.65,79.49,84.96,1,Mentoring Program,1
STU0908,2025,10,good,77.2,149,193,73.06,14.56,27.4,100.0,125,14.1,balanced,0,0,1,0,0.7628,0.6667,0.7842,0.7164,0.6667,132.1,0.5924,excellent,18,1,69.96,30.52,18.36,39.31,Medium,Medium Risk,80.91,69.59,85.02,63.27,60.38,63.73,77.59,86.86,1,Parent Meeting,0
STU0909,2023,8,moderate,70.0,140,200,63.47,19.01,16.6,100.0,92,10.8,science_oriented,0,0,1,2,0.6152,0.5,0.6772,0.6187,0.6667,75.77,0.5033,good,36,3,100.0,53.31,24.92,60.22,High,High Risk,51.87,38.98,72.27,45.42,78.98,55.05,84.43,73.31,0,None,0
STU0909,2024,9,moderate,64.14,127,198,66.15,18.23,18.4,100.0,92,10.8,science_oriented,0,0,1,1,0.6154,0.5,0.6769,0.6187,0.6667,62.7,0.5033,good,43,1,100.0,44.23,24.92,56.14,High,High Risk,56.38,45.2,73.65,50.02,80.38,55.64,86.6,79.15,1,Mentoring Program,0
STU0909,2025,10,moderate,70.47,136,193,69.26,17.91,20.1,100.0,92,10.8,science_oriented,0,0,1,1,0.614,0.5,0.6791,0.6187,0.6667,92.37,0.5033,good,28,3,100.0,43.02,24.89,55.58,Medium,Medium Risk,58.32,47.69,76.64,54.11,84.45,58.94,89.21,80.21,1,Study Skills Workshop,1
STU0910,2023,8,good,76.5,153,200,83.96,13.92,32.8,100.0,77,16.3,science_oriented,0,0,1,0,0.897,0.6754,0.918,0.8229,0.6667,146.05,0.8469,average,30,3,100.0,23.47,10.31,43.14,Medium,Medium Risk,86.68,65.02,71.22,82.76,90.82,83.15,96.81,92.45,0,None,0
STU0910,2024,9,good,80.81,160,198,86.18,13.03,39.1,100.0,77,16.3,science_oriented,0,0,0,1,0.8974,0.6857,0.9231,0.8229,0.6667,121.4,0.8469,average,25,2,88.43,15.58,10.13,36.07,Medium,Medium Risk,89.57,68.11,74.02,85.95,91.27,86.11,96.83,94.21,0,None,0
STU0910,2025,10,good,74.09,143,193,88.06,12.14,40.9,100.0,77,16.3,science_oriented,0,0,0,1,0.8946,0.6759,0.9209,0.8229,0.6667,81.82,0.8469,average,30,4,100.0,14.88,10.27,39.26,Medium,Medium Risk,92.08,70.57,74.97,89.03,94.1,87.99,97.82,94.91,1,Study Group,1
STU0911,2023,8,moderate,66.0,132,200,60.95,16.63,17.5,100.0,94,9.6,practical,1,0,1,1,0.538,0.476,0.5846,0.6306,0.6667,75.92,0.5716,good,38,1,100.0,47.86,25.28,57.86,High,High Risk,52.06,63.74,69.4,52.4,72.64,55.75,78.62,41.67,0,None,0
STU0911,2024,9,moderate,58.59,116,198,63.53,15.94,20.9,100.0,94,9.6,practical,1,0,1,1,0.5385,0.4762,0.5846,0.6306,0.6667,37.12,0.5716,good,44,0,100.0,46.82,25.28,57.39,High,High Risk,55.8,65.7,69.96,54.95,73.42,57.53,81.12,44.79,1,Tutoring,1
STU0911,2025,10,moderate,70.47,136,193,65.15,16.7,16.2,100.0,94,9.6,practical,1,0,1,1,0.5349,0.4754,0.5842,0.6306,0.6667,70.53,0.5716,good,38,4,100.0,46.24,25.3,57.13,Medium,Medium Risk,56.32,68.95,73.04,52.65,75.57,60.17,84.9,45.27,1,Counseling,1
STU0912,2023,8,moderate,66.5,133,200,82.8,14.14,35.5,100.0,101,19.9,balanced,0,0,0,1,0.8033,0.6171,0.8562,0.5847,0.6667,60.13,0.95,excellent,36,2,100.0,18.81,15.04,42.23,High,High Risk,94.3,89.12,95.63,85.66,80.48,62.73,87.81,76.43,0,None,0
STU0912,2024,9,moderate,62.63,124,198,86.46,13.5,40.6,100.0,101,19.9,balanced,0,0,0,1,0.7949,0.6129,0.8615,0.5847,0.6667,71.45,0.95,excellent,38,2,100.0,17.52,15.0,41.63,High,High Risk,96.09,92.76,97.02,91.86,84.4,67.24,92.83,81.99,1,Tutoring,0
STU0912,2025,10,moderate,66.32,128,193,89.83,11.09,41.1,100.0,101,19.9,balanced,0,0,0,1,0.7984,0.6155,0.8577,0.5847,0.6667,44.58,0.95,excellent,31,1,100.0,16.1,15.03,41.0,High,High Risk,97.49,94.76,97.65,93.14,88.32,72.6,93.88,86.8,0,None,0
STU0913,2023,8,excellent,89.5,179,200,89.13,11.62,46.9,100.0,107,10.1,language_oriented,0,0,0,1,0.8891,0.8367,0.9335,0.7399,0.6667,77.67,0.95,excellent,10,1,37.35,14.57,8.58,19.91,Low,Low Risk,96.47,96.7,94.42,95.82,85.18,72.91,82.47,96.15,0,None,0
STU0913,2024,9,excellent,87.37,173,198,91.49,10.14,46.3,100.0,107,10.1,language_oriented,0,0,0,1,0.8974,0.8286,0.9385,0.7399,0.6667,152.43,0.95,excellent,14,0,50.84,13.46,8.59,23.45,Low,Low Risk,96.81,97.5,95.91,97.56,89.55,78.64,85.87,97.29,0,None,0
STU0913,2025,10,excellent,87.05,168,193,93.64,8.18,57.5,100.0,107,10.1,language_oriented,0,0,0,0,0.8946,0.8336,0.9368,0.7399,0.6667,95.7,0.95,excellent,12,1,45.07,4.65,8.56,17.76,Low,Low Risk,97.51,97.89,96.41,97.81,93.22,83.87,90.34,97.7,0,None,0
STU0914,2023,8,good,75.5,151,200,93.73,7.21,58.5,100.0,119,19.3,science_oriented,1,0,0,0,0.9148,0.7099,0.9382,0.7541,0.6667,161.03,0.95,below_average,43,4,100.0,4.21,9.5,34.27,Medium,Medium Risk,93.16,87.75,88.33,93.03,96.24,97.19,97.88,93.02,0,None,0
STU0914,2024,9,good,75.76,150,198,93.94,7.04,58.6,100.0,119,19.3,science_oriented,1,0,0,0,0.9231,0.7222,0.9385,0.7541,0.6667,143.47,0.95,below_average,41,4,100.0,3.96,9.37,34.12,Medium,Medium Risk,94.01,87.94,90.27,93.71,97.07,97.18,97.81,92.42,1,Parent Meeting,0
STU0914,2025,10,good,77.2,149,193,94.35,6.8,60.3,100.0,119,19.3,science_oriented,1,0,0,0,0.9209,0.7138,0.9368,0.7541,0.6667,107.3,0.95,below_average,38,4,100.0,3.84,9.48,34.1,Medium,Medium Risk,93.52,88.19,91.23,95.0,96.46,97.18,97.77,93.09,1,Academic Advising,1
STU0915,2023,8,good,79.5,159,200,61.68,16.55,14.4,100.0,103,16.0,science_oriented,0,1,1,1,0.6152,0.5,0.7129,0.8025,0.6667,173.17,0.7912,excellent,17,2,65.35,46.03,36.39,49.41,Medium,Medium Risk,64.81,38.32,55.87,60.53,73.82,63.43,78.94,55.2,0,None,0
STU0915,2024,9,good,75.25,149,198,65.03,16.4,9.7,100.0,103,16.0,science_oriented,0,1,1,1,0.6154,0.5,0.7077,0.8025,0.6667,77.92,0.7912,excellent,20,2,77.32,44.68,36.47,52.42,Medium,Medium Risk,69.39,42.16,57.32,65.77,78.18,67.19,81.19,58.08,1,Parent Meeting,0
STU0915,2025,10,good,75.65,146,193,67.3,16.9,13.4,100.0,103,16.0,science_oriented,0,1,1,1,0.614,0.5,0.7107,0.8025,0.6667,97.62,0.7912,excellent,23,3,86.05,43.8,36.42,54.63,Medium,Medium Risk,70.58,43.87,60.25,64.05,82.14,69.77,82.73,61.52,1,Study Group,1
STU0916,2023,8,excellent,81.5,163,200,89.0,11.19,45.1,100.0,94,16.7,practical,1,0,0,1,0.8376,0.7038,0.8511,0.7558,0.6667,160.67,0.7875,good,19,1,69.95,15.65,13.27,31.34,Medium,Medium Risk,95.9,90.18,97.51,86.46,97.67,76.43,93.17,80.56,0,None,0
STU0916,2024,9,excellent,85.86,170,198,90.21,10.71,48.7,100.0,94,16.7,practical,1,0,0,1,0.8462,0.697,0.8462,0.7558,0.6667,108.15,0.7875,good,14,3,51.9,14.99,13.41,25.67,Low,Low Risk,96.93,92.1,97.68,88.0,97.45,77.71,95.47,81.61,0,None,0
STU0916,2025,10,excellent,85.49,165,193,91.06,10.07,50.6,100.0,94,16.7,practical,1,0,0,0,0.8419,0.698,0.8474,0.7558,0.6667,152.73,0.7875,good,15,0,55.16,6.74,13.38,22.92,Low,Low Risk,96.85,92.44,97.56,89.83,97.68,79.66,94.6,84.62,0,None,0
STU0917,2023,8,good,74.5,149,200,68.59,16.28,19.7,100.0,114,9.5,science_oriented,0,0,1,2,0.6667,0.5505,0.6974,0.769,0.6667,134.07,0.8767,good,32,5,100.0,50.23,15.5,56.48,Medium,Medium Risk,85.8,48.86,77.14,49.67,81.22,66.52,65.67,78.42,0,None,0
STU0917,2024,9,good,63.13,125,198,70.8,16.5,25.8,100.0,114,9.5,science_oriented,0,0,1,0,0.6667,0.5385,0.6923,0.769,0.6667,121.53,0.8767,good,44,4,100.0,33.35,15.7,48.93,High,High Risk,87.95,51.75,80.65,51.14,82.58,67.87,68.97,79.95,0,None,0
STU0917,2025,10,good,69.95,135,193,72.36,16.51,24.2,100.0,114,9.5,science_oriented,0,0,1,0,0.6667,0.5395,0.6949,0.769,0.6667,128.2,0.8767,good,39,4,100.0,32.72,15.65,48.64,High,High Risk,87.87,52.53,81.45,52.27,83.75,69.21,71.02,84.42,1,Counseling,0
STU0918,2023,8,good,81.5,163,200,77.66,13.87,29.2,100.0,79,15.4,balanced,0,0,1,0,0.6409,0.5201,0.6511,0.7656,0.6667,157.83,0.9431,good,24,3,84.95,31.12,15.57,43.38,Medium,Medium Risk,92.67,62.31,75.89,87.97,84.74,82.83,65.56,73.21,0,None,0
STU0918,2024,9,good,83.33,165,198,80.06,13.84,35.4,100.0,79,15.4,balanced,0,0,0,1,0.641,0.52,0.6462,0.7656,0.6667,112.93,0.9431,good,17,1,62.67,23.15,15.65,33.13,Medium,Medium Risk,93.29,63.63,80.16,89.77,86.92,85.03,68.19,78.3,0,None,0
STU0918,2025,10,good,73.58,142,193,82.35,12.89,43.6,100.0,79,15.4,balanced,0,0,0,1,0.6403,0.5206,0.6474,0.7656,0.6667,98.1,0.9431,good,28,4,100.0,22.25,15.62,43.92,Medium,Medium Risk,96.2,68.29,80.81,92.53,88.74,87.79,72.23,79.7,0,None,0
STU0919,2023,8,irregular,53.0,106,200,56.38,18.47,8.6,100.0,100,9.1,language_oriented,0,0,1,3,0.5894,0.4345,0.6309,0.5178,0.3333,67.43,0.5678,good,49,2,100.0,64.66,27.32,65.93,High,High Risk,83.73,46.73,64.52,74.99,62.12,38.76,43.3,53.0,0,None,0
STU0919,2024,9,irregular,47.47,94,198,61.17,18.32,16.3,100.0,100,9.1,language_oriented,0,0,1,2,0.5897,0.4348,0.6308,0.5178,0.3333,48.18,0.5678,good,68,1,100.0,54.74,27.32,61.46,High,High Risk,86.44,51.59,69.31,80.71,66.01,44.5,48.25,60.45,1,Counseling,1
STU0919,2025,10,irregular,55.96,108,193,65.14,18.28,12.6,100.0,100,9.1,language_oriented,0,0,1,1,0.5876,0.4327,0.6316,0.5178,0.3333,42.17,0.5678,good,50,1,100.0,45.19,27.33,57.17,High,High Risk,91.3,55.78,73.68,85.64,72.74,46.75,52.69,63.28,0,None,0
STU0920,2023,8,irregular,41.0,82,200,35.74,14.08,4.2,82.0,106,1.2,science_oriented,0,0,6,3,0.2818,0.1828,0.3335,0.3946,0.0,43.0,0.3662,average,86,2,100.0,100.0,59.78,89.95,High,High Risk,36.72,27.41,33.99,29.55,29.44,48.29,51.88,20.58,0,None,0
STU0920,2024,9,irregular,50.51,100,198,38.02,14.6,6.2,78.3,106,1.2,science_oriented,0,0,5,3,0.2821,0.1818,0.3385,0.3946,0.0,50.82,0.3662,average,76,3,100.0,100.0,59.72,89.93,High,High Risk,39.66,29.01,36.32,29.97,33.79,50.37,55.48,22.2,1,Counseling,1
STU0920,2025,10,irregular,44.04,85,193,39.79,14.24,7.1,82.4,106,1.2,science_oriented,0,0,4,4,0.2806,0.1879,0.3368,0.3946,0.0,71.6,0.3662,average,78,4,100.0,100.0,59.68,89.92,High,High Risk,41.12,31.64,38.3,34.09,35.32,51.29,56.67,23.76,1,Mentoring Program,1
STU0921,2023,8,excellent,82.0,164,200,75.41,15.95,18.1,100.0,77,12.2,science_oriented,1,0,1,0,0.8119,0.6211,0.8408,0.7159,0.6667,88.92,0.9234,good,24,2,84.6,28.6,13.01,41.5,Medium,Medium Risk,76.89,51.97,81.31,73.51,92.64,85.11,73.73,67.94,0,None,0
STU0921,2024,9,excellent,86.87,172,198,76.05,15.16,24.8,100.0,77,12.2,science_oriented,1,0,1,0,0.8205,0.625,0.8462,0.7159,0.6667,175.13,0.9234,good,14,1,51.19,28.17,12.89,31.26,Medium,Medium Risk,79.42,54.16,82.42,74.53,94.01,84.22,74.16,70.6,1,Study Group,1
STU0921,2025,10,excellent,78.76,152,193,77.27,15.4,31.4,100.0,77,12.2,science_oriented,1,0,1,0,0.8155,0.6236,0.8419,0.7159,0.6667,172.22,0.9234,good,27,0,95.87,27.78,12.97,44.5,Medium,Medium Risk,79.4,55.52,83.51,73.26,94.31,87.43,76.7,69.61,0,None,0
STU0922,2023,8,irregular,56.5,113,200,26.03,12.63,4.0,62.9,86,1.0,balanced,0,0,8,2,0.3848,0.3105,0.4309,0.8562,0.6667,33.75,0.1645,poor,81,9,100.0,100.0,50.84,87.71,High,High Risk,15.28,25.7,34.42,36.43,32.91,18.46,12.71,36.8,0,None,0
STU0922,2024,9,irregular,53.54,106,198,26.67,12.87,3.7,71.2,86,1.0,balanced,0,0,7,3,0.3846,0.3333,0.4308,0.8562,0.6667,26.42,0.1645,poor,77,8,100.0,100.0,50.61,87.65,High,High Risk,15.47,27.23,35.8,37.35,33.4,19.53,13.92,36.55,1,Mentoring Program,1
STU0922,2025,10,irregular,53.89,104,193,27.44,13.17,4.1,70.0,86,1.0,balanced,0,0,7,3,0.386,0.3175,0.4316,0.8562,0.6667,61.7,0.1645,poor,74,7,100.0,100.0,50.76,87.69,High,High Risk,17.29,26.48,38.89,38.26,34.26,19.56,14.13,35.81,0,None,0
STU0923,2023,8,good,68.5,137,200,90.86,8.73,51.7,100.0,123,13.5,balanced,1,0,0,0,0.6924,0.5186,0.7537,0.8366,0.6667,151.65,0.95,good,35,2,100.0,9.81,12.53,37.55,High,High Risk,97.4,89.45,93.01,87.49,92.38,87.47,91.9,90.06,0,None,0
STU0923,2024,9,good,73.74,146,198,92.49,7.77,58.3,100.0,123,13.5,balanced,1,0,0,0,0.6923,0.5185,0.7538,0.8366,0.6667,140.5,0.95,good,30,2,100.0,9.16,12.53,37.25,Medium,Medium Risk,97.28,91.59,94.34,89.72,94.01,89.09,93.92,91.49,1,Counseling,1
STU0923,2025,10,good,73.58,142,193,94.15,6.47,62.9,100.0,123,13.5,balanced,1,0,0,0,0.693,0.519,0.7526,0.8366,0.6667,140.22,0.95,good,28,0,100.0,8.48,12.54,36.95,Medium,Medium Risk,98.29,93.19,96.22,92.05,95.34,90.86,95.54,93.75,1,Parent Meeting,1
STU0924,2023,8,excellent,81.5,163,200,97.77,1.97,77.0,100.0,141,18.4,language_oriented,1,0,0,0,0.9485,0.7572,0.9691,0.7553,0.6667,150.1,0.95,good,23,2,81.95,1.92,8.54,27.58,Medium,Medium Risk,97.94,97.94,97.71,98.07,97.4,97.64,97.63,97.94,0,None,0
STU0924,2024,9,excellent,86.36,171,198,97.86,1.88,86.7,100.0,141,18.4,language_oriented,1,0,0,0,0.9487,0.7568,0.9692,0.7553,0.6667,129.32,0.95,good,16,4,57.55,1.88,8.54,20.25,Low,Low Risk,97.96,97.69,97.6,98.32,97.45,98.02,97.81,97.96,0,None,0
STU0924,2025,10,excellent,87.05,168,193,97.76,1.82,88.9,100.0,141,18.4,language_oriented,1,0,0,0,0.9473,0.7594,0.9684,0.7553,0.6667,89.63,0.95,good,17,2,60.07,1.95,8.52,21.03,Low,Low Risk,97.65,97.55,97.92,97.89,97.79,97.72,97.8,97.77,0,None,0
STU0925,2023,8,moderate,58.0,116,200,72.74,17.77,14.6,100.0,91,14.6,language_oriented,0,0,1,1,0.7604,0.6632,0.8,0.6132,0.6667,83.95,0.6545,average,54,3,100.0,38.69,19.29,52.23,High,High Risk,90.36,82.74,85.75,70.58,63.31,48.55,61.64,90.39,0,None,0
STU0925,2024,9,moderate,60.61,120,198,74.49,17.51,18.5,100.0,91,14.6,language_oriented,0,0,1,0,0.7692,0.6667,0.8,0.6132,0.6667,38.63,0.6545,average,49,5,100.0,29.82,19.25,48.23,High,High Risk,91.59,83.15,88.94,72.48,65.68,50.73,63.59,92.03,1,Tutoring,1
STU0925,2025,10,moderate,60.62,117,193,76.63,17.43,24.2,100.0,91,14.6,language_oriented,0,0,1,0,0.7628,0.6667,0.8,0.6132,0.6667,66.05,0.6545,average,50,3,100.0,29.09,19.25,47.9,High,High Risk,92.66,86.45,90.54,75.56,68.54,52.45,65.16,94.63,1,Tutoring,1
STU0926,2023,8,good,72.5,145,200,88.24,10.13,50.2,100.0,111,17.2,balanced,0,0,0,0,0.8119,0.7163,0.9026,0.8097,0.6667,121.52,0.7609,average,35,3,100.0,8.47,11.69,36.73,Medium,Medium Risk,89.04,90.23,86.45,93.96,93.46,88.78,87.76,77.38,0,None,0
STU0926,2024,9,good,74.24,147,198,89.21,9.9,52.8,100.0,111,17.2,balanced,0,0,0,0,0.8205,0.7188,0.9077,0.8097,0.6667,77.2,0.7609,average,35,3,100.0,7.9,11.59,36.45,Medium,Medium Risk,88.72,90.85,88.43,93.32,95.3,89.62,89.38,79.5,0,None,0
STU0926,2025,10,good,70.47,136,193,90.69,8.97,54.9,100.0,111,17.2,balanced,0,0,0,0,0.8155,0.7205,0.9051,0.8097,0.6667,78.42,0.7609,average,44,0,100.0,7.41,11.61,36.24,Medium,Medium Risk,91.34,93.27,87.94,94.65,94.34,91.38,90.28,82.66,0,None,0
STU0927,2023,8,moderate,57.5,115,200,77.41,12.11,41.0,100.0,86,15.8,practical,0,0,0,1,0.7861,0.7278,0.8253,0.5958,0.3333,56.93,0.6262,average,67,1,100.0,21.31,19.03,44.35,High,High Risk,93.61,74.51,86.42,70.52,72.03,75.44,70.25,82.89,0,None,0
STU0927,2024,9,moderate,59.09,117,198,79.89,12.01,48.5,100.0,86,15.8,practical,0,0,0,1,0.7949,0.7419,0.8308,0.5958,0.3333,37.62,0.6262,average,52,4,100.0,20.15,18.81,43.77,High,High Risk,94.41,76.95,89.3,72.26,74.1,77.21,72.92,85.42,0,None,0
STU0927,2025,10,moderate,61.66,119,193,82.39,11.49,45.0,100.0,86,15.8,practical,0,0,0,1,0.7892,0.7327,0.8261,0.5958,0.3333,50.52,0.6262,average,51,2,100.0,19.26,18.97,43.41,High,High Risk,95.38,81.14,92.52,74.99,76.35,79.51,76.63,88.25,1,Study Skills Workshop,0
STU0928,2023,8,excellent,83.0,166,200,70.52,14.51,21.6,100.0,105,10.2,science_oriented,0,0,1,1,0.6832,0.6251,0.7537,0.7164,0.6667,81.33,0.7041,excellent,18,2,65.9,41.13,17.55,42.67,Medium,Medium Risk,71.2,66.28,68.47,67.52,84.81,75.08,79.69,49.94,0,None,0
STU0928,2024,9,excellent,88.89,176,198,71.66,14.19,21.3,100.0,105,10.2,science_oriented,0,0,1,1,0.6923,0.6296,0.7538,0.7164,0.6667,100.2,0.7041,excellent,9,0,34.78,40.49,17.51,33.03,Medium,Medium Risk,72.06,68.83,67.8,70.0,85.43,77.18,78.15,49.8,0,None,0
STU0928,2025,10,excellent,87.56,169,193,71.64,13.71,29.1,100.0,105,10.2,science_oriented,0,0,1,0,0.6838,0.6281,0.7526,0.7164,0.6667,122.5,0.7041,excellent,10,0,38.7,32.67,17.54,30.7,Medium,Medium Risk,71.54,68.44,69.24,66.89,85.47,76.82,78.5,53.67,1,Academic Advising,0
STU0929,2023,8,good,78.5,157,200,79.66,12.07,44.8,100.0,88,14.9,balanced,0,0,0,1,0.8119,0.7048,0.8511,0.737,0.6667,146.4,0.7627,excellent,19,0,72.05,19.9,14.01,34.07,Medium,Medium Risk,81.72,83.34,73.12,92.92,65.48,78.81,79.86,83.76,0,None,0
STU0929,2024,9,good,74.75,148,198,81.6,12.43,38.2,100.0,88,14.9,balanced,0,0,0,1,0.8205,0.7188,0.8462,0.737,0.6667,152.2,0.7627,excellent,20,3,77.68,18.95,13.94,35.32,Medium,Medium Risk,82.86,85.45,72.7,95.1,68.04,81.11,82.6,85.81,1,Academic Advising,1
STU0929,2025,10,good,79.27,153,193,84.09,11.65,38.8,100.0,88,14.9,balanced,0,0,0,1,0.8155,0.7091,0.8474,0.737,0.6667,162.22,0.7627,excellent,19,0,71.51,18.05,14.02,33.08,Medium,Medium Risk,85.78,86.85,77.03,95.86,71.47,81.94,84.79,90.14,0,None,0
STU0930,2023,8,excellent,82.5,165,200,94.87,6.28,49.3,100.0,100,24.0,balanced,1,0,0,1,0.8291,0.629,0.8618,0.764,0.6667,151.73,0.849,excellent,18,0,66.25,13.47,12.77,29.13,Medium,Medium Risk,96.74,92.56,96.53,97.49,93.31,92.23,96.43,95.04,0,None,0
STU0930,2024,9,excellent,80.81,160,198,95.33,5.62,63.0,100.0,100,24.0,balanced,1,0,0,0,0.8205,0.625,0.8615,0.764,0.6667,100.72,0.849,excellent,21,2,76.43,5.46,12.81,28.59,Medium,Medium Risk,97.47,94.19,97.28,97.6,92.17,92.9,96.75,95.63,0,None,0
STU0930,2025,10,excellent,87.56,169,193,95.46,5.6,65.2,100.0,100,24.0,balanced,1,0,0,0,0.8248,0.6278,0.8632,0.764,0.6667,174.07,0.849,excellent,12,2,44.7,5.32,12.76,18.99,Low,Low Risk,96.55,93.4,97.69,97.73,93.57,93.66,97.17,94.82,0,None,0
STU0931,2023,8,moderate,66.0,132,200,51.39,14.82,8.8,96.3,94,5.1,language_oriented,0,0,1,3,0.4957,0.4314,0.518,0.6046,0.3333,92.95,0.7508,excellent,30,1,100.0,68.53,44.56,71.98,High,High Risk,55.43,52.56,51.53,70.45,40.98,49.89,37.17,57.67,0,None,0
STU0931,2024,9,moderate,58.59,116,198,54.68,14.82,8.2,99.0,94,5.1,language_oriented,0,0,1,2,0.4872,0.4211,0.5231,0.6046,0.3333,53.38,0.7508,excellent,47,0,100.0,59.38,44.59,67.87,High,High Risk,55.78,57.2,54.78,74.36,47.12,53.26,40.85,60.02,1,Parent Meeting,1
STU0931,2025,10,moderate,60.1,116,193,57.51,15.69,10.9,100.0,94,5.1,language_oriented,0,0,1,2,0.4915,0.4288,0.5209,0.6046,0.3333,43.45,0.7508,excellent,31,1,100.0,58.17,44.54,67.31,High,High Risk,62.23,61.24,57.94,78.85,47.37,56.7,40.5,62.75,1,Mentoring Program,1
STU0932,2023,8,irregular,50.5,101,200,39.22,13.1,5.2,79.2,100,4.4,balanced,0,0,3,6,0.3848,0.3343,0.4,0.8749,0.6667,58.63,0.6039,good,54,4,100.0,100.0,44.1,86.02,High,High Risk,41.08,55.4,44.92,37.26,38.75,30.78,40.66,25.37,0,None,0
STU0932,2024,9,irregular,55.56,110,198,39.95,13.22,5.3,79.6,100,4.4,balanced,0,0,3,6,0.3846,0.3333,0.4,0.8749,0.6667,33.02,0.6039,good,44,2,100.0,100.0,44.11,86.03,High,High Risk,42.26,55.22,47.92,36.02,41.48,32.41,42.85,25.77,1,Mentoring Program,1
STU0932,2025,10,irregular,53.89,104,193,41.48,13.28,6.6,83.2,100,4.4,balanced,0,0,3,6,0.386,0.3413,0.4,0.8749,0.6667,33.82,0.6039,good,54,1,100.0,100.0,44.03,86.01,High,High Risk,45.43,57.94,47.12,38.15,42.15,34.12,42.96,27.77,1,Parent Meeting,1
STU0933,2023,8,moderate,69.0,138,200,73.32,15.01,20.3,100.0,101,16.0,language_oriented,0,0,1,0,0.6152,0.5419,0.7228,0.614,0.6667,60.38,0.5705,average,38,8,100.0,33.37,22.9,50.74,High,High Risk,85.07,78.02,74.36,93.57,70.14,69.68,54.4,71.62,0,None,0
STU0933,2024,9,moderate,67.17,133,198,77.63,14.27,39.9,100.0,101,16.0,language_oriented,0,0,0,1,0.6154,0.5417,0.7231,0.614,0.6667,55.47,0.5705,average,40,0,100.0,24.64,22.9,46.81,High,High Risk,90.54,82.84,79.7,94.88,71.24,75.48,60.02,76.79,1,Study Skills Workshop,1
STU0933,2025,10,moderate,73.58,142,193,79.97,13.97,28.8,100.0,101,16.0,language_oriented,0,0,1,0,0.614,0.5429,0.7209,0.614,0.6667,80.67,0.5705,average,34,4,100.0,30.73,22.92,49.56,Medium,Medium Risk,90.68,85.1,81.84,96.12,75.69,77.57,63.15,78.87,1,Parent Meeting,1
STU0934,2023,8,good,86.0,172,200,75.51,15.09,18.7,100.0,126,11.7,science_oriented,1,0,1,0,0.7518,0.6251,0.8,0.8443,0.6667,105.5,0.7624,average,20,5,69.8,29.76,13.43,37.69,Medium,Medium Risk,89.57,60.09,72.11,76.0,78.78,86.24,81.71,59.58,0,None,0
STU0934,2024,9,good,81.82,162,198,77.89,15.15,25.9,100.0,126,11.7,science_oriented,1,0,1,0,0.7436,0.6207,0.8,0.8443,0.6667,73.97,0.7624,average,26,2,90.73,28.97,13.47,43.62,Medium,Medium Risk,93.06,64.39,73.9,77.59,82.21,88.82,83.35,60.07,1,Study Group,0
STU0934,2025,10,good,82.9,160,193,80.81,13.95,33.0,100.0,126,11.7,science_oriented,1,0,1,0,0.7457,0.6237,0.8,0.8443,0.6667,139.07,0.7624,average,21,2,74.97,27.76,13.44,38.34,Medium,Medium Risk,92.82,68.86,75.91,82.04,85.87,89.16,86.14,64.45,0,None,0
STU0935,2023,8,good,78.5,157,200,94.23,7.03,49.6,100.0,127,19.5,language_oriented,0,0,0,1,0.897,0.8094,0.9592,0.8205,0.6667,83.1,0.8917,excellent,18,0,69.05,12.37,7.73,28.21,Medium,Medium Risk,97.49,97.72,89.1,96.86,96.36,91.71,88.93,97.73,0,None,0
STU0935,2024,9,good,80.3,159,198,95.46,5.49,56.4,100.0,127,19.5,language_oriented,0,0,0,0,0.8974,0.8,0.9538,0.8205,0.6667,150.18,0.8917,excellent,15,0,58.79,3.87,7.91,21.35,Medium,Medium Risk,97.46,97.73,93.99,96.25,96.74,93.19,91.98,97.86,0,None,0
STU0935,2025,10,good,84.46,163,193,95.82,5.4,59.5,100.0,127,19.5,language_oriented,0,0,0,0,0.8946,0.8042,0.9581,0.8205,0.6667,74.48,0.8917,excellent,12,1,46.88,3.78,7.8,17.71,Medium,Medium Risk,97.68,97.46,94.82,97.41,96.66,92.41,94.22,97.98,0,None,0
STU0936,2023,8,moderate,58.5,117,200,70.32,14.56,24.4,100.0,97,10.9,practical,0,0,1,1,0.7261,0.6473,0.7382,0.6467,0.6667,106.17,0.8708,excellent,39,0,100.0,40.35,16.46,52.27,High,High Risk,79.46,49.93,79.62,72.3,66.67,69.05,81.87,64.56,0,None,0
STU0936,2024,9,moderate,55.05,109,198,71.97,15.1,28.2,100.0,97,10.9,practical,0,0,1,0,0.7179,0.6429,0.7385,0.6467,0.6667,72.75,0.8708,excellent,36,2,100.0,31.85,16.5,48.46,High,High Risk,82.57,51.92,82.1,75.31,69.54,68.7,84.59,64.52,1,Tutoring,1
STU0936,2025,10,moderate,62.18,120,193,73.42,15.18,19.2,100.0,97,10.9,practical,0,0,1,0,0.7194,0.6465,0.7368,0.6467,0.6667,57.65,0.8708,excellent,36,0,100.0,31.25,16.49,48.18,High,High Risk,84.15,53.46,83.06,74.88,70.68,71.59,84.79,67.45,1,Study Skills Workshop,1
STU0937,2023,8,excellent,84.0,168,200,75.07,16.24,32.6,100.0,91,17.8,language_oriented,1,0,1,0,0.6409,0.4799,0.682,0.6482,0.6667,158.63,0.6268,good,18,3,65.2,32.15,22.61,39.68,Medium,Medium Risk,91.26,93.02,74.73,92.59,60.36,70.42,57.42,71.24,0,None,0
STU0937,2024,9,excellent,82.83,164,198,77.13,15.84,32.8,100.0,91,17.8,language_oriented,1,0,1,0,0.641,0.48,0.6769,0.6482,0.6667,77.37,0.6268,good,20,0,72.02,31.33,22.68,41.37,Medium,Medium Risk,91.76,93.86,78.77,94.34,63.05,72.49,59.07,74.68,0,None,0
STU0937,2025,10,excellent,83.94,162,193,79.21,15.44,27.3,100.0,91,17.8,language_oriented,1,0,1,0,0.6403,0.4794,0.6791,0.6482,0.6667,113.18,0.6268,good,20,1,71.24,30.51,22.66,40.77,Medium,Medium Risk,94.71,95.01,80.55,94.9,64.15,75.37,61.87,75.21,0,None,0
STU0938,2023,8,irregular,51.5,103,200,42.16,15.77,7.3,87.1,82,7.2,practical,1,0,4,4,0.4106,0.3538,0.5026,0.3691,0.3333,67.68,0.4587,good,54,1,100.0,100.0,54.66,88.67,High,High Risk,31.51,21.79,47.13,59.2,44.59,30.48,55.19,49.42,0,None,0
STU0938,2024,9,irregular,45.45,90,198,44.99,15.54,7.6,87.3,82,7.2,practical,1,0,4,3,0.4103,0.375,0.5077,0.3691,0.3333,29.1,0.4587,good,71,2,100.0,100.0,54.37,88.59,High,High Risk,33.33,26.86,49.84,62.93,47.49,33.91,57.02,50.7,1,Tutoring,1
STU0938,2025,10,irregular,51.3,99,193,47.86,15.7,8.3,91.7,82,7.2,practical,1,0,3,2,0.4124,0.3611,0.5051,0.3691,0.3333,29.47,0.4587,good,53,0,100.0,93.61,54.55,85.76,High,High Risk,34.63,30.34,51.81,62.1,50.54,36.53,61.99,53.04,1,Parent Meeting,1
STU0939,2023,8,moderate,72.0,144,200,76.34,12.35,32.0,100.0,98,12.1,science_oriented,0,0,1,0,0.6409,0.5603,0.6717,0.606,0.6667,63.33,0.6787,average,39,3,100.0,31.65,22.02,49.75,Medium,Medium Risk,76.64,61.55,74.75,80.41,75.95,80.01,84.79,75.06,0,None,0
STU0939,2024,9,moderate,63.64,126,198,78.21,12.3,38.4,100.0,98,12.1,science_oriented,0,0,0,1,0.641,0.56,0.6769,0.606,0.6667,59.13,0.6787,average,56,2,100.0,23.89,21.95,46.24,High,High Risk,78.28,63.0,77.91,83.42,80.63,81.07,83.27,76.72,0,None,0
STU0939,2025,10,moderate,65.28,126,193,79.11,12.55,27.6,100.0,98,12.1,science_oriented,0,0,1,0,0.6403,0.5617,0.6735,0.606,0.6667,54.8,0.6787,average,52,2,100.0,30.55,21.98,49.24,High,High Risk,80.27,62.71,79.25,83.02,79.62,83.27,85.82,77.74,0,None,0
STU0940,2023,8,at-risk,33.0,66,200,38.7,12.84,6.8,78.9,105,1.5,balanced,0,0,5,4,0.2818,0.1828,0.3691,0.3237,0.3333,29.35,0.3528,good,69,0,100.0,100.0,60.87,90.22,High,High Risk,32.52,34.82,30.12,47.43,37.1,29.99,42.51,54.78,0,None,0
STU0940,2024,9,at-risk,33.84,67,198,39.79,12.38,8.6,79.2,105,1.5,balanced,0,0,3,6,0.2821,0.1818,0.3692,0.3237,0.3333,22.65,0.3528,good,84,1,100.0,100.0,60.88,90.22,High,High Risk,35.87,35.77,31.24,47.38,38.16,31.18,43.47,55.36,1,Mentoring Program,1
STU0940,2025,10,at-risk,29.53,57,193,41.52,12.96,4.4,84.0,105,1.5,balanced,0,0,4,4,0.2806,0.1879,0.3684,0.3237,0.3333,20.6,0.3528,good,76,2,100.0,100.0,60.83,90.21,High,High Risk,34.28,36.25,34.97,51.94,40.53,33.17,44.76,56.88,1,Mentoring Program,0
STU0941,2023,8,excellent,86.0,172,200,89.43,11.46,46.8,100.0,115,14.6,science_oriented,0,0,0,1,0.7439,0.6557,0.7691,0.7452,0.6667,159.48,0.95,good,17,0,60.8,17.35,12.75,29.24,Low,Low Risk,95.82,70.71,92.11,82.56,97.54,95.25,86.46,96.7,0,None,0
STU0941,2024,9,excellent,83.84,166,198,89.97,10.97,47.5,100.0,115,14.6,science_oriented,0,0,0,1,0.7436,0.6552,0.7692,0.7452,0.6667,103.42,0.95,good,21,2,74.31,17.14,12.76,33.2,Medium,Medium Risk,95.65,73.58,92.84,82.19,97.35,95.24,87.35,97.03,0,None,0
STU0941,2025,10,excellent,78.76,152,193,91.69,9.75,46.1,100.0,115,14.6,science_oriented,0,0,0,1,0.7457,0.659,0.7684,0.7452,0.6667,153.57,0.95,good,24,0,86.87,16.41,12.73,36.63,Medium,Medium Risk,96.89,76.17,95.5,85.09,98.0,95.93,90.02,96.92,1,Study Group,1
STU0942,2023,8,moderate,62.0,124,200,70.31,15.34,22.6,100.0,128,13.1,science_oriented,0,0,1,0,0.6409,0.5201,0.6974,0.6882,0.6667,97.05,0.536,average,50,5,100.0,34.06,22.53,50.96,High,High Risk,55.54,69.32,85.37,57.72,74.84,74.47,82.74,57.09,0,None,0
STU0942,2024,9,moderate,64.14,127,198,73.22,14.48,26.2,100.0,128,13.1,science_oriented,0,0,1,0,0.641,0.52,0.6923,0.6882,0.6667,55.68,0.536,average,44,3,100.0,32.89,22.61,50.45,High,High Risk,59.66,73.68,84.56,62.07,77.3,78.76,84.24,59.9,0,None,0
STU0942,2025,10,moderate,60.1,116,193,75.62,14.42,35.3,100.0,128,13.1,science_oriented,0,0,0,1,0.6403,0.5206,0.6949,0.6882,0.6667,107.15,0.536,average,58,5,100.0,24.95,22.57,46.87,High,High Risk,62.33,74.89,90.11,65.31,79.54,79.02,85.81,63.19,1,Counseling,1
STU0943,2023,8,good,80.5,161,200,92.96,9.03,48.4,100.0,98,14.6,science_oriented,0,0,0,1,0.7776,0.6044,0.8717,0.8539,0.6667,172.05,0.7473,good,27,1,94.65,15.26,12.59,38.41,Medium,Medium Risk,97.99,96.21,97.41,91.05,96.41,94.59,94.94,76.34,0,None,0
STU0943,2024,9,good,82.32,163,198,94.36,7.53,55.7,100.0,98,14.6,science_oriented,0,0,0,0,0.7692,0.6,0.8769,0.8539,0.6667,99.53,0.7473,good,21,0,75.37,6.87,12.56,28.84,Medium,Medium Risk,97.42,96.73,97.68,94.12,97.21,96.3,96.3,80.33,0,None,0
STU0943,2025,10,good,86.01,166,193,95.61,6.07,59.0,100.0,98,14.6,science_oriented,0,0,0,0,0.7721,0.6024,0.8735,0.8539,0.6667,142.72,0.7473,good,17,2,60.79,6.31,12.59,24.23,Low,Low Risk,97.75,97.46,97.45,96.58,97.07,96.91,97.13,84.97,1,Academic Advising,1
STU0944,2023,8,moderate,71.5,143,200,70.77,15.67,26.4,100.0,87,12.6,science_oriented,0,0,1,0,0.6667,0.5772,0.7592,0.6623,0.6667,60.55,0.5978,average,38,3,100.0,33.36,20.63,50.17,Medium,Medium Risk,79.73,53.16,50.25,70.55,88.58,74.28,77.87,71.46,0,None,0
STU0944,2024,9,moderate,74.24,147,198,74.74,16.2,16.1,100.0,87,12.6,science_oriented,0,0,1,0,0.6667,0.5769,0.7538,0.6623,0.6667,74.25,0.5978,average,37,2,100.0,31.77,20.71,49.47,Medium,Medium Risk,84.12,56.39,52.97,76.45,90.76,78.29,80.55,75.2,1,Parent Meeting,0
STU0944,2025,10,moderate,74.09,143,193,77.21,15.98,27.4,100.0,87,12.6,science_oriented,0,0,1,0,0.6667,0.5791,0.7581,0.6623,0.6667,48.7,0.5978,average,37,2,100.0,30.78,20.62,49.01,Medium,Medium Risk,85.77,59.66,54.65,76.61,94.37,79.34,85.5,78.94,1,Parent Meeting,0
STU0945,2023,8,excellent,82.0,164,200,90.7,8.79,55.7,100.0,105,13.9,balanced,1,0,0,0,0.9485,0.8114,0.9846,0.75,0.6667,75.87,0.95,average,21,4,75.6,4.75,7.87,26.78,Medium,Medium Risk,95.8,93.01,95.88,91.09,89.53,84.52,90.98,88.55,0,None,0
STU0945,2024,9,excellent,85.35,169,198,92.67,7.69,59.0,100.0,105,13.9,balanced,1,0,0,0,0.9487,0.8108,0.9846,0.75,0.6667,83.3,0.95,average,19,2,67.25,3.96,7.87,23.93,Low,Low Risk,97.42,94.56,95.55,92.76,93.51,86.95,92.75,91.28,1,Parent Meeting,1
STU0945,2025,10,excellent,90.67,175,193,94.8,6.35,62.7,100.0,105,13.9,balanced,1,0,0,0,0.9473,0.8151,0.9842,0.75,0.6667,153.35,0.95,average,11,3,39.53,3.13,7.84,15.23,Low,Low Risk,97.63,96.84,97.08,95.52,95.28,89.43,94.7,94.69,0,None,0
STU0946,2023,8,irregular,56.0,112,200,54.3,16.57,10.1,100.0,94,12.0,practical,0,0,1,4,0.4957,0.3794,0.5846,0.4481,0.3333,28.85,0.5051,average,57,3,100.0,75.36,30.9,71.64,High,High Risk,41.48,41.73,81.25,49.6,66.64,42.66,61.29,54.91,0,None,0
STU0946,2024,9,irregular,53.03,105,198,58.93,16.27,18.0,100.0,94,12.0,practical,0,0,1,3,0.4872,0.3684,0.5846,0.4481,0.3333,48.47,0.5051,average,59,3,100.0,65.68,31.01,67.31,High,High Risk,45.64,46.32,84.2,57.55,67.67,45.7,66.22,61.36,1,Tutoring,1
STU0946,2025,10,irregular,48.19,93,193,63.35,16.06,20.8,100.0,94,12.0,practical,0,0,1,1,0.4915,0.3752,0.5842,0.4481,0.3333,38.3,0.5051,average,78,1,100.0,47.83,30.95,59.26,High,High Risk,50.65,51.31,86.23,63.24,72.69,49.72,68.79,65.64,1,Parent Meeting,1
STU0947,2023,8,moderate,55.0,110,200,56.24,16.01,10.0,100.0,97,11.2,practical,0,0,1,2,0.6072,0.451,0.6562,0.6742,0.6667,74.2,0.6645,excellent,49,1,100.0,56.36,22.2,60.91,High,High Risk,61.69,42.96,83.74,52.74,59.83,40.78,61.5,53.96,0,None,0
STU0947,2024,9,moderate,58.08,115,198,57.05,15.78,14.4,100.0,97,11.2,practical,0,0,1,2,0.6154,0.4583,0.6615,0.6742,0.6667,72.3,0.6645,excellent,44,0,100.0,55.87,22.04,60.65,High,High Risk,61.55,44.31,86.64,53.64,59.05,42.86,63.31,54.12,0,None,0
STU0947,2025,10,moderate,54.92,106,193,58.64,15.74,15.8,100.0,97,11.2,practical,0,0,1,2,0.614,0.4571,0.6577,0.6742,0.6667,99.73,0.6645,excellent,50,0,100.0,55.26,22.11,60.4,High,High Risk,65.78,45.93,86.47,57.54,61.56,43.74,62.36,56.18,1,Tutoring,1
STU0948,2023,8,irregular,59.5,119,200,51.89,15.64,6.3,98.2,70,8.1,language_oriented,0,0,2,1,0.4013,0.3617,0.4154,0.9036,0.6667,51.38,0.3853,average,52,1,100.0,69.22,26.3,67.72,High,High Risk,48.28,55.86,22.56,69.61,60.42,54.21,50.68,51.68,0,None,0
STU0948,2024,9,irregular,43.94,87,198,54.08,15.76,5.9,98.4,70,8.1,language_oriented,0,0,2,0,0.4103,0.375,0.4154,0.9036,0.6667,65.12,0.3853,average,68,4,100.0,60.16,26.17,63.61,High,High Risk,51.28,57.97,23.2,71.95,63.08,55.73,53.34,52.71,1,Counseling,0
STU0948,2025,10,irregular,53.37,103,193,56.42,16.26,7.1,97.6,70,8.1,language_oriented,0,0,2,0,0.4031,0.369,0.4158,0.9036,0.6667,71.03,0.3853,average,62,2,100.0,59.37,26.22,63.27,High,High Risk,54.19,59.97,23.84,75.89,63.8,59.08,54.62,56.06,1,Mentoring Program,1
STU0949,2023,8,moderate,65.5,131,200,52.81,12.31,11.5,89.2,80,6.8,balanced,1,0,1,2,0.5637,0.5,0.6357,0.7136,0.6667,45.08,0.7262,average,54,1,100.0,58.6,40.3,66.45,High,High Risk,58.53,52.54,58.97,53.21,54.41,47.24,59.8,39.92,0,None,0
STU0949,2024,9,moderate,66.16,131,198,53.08,12.3,18.3,92.3,80,6.8,balanced,1,0,1,2,0.5641,0.5,0.6308,0.7136,0.6667,104.27,0.7262,average,44,5,100.0,58.49,40.37,66.41,High,High Risk,58.25,51.72,58.08,52.95,56.48,48.48,60.37,41.1,1,Study Skills Workshop,1
STU0949,2025,10,moderate,63.21,122,193,54.42,12.68,19.2,93.7,80,6.8,balanced,1,0,1,2,0.5613,0.5,0.6316,0.7136,0.6667,95.83,0.7262,average,46,5,100.0,58.01,40.36,66.19,High,High Risk,59.06,54.92,60.85,57.09,55.14,47.65,62.22,41.35,1,Mentoring Program,1
STU0950,2023,8,moderate,63.5,127,200,62.21,12.45,24.0,100.0,92,7.6,balanced,0,0,1,1,0.6409,0.4799,0.7026,0.6323,0.6667,84.35,0.7268,good,46,2,100.0,45.3,41.11,60.66,High,High Risk,67.18,48.08,53.64,67.82,74.26,56.93,68.26,64.74,0,None,0
STU0950,2024,9,moderate,73.23,145,198,64.62,12.25,19.4,99.6,92,7.6,balanced,0,0,1,0,0.641,0.48,0.7077,0.6323,0.6667,65.27,0.7268,good,35,1,100.0,36.33,41.04,56.61,Medium,Medium Risk,68.38,50.64,57.08,70.17,74.86,60.34,70.13,67.01,0,None,0
STU0950,2025,10,moderate,74.61,144,193,67.08,11.88,32.2,97.1,92,7.6,balanced,0,0,1,0,0.6403,0.4794,0.7051,0.6323,0.6667,68.8,0.7268,good,28,2,100.0,35.36,41.08,56.18,Medium,Medium Risk,71.65,54.42,58.1,72.5,77.0,63.84,70.38,71.69,0,None,0
STU0951,2023,8,irregular,47.5,95,200,40.8,14.64,6.0,86.4,93,7.0,language_oriented,1,0,3,6,0.3591,0.3089,0.4717,0.438,0.3333,37.98,0.3518,average,64,2,100.0,100.0,55.8,88.95,High,High Risk,39.98,59.43,45.28,41.48,41.98,25.12,31.38,49.89,0,None,0
STU0951,2024,9,irregular,46.46,92,198,43.99,13.99,7.7,85.7,93,7.0,language_oriented,1,0,2,6,0.359,0.2857,0.4769,0.438,0.3333,24.85,0.3518,average,67,4,100.0,100.0,55.95,88.99,High,High Risk,45.66,61.54,49.32,43.88,43.39,28.3,35.09,52.28,1,Counseling,1
STU0951,2025,10,irregular,49.22,95,193,48.11,14.95,10.1,97.6,93,7.0,language_oriented,1,0,2,4,0.3597,0.293,0.4735,0.438,0.3333,23.48,0.3518,average,66,1,100.0,95.56,55.93,86.99,High,High Risk,48.85,66.31,53.32,50.31,46.72,30.88,39.42,56.64,1,Counseling,1
STU0952,2023,8,good,72.5,145,200,88.12,13.54,32.2,100.0,119,13.2,science_oriented,0,0,1,0,0.7439,0.701,0.7846,0.8422,0.6667,141.53,0.907,good,34,2,100.0,24.87,10.77,43.89,Medium,Medium Risk,97.85,78.08,96.01,84.59,94.67,92.98,97.82,63.14,0,None,0
STU0952,2024,9,good,75.76,150,198,90.17,11.89,44.0,100.0,119,13.2,science_oriented,0,0,0,1,0.7436,0.6897,0.7846,0.8422,0.6667,142.87,0.907,good,33,1,100.0,17.06,10.89,40.4,Medium,Medium Risk,97.43,83.78,96.99,86.87,95.61,94.68,97.73,68.49,1,Parent Meeting,1
STU0952,2025,10,good,76.17,147,193,91.42,11.05,43.1,100.0,119,13.2,science_oriented,0,0,0,1,0.7457,0.6943,0.7842,0.8422,0.6667,118.17,0.907,good,31,2,100.0,16.52,10.84,40.14,Medium,Medium Risk,97.77,84.28,97.69,90.07,95.95,95.99,98.02,72.06,0,None,0
STU0953,2023,8,good,81.5,163,200,73.77,14.45,23.4,100.0,110,8.0,science_oriented,1,0,1,0,0.6152,0.4581,0.6717,0.7355,0.6667,101.97,0.8548,good,25,2,87.95,33.19,17.81,45.77,Medium,Medium Risk,59.58,63.35,84.24,63.61,90.06,77.12,79.51,68.18,0,None,0
STU0953,2024,9,good,77.27,153,198,75.85,14.95,28.2,100.0,110,8.0,science_oriented,1,0,1,0,0.6154,0.4583,0.6769,0.7355,0.6667,118.92,0.8548,good,24,1,87.91,32.35,17.73,45.36,Medium,Medium Risk,59.9,65.83,85.79,63.45,90.61,80.11,81.97,73.18,0,None,0
STU0953,2025,10,good,81.35,157,193,76.91,14.51,28.9,100.0,110,8.0,science_oriented,1,0,1,0,0.614,0.4571,0.6735,0.7355,0.6667,149.92,0.8548,good,19,3,70.06,31.96,17.79,39.85,Medium,Medium Risk,61.28,68.91,86.96,66.87,91.5,79.99,81.1,74.93,0,None,0
STU0954,2023,8,good,72.5,145,200,72.82,18.18,21.2,100.0,104,15.3,language_oriented,0,0,1,0,0.6409,0.5603,0.7073,0.7287,0.6667,89.88,0.8187,good,35,3,100.0,33.05,16.93,49.11,Medium,Medium Risk,81.43,84.59,85.63,95.47,51.04,56.71,62.79,77.2,0,None,0
STU0954,2024,9,good,75.25,149,198,75.85,17.42,20.9,100.0,104,15.3,language_oriented,0,0,1,0,0.641,0.56,0.7077,0.7287,0.6667,94.0,0.8187,good,32,1,100.0,31.84,16.93,48.56,Medium,Medium Risk,85.4,87.65,86.85,95.62,54.23,60.21,64.9,82.22,0,None,0
STU0954,2025,10,good,76.17,147,193,77.94,16.75,16.9,100.0,104,15.3,language_oriented,0,0,1,0,0.6403,0.5617,0.7051,0.7287,0.6667,141.68,0.8187,good,24,1,88.68,31.02,16.95,44.8,Medium,Medium Risk,87.05,89.82,88.8,96.5,56.89,63.33,66.98,83.42,0,None,0
STU0955,2023,8,good,75.5,151,200,41.55,12.01,5.9,79.4,109,3.8,balanced,1,0,2,7,0.47,0.4002,0.5228,0.7361,0.6667,107.68,0.5108,good,28,1,100.0,100.0,45.77,86.44,High,High Risk,56.38,48.04,37.54,41.27,34.63,36.94,42.09,38.31,0,None,0
STU0955,2024,9,good,64.65,128,198,42.17,11.64,7.7,80.5,109,3.8,balanced,1,0,1,8,0.4615,0.3889,0.5231,0.7361,0.6667,154.93,0.5108,good,42,2,100.0,100.0,45.88,86.47,High,High Risk,56.92,48.83,38.51,42.34,37.09,36.85,42.58,38.77,1,Tutoring,1
STU0955,2025,10,good,74.61,144,193,44.49,12.04,10.0,86.3,109,3.8,balanced,1,0,1,7,0.4651,0.3965,0.5209,0.7361,0.6667,127.83,0.5108,good,27,2,98.77,100.0,45.84,86.09,High,High Risk,61.18,50.67,40.03,44.04,40.0,39.34,42.56,42.67,1,Study Skills Workshop,1
STU0956,2023,8,moderate,69.0,138,200,48.48,11.6,15.3,80.5,82,10.0,balanced,1,0,1,6,0.5043,0.3899,0.5438,0.6127,0.3333,97.5,0.4867,average,39,1,100.0,93.52,28.39,79.18,High,High Risk,44.14,55.39,51.19,44.94,46.35,47.18,40.26,58.32,0,None,0
STU0956,2024,9,moderate,70.71,140,198,50.2,11.26,11.6,88.3,82,10.0,balanced,1,0,1,4,0.5128,0.4,0.5385,0.6127,0.3333,48.93,0.4867,average,36,4,100.0,76.66,28.37,71.59,High,High Risk,47.2,57.37,51.41,47.78,51.34,48.86,40.56,56.41,0,None,0
STU0956,2025,10,moderate,69.95,135,193,51.83,11.23,14.3,89.7,82,10.0,balanced,1,0,1,3,0.5085,0.3963,0.5423,0.6127,0.3333,101.05,0.4867,average,40,1,100.0,68.1,28.35,67.73,High,High Risk,49.81,58.2,54.75,50.39,49.75,50.97,43.26,59.49,1,Parent Meeting,1
STU0957,2023,8,excellent,87.5,175,200,95.9,5.1,63.5,100.0,112,22.3,balanced,0,0,0,0,0.8033,0.6171,0.8511,0.6828,0.6667,102.15,0.8441,average,19,2,65.75,5.57,14.75,25.92,Low,Low Risk,97.49,97.56,97.37,96.4,92.95,95.83,92.73,97.48,0,None,0
STU0957,2024,9,excellent,80.3,159,198,96.04,5.08,62.0,100.0,112,22.3,balanced,0,0,0,0,0.7949,0.6129,0.8462,0.6828,0.6667,168.88,0.8441,average,30,4,100.0,5.69,14.86,36.27,Medium,Medium Risk,97.59,97.82,97.75,95.53,93.28,96.49,92.79,97.71,0,None,0
STU0957,2025,10,excellent,81.35,157,193,96.29,4.61,61.2,100.0,112,22.3,balanced,0,0,0,0,0.7984,0.6155,0.8474,0.6828,0.6667,87.77,0.8441,average,24,7,85.06,5.51,14.82,31.7,Medium,Medium Risk,97.82,97.73,97.68,96.12,92.36,96.99,94.52,97.5,0,None,0
STU0958,2023,8,excellent,89.0,178,200,92.3,8.31,51.1,100.0,98,13.9,practical,1,0,0,0,0.9485,0.7572,0.9846,0.7095,0.6667,163.4,0.95,good,11,2,40.7,4.11,9.22,16.36,Low,Low Risk,90.88,90.99,97.5,83.9,93.58,87.87,97.2,95.31,0,None,0
STU0958,2024,9,excellent,83.33,165,198,93.54,7.37,64.3,100.0,98,13.9,practical,1,0,0,0,0.9487,0.7568,0.9846,0.7095,0.6667,169.2,0.95,good,20,1,71.67,3.61,9.22,25.43,Medium,Medium Risk,93.65,92.46,97.57,86.94,95.13,89.34,97.56,96.24,0,None,0
STU0958,2025,10,excellent,87.56,169,193,94.25,6.88,56.8,100.0,98,13.9,practical,1,0,0,0,0.9473,0.7594,0.9842,0.7095,0.6667,158.37,0.95,good,14,0,50.7,3.35,9.2,19.02,Low,Low Risk,95.24,93.98,97.43,86.94,96.64,90.41,97.74,96.09,1,Parent Meeting,0
STU0959,2023,8,excellent,84.0,168,200,91.41,9.75,49.9,100.0,94,19.8,balanced,0,0,0,1,0.9228,0.7682,0.9691,0.7758,0.6667,120.43,0.95,excellent,16,0,59.2,12.98,8.01,25.61,Medium,Medium Risk,72.93,97.18,92.81,97.52,86.27,88.87,94.11,97.44,0,None,0
STU0959,2024,9,excellent,86.87,172,198,91.76,10.03,47.6,100.0,94,19.8,balanced,0,0,0,1,0.9231,0.7778,0.9692,0.7758,0.6667,95.5,0.95,excellent,13,0,48.19,12.84,7.92,22.21,Low,Low Risk,73.05,97.48,93.63,97.41,86.37,90.32,95.19,97.2,1,Academic Advising,0
STU0959,2025,10,excellent,82.38,159,193,92.21,9.61,34.7,100.0,94,19.8,balanced,0,0,1,0,0.9209,0.771,0.9684,0.7758,0.6667,105.12,0.95,excellent,19,2,69.33,19.7,8.0,31.66,Medium,Medium Risk,75.38,97.42,95.04,97.36,86.54,90.7,94.89,97.45,0,None,0
STU0960,2023,8,irregular,47.5,95,200,44.46,16.41,4.0,88.7,102,2.5,science_oriented,1,0,3,5,0.5472,0.4066,0.6202,0.3428,0.0,26.93,0.3017,good,73,3,100.0,100.0,55.25,88.81,High,High Risk,41.69,18.04,41.07,32.83,60.41,45.58,49.72,62.38,0,None,0
STU0960,2024,9,irregular,48.48,96,198,46.03,17.11,5.7,87.4,102,2.5,science_oriented,1,0,3,4,0.5385,0.4286,0.6154,0.3428,0.0,48.05,0.3017,good,55,1,100.0,100.0,55.1,88.78,High,High Risk,43.64,16.94,44.14,34.54,63.4,47.88,52.67,61.67,1,Parent Meeting,1
STU0960,2025,10,irregular,54.92,106,193,47.56,17.02,7.2,90.3,102,2.5,science_oriented,1,0,2,5,0.5442,0.419,0.6158,0.3428,0.0,37.75,0.3017,good,50,5,100.0,100.0,55.19,88.8,High,High Risk,44.63,20.02,44.83,36.08,65.63,49.02,53.9,64.83,1,Parent Meeting,1
STU0961,2023,8,good,80.0,160,200,51.26,13.97,11.1,94.4,104,7.8,balanced,0,0,1,3,0.573,0.4181,0.6202,0.7234,0.6667,120.58,0.6371,excellent,22,3,80.0,67.04,42.49,64.79,High,High Risk,73.3,46.06,52.96,36.37,50.68,40.7,57.65,55.27,0,None,0
STU0961,2024,9,good,74.75,148,198,51.35,13.14,9.0,93.6,104,7.8,balanced,0,0,1,3,0.5641,0.4091,0.6154,0.7234,0.6667,172.47,0.6371,excellent,27,1,98.68,67.18,42.66,70.5,High,High Risk,73.45,46.44,53.12,38.36,50.62,42.6,55.85,54.77,1,Mentoring Program,1
STU0961,2025,10,good,67.88,131,193,52.03,13.69,17.7,99.3,104,7.8,balanced,0,0,1,3,0.5705,0.4156,0.6158,0.7234,0.6667,130.52,0.6371,excellent,31,3,100.0,66.78,42.58,70.7,High,High Risk,74.45,45.96,53.38,37.86,53.06,43.14,56.79,55.83,1,Parent Meeting,0
STU0962,2023,8,moderate,58.0,116,200,32.55,11.71,6.6,74.4,96,7.3,language_oriented,0,0,8,2,0.3333,0.2555,0.3846,0.6901,0.6667,42.13,0.2423,excellent,38,4,100.0,100.0,54.24,88.56,High,High Risk,49.1,31.58,32.22,31.2,36.87,23.65,31.69,29.79,0,None,0
STU0962,2024,9,moderate,55.05,109,198,34.72,12.44,7.3,74.7,96,7.3,language_oriented,0,0,7,2,0.3333,0.2308,0.3846,0.6901,0.6667,42.65,0.2423,excellent,46,1,100.0,100.0,54.49,88.62,High,High Risk,51.58,35.12,32.04,34.04,41.8,24.94,33.78,31.34,0,None,0
STU0962,2025,10,moderate,67.36,130,193,35.87,12.63,7.0,73.0,96,7.3,language_oriented,0,0,4,5,0.3333,0.2372,0.3842,0.6901,0.6667,40.15,0.2423,excellent,36,1,100.0,100.0,54.43,88.61,High,High Risk,54.53,35.05,33.17,35.86,41.44,25.1,35.93,33.34,1,Parent Meeting,0
STU0963,2023,8,moderate,72.5,145,200,70.02,16.49,19.3,100.0,108,13.5,language_oriented,1,0,1,1,0.7182,0.5358,0.7283,0.6703,0.6667,88.45,0.5932,average,41,0,100.0,40.63,21.41,53.64,Medium,Medium Risk,94.65,80.86,68.79,77.66,45.03,71.73,57.37,72.14,0,None,0
STU0963,2024,9,moderate,59.09,117,198,73.79,16.76,28.8,100.0,108,13.5,language_oriented,1,0,1,1,0.7179,0.5357,0.7231,0.6703,0.6667,57.13,0.5932,average,50,3,100.0,39.12,21.49,52.98,High,High Risk,96.32,84.43,72.26,84.0,48.34,75.19,61.36,74.8,0,None,0
STU0963,2025,10,moderate,59.07,114,193,76.58,15.9,28.4,100.0,108,13.5,language_oriented,1,0,1,0,0.7194,0.5366,0.7265,0.6703,0.6667,62.12,0.5932,average,52,5,100.0,29.98,21.43,48.85,High,High Risk,96.82,86.66,76.0,85.25,51.2,78.73,65.06,81.2,1,Tutoring,1
STU0964,2023,8,excellent,86.5,173,200,95.67,5.34,67.3,100.0,111,19.1,science_oriented,0,0,0,0,0.9148,0.8506,0.9228,0.7226,0.6667,157.0,0.95,good,15,3,54.45,3.44,8.95,20.12,Low,Low Risk,97.75,92.57,96.66,96.14,96.99,96.2,97.87,91.6,0,None,0
STU0964,2024,9,excellent,84.34,167,198,95.36,5.69,64.5,100.0,111,19.1,science_oriented,0,0,0,0,0.9231,0.8611,0.9231,0.7226,0.6667,126.68,0.95,good,21,1,73.96,3.39,8.84,25.93,Medium,Medium Risk,97.62,92.21,96.28,95.21,97.7,96.5,97.73,89.89,0,None,0
STU0964,2025,10,excellent,90.16,174,193,95.77,5.23,63.3,100.0,111,19.1,science_oriented,0,0,0,0,0.9209,0.8569,0.9209,0.7226,0.6667,144.22,0.95,good,9,2,33.89,3.27,8.91,13.87,Low,Low Risk,97.89,92.67,96.11,95.59,97.05,96.91,97.58,92.64,1,Study Group,0
STU0965,2023,8,excellent,81.0,162,200,66.18,13.18,28.0,100.0,109,12.4,science_oriented,0,0,1,0,0.6409,0.5603,0.7382,0.7179,0.6667,165.63,0.8353,average,25,3,88.3,35.71,16.44,46.67,Medium,Medium Risk,56.62,76.89,53.29,67.26,79.23,62.92,67.43,63.53,0,None,0
STU0965,2024,9,excellent,80.81,160,198,67.06,12.74,26.3,100.0,109,12.4,science_oriented,0,0,1,0,0.641,0.56,0.7385,0.7179,0.6667,177.25,0.8353,average,28,2,97.43,35.36,16.44,49.25,Medium,Medium Risk,58.78,73.82,54.88,67.45,80.95,65.7,66.97,65.52,0,None,0
STU0965,2025,10,excellent,80.31,155,193,69.26,13.46,27.5,100.0,109,12.4,science_oriented,0,0,1,0,0.6403,0.5617,0.7368,0.7179,0.6667,91.95,0.8353,average,26,3,91.78,34.49,16.44,47.17,Medium,Medium Risk,59.0,79.53,56.04,68.96,83.16,67.18,68.83,67.52,0,None,0
STU0966,2023,8,excellent,85.5,171,200,73.15,15.7,20.4,100.0,111,10.6,practical,1,0,1,1,0.8376,0.7345,0.8717,0.7111,0.6667,160.27,0.6942,below_average,21,4,73.15,36.99,14.95,42.33,Medium,Medium Risk,70.17,82.23,90.98,45.06,76.41,78.42,69.23,68.46,0,None,0
STU0966,2024,9,excellent,83.84,166,198,76.83,14.82,15.3,100.0,111,10.6,practical,1,0,1,0,0.8462,0.7273,0.8769,0.7111,0.6667,120.1,0.6942,below_average,25,7,86.31,27.34,14.94,41.93,Medium,Medium Risk,73.35,85.18,91.33,51.14,78.65,82.38,74.82,72.59,0,None,0
STU0966,2025,10,excellent,87.05,168,193,80.15,13.98,30.2,100.0,111,10.6,practical,1,0,1,0,0.8419,0.7293,0.8735,0.7111,0.6667,119.12,0.6942,below_average,18,7,63.07,26.1,14.97,34.41,Medium,Medium Risk,77.84,88.72,93.61,55.81,82.6,84.74,79.67,77.4,0,None,0
STU0967,2023,8,excellent,88.0,176,200,96.63,4.34,64.2,100.0,120,13.8,science_oriented,0,0,0,0,0.8033,0.6491,0.8717,0.7053,0.6667,154.65,0.95,average,16,4,56.4,5.28,12.08,22.32,Low,Low Risk,97.83,90.51,97.22,97.89,97.78,97.82,97.43,97.08,0,None,0
STU0967,2024,9,excellent,91.41,181,198,97.25,3.33,71.9,100.0,120,13.8,science_oriented,0,0,0,0,0.7949,0.6452,0.8769,0.7053,0.6667,176.88,0.95,average,10,2,36.01,5.2,12.04,16.15,Low,Low Risk,97.69,94.08,97.8,97.56,97.86,97.56,97.84,97.88,0,None,0
STU0967,2025,10,excellent,86.01,166,193,97.48,2.64,71.7,100.0,120,13.8,science_oriented,0,0,0,0,0.7984,0.6485,0.8735,0.7053,0.6667,114.88,0.95,average,20,3,69.79,5.04,12.06,26.22,Low,Low Risk,98.1,95.53,97.68,97.87,98.04,97.75,97.49,97.64,0,None,0
STU0968,2023,8,at-risk,30.0,60,200,24.31,11.44,3.5,63.9,92,3.2,language_oriented,1,0,9,1,0.2818,0.1828,0.3129,0.3339,0.3333,30.05,0.22,good,78,1,100.0,100.0,63.5,90.88,High,High Risk,29.17,38.32,30.09,23.63,27.11,14.19,16.02,20.85,0,None,0
STU0968,2024,9,at-risk,34.34,68,198,25.42,11.31,5.9,69.2,92,3.2,language_oriented,1,0,9,1,0.2821,0.1818,0.3077,0.3339,0.3333,34.03,0.22,good,75,1,100.0,100.0,63.59,90.9,High,High Risk,29.5,40.59,30.36,24.46,29.72,15.73,17.2,21.56,1,Study Skills Workshop,1
STU0968,2025,10,at-risk,30.57,59,193,26.38,12.27,5.0,70.7,92,3.2,language_oriented,1,0,9,1,0.2806,0.1879,0.3107,0.3339,0.3333,23.03,0.22,good,74,1,100.0,100.0,63.48,90.87,High,High Risk,30.87,41.99,32.46,26.29,29.67,14.46,18.83,24.29,0,None,0
STU0969,2023,8,irregular,44.0,88,200,46.35,14.97,5.6,91.7,97,9.3,balanced,0,0,2,4,0.3333,0.2811,0.3846,0.8511,0.6667,42.77,0.5244,good,75,1,100.0,96.79,26.53,80.19,High,High Risk,62.74,51.63,55.78,29.87,46.5,35.04,52.54,42.15,0,None,0
STU0969,2024,9,irregular,40.91,81,198,47.87,15.91,8.0,94.7,97,9.3,balanced,0,0,2,4,0.3333,0.3077,0.3846,0.8511,0.6667,35.57,0.5244,good,59,2,100.0,96.19,26.27,79.85,High,High Risk,65.64,52.15,58.98,29.07,46.79,36.58,55.7,43.4,1,Mentoring Program,1
STU0969,2025,10,irregular,39.9,77,193,50.08,15.25,8.2,93.8,97,9.3,balanced,0,0,2,2,0.3333,0.2885,0.3842,0.8511,0.6667,69.53,0.5244,good,68,3,100.0,79.3,26.46,72.3,High,High Risk,66.58,54.35,60.0,32.34,50.7,39.42,56.49,44.68,1,Counseling,0
STU0970,2023,8,good,74.5,149,200,86.39,12.83,44.6,100.0,108,14.7,language_oriented,0,0,0,1,0.7182,0.6545,0.7438,0.7748,0.6667,162.7,0.7482,excellent,20,4,77.85,19.08,15.58,35.84,Medium,Medium Risk,91.84,96.27,92.68,94.05,77.23,71.02,80.84,95.13,0,None,0
STU0970,2024,9,good,77.27,153,198,88.34,11.83,41.3,100.0,108,14.7,language_oriented,0,0,0,1,0.7179,0.6429,0.7385,0.7748,0.6667,97.33,0.7482,excellent,24,1,87.91,18.31,15.78,38.55,Medium,Medium Risk,91.81,96.5,94.85,95.04,83.5,72.77,83.14,96.4,0,None,0
STU0970,2025,10,good,77.72,150,193,89.79,10.87,53.0,100.0,108,14.7,language_oriented,0,0,0,0,0.7194,0.6465,0.7423,0.7748,0.6667,115.62,0.7482,excellent,25,1,90.6,9.69,15.68,35.46,Medium,Medium Risk,94.97,96.75,96.02,96.54,83.28,76.58,84.94,96.19,1,Academic Advising,0
STU0971,2023,8,moderate,68.5,137,200,51.02,17.78,8.2,96.0,77,10.6,science_oriented,1,0,3,1,0.5558,0.4928,0.5846,0.6006,0.3333,91.23,0.4754,excellent,35,0,100.0,81.48,27.16,73.45,High,High Risk,24.82,33.9,50.27,64.55,71.75,57.03,62.41,39.95,0,None,0
STU0971,2024,9,moderate,68.69,136,198,53.54,16.9,6.4,92.9,77,10.6,science_oriented,1,0,2,2,0.5641,0.5,0.5846,0.6006,0.3333,95.85,0.4754,excellent,25,1,96.92,73.3,27.09,68.83,High,High Risk,28.53,35.31,50.97,64.66,75.28,59.16,63.14,44.63,1,Tutoring,1
STU0971,2025,10,moderate,68.39,132,193,55.2,17.07,9.8,97.9,77,10.6,science_oriented,1,0,2,2,0.5613,0.5,0.5842,0.6006,0.3333,101.42,0.4754,excellent,29,3,100.0,72.69,27.09,69.49,High,High Risk,30.24,38.85,53.4,68.15,75.63,60.97,65.59,44.54,1,Counseling,0
STU0972,2023,8,moderate,60.5,121,200,57.69,14.94,18.3,96.7,100,10.8,balanced,1,0,1,2,0.6667,0.6158,0.7382,0.625,0.3333,107.58,0.7337,average,51,2,100.0,54.59,19.26,59.38,High,High Risk,62.25,73.41,67.8,51.99,54.25,48.17,41.03,68.7,0,None,0
STU0972,2024,9,moderate,64.65,128,198,59.57,14.77,16.8,96.8,100,10.8,balanced,1,0,1,2,0.6667,0.6154,0.7385,0.625,0.3333,81.93,0.7337,average,48,1,100.0,53.84,19.26,59.04,High,High Risk,63.69,76.32,69.89,54.55,54.9,49.76,43.58,69.79,1,Study Skills Workshop,1
STU0972,2025,10,moderate,64.77,125,193,61.53,14.63,22.1,97.7,100,10.8,balanced,1,0,1,1,0.6667,0.6186,0.7368,0.625,0.3333,58.3,0.7337,average,52,4,100.0,45.05,19.26,55.09,High,High Risk,68.81,78.06,69.19,55.36,58.53,51.53,46.05,71.67,1,Tutoring,0
STU0973,2023,8,moderate,68.5,137,200,83.38,13.15,41.7,100.0,88,9.5,language_oriented,0,0,0,1,0.7696,0.6337,0.8309,0.65,0.3333,72.63,0.6893,good,38,1,100.0,19.25,17.86,43.13,High,High Risk,81.73,82.34,76.24,97.84,90.85,84.76,68.12,87.3,0,None,0
STU0973,2024,9,moderate,62.63,124,198,86.02,12.39,28.7,100.0,88,9.5,language_oriented,0,0,1,0,0.7692,0.6333,0.8308,0.65,0.3333,104.37,0.6893,good,44,3,100.0,25.21,17.86,45.81,High,High Risk,86.97,84.1,82.0,97.84,93.3,89.24,69.03,89.94,1,Counseling,1
STU0973,2025,10,moderate,66.32,128,193,87.83,11.13,53.6,100.0,88,9.5,language_oriented,0,0,0,0,0.7721,0.6365,0.8316,0.65,0.3333,82.37,0.6893,good,38,3,100.0,9.43,17.82,38.7,High,High Risk,88.23,86.81,85.45,97.82,95.19,89.33,73.49,91.6,1,Tutoring,0
STU0974,2023,8,moderate,73.5,147,200,39.99,12.14,6.3,73.9,81,9.5,balanced,0,0,4,6,0.53,0.4347,0.6154,0.6549,0.3333,81.32,0.5404,excellent,28,0,100.0,100.0,25.22,81.3,High,High Risk,28.53,45.26,41.44,34.76,44.32,39.99,47.34,33.7,0,None,0
STU0974,2024,9,moderate,59.09,117,198,42.79,11.27,6.9,79.7,81,9.5,balanced,0,0,2,8,0.5385,0.4286,0.6154,0.6549,0.3333,68.63,0.5404,excellent,41,2,100.0,100.0,25.28,81.32,High,High Risk,31.9,47.55,43.7,39.72,47.79,42.03,48.61,38.01,1,Parent Meeting,0
STU0974,2025,10,moderate,69.43,134,193,44.89,12.01,7.4,77.8,81,9.5,balanced,0,0,2,5,0.5349,0.4261,0.6158,0.6549,0.3333,51.88,0.5404,excellent,26,1,99.4,100.0,25.3,81.14,High,High Risk,34.24,50.13,45.81,39.05,50.4,45.33,50.56,39.46,1,Study Skills Workshop,1
STU0975,2023,8,good,73.0,146,200,81.26,13.19,41.2,100.0,98,14.7,balanced,0,0,0,1,0.6667,0.602,0.7537,0.6947,0.6667,87.28,0.7663,average,34,3,100.0,22.16,17.29,44.29,Medium,Medium Risk,92.56,66.42,80.36,90.23,89.1,76.22,78.52,81.57,0,None,0
STU0975,2024,9,good,74.75,148,198,84.3,12.16,36.0,100.0,98,14.7,balanced,0,0,0,1,0.6667,0.6154,0.7538,0.6947,0.6667,82.88,0.7663,average,38,2,100.0,20.95,17.15,43.71,Medium,Medium Risk,94.06,70.73,85.78,93.0,91.37,78.8,82.44,85.1,1,Study Group,1
STU0975,2025,10,good,66.32,128,193,86.28,11.64,48.4,100.0,98,14.7,balanced,0,0,0,1,0.6667,0.6047,0.7526,0.6947,0.6667,72.87,0.7663,average,49,1,100.0,20.15,17.28,43.39,High,High Risk,96.04,72.0,88.35,94.53,93.48,80.78,84.94,86.62,0,None,0
STU0976,2023,8,good,75.0,150,200,92.85,8.09,49.3,100.0,132,15.7,language_oriented,0,0,0,1,0.8033,0.6589,0.8357,0.8149,0.6667,108.83,0.95,excellent,22,0,83.5,14.79,10.33,34.29,Medium,Medium Risk,97.62,97.56,95.44,96.71,81.18,90.7,93.96,92.57,0,None,0
STU0976,2024,9,good,72.73,144,198,93.86,7.19,57.4,100.0,132,15.7,language_oriented,0,0,0,0,0.7949,0.6452,0.8308,0.8149,0.6667,155.3,0.95,excellent,26,2,97.09,6.56,10.54,34.71,Medium,Medium Risk,97.84,97.62,96.18,96.95,83.42,91.68,94.39,93.3,0,None,0
STU0976,2025,10,good,76.68,148,193,94.96,6.45,66.6,100.0,132,15.7,language_oriented,0,0,0,0,0.7984,0.6485,0.8316,0.8149,0.6667,118.18,0.95,excellent,20,2,76.32,6.05,10.49,28.24,Medium,Medium Risk,97.54,97.78,97.05,97.68,87.05,93.83,94.25,95.5,0,None,0
STU0977,2023,8,good,73.5,147,200,95.58,5.58,62.6,100.0,107,16.1,balanced,1,0,0,0,0.9228,0.7783,0.9592,0.6951,0.6667,86.88,0.7551,good,28,1,100.0,3.31,12.6,34.64,Medium,Medium Risk,97.85,88.71,96.78,96.86,96.83,94.86,96.17,97.65,0,None,0
STU0977,2024,9,good,73.23,145,198,95.81,4.98,58.9,100.0,107,16.1,balanced,1,0,0,0,0.9231,0.7778,0.9538,0.6951,0.6667,143.15,0.7551,good,36,3,100.0,3.22,12.69,34.62,Medium,Medium Risk,97.74,89.99,96.53,97.28,96.78,94.84,96.7,97.46,0,None,0
STU0977,2025,10,good,78.24,151,193,96.31,4.46,70.8,100.0,107,16.1,balanced,1,0,0,0,0.9209,0.7811,0.9581,0.6951,0.6667,75.17,0.7551,good,24,2,87.23,3.06,12.59,30.69,Medium,Medium Risk,97.65,91.41,97.41,97.3,97.4,95.88,96.77,97.61,1,Parent Meeting,1
STU0978,2023,8,good,73.0,146,200,89.52,10.85,44.6,100.0,115,14.0,science_oriented,0,0,0,1,0.8291,0.66,0.8618,0.7902,0.6667,169.32,0.95,average,35,2,100.0,15.61,10.42,39.63,Medium,Medium Risk,97.26,83.52,93.76,90.12,93.81,92.73,93.88,71.68,0,None,0
STU0978,2024,9,good,74.75,148,198,90.74,9.99,49.8,100.0,115,14.0,science_oriented,0,0,0,1,0.8205,0.6562,0.8615,0.7902,0.6667,156.4,0.95,average,32,5,100.0,15.29,10.46,39.5,Medium,Medium Risk,97.89,85.43,94.45,92.14,94.79,93.03,94.23,76.36,0,None,0
STU0978,2025,10,good,78.24,151,193,92.32,9.18,54.0,100.0,115,14.0,science_oriented,0,0,0,0,0.8248,0.6597,0.8632,0.7902,0.6667,134.87,0.95,average,31,3,100.0,6.58,10.4,35.56,Medium,Medium Risk,97.62,87.81,95.62,94.02,96.6,94.51,96.08,76.79,0,None,0
STU0979,2023,8,good,73.0,146,200,86.94,10.88,43.7,100.0,120,13.2,balanced,1,0,0,1,0.6667,0.6277,0.7129,0.7792,0.6667,138.92,0.9282,excellent,27,1,99.9,19.89,13.52,42.3,Medium,Medium Risk,85.05,82.85,95.88,79.7,78.87,85.58,95.64,89.51,0,None,0
STU0979,2024,9,good,79.8,158,198,87.42,10.63,51.1,100.0,120,13.2,balanced,1,0,0,0,0.6667,0.6154,0.7077,0.7792,0.6667,92.92,0.9282,excellent,23,1,83.14,11.7,13.72,33.64,Medium,Medium Risk,86.44,81.29,96.47,80.88,80.67,85.87,95.22,90.42,0,None,0
STU0979,2025,10,good,74.61,144,193,88.44,10.04,51.8,100.0,120,13.2,balanced,1,0,0,0,0.6667,0.6186,0.7107,0.7792,0.6667,119.37,0.9282,excellent,29,0,100.0,11.29,13.65,38.49,Medium,Medium Risk,86.04,85.42,96.49,82.01,82.79,85.95,96.07,91.67,0,None,0
STU0980,2023,8,excellent,87.0,174,200,95.82,5.19,58.3,100.0,123,17.8,balanced,0,0,0,0,0.9228,0.7589,0.9846,0.7131,0.6667,146.28,0.95,average,16,4,57.1,3.22,9.13,20.86,Low,Low Risk,97.59,94.8,96.83,97.43,92.69,96.51,93.94,97.61,0,None,0
STU0980,2024,9,excellent,78.28,155,198,96.14,4.79,60.2,100.0,123,17.8,balanced,0,0,0,0,0.9231,0.75,0.9846,0.7131,0.6667,102.75,0.95,average,28,5,99.2,3.08,9.22,33.45,Medium,Medium Risk,97.28,95.51,96.9,97.61,92.99,96.87,94.91,97.79,0,None,0
STU0980,2025,10,excellent,86.01,166,193,96.64,3.9,67.0,100.0,123,17.8,balanced,0,0,0,0,0.9209,0.7525,0.9842,0.7131,0.6667,96.73,0.95,average,16,4,57.79,2.93,9.2,20.95,Low,Low Risk,97.71,96.83,97.15,98.07,94.71,97.09,94.81,97.46,0,None,0
STU0981,2023,8,irregular,58.0,116,200,66.77,16.8,13.9,100.0,106,8.4,balanced,0,0,1,1,0.7182,0.5828,0.7489,0.3183,0.3333,29.15,0.711,poor,72,4,100.0,41.93,25.91,55.35,High,High Risk,76.28,69.28,81.58,80.84,69.48,56.9,42.85,72.03,0,None,0
STU0981,2024,9,irregular,58.59,116,198,69.74,17.03,19.6,100.0,106,8.4,balanced,0,0,1,1,0.7179,0.5714,0.7538,0.3183,0.3333,30.82,0.711,poor,72,5,100.0,40.74,25.95,54.82,High,High Risk,79.63,71.43,84.25,81.85,73.05,59.83,44.7,76.82,1,Tutoring,1
STU0981,2025,10,irregular,54.4,105,193,71.03,16.88,10.0,100.0,106,8.4,balanced,0,0,1,1,0.7194,0.5733,0.7526,0.3183,0.3333,35.85,0.711,poor,80,5,100.0,40.2,25.95,54.58,High,High Risk,81.51,72.05,86.9,83.01,74.8,62.36,46.92,77.03,1,Counseling,1
STU0982,2023,8,good,83.5,167,200,91.69,9.26,55.4,100.0,108,17.6,practical,0,0,0,0,0.9743,0.7371,0.9846,0.7328,0.6667,132.62,0.95,average,21,1,74.55,3.84,8.95,26.33,Medium,Medium Risk,94.53,77.83,97.47,94.2,92.37,91.52,97.99,89.57,0,None,0
STU0982,2024,9,good,84.34,167,198,92.61,8.31,54.9,100.0,108,17.6,practical,0,0,0,0,0.9744,0.7368,0.9846,0.7328,0.6667,87.25,0.95,average,21,0,73.96,3.47,8.96,25.99,Medium,Medium Risk,94.5,81.11,97.41,94.66,93.7,92.02,98.1,90.91,0,None,0
STU0982,2025,10,good,82.38,159,193,93.65,7.51,56.5,100.0,108,17.6,practical,0,0,0,0,0.9736,0.7388,0.9842,0.7328,0.6667,84.8,0.95,average,26,0,90.33,3.07,8.94,30.72,Medium,Medium Risk,95.65,82.92,97.73,95.26,94.66,94.36,97.64,91.28,1,Parent Meeting,0
STU0983,2023,8,good,76.0,152,200,97.24,3.11,70.4,100.0,114,7.9,practical,1,0,0,0,0.897,0.6858,0.9283,0.8077,0.6667,137.33,0.95,excellent,25,2,91.8,3.16,28.81,36.17,Medium,Medium Risk,97.64,96.79,96.56,97.52,97.94,96.18,97.79,97.85,0,None,0
STU0983,2024,9,good,78.28,155,198,97.38,2.96,71.8,100.0,114,7.9,practical,1,0,0,0,0.8974,0.6857,0.9231,0.8077,0.6667,166.8,0.95,excellent,19,1,72.2,3.1,28.89,30.28,Medium,Medium Risk,97.52,97.27,95.99,97.62,97.89,96.76,98.1,97.9,1,Parent Meeting,1
STU0983,2025,10,good,77.72,150,193,97.46,2.46,70.4,100.0,114,7.9,practical,1,0,0,0,0.8946,0.6863,0.9265,0.8077,0.6667,72.87,0.95,excellent,21,1,78.6,3.12,28.83,32.19,Medium,Medium Risk,98.14,96.85,96.77,97.72,97.5,97.15,97.76,97.91,1,Study Group,0
STU0984,2023,8,moderate,58.5,117,200,44.4,14.06,6.4,78.3,86,1.0,balanced,1,0,2,6,0.53,0.4196,0.6,0.5832,0.3333,106.53,0.7023,below_average,62,9,100.0,100.0,44.6,86.15,High,High Risk,20.56,47.99,40.32,48.35,35.97,55.94,41.02,54.99,0,None,0
STU0984,2024,9,moderate,63.13,125,198,46.96,14.3,4.8,82.5,86,1.0,balanced,1,0,2,5,0.5385,0.4286,0.6,0.5832,0.3333,45.48,0.7023,below_average,54,6,100.0,100.0,44.51,86.13,High,High Risk,23.03,51.83,42.63,48.92,41.85,57.41,43.98,56.94,1,Study Skills Workshop,1
STU0984,2025,10,moderate,73.06,141,193,49.23,14.32,7.8,85.8,86,1.0,balanced,1,0,2,4,0.5349,0.4261,0.6,0.5832,0.3333,91.42,0.7023,below_average,41,3,100.0,91.61,44.54,82.36,High,High Risk,27.98,53.31,46.75,51.59,43.35,59.41,44.25,60.89,1,Parent Meeting,0
STU0985,2023,8,good,76.0,152,200,79.33,16.21,39.8,100.0,117,10.9,language_oriented,0,0,0,1,0.7261,0.5656,0.7691,0.7508,0.6667,105.73,0.7271,excellent,28,2,100.0,21.75,16.89,44.01,Medium,Medium Risk,97.16,97.26,78.12,92.3,61.31,68.76,62.64,87.49,0,None,0
STU0985,2024,9,good,73.74,146,198,80.28,16.28,35.0,100.0,117,10.9,language_oriented,0,0,0,1,0.7179,0.5714,0.7692,0.7508,0.6667,169.05,0.7271,excellent,25,2,93.38,21.53,16.83,41.91,Medium,Medium Risk,96.58,97.41,78.38,92.57,60.45,69.82,65.05,89.51,0,None,0
STU0985,2025,10,good,78.24,151,193,80.41,16.48,37.1,100.0,117,10.9,language_oriented,0,0,0,1,0.7194,0.5733,0.7684,0.7508,0.6667,150.93,0.7271,excellent,25,0,90.23,21.45,16.82,40.93,Medium,Medium Risk,97.0,97.14,80.0,94.35,61.37,69.88,62.12,88.42,0,None,0
STU0986,2023,8,irregular,49.5,99,200,34.88,13.66,6.1,75.7,95,1.7,language_oriented,0,1,4,6,0.4442,0.4026,0.4871,0.8692,0.6667,42.08,0.2569,good,68,4,100.0,100.0,67.43,91.86,High,High Risk,36.05,45.11,23.81,43.21,39.48,20.85,36.79,37.17,0,None,0
STU0986,2024,9,irregular,48.48,96,198,35.79,13.5,7.6,78.6,95,1.7,language_oriented,0,1,3,7,0.4359,0.4118,0.4923,0.8692,0.6667,57.25,0.2569,good,62,6,100.0,100.0,67.26,91.82,High,High Risk,38.21,44.98,26.02,40.68,42.3,20.72,36.65,38.99,0,None,0
STU0986,2025,10,irregular,53.89,104,193,37.23,13.8,4.9,76.0,95,1.7,language_oriented,0,1,3,7,0.4387,0.3995,0.4893,0.8692,0.6667,67.93,0.2569,good,61,4,100.0,100.0,67.43,91.86,High,High Risk,39.15,47.66,28.28,46.14,42.52,22.54,37.1,39.72,1,Counseling,0
STU0987,2023,8,excellent,86.5,173,200,97.22,3.07,73.0,100.0,115,15.9,balanced,0,0,0,0,0.7861,0.5759,0.8562,0.6519,0.3333,145.6,0.95,good,15,1,54.45,5.39,14.11,22.29,Low,Low Risk,97.47,97.06,98.04,97.96,97.21,95.86,97.0,97.82,0,None,0
STU0987,2024,9,excellent,85.86,170,198,97.21,2.98,76.3,100.0,115,15.9,balanced,0,0,0,0,0.7949,0.5806,0.8615,0.6519,0.3333,138.88,0.95,good,15,4,54.9,5.22,13.98,22.31,Low,Low Risk,97.38,97.53,97.63,97.67,97.5,95.52,97.37,97.67,0,None,0
STU0987,2025,10,excellent,86.01,166,193,97.35,2.73,75.3,100.0,115,15.9,balanced,0,0,0,0,0.7892,0.5776,0.8577,0.6519,0.3333,172.12,0.95,good,15,2,54.79,5.28,14.07,22.33,Low,Low Risk,97.7,97.47,97.53,97.91,97.17,96.22,97.42,97.83,0,None,0
STU0988,2023,8,irregular,44.0,88,200,85.05,13.62,39.0,100.0,111,10.9,science_oriented,0,0,0,1,0.5815,0.4406,0.6665,0.4929,0.3333,71.67,0.8935,excellent,55,0,100.0,22.35,22.34,45.64,High,High Risk,97.83,63.71,96.16,81.63,89.17,81.66,94.84,79.1,0,None,0
STU0988,2024,9,irregular,42.93,85,198,86.45,12.53,41.4,100.0,111,10.9,science_oriented,0,0,0,1,0.5897,0.4348,0.6615,0.4929,0.3333,40.07,0.8935,excellent,64,1,100.0,21.62,22.47,45.35,High,High Risk,97.78,67.07,95.83,82.53,89.18,83.94,95.27,81.59,0,None,0
STU0988,2025,10,irregular,51.81,100,193,86.85,12.78,28.4,100.0,111,10.9,science_oriented,0,0,1,0,0.5876,0.4327,0.6632,0.4929,0.3333,53.07,0.8935,excellent,47,0,100.0,28.51,22.46,48.44,High,High Risk,97.63,66.64,95.95,84.31,90.63,85.0,95.81,81.58,1,Counseling,1
STU0989,2023,8,moderate,59.5,119,200,59.91,19.01,6.8,100.0,93,5.6,language_oriented,0,0,2,0,0.6924,0.5186,0.7846,0.6005,0.3333,79.98,0.4783,good,46,1,100.0,52.19,43.86,64.45,High,High Risk,59.86,68.58,63.96,83.56,58.56,31.0,50.29,76.77,0,None,0
STU0989,2024,9,moderate,58.59,116,198,61.42,19.05,10.3,100.0,93,5.6,language_oriented,0,0,2,0,0.6923,0.5185,0.7846,0.6005,0.3333,37.58,0.4783,good,55,4,100.0,51.58,43.86,64.18,High,High Risk,63.39,68.89,64.02,84.61,58.97,33.75,51.37,81.32,1,Study Skills Workshop,1
STU0989,2025,10,moderate,62.18,120,193,64.18,18.44,11.8,100.0,93,5.6,language_oriented,0,0,1,1,0.693,0.519,0.7842,0.6005,0.3333,85.65,0.4783,good,46,1,100.0,43.47,43.86,60.53,High,High Risk,65.2,71.12,67.45,86.65,62.93,35.89,53.35,80.87,1,Counseling,1
STU0990,2023,8,moderate,79.0,158,200,87.12,12.14,47.7,100.0,126,10.2,language_oriented,1,1,0,1,0.897,0.7432,0.9026,0.7166,0.6667,80.65,0.802,good,22,3,80.7,15.21,32.67,39.22,Medium,Medium Risk,96.22,96.88,85.85,96.41,72.97,80.46,80.26,93.57,0,None,0
STU0990,2024,9,moderate,69.7,138,198,88.78,11.44,44.1,100.0,126,10.2,language_oriented,1,1,0,1,0.8974,0.7429,0.9077,0.7166,0.6667,95.23,0.802,good,40,0,100.0,14.54,32.59,44.69,High,High Risk,96.45,96.71,87.85,97.54,74.5,84.16,83.15,94.3,0,None,0
STU0990,2025,10,moderate,70.98,137,193,89.88,10.63,54.0,100.0,126,10.2,language_oriented,1,1,0,0,0.8946,0.7452,0.9051,0.7166,0.6667,101.95,0.802,good,31,1,100.0,6.16,32.61,40.92,Medium,Medium Risk,97.72,97.45,89.89,96.77,77.48,86.08,82.55,96.05,1,Counseling,1
STU0991,2023,8,moderate,57.0,114,200,92.19,8.86,50.4,100.0,134,13.9,language_oriented,0,0,0,0,0.7954,0.6557,0.8562,0.6852,0.6667,39.82,0.8472,excellent,42,3,100.0,7.22,14.19,36.79,High,High Risk,96.99,84.78,95.97,97.25,93.91,83.05,92.44,97.67,0,None,0
STU0991,2024,9,moderate,66.67,132,198,93.64,7.79,54.5,100.0,134,13.9,language_oriented,0,0,0,0,0.7949,0.6452,0.8615,0.6852,0.6667,47.05,0.8472,excellent,27,2,100.0,6.65,14.21,36.54,High,High Risk,98.08,88.36,96.77,97.13,94.88,87.0,93.75,97.7,1,Study Skills Workshop,1
STU0991,2025,10,moderate,65.28,126,193,94.74,7.0,45.4,100.0,134,13.9,language_oriented,0,0,0,1,0.7984,0.6485,0.8577,0.6852,0.6667,80.35,0.8472,excellent,34,0,100.0,14.14,14.24,39.92,High,High Risk,97.9,89.71,96.76,97.45,95.85,89.39,95.41,97.85,1,Counseling,1
STU0992,2023,8,excellent,86.5,173,200,94.0,7.95,51.8,100.0,103,28.4,balanced,0,0,0,0,0.7518,0.6813,0.7592,0.6806,0.3333,88.38,0.95,good,16,1,57.45,7.36,13.94,24.03,Low,Low Risk,96.5,88.1,97.73,97.52,97.37,83.21,97.29,97.88,0,None,0
STU0992,2024,9,excellent,84.34,167,198,94.8,6.88,59.6,100.0,103,28.4,balanced,0,0,0,0,0.7436,0.6897,0.7538,0.6806,0.3333,74.38,0.95,good,16,3,58.96,7.21,13.93,24.42,Medium,Medium Risk,97.17,89.72,97.93,97.93,97.15,87.1,97.01,97.75,0,None,0
STU0992,2025,10,excellent,87.05,168,193,95.16,6.58,53.0,100.0,103,28.4,balanced,0,0,0,0,0.7457,0.682,0.7581,0.6806,0.3333,117.12,0.95,good,15,1,54.07,7.02,13.95,22.87,Low,Low Risk,97.71,91.52,97.59,97.67,97.68,87.74,97.08,97.59,0,None,0
STU0993,2023,8,good,78.0,156,200,94.94,5.99,63.3,100.0,117,10.8,practical,0,0,0,0,0.8455,0.6971,0.9026,0.7474,0.6667,105.03,0.7085,good,26,1,93.4,5.11,13.91,33.8,Medium,Medium Risk,96.6,90.18,96.48,95.41,97.0,92.1,95.97,97.09,0,None,0
STU0993,2024,9,good,66.67,132,198,95.59,5.73,61.6,100.0,117,10.8,practical,0,0,0,0,0.8462,0.697,0.9077,0.7474,0.6667,170.4,0.7085,good,41,1,100.0,4.84,13.84,35.64,High,High Risk,97.29,92.11,97.29,95.78,97.8,92.76,96.4,97.23,1,Parent Meeting,1
STU0993,2025,10,good,72.02,139,193,96.04,5.14,64.8,100.0,117,10.8,practical,0,0,0,0,0.8419,0.698,0.9051,0.7474,0.6667,149.02,0.7085,good,35,3,100.0,4.75,13.87,35.6,Medium,Medium Risk,97.41,92.12,97.21,96.66,97.54,94.53,96.99,96.89,1,Parent Meeting,1
STU0994,2023,8,good,75.0,150,200,77.14,12.85,31.2,100.0,87,18.4,balanced,1,0,1,0,0.6667,0.5891,0.7691,0.8305,0.6667,129.0,0.8686,below_average,37,7,100.0,30.81,12.93,47.1,Medium,Medium Risk,74.46,68.72,61.29,87.81,79.63,79.07,86.14,76.79,0,None,0
STU0994,2024,9,good,66.67,132,198,80.24,12.42,39.4,100.0,87,18.4,balanced,1,0,0,1,0.6667,0.5769,0.7692,0.8305,0.6667,175.77,0.8686,below_average,50,5,100.0,22.57,13.05,43.42,High,High Risk,77.91,71.51,63.36,91.62,85.42,81.75,88.59,77.33,1,Parent Meeting,0
STU0994,2025,10,good,76.68,148,193,82.54,11.86,39.4,100.0,87,18.4,balanced,1,0,0,1,0.6667,0.5791,0.7684,0.8305,0.6667,173.7,0.8686,below_average,33,4,100.0,21.65,13.04,43.0,Medium,Medium Risk,80.52,73.07,67.76,92.88,86.08,84.31,90.49,81.5,1,Study Skills Workshop,0
STU0995,2023,8,moderate,70.0,140,200,71.15,16.21,18.1,100.0,113,10.8,language_oriented,0,0,1,0,0.6409,0.5458,0.6871,0.6772,0.6667,53.62,0.6068,excellent,28,1,100.0,33.72,21.59,50.57,Medium,Medium Risk,83.65,90.28,60.91,73.45,65.58,51.08,65.99,84.56,0,None,0
STU0995,2024,9,moderate,68.18,135,198,72.37,15.95,31.7,100.0,113,10.8,language_oriented,0,0,1,0,0.641,0.56,0.6923,0.6772,0.6667,81.85,0.6068,excellent,32,0,100.0,33.23,21.37,50.3,High,High Risk,85.2,90.32,62.34,73.09,66.54,52.79,66.83,86.0,0,None,0
STU0995,2025,10,moderate,69.43,134,193,73.19,15.89,22.4,100.0,113,10.8,language_oriented,0,0,1,0,0.6403,0.5472,0.6893,0.6772,0.6667,39.9,0.6068,excellent,25,1,96.4,32.92,21.54,49.12,High,High Risk,84.46,91.27,62.25,78.38,66.89,54.65,69.87,86.54,1,Tutoring,1
STU0996,2023,8,excellent,79.5,159,200,95.38,6.23,62.3,100.0,104,22.7,balanced,0,0,0,0,0.9663,0.8764,0.9846,0.751,0.6667,84.32,0.7728,poor,38,6,100.0,2.52,9.86,33.6,Medium,Medium Risk,91.07,97.52,96.87,96.74,90.34,96.07,95.46,97.66,0,None,0
STU0996,2024,9,excellent,87.37,173,198,95.72,5.51,64.3,100.0,104,22.7,balanced,0,0,0,0,0.9744,0.8684,0.9846,0.751,0.6667,141.27,0.7728,poor,20,7,68.84,2.23,9.93,24.14,Low,Low Risk,91.75,97.35,97.17,97.08,91.4,96.72,95.65,97.73,0,None,0
STU0996,2025,10,excellent,89.64,173,193,96.77,3.96,61.2,100.0,104,22.7,balanced,0,0,0,0,0.9736,0.8742,0.9842,0.751,0.6667,78.2,0.7728,poor,17,7,58.25,1.82,9.88,20.77,Low,Low Risk,94.3,97.76,97.85,97.58,95.04,96.66,96.63,97.79,0,None,0
STU0997,2023,8,moderate,68.5,137,200,57.28,23.71,8.2,100.0,107,5.3,language_oriented,0,0,2,2,0.6667,0.6158,0.7129,0.6369,0.3333,39.18,0.5577,excellent,35,1,100.0,69.75,42.05,71.9,High,High Risk,91.96,78.61,61.52,85.09,45.95,30.49,35.59,53.96,0,None,0
STU0997,2024,9,moderate,72.73,144,198,57.84,23.58,8.7,100.0,107,5.3,language_oriented,0,0,2,2,0.6667,0.6154,0.7077,0.6369,0.3333,42.27,0.5577,excellent,29,0,100.0,69.53,42.13,71.82,High,High Risk,92.13,79.0,59.77,86.83,46.07,32.09,35.61,55.8,1,Counseling,1
STU0997,2025,10,moderate,64.77,125,193,59.17,23.38,8.0,100.0,107,5.3,language_oriented,0,0,2,2,0.6667,0.6186,0.7107,0.6369,0.3333,66.38,0.5577,excellent,35,0,100.0,69.0,42.05,71.56,High,High Risk,93.4,78.7,62.28,87.02,47.35,33.86,36.94,55.03,1,Tutoring,1
STU0998,2023,8,excellent,86.5,173,200,87.41,12.12,49.0,100.0,109,18.8,science_oriented,0,0,0,1,0.7954,0.7311,0.8202,0.7025,0.6667,77.8,0.95,good,13,4,48.45,17.13,12.09,25.26,Low,Low Risk,94.84,77.98,95.95,70.5,94.76,94.24,93.35,75.47,0,None,0
STU0998,2024,9,excellent,83.84,166,198,89.07,11.3,48.9,100.0,109,18.8,science_oriented,0,0,0,1,0.7949,0.7419,0.8154,0.7025,0.6667,170.55,0.95,good,18,0,65.31,16.48,12.05,30.02,Medium,Medium Risk,95.16,81.54,96.57,73.45,95.95,95.04,94.98,77.46,0,None,0
STU0998,2025,10,excellent,85.49,165,193,89.73,11.22,46.9,100.0,109,18.8,science_oriented,0,0,0,1,0.7984,0.736,0.8158,0.7025,0.6667,166.8,0.95,good,16,2,58.16,16.14,12.1,27.74,Low,Low Risk,95.87,84.97,96.74,72.26,96.2,95.49,95.55,79.12,1,Study Group,1
STU0999,2023,8,moderate,64.0,128,200,82.31,12.5,42.7,100.0,105,11.3,science_oriented,0,0,0,1,0.8033,0.6056,0.8463,0.6233,0.3333,81.07,0.8864,good,38,2,100.0,19.01,15.49,42.43,High,High Risk,90.43,72.66,91.38,69.49,95.69,77.11,82.7,82.68,0,None,0
STU0999,2024,9,moderate,64.14,127,198,85.09,11.68,42.9,100.0,105,11.3,science_oriented,0,0,0,1,0.7949,0.6129,0.8462,0.6233,0.3333,55.0,0.8864,good,44,1,100.0,18.06,15.42,41.98,High,High Risk,90.38,74.82,94.86,75.63,96.19,79.89,86.02,86.15,0,None,0
STU0999,2025,10,moderate,68.91,133,193,88.38,10.4,46.6,100.0,105,11.3,science_oriented,0,0,0,1,0.7984,0.604,0.8474,0.6233,0.3333,39.7,0.8864,good,33,1,100.0,16.68,15.49,41.38,High,High Risk,93.81,80.2,96.37,79.0,96.67,84.08,89.09,89.8,1,Tutoring,0
STU1000,2023,8,moderate,68.5,137,200,67.03,17.07,15.5,100.0,101,10.4,science_oriented,0,0,1,1,0.6152,0.5,0.6309,0.6409,0.3333,58.25,0.726,excellent,37,1,100.0,43.88,21.83,55.2,High,High Risk,76.77,43.39,59.53,71.74,74.26,64.99,91.26,52.22,0,None,0
STU1000,2024,9,moderate,70.71,140,198,70.31,16.8,22.2,100.0,101,10.4,science_oriented,0,0,1,1,0.6154,0.5,0.6308,0.6409,0.3333,62.83,0.726,excellent,33,0,100.0,42.57,21.83,54.61,Medium,Medium Risk,80.45,47.34,63.08,72.13,79.28,66.77,92.58,55.12,1,Tutoring,0
STU1000,2025,10,moderate,65.8,127,193,72.0,16.71,28.4,100.0,101,10.4,science_oriented,0,0,1,1,0.614,0.5,0.6316,0.6409,0.3333,86.82,0.726,excellent,37,2,100.0,41.92,21.82,54.32,High,High Risk,83.11,49.66,63.92,76.65,80.33,71.61,92.91,57.02,0,None,0
