student_id,year,grade,attendance_category,attendance_rate,study_hours_per_week,study_consistency,performance_trend,screen_time_hours,homework_completion_rate,academic_risk_score,behavioral_risk_score,overall_risk_score,Buddhism_score,English_score,Geography_score,History_score,ICT_score,Mathematics_score,Science_score,Sinhala_score
STU0001,2023,8,good,74.5,13.9,Regular,Stable,5.2,0.7696,9.79,13.02,37.66,93.55,78.56,82.22,89.49,89.5,80.68,94.71,88.5
STU0001,2024,9,good,77.27,13.9,Sometimes,Stable,7.8,0.7692,17.18,13.13,41.01,94.27,80.79,87.15,90.15,89.63,82.2,96.06,89.99
STU0001,2025,10,good,75.65,13.9,Rare,Declining,4.7,0.7721,16.49,13.07,40.69,96.09,82.92,85.92,92.98,92,85.57,96.33,91.87
STU0002,2023,8,good,78.5,11.9,Regular,Stable,7.8,0.6152,34.81,21.42,48.93,69.21,58.75,69.93,59.71,92.29,67.14,72.11,68.53
STU0002,2024,9,good,75.25,11.9,Rare,Improving,7.9,0.6154,34.21,21.41,50.75,70.3,58.48,72.25,63.08,92.27,68.08,73.55,71.85
STU0002,2025,10,good,81.35,11.9,Rare,Stable,1.5,0.614,33.67,21.46,44.23,71.36,59.25,71.44,64.63,94.79,70.63,74.9,73.7
STU0003,2023,8,good,79,13.6,Regular,Declining,4.1,0.7696,29.59,12.41,42.43,97.04,79.61,53.31,85.85,66.46,66.11,69.81,88.06
STU0003,2024,9,good,78.79,13.6,Sometimes,Stable,2.8,0.7692,28.52,12.6,41.14,98.13,84.25,56.71,87.05,68.4,68.45,73.43,91.99
STU0003,2025,10,good,77.2,13.6,Sometimes,Stable,1.2,0.7721,27.68,12.53,41.98,97.69,83.71,59.32,89.75,71.45,70.97,76.39,92.85
STU0004,2023,8,moderate,67.5,11.3,Regular,Stable,5.2,0.7261,33.71,17.54,49.56,51,61.33,70.73,84.28,60.44,71.24,54.7,80.31
STU0004,2024,9,moderate,66.16,11.3,Regular,Declining,6.2,0.7179,33.27,17.59,49.37,52.02,63.3,71.04,87.14,62.42,72.32,57.82,81.28
STU0004,2025,10,moderate,67.88,11.3,Rare,Declining,6.6,0.7194,32.19,17.59,48.88,55.69,66.43,73.07,89.27,65.43,76.18,58.35,85
STU0005,2023,8,moderate,75,11.3,Regular,Improving,1,0.6409,32.49,23.61,48.28,79.37,79.11,78.09,84.57,70.93,61.4,62.22,87.05
STU0005,2024,9,moderate,64.14,11.3,Sometimes,Improving,5.2,0.641,24.53,23.69,46.96,81.67,81.91,79.81,87.3,73.29,64.21,64.19,88.77
STU0005,2025,10,moderate,69.95,11.3,Rare,Improving,4.1,0.6403,24.02,23.64,46.72,81,82.58,80.05,88.44,75.4,66.03,66.59,91.4
STU0006,2023,8,good,81,11.1,Regular,Improving,5.5,0.8376,23.21,11.15,43.23,94,89.02,92.03,96.38,89.87,80.92,71.62,94.52
STU0006,2024,9,good,75.76,11.1,Regular,Improving,6.1,0.8462,15.4,11.28,39.75,95.16,90.75,93.3,97.01,91.07,83.44,75.9,94.77
STU0006,2025,10,good,77.2,11.1,Rare,Improving,1.8,0.8419,14.82,11.26,39.48,96.4,93,93.77,97.49,91.3,85.17,78.77,96.73
STU0007,2023,8,moderate,59,19.7,Rare,Improving,2.7,0.6409,33.3,20.36,50.08,72.29,85.22,80.89,73.26,70.21,57.16,64.14,81.67
STU0007,2024,9,moderate,65.66,19.7,Regular,Stable,5.2,0.641,32.31,20.21,49.59,75.73,88.58,83.68,76.47,70.73,59.03,67.23,84.12
STU0007,2025,10,moderate,62.69,19.7,Sometimes,Stable,1.7,0.6403,31.12,20.36,49.09,79.15,90.46,83.89,79.78,74.49,61.76,70.77,88.23
STU0008,2023,8,good,70,8.1,Rare,Declining,5.5,0.6667,44.93,37.8,59.67,76.84,56.61,71.45,83.08,61.75,50.05,35.25,79.25
STU0008,2024,9,good,76.26,8.1,Sometimes,Declining,4.7,0.6667,51.3,37.8,60.02,78.4,58.5,75.1,84.48,61.04,50.07,34.85,79.66
STU0008,2025,10,good,73.06,8.1,Sometimes,Declining,7.6,0.6667,52.21,37.77,62.94,78.96,58.16,74.38,85.78,62.48,48.54,35.86,79.13
STU0009,2023,8,moderate,66,4.7,Regular,Stable,2.7,0.3591,100,49.37,87.34,28.68,23.81,39.68,48.47,40.91,49.81,39.14,25.87
STU0009,2024,9,moderate,74.75,4.7,Sometimes,Improving,7.8,0.359,100,49.61,87.4,30.89,23.13,43.24,48.67,42.6,50.09,39.78,24.58
STU0009,2025,10,moderate,65.8,4.7,Sometimes,Stable,4.7,0.3597,100,49.52,87.38,30.98,25.19,42.15,48.27,45.06,50.39,39.8,27.01
STU0010,2023,8,good,71,21.3,Sometimes,Declining,2.7,0.6667,31.77,37.18,53.59,83.98,71.97,73.77,78.53,73.46,69.57,69.27,82.05
STU0010,2024,9,good,73.23,21.3,Regular,Stable,2.1,0.6667,24.34,37.1,50.23,85.53,75,73.85,79.91,72.51,73.29,68.81,81.11
STU0010,2025,10,good,80.83,21.3,Regular,Improving,4.6,0.6667,31.24,37.14,53.34,84.79,75.01,74.67,79.06,74.41,73.05,69.42,83.04
STU0011,2023,8,excellent,88.5,22,Rare,Improving,7.6,0.8119,5.25,12.85,18.79,97.87,85.8,97.79,97.84,97.92,97.31,97.82,98.05
STU0011,2024,9,excellent,93.43,22,Regular,Improving,7.1,0.8205,5.12,12.74,12.27,97.75,85.89,97.55,97.97,97.74,97.53,97.91,97.7
STU0011,2025,10,excellent,90.16,22,Rare,Declining,1.7,0.8155,5.04,12.77,13.83,97.72,88.85,97.67,98,97.8,97.87,98.27,97.7
STU0012,2023,8,moderate,67.5,9.1,Regular,Stable,6.1,0.5472,55.57,23.34,60.84,72.64,37.77,70.18,81.83,61.4,38.59,59.61,82.76
STU0012,2024,9,moderate,65.66,9.1,Sometimes,Improving,6.5,0.5385,54.94,23.26,60.54,76.05,39.14,72.52,82.16,61.05,41.87,60.38,85.82
STU0012,2025,10,moderate,68.91,9.1,Sometimes,Improving,4.8,0.5442,54.52,23.35,60.37,76.78,38.51,75.26,84.9,62.21,44.58,60.39,87.89
STU0013,2023,8,excellent,88,23.1,Sometimes,Declining,1.1,0.897,4.06,13.53,17.63,97.67,97.95,87.45,97.49,96.71,89.59,97.61,95.18
STU0013,2024,9,excellent,86.36,23.1,Rare,Improving,5.6,0.8974,3.82,13.55,21.47,97.5,97.69,90.39,97.75,97.37,90.99,98.02,95.72
STU0013,2025,10,excellent,86.53,23.1,Regular,Stable,7.9,0.8946,3.73,13.55,18.7,97.67,97.85,92.33,97.79,97.89,91.16,97.73,96.03
STU0014,2023,8,moderate,67,16,Regular,Declining,5.5,0.897,5.64,12.9,35.76,92.53,76.31,95.3,94.67,91.24,94.09,94.15,90.36
STU0014,2024,9,moderate,67.68,16,Rare,Declining,1.2,0.8974,5.05,12.99,35.52,94.78,78.28,95.2,95.82,94.24,95.55,95.61,91.42
STU0014,2025,10,moderate,70.98,16,Rare,Declining,3.6,0.8946,4.76,12.95,35.38,94.7,82.46,96.32,96.67,94.99,95.81,95.39,91.24
STU0015,2023,8,excellent,89.5,22.1,Rare,Declining,1.5,0.7518,9.39,34.49,23.15,97.81,85.3,88.54,97.59,87.87,82.1,81.31,96.64
STU0015,2024,9,excellent,84.85,22.1,Regular,Stable,4.9,0.7436,17.63,34.54,33.25,97.82,86.42,88.16,97.39,88.65,81.28,80.95,96.36
STU0015,2025,10,excellent,93.26,22.1,Sometimes,Improving,7.9,0.7457,8.82,34.52,18.51,97.91,88.83,90.08,97.31,90.15,84.88,84.93,97.02
STU0016,2023,8,good,67.5,19.1,Sometimes,Improving,2,0.7861,6.78,14.77,36.74,95.61,97.55,97.97,97.18,89.21,84.1,94.83,96.83
STU0016,2024,9,good,75.76,19.1,Sometimes,Improving,5.3,0.7949,6.34,14.73,33.23,96.51,97.3,98.1,97.5,92.14,84.03,95.73,97.12
STU0016,2025,10,good,74.61,19.1,Sometimes,Improving,3.8,0.7892,6.44,14.73,34.41,96.94,97.71,98.02,97.69,92.11,83.86,96.02,96.88
STU0017,2023,8,irregular,54,7.8,Sometimes,Improving,5,0.5043,40.09,48.78,60.23,79.74,56.13,61.2,68.57,65.99,55.3,52.44,65.11
STU0017,2024,9,irregular,48.99,7.8,Sometimes,Improving,6.8,0.5128,39.24,48.84,59.87,79.46,59.24,64.79,69.69,67.83,56.42,54.88,65.54
STU0017,2025,10,irregular,57.51,7.8,Sometimes,Declining,4.2,0.5085,38.75,48.89,59.66,82.74,59.31,65.31,73.47,68.42,55.92,56.88,67.3
STU0018,2023,8,good,76.5,14.5,Rare,Stable,6.1,0.6667,20.61,15.04,43.03,96.94,73.84,90.19,82.73,93.99,66.83,89.92,92.14
STU0018,2024,9,good,73.74,14.5,Sometimes,Improving,2.9,0.6667,20.68,15.09,43.08,96.72,72.2,90.37,85.47,93.58,67.55,89.33,92.47
STU0018,2025,10,good,76.17,14.5,Sometimes,Declining,1.4,0.6667,20.79,15.1,43.13,96.18,72.13,92.09,83.74,94.91,66.45,89.2,92.3
STU0019,2023,8,irregular,44.5,7.2,Rare,Declining,7.5,0.3076,96.58,56.19,87.51,53.41,26.84,47.02,48.45,45.68,55.29,53.94,52.72
STU0019,2024,9,irregular,45.96,7.2,Sometimes,Improving,3.9,0.3077,96.68,56.2,87.56,50.03,27.4,47.54,47.26,47.4,54.51,54.31,52.29
STU0019,2025,10,irregular,47.67,7.2,Sometimes,Stable,1.7,0.307,100,56.13,89.03,49.83,30.39,48.82,49.16,47.05,54.96,54.27,53.47
STU0020,2023,8,excellent,87.5,14.5,Sometimes,Stable,3.4,0.9485,3.66,14.14,21.31,94.7,96.55,96.29,91.52,95.37,90.83,89.4,95.06
STU0020,2024,9,excellent,88.89,14.5,Regular,Stable,7.2,0.9487,3.48,14.05,18.21,94.81,95.5,97.14,92.3,97.02,91.51,89.62,95.31
STU0020,2025,10,excellent,85.49,14.5,Regular,Stable,5.8,0.9473,3.4,14.15,20.72,94.57,97.07,97.05,92.94,95.33,91.21,90.82,95.91
STU0021,2023,8,moderate,62,7.7,Rare,Declining,5.5,0.7089,49.27,41.95,62.66,68.33,58.64,70.33,32.02,64.42,76.93,84.95,64.47
STU0021,2024,9,moderate,61.11,7.7,Regular,Declining,5.6,0.7179,48.49,41.83,62.28,69.06,60.43,70.58,34.9,69.28,78.59,86.58,66.83
STU0021,2025,10,moderate,61.14,7.7,Regular,Improving,1.7,0.7101,47.54,41.89,61.86,73.54,64.75,74.28,34.85,69.88,81.07,86.71,69.51
STU0022,2023,8,excellent,81.5,23.8,Rare,Improving,6.7,0.8119,5.85,13.44,23.38,95.78,95.66,96.01,82.62,97.83,96.65,96.12,95.7
STU0022,2024,9,excellent,79.29,23.8,Rare,Declining,7.1,0.8205,5.55,13.49,27.32,95.82,96.14,96.85,83.25,97.73,96.69,96.54,96.13
STU0022,2025,10,excellent,83.94,23.8,Rare,Improving,6.6,0.8155,5.3,13.46,25.32,97.37,97.1,97.07,86.55,97.47,97.13,96.97,96.84
STU0023,2023,8,irregular,47,4.8,Regular,Stable,5.1,0.53,100,40.86,85.22,30.76,41.4,64.57,47.03,43.7,42.91,55.14,39.04
STU0023,2024,9,irregular,43.43,4.8,Rare,Improving,6.3,0.5385,100,40.93,85.23,35.48,43.85,66.76,49.79,45.32,46.98,58.14,43.71
STU0023,2025,10,irregular,45.6,4.8,Rare,Stable,4.5,0.5349,67.46,40.95,70.59,37.37,48.01,69.93,50.99,51.42,50.77,60.34,44.68
STU0024,2023,8,good,84.5,14.9,Rare,Improving,1.1,0.8633,16.6,10.39,27.73,95.4,76.92,81.99,72.85,87.31,92.5,97.01,75.03
STU0024,2024,9,good,75.76,14.9,Regular,Stable,5.7,0.8718,16,10.39,39.8,95.94,79.29,82.7,73.39,89.73,92.7,96.58,78.24
STU0024,2025,10,good,78.76,14.9,Regular,Declining,3.3,0.8682,15.54,10.4,37.46,95.42,81.13,86.37,76.56,88.83,94.02,95.98,80.85
STU0025,2023,8,good,70.5,18.9,Sometimes,Stable,1.6,0.6832,34.79,15.6,49.56,60.3,52.95,58.1,59.08,79.83,56.67,76.96,83.36
STU0025,2024,9,good,74.75,18.9,Regular,Stable,4.8,0.6923,33.13,15.62,48.81,62.25,54.86,64,63.32,83.47,62.93,80.87,84.67
STU0025,2025,10,good,76.68,18.9,Sometimes,Improving,7.1,0.6838,32.62,15.63,48.59,66.9,57.64,65.45,64.76,84.4,63.8,83.04,87.31
STU0026,2023,8,irregular,46.5,4.9,Sometimes,Stable,6.8,0.2818,100,47.88,86.97,41.97,44.35,21.66,53.91,49.54,40.78,46.45,22.5
STU0026,2024,9,irregular,43.94,4.9,Rare,Declining,5.1,0.2821,100,48.25,87.06,44.69,44.48,24.26,56.41,51.31,43.29,48.27,23.22
STU0026,2025,10,irregular,52.85,4.9,Sometimes,Improving,6.3,0.2806,100,48.13,87.03,45.62,46.04,26.31,58.3,51.51,43.68,48.11,24.65
STU0027,2023,8,good,70,17.8,Sometimes,Improving,4,0.9485,2.61,6.49,32.8,97.34,96.94,96.65,97.58,96.83,97.12,91.88,95.47
STU0027,2024,9,good,78.28,17.8,Rare,Improving,5,0.9487,2.32,6.5,27.03,97.65,96.96,97.1,98,97.58,97.66,93.97,96.1
STU0027,2025,10,good,80.31,17.8,Rare,Improving,2.7,0.9473,2.28,6.48,28.38,97.96,97.12,97.4,97.5,97.54,97.7,95.03,95.79
STU0028,2023,8,good,83,14.7,Rare,Declining,7.7,0.7182,27.23,17.47,38.19,97.19,85.54,83.1,96.26,81.06,66.8,76.01,92.93
STU0028,2024,9,good,76.77,14.7,Rare,Improving,8,0.7179,19.35,17.55,38.68,96.95,89.55,87.2,97.5,83.73,69.39,78.19,94.05
STU0028,2025,10,good,78.24,14.7,Regular,Improving,2.5,0.7194,18.82,17.48,42.61,97.23,89.86,88.92,97.19,85.8,70.19,81.77,95.64
STU0029,2023,8,good,62.5,18.7,Sometimes,Stable,1.3,0.7776,32.24,32.99,52.76,63.96,73.27,66.11,63,78.65,52.41,68.15,79.26
STU0029,2024,9,good,74.24,18.7,Sometimes,Stable,5.5,0.7692,31.42,32.95,48.49,68.52,74.97,68.17,67.38,79.81,54.12,72.48,82.3
STU0029,2025,10,good,76.17,18.7,Rare,Declining,5.9,0.7721,29.5,32.95,44.52,75.16,79.23,75,71.89,85.25,58.71,75.51,85.19
STU0030,2023,8,good,79.5,5.5,Sometimes,Improving,6.8,0.8713,23.55,33.93,44.08,85.08,69.99,95.57,86.95,88.36,87.65,93.51,74.03
STU0030,2024,9,good,74.24,5.5,Regular,Declining,7.1,0.8718,15.92,34.01,45.66,86.53,76.2,96.02,88.48,88.54,89.68,92.62,75.45
STU0030,2025,10,good,78.76,5.5,Regular,Declining,7.9,0.8682,15.1,33.95,39.55,89.36,77.12,96.69,90.59,92.29,90.83,94.56,78.91
STU0031,2023,8,excellent,82,23.7,Regular,Improving,4.3,0.9485,2.19,9.35,20.6,96.9,93.61,97.32,97.35,97.67,97.81,97.86,97.87
STU0031,2024,9,excellent,82.83,23.7,Rare,Improving,5.8,0.9487,2.08,9.34,19.48,97.94,94.51,97.25,97.65,97.8,98.11,97.92,97.63
STU0031,2025,10,excellent,84.97,23.7,Regular,Declining,6.3,0.9473,1.99,9.38,19,97.7,96.06,97.77,98.04,98.14,97.96,97.77,97.78
STU0032,2023,8,good,74.5,10.7,Rare,Declining,2.5,0.6924,19.6,13.86,42.29,97.56,89.76,76.58,97.88,86.13,72.97,77.47,97.58
STU0032,2024,9,good,71.21,10.7,Sometimes,Stable,1.8,0.6923,19.64,13.73,42.27,97.25,91.72,77.32,97.41,86.05,74.7,75.45,97.76
STU0032,2025,10,good,69.43,10.7,Sometimes,Declining,7,0.693,19.61,13.84,42.29,97.12,90.91,78.31,97.36,86.91,74.87,75.53,97.68
STU0033,2023,8,at-risk,27,1,Regular,Declining,1.2,0.2818,100,62.15,90.54,37.28,45.52,11.95,31.09,14.75,15.34,14.81,38.36
STU0033,2024,9,at-risk,23.74,1,Sometimes,Stable,7.3,0.2821,100,62.52,90.63,40.85,48,12.9,35.85,19.39,17.59,17.24,43.4
STU0033,2025,10,at-risk,27.46,1,Rare,Stable,7.3,0.2806,100,62.41,90.6,46.82,52.27,18.22,40.71,24.69,20.95,21.72,48.13
STU0034,2023,8,moderate,65,14.4,Sometimes,Declining,7.6,0.6667,10.33,20.08,39.67,88.27,91.13,92.23,88.33,93.68,84.47,94.77,93.41
STU0034,2024,9,moderate,65.15,14.4,Rare,Stable,4.4,0.6667,9.64,20.16,39.38,90.74,93.12,93.16,89.96,95.5,86.88,96.01,95.4
STU0034,2025,10,moderate,60.1,14.4,Regular,Improving,4.8,0.6667,9.06,20.1,39.1,91.89,94.02,95.17,92.07,97.19,89.07,96.97,95.92
STU0035,2023,8,excellent,77.5,24.8,Rare,Improving,5.9,0.8713,4.26,8.75,34.1,98.21,97.89,97.35,97.36,96.62,97.12,87.71,96.98
STU0035,2024,9,excellent,84.34,24.8,Rare,Declining,2.6,0.8718,4.22,8.84,24.5,98.08,97.66,97.33,97.43,97.11,95.92,88.5,96.87
STU0035,2025,10,excellent,83.42,24.8,Sometimes,Stable,4.2,0.8682,4.14,8.83,25.55,97.95,97.48,97.91,97.73,97.44,96.83,89.15,97.69
STU0036,2023,8,moderate,71,8.3,Sometimes,Declining,3.3,0.7518,34.27,20.79,50.62,76.84,59.13,75.63,60.92,70.66,60.11,53.31,64.35
STU0036,2024,9,moderate,73.23,8.3,Sometimes,Declining,1.4,0.7436,33.98,20.83,50.5,77.78,60.88,76.39,59.7,74.16,61.7,55.56,63.74
STU0036,2025,10,moderate,65.8,8.3,Sometimes,Stable,7.5,0.7457,33.61,20.82,50.33,78.01,58.61,79.23,60.06,73.9,64.32,53.05,68.66
STU0037,2023,8,excellent,86,19.2,Regular,Improving,2,0.7861,16.49,13.52,27.24,93.47,91.49,87.51,86.36,97.25,86.38,95.69,77.89
STU0037,2024,9,excellent,76.77,19.2,Sometimes,Stable,1.2,0.7949,7.67,13.39,33.28,92.05,93.03,91.16,88.85,97.42,88.49,96.99,79.11
STU0037,2025,10,excellent,84.46,19.2,Rare,Improving,4.9,0.7892,7.22,13.48,27.89,95.49,94.27,91.62,90.25,97.23,91.93,96.6,81.96
STU0038,2023,8,moderate,69,8.9,Sometimes,Improving,4.3,0.6244,23.05,22.98,46.12,64.04,97.16,83.91,80.71,78.72,87.21,77.15,76.97
STU0038,2024,9,moderate,69.7,8.9,Regular,Declining,6.2,0.6154,21.97,22.82,45.59,72.1,97.17,84.69,83.07,83.4,89.83,80.23,80.46
STU0038,2025,10,moderate,67.36,8.9,Sometimes,Improving,7.3,0.6232,21.03,22.95,45.2,76.19,97.44,87.38,84.37,83.84,92.45,81.16,82.8
STU0039,2023,8,good,77,19,Sometimes,Improving,4.4,0.7089,27.58,13.84,45.87,88.93,85.51,70.67,92.79,92.99,54.42,94.71,92.25
STU0039,2024,9,good,80.3,19,Rare,Improving,4.7,0.7179,19,13.72,33.22,93.89,90.31,76.51,94.35,96.31,59.24,95.6,95.03
STU0039,2025,10,good,78.76,19,Sometimes,Improving,2.8,0.7101,18.26,13.77,35.02,95.7,92.27,81.72,96.61,96.81,63.24,96.76,96.28
STU0040,2023,8,good,76.5,15.1,Sometimes,Stable,2.4,0.7861,27.57,10.87,45.12,92.58,89.86,77.56,95.01,73.13,68.49,55.17,93.57
STU0040,2024,9,good,74.24,15.1,Rare,Stable,4.7,0.7949,26.96,10.92,44.86,91.98,89.64,80.27,96.23,74.98,70.7,57.4,92.56
STU0040,2025,10,good,75.13,15.1,Rare,Improving,2.1,0.7892,26.56,10.88,44.67,94.82,91.24,79.13,96.86,74.66,71.79,58.95,93.4
STU0041,2023,8,excellent,81,23.8,Regular,Stable,1.9,0.8291,13.49,11.92,30.14,97.01,85.59,91.41,95.5,97.1,96.59,97.7,96.93
STU0041,2024,9,excellent,82.83,23.8,Regular,Declining,1.6,0.8205,5.24,11.88,27.83,97.24,89.54,93.44,96.71,97.55,97.1,98.04,97.03
STU0041,2025,10,excellent,83.42,23.8,Regular,Improving,4.3,0.8248,4.93,11.88,25.77,97.67,92.45,93.42,96.43,97.6,97.47,97.87,97.69
STU0042,2023,8,irregular,47,7.4,Sometimes,Declining,7.8,0.2818,100,74.74,93.68,47.67,33.69,21.85,37.61,11.31,26.22,27.34,43.77
STU0042,2024,9,irregular,49.49,7.4,Sometimes,Declining,1.5,0.2821,100,74.5,93.62,50.77,38.22,24.5,45.52,13.11,30.09,32.67,46.94
STU0042,2025,10,irregular,50.26,7.4,Regular,Declining,6.6,0.2806,100,74.69,93.67,56.36,39.56,28.35,49.3,14.62,35.05,37.12,52.77
STU0043,2023,8,moderate,62.5,13.1,Rare,Declining,4.7,0.5815,31.2,21.29,49.36,88.83,70.02,87.33,63.13,91.28,85.61,80.86,77.73
STU0043,2024,9,moderate,57.58,13.1,Regular,Declining,6,0.5897,30.19,21.35,48.92,90.14,72.5,88.7,64.56,93.3,87.29,82.57,80.18
STU0043,2025,10,moderate,59.07,13.1,Regular,Improving,3.5,0.5876,22.89,21.36,45.64,91.98,73.89,89.44,66.58,93.18,88.43,83.81,80.54
STU0044,2023,8,excellent,86.5,16.6,Sometimes,Stable,4.8,0.897,3.48,10.86,22.42,97.93,92.19,96.87,97.91,97.21,97.69,95.66,96.59
STU0044,2024,9,excellent,86.87,16.6,Regular,Improving,2,0.8974,3.25,10.94,21.36,97.87,94.23,97.31,97.33,97.47,97.74,97.04,97.21
STU0044,2025,10,excellent,86.01,16.6,Rare,Declining,8,0.8946,3.21,10.88,23.3,97.72,95.71,97.25,97.12,97.57,97.86,97.67,97.02
STU0045,2023,8,excellent,75.5,11.7,Sometimes,Declining,5,0.6924,46.8,19.86,49.17,61.28,52.87,71.84,63.88,53.27,49.25,51.23,52.72
STU0045,2024,9,excellent,81.82,11.7,Regular,Declining,6.9,0.6923,36.97,19.79,41.6,68.52,55.81,76.17,68.22,56.67,51.52,54.93,57.81
STU0045,2025,10,excellent,79.79,11.7,Regular,Improving,6.4,0.693,35.42,19.81,43.13,71.88,61.4,78.26,71.74,60.07,56.36,60.97,60.53
STU0046,2023,8,at-risk,21,2.4,Sometimes,Stable,6.8,0.2818,100,64.82,91.2,18.25,15.56,18.28,16.32,11.67,14.07,11.53,21.71
STU0046,2024,9,at-risk,23.23,2.4,Sometimes,Improving,4.2,0.2821,100,64.83,91.21,16.35,15.11,17.6,15.82,11.47,14.88,11.14,20.18
STU0046,2025,10,at-risk,27.46,2.4,Regular,Improving,5.3,0.2806,100,64.77,91.19,17.46,15.56,19.59,14.2,11.88,14.71,11.19,20.75
STU0047,2023,8,excellent,84.5,12.9,Regular,Stable,2.1,0.7346,28.59,17.15,37.51,89.76,79.47,75.64,64.93,92.72,84.34,85.94,61.04
STU0047,2024,9,excellent,84.34,12.9,Regular,Declining,7.5,0.7436,27.41,17.12,33.4,91.68,80.49,78.96,68.21,94.71,85.93,89.04,66.37
STU0047,2025,10,excellent,88.6,12.9,Rare,Improving,6.9,0.7365,26.65,17.12,31.27,92.09,85.19,80.87,71.17,95.65,88.05,90.25,68.24
STU0048,2023,8,moderate,66.5,8.4,Rare,Declining,3.3,0.6409,42.95,19.61,54.23,58.95,67.12,87.56,68.99,71.59,49.01,76.42,68.76
STU0048,2024,9,moderate,64.14,8.4,Regular,Stable,4.8,0.641,33.97,19.6,50.19,60.95,68.07,88.95,69.57,74.51,50.12,79.24,72.41
STU0048,2025,10,moderate,61.14,8.4,Regular,Improving,7.4,0.6403,33.44,19.62,49.96,63.76,71.13,91.48,72.76,76.1,52.26,79.65,73.51
STU0049,2023,8,moderate,70.5,3.1,Rare,Declining,1.2,0.7604,40.3,40.7,58.31,48.59,53.72,80.1,67.13,57.9,69.96,78.63,86.74
STU0049,2024,9,moderate,67.17,3.1,Rare,Declining,1.1,0.7692,31.26,40.67,54.24,51.02,56.62,83.35,70.77,60.32,73.17,78.56,86.77
STU0049,2025,10,moderate,68.91,3.1,Rare,Stable,5.2,0.7628,30.61,40.67,52.97,53.46,59.83,84.08,70.57,62.35,73.83,82.18,89.21
STU0050,2023,8,excellent,84,13.7,Rare,Declining,4.3,0.8805,23.8,8.87,29.78,93.77,78.61,87.01,82.45,90.69,85.02,87.43,68.11
STU0050,2024,9,excellent,87.88,13.7,Sometimes,Improving,1.5,0.8718,16.27,8.71,23.74,95.68,80.34,89.61,86.38,92.14,86.39,90.38,68.84
STU0050,2025,10,excellent,88.08,13.7,Rare,Improving,2.3,0.8775,22.4,8.76,25.57,96.42,82.65,91.1,87.31,92.95,88.18,90.99,73.66
STU0051,2023,8,excellent,86,19.8,Rare,Improving,5.5,0.9063,4.56,11.71,26.82,95.51,80.03,88.3,93.72,97.54,96.73,95.55,97.02
STU0051,2024,9,excellent,89.9,19.8,Rare,Improving,3.9,0.8974,4.42,11.75,19.65,96.31,83.04,91.14,92.44,97.37,97.23,95.65,97.8
STU0051,2025,10,excellent,85.49,19.8,Regular,Improving,6.6,0.9038,4.4,11.71,23.25,95.98,83.21,89.21,93.53,97.7,97.3,95.57,97.42
STU0052,2023,8,excellent,87,10.2,Sometimes,Improving,7.9,0.8633,14.75,12.72,27.85,97.84,85.02,92.95,95.15,97.62,83.75,79.73,93.61
STU0052,2024,9,excellent,79.8,10.2,Regular,Stable,7.3,0.8718,14.34,12.61,37.25,97.64,87.28,94.53,95.32,97.75,84.67,80.7,93.96
STU0052,2025,10,excellent,81.35,10.2,Rare,Stable,7.1,0.8682,6.23,12.65,30.58,97.89,87.08,95.49,95.43,97.62,84.38,81.68,95.04
STU0053,2023,8,irregular,31,8.1,Regular,Stable,3.4,0.2818,100,30.42,82.6,39.53,47.55,30.7,37.6,33.25,34.41,37.07,47.22
STU0053,2024,9,irregular,38.38,8.1,Rare,Stable,6.4,0.2821,100,30.51,82.63,43.16,51.07,33.36,36.36,35.71,35.29,38.6,49.81
STU0053,2025,10,irregular,37.31,8.1,Sometimes,Improving,4.4,0.2806,100,30.38,82.6,46.6,54.73,34.93,40.99,39.78,39.79,41.23,52.82
STU0054,2023,8,excellent,86,23.6,Regular,Declining,5.4,0.9148,13.3,10.85,29.64,92,90.57,84.75,83.4,96.76,90.67,97.08,90.35
STU0054,2024,9,excellent,91.92,23.6,Sometimes,Stable,5.8,0.9231,4.36,10.83,16.26,95.61,92.06,87.76,86.88,97.21,92.86,97.58,92.32
STU0054,2025,10,excellent,86.53,23.6,Rare,Declining,1.5,0.9209,3.55,10.84,20.64,96.65,95.56,92.16,90.31,97.43,95.05,97.35,94.78
STU0055,2023,8,good,81.5,7.4,Rare,Declining,2.8,0.7182,28.89,36.88,43.21,95.11,79.01,84.56,91.23,77.59,58.24,91.79,67.63
STU0055,2024,9,good,78.79,7.4,Sometimes,Stable,3.8,0.7179,28.84,36.76,43.72,94.25,80.57,85.03,91.87,79.61,56.88,90.17,67.76
STU0055,2025,10,good,76.17,7.4,Regular,Declining,6.2,0.7194,28.29,36.85,50.35,94.68,82.94,87.09,94.16,80.24,57.48,91.55,68.18
STU0056,2023,8,good,80,11.5,Rare,Improving,3.5,0.7261,35.49,19.42,44.83,84.22,63.28,52.87,61.87,62.09,54.96,69.11,55.69
STU0056,2024,9,good,80.3,11.5,Sometimes,Declining,7.7,0.7179,34.01,19.47,42.31,87.09,64.77,58.76,65.64,65.73,59.78,73.79,61.15
STU0056,2025,10,good,85.49,11.5,Regular,Declining,5.2,0.7194,32.34,19.45,32.36,91.63,69.49,64.12,69.88,69.87,60.51,78.99,65.07
STU0057,2023,8,moderate,66.5,13.4,Rare,Declining,1.5,0.53,47.89,24.72,57.73,52.3,68.54,64.25,38.91,67.57,74.09,55.85,62.21
STU0057,2024,9,moderate,60.1,13.4,Regular,Improving,4.2,0.5385,47.72,24.56,57.61,50.85,67.55,62.15,42.37,68.08,72.96,56.52,62.46
STU0057,2025,10,moderate,71.5,13.4,Regular,Declining,5.1,0.5349,48.23,24.59,57.85,52.87,66.24,62.07,38.73,67.53,71.52,53.74,62.46
STU0058,2023,8,good,72.5,17.4,Regular,Declining,7.7,0.9228,3.95,6.84,33.49,96.22,97.41,90.41,95.89,90.18,89.33,95.47,97.7
STU0058,2024,9,good,78.28,17.4,Rare,Declining,6.1,0.9231,3.51,6.93,33.31,97.35,97.64,91.46,97.46,93.17,90.88,96.18,97.7
STU0058,2025,10,good,70.98,17.4,Sometimes,Declining,2.5,0.9209,3.12,6.9,33.13,97.7,97.85,94.2,97.28,94.79,92.7,97.04,98.1
STU0059,2023,8,good,80,19.6,Rare,Improving,5.1,0.8119,16.63,12.97,33.83,95.68,91.98,88.95,97.63,82.64,87.5,69.62,96.32
STU0059,2024,9,good,72.22,19.6,Regular,Stable,6.1,0.8205,15.94,12.86,37.82,95.67,95.34,91.45,97.22,83.15,86.98,72.62,96.73
STU0059,2025,10,good,70.47,19.6,Rare,Stable,6.8,0.8155,15.36,12.9,38.84,97.2,94.83,92.2,97.95,86.67,88.9,77.27,97.5
STU0060,2023,8,excellent,84,12.3,Regular,Declining,4.4,0.8376,4.64,13.04,33.01,97.83,97.99,97.79,97.19,93.33,95.42,95.87,97.61
STU0060,2024,9,excellent,86.87,12.3,Rare,Stable,6.6,0.8462,4.21,13.01,24.1,97.9,97.87,97.99,96.83,95.62,96.83,96.73,97.81
STU0060,2025,10,excellent,90.67,12.3,Sometimes,Stable,4,0.8419,4.23,12.99,20.61,97.81,97.83,97.94,97.36,95.81,96.91,97.29,97.9
STU0061,2023,8,excellent,85,18.2,Rare,Stable,7.1,0.9743,3.34,6.31,18.83,95.88,86.52,91.11,94.05,96.18,97.84,97.07,84.34
STU0061,2024,9,excellent,85.86,18.2,Rare,Stable,6.4,0.9744,3.11,6.31,19.45,94.93,86.79,91.31,94.13,96.89,97.85,97.56,87.16
STU0061,2025,10,excellent,83.94,18.2,Sometimes,Stable,7.9,0.9736,2.98,6.34,22.5,95.99,89.13,90.34,94.23,97.1,97.74,97.49,87.26
STU0062,2023,8,good,76.5,20.9,Sometimes,Stable,1.8,0.6924,18.59,15.3,42.19,92.52,86.63,90.34,77.37,93.89,91.5,93.37,84.88
STU0062,2024,9,good,78.28,20.9,Sometimes,Improving,1.1,0.6923,17.73,15.17,41.77,94.26,90.53,92.42,80.97,94.7,92.74,94.04,86.93
STU0062,2025,10,good,82.9,20.9,Regular,Stable,1.9,0.693,9.45,15.26,32.36,95.36,90.61,93.63,81.01,95.75,94.49,95.21,86.28
STU0063,2023,8,moderate,62.5,7.8,Regular,Stable,3.9,0.7954,21.72,33.69,48.2,74.06,67.01,76.21,80.08,83.25,69.01,87.52,71.42
STU0063,2024,9,moderate,65.66,7.8,Regular,Declining,6.2,0.7949,28.51,33.66,51.24,76.58,65.96,77.69,79.73,83.22,68.85,88.6,72.97
STU0063,2025,10,moderate,65.28,7.8,Sometimes,Declining,6.5,0.7984,21.44,33.7,48.07,74.11,67.49,76.42,78.97,83.88,71.24,88.23,72.91
STU0064,2023,8,good,77.5,16.3,Sometimes,Declining,4.6,0.8119,21.5,13.67,41.22,74.11,77.04,73.46,75.91,77.3,81.6,65.74,79.54
STU0064,2024,9,good,67.68,16.3,Regular,Improving,8,0.8205,19.68,13.71,42.28,80.12,83.54,76.42,81.5,81.3,86.6,69.07,80.62
STU0064,2025,10,good,64.77,16.3,Rare,Stable,7.3,0.8155,18.31,13.69,41.66,83.66,86.57,79.23,84.97,86.66,89.07,73.84,84.45
STU0065,2023,8,moderate,68,8.5,Regular,Declining,4.3,0.7518,32.8,20.89,49.98,67.22,65.65,74.5,60.28,65.59,57.48,85.32,66.85
STU0065,2024,9,moderate,60.61,8.5,Regular,Improving,7.5,0.7436,30.85,20.93,49.12,71.84,71.32,83.02,64.14,70.98,61.84,89.12,71.99
STU0065,2025,10,moderate,60.1,8.5,Sometimes,Stable,1.3,0.7457,30.14,20.91,48.79,75.78,74.74,83.73,68.52,71.59,63.19,89.22,74.4
STU0066,2023,8,good,71,10.8,Rare,Stable,1.5,0.7776,20.96,14.73,43.12,82.49,74.46,74.85,73.39,77.91,84.2,77.18,82.98
STU0066,2024,9,good,80.3,10.8,Sometimes,Improving,3.4,0.7692,20.47,14.64,37.71,82.84,75.3,80.08,74.6,79.43,84.32,80.03,84.82
STU0066,2025,10,good,75.65,10.8,Rare,Improving,7.1,0.7721,20.14,14.69,42.74,84.43,76.03,80.31,75.94,79.82,86.15,80.71,83.89
STU0067,2023,8,excellent,78,22,Sometimes,Improving,5.9,0.9743,1.47,6.68,32.33,98.01,97.15,97.71,97.9,97.47,97.56,97.74,97.43
STU0067,2024,9,excellent,83.84,22,Rare,Improving,7.7,0.9744,1.4,6.67,27.29,97.79,97.86,97.72,97.79,97.48,98.03,97.82,97.57
STU0067,2025,10,excellent,81.87,22,Sometimes,Improving,3.3,0.9736,1.4,6.72,26.82,98.01,97.75,97.62,97.74,97.58,98.02,97.97,97.75
STU0068,2023,8,good,74.5,16.9,Sometimes,Declining,2.8,0.8291,4.51,8.97,28.53,97.99,97.52,97.85,97.97,97.77,97.94,97.75,93.74
STU0068,2024,9,good,80.3,16.9,Sometimes,Declining,1.8,0.8205,4.61,9.09,25.58,97.88,97.63,97.63,97.75,97.83,97.78,97.67,95.45
STU0068,2025,10,good,80.83,16.9,Regular,Improving,7.7,0.8248,4.52,9.01,24.51,97.55,97.55,97.8,98.16,97.51,97.72,97.92,95.45
STU0069,2023,8,good,71,18.2,Regular,Declining,6.4,0.8633,17.93,10.83,40.78,96.06,74.21,86.37,90.59,74.12,77.16,78.16,86.7
STU0069,2024,9,good,78.28,18.2,Sometimes,Improving,3.4,0.8718,16.43,10.9,39.88,96.85,78.88,90.55,92.99,76.68,81.41,81.79,88.83
STU0069,2025,10,good,78.76,18.2,Regular,Improving,7.8,0.8682,15.73,10.89,35.86,96.85,80.58,92.59,94.56,78.16,83.5,84.93,91.46
STU0070,2023,8,good,77,10.8,Regular,Improving,3.6,0.8376,26.28,12.19,44.87,95.45,85.32,91.15,83.45,82.77,70.48,83.86,54.85
STU0070,2024,9,good,78.79,10.8,Rare,Improving,8,0.8462,25.46,12.34,44.54,96.1,87.16,94.23,83.41,83.13,72.11,85.92,57.7
STU0070,2025,10,good,80.83,10.8,Sometimes,Improving,5.9,0.8419,24.95,12.27,44.29,96.35,88.36,94.36,86.29,84.73,73.87,87.4,59.66
STU0071,2023,8,irregular,44.5,11.3,Rare,Declining,7.7,0.5894,48.35,20.02,56.76,65.41,56.59,65.19,45.09,59.03,58.7,56.44,50.75
STU0071,2024,9,irregular,46.97,11.3,Regular,Declining,4.1,0.5897,48.09,20.02,56.65,66.89,56.87,64.02,45.19,60.78,58.32,58.86,52.16
STU0071,2025,10,irregular,43.01,11.3,Rare,Stable,1.2,0.5876,47.83,20.03,56.53,68.22,58.32,64.67,45,61.81,59.3,59.66,51.92
STU0072,2023,8,excellent,90,17.6,Rare,Declining,2.4,0.9228,2.58,10.46,14.87,98.01,96.75,97.93,97.65,96.26,97.03,97.93,97.94
STU0072,2024,9,excellent,95.96,17.6,Rare,Declining,1.1,0.9231,2.59,10.46,8.23,97.8,96.62,97.7,97.65,96.37,97.39,97.7,97.74
STU0072,2025,10,excellent,84.46,17.6,Sometimes,Stable,4.2,0.9209,2.61,10.46,22.36,97.87,96.67,97.81,97.9,96.18,97.56,97.72,97.73
STU0073,2023,8,irregular,58,5.1,Rare,Improving,4.9,0.4363,85.33,42.92,79.13,62.23,40.22,71.75,46.12,72.21,38.83,49.93,49.35
STU0073,2024,9,irregular,46.97,5.1,Rare,Stable,4.2,0.4359,59.79,43.12,67.68,66.1,44.27,74.42,50.61,72.86,42.25,54.92,51.13
STU0073,2025,10,irregular,41.97,5.1,Regular,Declining,5.2,0.4387,58.78,43.02,67.21,68.14,48,79.64,53.01,76.79,44.71,55.13,53.52
STU0074,2023,8,irregular,47.5,9.2,Regular,Declining,6.1,0.4957,100,35.52,83.88,50.11,40.41,57.01,32.25,22.63,44.86,74.36,42.34
STU0074,2024,9,irregular,39.39,9.2,Rare,Stable,5.3,0.4872,100,35.63,83.91,52.01,40.23,55.62,31.63,20.4,44.79,74.09,42.2
STU0074,2025,10,irregular,44.04,9.2,Rare,Declining,4.6,0.4915,100,35.58,83.89,51.61,41.2,52.95,31.47,20.61,44.64,72.79,40
STU0075,2023,8,good,75,18.1,Regular,Stable,3.5,0.897,12.72,13.36,39.06,97.71,94.02,94.82,88.59,97.46,97.76,96.84,78.85
STU0075,2024,9,good,77.78,18.1,Rare,Improving,1.3,0.8974,4.61,13.36,33.48,97.9,93.74,94.06,90.38,98.1,97.68,97.54,80.56
STU0075,2025,10,good,72.54,18.1,Rare,Stable,1.4,0.8946,12.18,13.38,38.82,97.59,96.68,95.68,92.08,97.97,97.62,97.6,82.45
STU0076,2023,8,excellent,88.5,13.1,Sometimes,Improving,6.6,0.7003,28.6,16.41,30.19,93.3,82.27,83.53,95.1,68.76,63.79,76.85,96.23
STU0076,2024,9,excellent,89.9,13.1,Regular,Improving,4.2,0.6923,27.9,16.45,27.79,93.62,86.11,86.44,95.3,69.14,67.46,80.26,96.85
STU0076,2025,10,excellent,89.64,13.1,Regular,Declining,6.1,0.693,27.38,16.44,28.51,93.61,86.7,87.19,96.2,73.29,68.06,82.13,96.91
STU0077,2023,8,excellent,85,21,Rare,Declining,7.8,0.9406,2.27,11.71,25.1,97.82,97.81,97.79,97.73,97.6,95.21,97.74,97.56
STU0077,2024,9,excellent,81.31,21,Sometimes,Declining,6,0.9487,2,11.78,28.47,97.8,97.98,97.89,97.66,97.6,96.58,97.54,97.71
STU0077,2025,10,excellent,85.49,21,Regular,Improving,1.6,0.9473,2.06,11.74,23.11,97.49,97.46,97.65,97.89,97.44,96.65,97.86,97.71
STU0078,2023,8,good,70,13.7,Sometimes,Declining,4.2,0.8119,34.89,10.08,47.92,96.86,88.61,95.88,65.19,95.82,46.11,81.74,83.43
STU0078,2024,9,good,74.24,13.7,Sometimes,Declining,3.6,0.8205,33.81,9.97,47.7,97.08,90.79,96.8,69.97,95.64,47.49,83.97,85.38
STU0078,2025,10,good,70.98,13.7,Sometimes,Stable,7.1,0.8155,25.76,10.04,44.1,96.79,93.23,96.68,73.43,96.25,50.87,83.86,85.95
STU0079,2023,8,good,79,11.7,Regular,Declining,7.4,0.7182,7.82,14.03,27.63,92.56,96.75,93.28,91.34,96.79,94.47,96.43,93.33
STU0079,2024,9,good,78.28,11.7,Sometimes,Improving,6.4,0.7179,7.64,14.04,28.61,92.85,96.51,93.32,91.93,96.5,95.71,96.88,94.42
STU0079,2025,10,good,75.65,11.7,Rare,Stable,2.3,0.7194,7.45,13.99,36.26,94.03,96.34,95.35,92.84,96.86,95.11,97.25,94.89
STU0080,2023,8,excellent,78.5,16.2,Sometimes,Improving,5.1,0.5637,99.52,40.94,85.02,34.27,46.71,53.56,40.71,44.22,56.17,41.73,61.33
STU0080,2024,9,excellent,83.33,16.2,Rare,Declining,1.1,0.5641,75.43,40.8,70.14,35.95,51.26,54.94,43.14,47.74,58.21,43.65,65.06
STU0080,2025,10,excellent,81.87,16.2,Sometimes,Declining,4.1,0.5613,66.34,40.82,69.97,39.26,55.14,60.94,46.05,50.64,60.7,45.58,66.88
STU0081,2023,8,moderate,60,9.3,Rare,Declining,5.3,0.6152,36.94,20.52,51.75,77.71,70.8,71.87,57.69,61.91,51.41,66.71,61.96
STU0081,2024,9,moderate,59.09,9.3,Rare,Declining,5.6,0.6154,36.25,20.53,51.44,79.92,73.12,74.88,60.36,62.16,52.28,67.06,65.3
STU0081,2025,10,moderate,63.73,9.3,Rare,Stable,2.4,0.614,35.4,20.5,51.05,82.69,77.46,75.68,60.63,65.67,54.26,69.7,66.43
STU0082,2023,8,moderate,58,13.9,Rare,Declining,7.6,0.7261,42.11,15.93,52.93,89.27,79.82,66.66,72.15,57.74,68.05,42.71,63.57
STU0082,2024,9,moderate,62.63,13.9,Sometimes,Declining,5.1,0.7179,41.79,15.97,52.8,90.85,81.36,65.81,72.81,57.35,70.32,43.4,65.88
STU0082,2025,10,moderate,66.84,13.9,Regular,Improving,7.8,0.7194,41.35,15.94,52.59,90.52,80.94,67.22,76.03,58.15,71.48,44.84,66.23
STU0083,2023,8,good,71,14.1,Regular,Stable,4.7,0.6152,54.76,19.54,59.53,72.12,48.56,60.66,71.68,66.06,63.22,65.86,35.86
STU0083,2024,9,good,78.79,14.1,Sometimes,Declining,6.1,0.6154,53.66,19.46,50.57,74.17,48.98,63.59,73.63,73.13,62.84,67.88,38.41
STU0083,2025,10,good,71.5,14.1,Sometimes,Declining,2.2,0.614,45.05,19.52,53.64,76.31,53.8,64.05,74.36,70.52,64.84,71.4,40.5
STU0084,2023,8,excellent,83.5,23.7,Sometimes,Improving,2.7,0.7604,5.72,13.26,26.45,97.28,97.81,97.75,97.33,97.67,97.67,97.91,97.85
STU0084,2024,9,excellent,80.3,23.7,Sometimes,Declining,2.5,0.7692,5.46,13.44,33.35,98.04,97.85,98.08,97.78,97.95,97.97,97.69,97.83
STU0084,2025,10,excellent,87.05,23.7,Rare,Declining,1.3,0.7628,5.64,13.36,22.1,97.8,97.65,97.75,97.6,97.92,97.65,97.66,98
STU0085,2023,8,at-risk,33,4.5,Rare,Improving,5,0.3756,100,59.5,89.88,24.16,34,36.77,18.61,42.64,22.55,25.41,29.28
STU0085,2024,9,at-risk,32.32,4.5,Rare,Declining,7.3,0.3846,100,59.34,89.84,25.68,37.37,36.96,20.9,47.64,24.43,29.43,33.87
STU0085,2025,10,at-risk,35.23,4.5,Sometimes,Improving,3.3,0.3768,100,59.44,89.86,28.86,40.84,40,24.44,49.43,26.73,30.94,35.74
STU0086,2023,8,moderate,72,6.6,Rare,Declining,4.1,0.6072,55.82,42.81,65.82,51.31,65.79,65.75,68.25,47.74,60.7,48.43,55.95
STU0086,2024,9,moderate,67.68,6.6,Sometimes,Stable,5.2,0.6154,54.89,42.95,65.44,56.21,68.63,66.13,68.89,49.62,62.73,49.42,56.67
STU0086,2025,10,moderate,73.58,6.6,Sometimes,Stable,7,0.614,37.69,42.93,57.69,57.48,70.33,70.56,71.59,53.9,66.16,52.7,59.51
STU0087,2023,8,good,83.5,8.6,Regular,Improving,4.7,0.6667,42.97,16.6,47.65,66.1,54.92,72.41,63.13,70.97,49.95,89.49,66.58
STU0087,2024,9,good,75.76,8.6,Regular,Declining,6,0.6667,33.83,16.52,49.35,69.56,57.5,78.45,64.47,70.46,54.45,90.74,70.52
STU0087,2025,10,good,69.95,8.6,Regular,Declining,5.5,0.6667,32.78,16.55,48.89,71.12,61.06,79.71,69.96,76.7,57.02,92,73.45
STU0088,2023,8,at-risk,29,5.7,Regular,Stable,4.4,0.2818,100,59.91,89.98,12,19.58,26.54,12.44,41.39,28.8,27.84,11.99
STU0088,2024,9,at-risk,27.27,5.7,Regular,Stable,6.6,0.2821,100,60.12,90.03,15.11,21.07,30.81,13,43.57,31.06,28.93,13.41
STU0088,2025,10,at-risk,25.91,5.7,Sometimes,Declining,7.8,0.2806,100,60.07,90.02,17.46,22.14,32.65,15.81,46.63,33.78,32.98,15.29
STU0089,2023,8,moderate,65,12.1,Regular,Improving,4.7,0.7439,38.09,20.9,52.37,81.1,76.74,79.42,49.87,79.08,88.59,76.09,66.05
STU0089,2024,9,moderate,66.67,12.1,Sometimes,Improving,4,0.7436,28.25,20.91,47.94,86.87,80.52,84.14,55.91,82.59,93.2,79.96,69.26
STU0089,2025,10,moderate,70.47,12.1,Regular,Stable,7.7,0.7457,26.77,20.88,47.27,91.28,85.86,88.49,59.18,84.82,94.64,84.08,74.79
STU0090,2023,8,irregular,54.5,7.6,Rare,Declining,2.2,0.5043,36.36,36.94,55.6,95.95,83.73,57.4,71.37,67.15,56.94,76,70.21
STU0090,2024,9,irregular,54.55,7.6,Sometimes,Improving,2.8,0.5128,35.5,37.19,55.27,96.85,82.46,59.06,71.23,68.02,61.11,77.57,73.05
STU0090,2025,10,irregular,58.55,7.6,Sometimes,Declining,1.7,0.5085,34.99,37.05,55.01,96.99,84.91,58.99,74.51,69.79,62.6,79.39,72.96
STU0091,2023,8,irregular,45,11,Regular,Declining,7,0.4528,66.53,20.8,65.14,87.1,50.63,53.95,71.35,46.32,34.81,54.2,65.19
STU0091,2024,9,irregular,45.45,11,Regular,Improving,2.6,0.4615,58.39,20.61,61.43,87.85,54.41,55.72,73.69,49.08,37.27,56.57,66.89
STU0091,2025,10,irregular,38.86,11,Sometimes,Improving,5.2,0.4558,57.83,20.69,61.2,88.33,54.92,58.76,76.36,48.98,38.25,58.08,69.51
STU0092,2023,8,at-risk,23,3.3,Sometimes,Improving,7.9,0.2818,100,54.29,88.57,13.63,16.29,12.63,14.92,11.81,12.14,33.22,18.87
STU0092,2024,9,at-risk,18.18,3.3,Rare,Declining,2.9,0.2821,100,54.3,88.57,15.06,17.69,15.4,15.31,11.48,13.49,35.93,19.38
STU0092,2025,10,at-risk,15.54,3.3,Rare,Improving,2.6,0.2806,100,54.24,88.56,15.08,20.23,16.05,17.42,13.99,13.9,36.99,22.25
STU0093,2023,8,good,67.5,5.1,Regular,Declining,5.7,0.6409,24.64,39.03,50.85,79.36,78.57,73.17,69.81,81.08,68.81,93.4,65.66
STU0093,2024,9,good,68.69,5.1,Regular,Stable,3.3,0.641,24.19,39.03,50.64,81.5,80.32,74.38,71.63,81.31,69.73,94.53,66.1
STU0093,2025,10,good,80.31,5.1,Sometimes,Improving,4.9,0.6403,30.35,39.02,45.55,83.03,83.86,75.6,72.67,82.38,71.37,95.24,70.99
STU0094,2023,8,excellent,90,17.1,Rare,Improving,7.7,0.8033,5.24,12.57,16.6,97.88,97.9,97.24,97.64,97.8,92.04,97.19,97.77
STU0094,2024,9,excellent,88.89,17.1,Regular,Declining,4,0.7949,5.35,12.41,18.64,98.05,97.93,97.56,97.78,97.83,92.29,97.51,97.84
STU0094,2025,10,excellent,90.16,17.1,Rare,Improving,7.5,0.7984,5.07,12.54,17.39,97.89,98,97.57,97.76,97.82,95.2,97.71,97.91
STU0095,2023,8,moderate,56.5,9.5,Sometimes,Declining,2.7,0.7089,34.02,22.14,50.84,66.48,65.94,65.61,57.56,65.33,68.54,80.51,61.11
STU0095,2024,9,moderate,64.14,9.5,Rare,Stable,7.1,0.7179,26.41,22.08,47.41,65.32,66.52,65.91,61.12,65.8,69.08,82.66,62.94
STU0095,2025,10,moderate,67.88,9.5,Sometimes,Declining,2.8,0.7101,33.45,22.16,50.59,66.65,67.74,66.19,61.45,65.64,68.34,81.16,65.34
STU0096,2023,8,moderate,66,9.4,Sometimes,Improving,6.8,0.4528,76.88,24.47,70.71,45.08,52.97,51.8,47.66,71.95,44.69,59.79,46.9
STU0096,2024,9,moderate,70.2,9.4,Sometimes,Declining,4.5,0.4615,59.75,24.35,62.98,48.38,55,53.43,50.72,74.13,47.58,61.39,50.53
STU0096,2025,10,moderate,60.62,9.4,Rare,Improving,4.8,0.4558,51,24.42,59.05,50.08,56.13,56.4,51.11,74.65,49.84,66.42,51.83
STU0097,2023,8,excellent,82.5,26.5,Sometimes,Declining,6.5,0.897,15.03,9.23,25.35,87.7,72.22,71.86,94.25,96.22,96.22,89.08,91.63
STU0097,2024,9,excellent,85.35,26.5,Sometimes,Stable,5.9,0.8974,13.97,9.25,24.27,87.95,77.65,79.1,96.09,96.38,97.24,92.13,93.03
STU0097,2025,10,excellent,83.42,26.5,Regular,Stable,7,0.8946,13.42,9.24,27.13,92.05,80.83,80.41,95.85,97.48,97.29,92,94.74
STU0098,2023,8,moderate,68.5,8.3,Rare,Stable,4.5,0.7182,42.04,18.39,53.52,70.64,49.06,76.51,66.33,87.1,66.36,65.42,55.38
STU0098,2024,9,moderate,70.71,8.3,Rare,Improving,1.2,0.7179,32.74,18.51,49.36,74.93,52.21,79.39,72.33,86.18,67.3,69.81,59.04
STU0098,2025,10,moderate,69.95,8.3,Rare,Improving,4,0.7194,31.76,18.48,48.91,76.96,53.83,80.68,71.29,89.88,71.32,72.22,62.79
STU0099,2023,8,excellent,89.5,12.3,Rare,Improving,7,0.7518,28.59,15.35,27.91,96.81,68.58,63.78,85.15,72.03,68.17,80.28,96.51
STU0099,2024,9,excellent,84.85,12.3,Sometimes,Stable,5,0.7436,21.78,15.34,31.22,97.06,67.78,62.98,87.37,70.82,68.6,79.77,96.65
STU0099,2025,10,excellent,89.12,12.3,Regular,Declining,5.3,0.7457,21.42,15.4,28.37,97.41,69.61,61.82,84.94,72.01,70.36,81.87,97.01
STU0100,2023,8,excellent,86,13.4,Sometimes,Improving,6.5,0.9485,4.35,11.03,22.96,91.92,80.29,95.48,96.18,85.18,97.38,90.27,95.78
STU0100,2024,9,excellent,84.34,13.4,Rare,Declining,8,0.9487,3.66,11.12,23.91,92.49,83.93,96.68,96.98,87.7,97.95,93.13,97.35
STU0100,2025,10,excellent,80.83,13.4,Regular,Declining,4,0.9473,3.15,11.09,28.02,95.84,87.46,97.05,97.87,90.19,97.75,93.84,97.74
STU0101,2023,8,excellent,77,19.4,Rare,Stable,3.7,0.7696,5.83,13.43,31.51,97.76,97.83,96.43,97.89,97.78,93.41,97.67,97.99
STU0101,2024,9,excellent,81.31,19.4,Sometimes,Improving,6.3,0.7692,5.73,13.46,29.67,97.88,97.63,96.36,97.89,97.9,94.95,97.73,97.93
STU0101,2025,10,excellent,83.42,19.4,Rare,Declining,2.7,0.7721,5.61,13.47,25.57,97.99,97.76,97.4,97.88,97.49,95.91,97.7,97.62
STU0102,2023,8,excellent,88.5,21.2,Regular,Improving,2.9,0.8376,4.86,14.04,18.91,97.47,97.56,95.8,97.36,92.8,92.19,97.73,97.8
STU0102,2024,9,excellent,82.32,21.2,Sometimes,Improving,2.7,0.8462,4.53,13.92,26.33,98.05,97.87,95.88,98.04,94.17,92.89,97.88,97.4
STU0102,2025,10,excellent,87.05,21.2,Rare,Declining,7.7,0.8419,4.4,13.97,17.19,98.02,97.65,96.52,97.9,95.27,94.74,97.69,98.13
STU0103,2023,8,moderate,71.5,3.6,Rare,Declining,4.1,0.6924,72.68,43.32,73.54,51.52,40.66,51.81,41.81,63.09,38.16,79.13,42.86
STU0103,2024,9,moderate,72.73,3.6,Sometimes,Improving,5.5,0.6923,71.08,43.32,72.81,56.21,44.79,53.26,46.49,68.08,42.41,83.08,48.23
STU0103,2025,10,moderate,73.06,3.6,Rare,Improving,4.2,0.693,53.29,43.32,59.37,60,49.71,59.36,51.78,73.34,45.49,85.53,50
STU0104,2023,8,good,77,18.9,Rare,Declining,5.8,0.9743,1.81,9.63,32.35,97.56,96.99,97.68,96.07,91.74,97.64,98.05,97.38
STU0104,2024,9,good,79.29,18.9,Rare,Declining,1.5,0.9744,1.78,9.54,29.13,97.62,96.91,97.45,96.25,92.71,97.92,97.82,97.95
STU0104,2025,10,good,78.24,18.9,Regular,Improving,3.1,0.9736,1.7,9.59,33.16,97.64,97.66,97.52,97.16,92.84,97.89,97.78,97.65
STU0105,2023,8,excellent,82,18.5,Rare,Declining,2.2,0.8291,4.48,12.27,29.56,98.01,95.66,97.89,97.62,97.68,97.28,97.83,97.2
STU0105,2024,9,excellent,84.85,18.5,Rare,Improving,1.6,0.8205,4.62,12.27,25.43,97.86,96.16,97.71,97.77,97.67,97.61,97.62,97.2
STU0105,2025,10,excellent,86.01,18.5,Rare,Stable,2.4,0.8248,4.44,12.29,24.21,97.73,96.58,97.9,97.77,97.9,97.87,98.05,97.42
STU0106,2023,8,moderate,69.5,8.9,Regular,Stable,1.9,0.7776,28.14,17.73,47.1,89.89,95.25,77.44,94.13,68.48,60.31,63.76,86.73
STU0106,2024,9,moderate,64.14,8.9,Regular,Stable,5.6,0.7692,28.31,17.77,47.18,88.93,95.14,78.3,93.51,71.17,61.45,63.19,88
STU0106,2025,10,moderate,69.95,8.9,Regular,Stable,1.7,0.7721,27.45,17.71,46.78,92.83,95.26,80.42,94.75,72.9,63.36,67.22,88.6
STU0107,2023,8,moderate,66.5,8.7,Rare,Improving,7.2,0.4363,69.62,23.45,67.19,53.93,46.13,51.28,43.99,56.77,61.6,45.75,51.97
STU0107,2024,9,moderate,62.12,8.7,Rare,Declining,4.8,0.4359,68.34,23.54,66.64,57.35,48.52,53.1,47.49,61.43,65.39,49.52,53.77
STU0107,2025,10,moderate,63.73,8.7,Regular,Stable,6.4,0.4387,43.14,23.42,55.27,58.46,53.1,56.27,50.78,64.36,67.85,52.51,54.35
STU0108,2023,8,excellent,83.5,20.4,Regular,Improving,1.9,0.8119,14.39,11.16,31.63,96.35,98.01,86.35,97.31,97.62,78.94,96.58,98.36
STU0108,2024,9,excellent,78.28,20.4,Rare,Declining,4.8,0.8205,5.92,11.2,35.47,97.28,97.85,89.9,97.97,97.73,81.71,96.79,97.86
STU0108,2025,10,excellent,80.83,20.4,Regular,Declining,1.7,0.8155,5.58,11.18,33.63,97.07,98,91.82,97.91,97.93,86.47,97.2,97.99
STU0109,2023,8,good,77,14.5,Rare,Improving,6.7,0.8455,14.95,12.35,37.14,97.39,97.84,91.37,96.49,80.56,81.34,86.36,96.68
STU0109,2024,9,good,76.77,14.5,Sometimes,Improving,7.2,0.8462,6.4,12.34,29.74,97.02,97.62,93.43,97.33,83.66,83.08,88.68,96.72
STU0109,2025,10,good,76.17,14.5,Rare,Declining,2.3,0.8419,14.13,12.39,36.96,97.24,97.75,94.63,97.59,83.72,86.35,90.49,97.28
STU0110,2023,8,excellent,84,20.1,Rare,Stable,1.2,0.7439,8.36,16.57,25.66,78.02,97.07,95.58,96.59,88.04,89.52,93.63,95.49
STU0110,2024,9,excellent,81.82,20.1,Sometimes,Improving,6.9,0.7436,7.78,16.38,33.92,81.75,97.18,96.39,97.08,90.74,91.49,95.15,95.53
STU0110,2025,10,excellent,84.46,20.1,Sometimes,Stable,5.5,0.7457,7.34,16.47,27.79,83.49,97.97,97.11,97.09,91.59,92.81,96.05,97.06
STU0111,2023,8,excellent,83,18.4,Regular,Declining,1,0.7696,6.61,12.49,31.27,97.66,97.94,90.8,96.61,94.48,90.34,95.92,97.45
STU0111,2024,9,excellent,86.87,18.4,Rare,Improving,6.6,0.7692,6.33,12.38,24,97.66,97.61,92.74,97.3,95.35,92.03,96.38,97.65
STU0111,2025,10,excellent,82.9,18.4,Sometimes,Improving,1.7,0.7721,5.95,12.44,26.48,97.45,97.67,94.58,97.86,95.91,94.25,97.37,97.62
STU0112,2023,8,excellent,91,16.7,Regular,Declining,5.2,0.9485,10.94,11.87,17.88,97.92,97.68,92.84,97.42,93.39,91.43,95.33,97.18
STU0112,2024,9,excellent,76.77,16.7,Rare,Improving,7.9,0.9487,2.85,11.87,29.83,97.62,97.93,93.2,97.39,93.16,91.41,96.24,97.49
STU0112,2025,10,excellent,88.08,16.7,Regular,Declining,2,0.9473,2.95,11.9,14.91,97.66,97.78,93.72,96.52,92.71,91.75,95.69,97.27
STU0113,2023,8,excellent,84.5,12,Regular,Declining,6.1,0.8119,15.37,12.73,34.95,83.55,91.79,91.32,95.19,97.13,92.96,82.51,94.15
STU0113,2024,9,excellent,83.84,12,Regular,Improving,4.5,0.8205,7.1,12.77,30.48,81.42,92.98,88.05,95.14,97.67,93.78,84.08,95.35
STU0113,2025,10,excellent,86.53,12,Sometimes,Declining,6.2,0.8155,7,12.75,28.97,83.81,92.91,90.26,95.73,97.39,94.87,84.22,95.45
STU0114,2023,8,moderate,65.5,10.7,Sometimes,Stable,1.2,0.6409,41.41,23.96,54.63,70.16,62.65,45.94,82.02,89.74,89.11,74.59,54.04
STU0114,2024,9,moderate,64.14,10.7,Regular,Declining,4,0.641,32.46,23.9,50.58,71.02,68.4,50.8,84.76,89.96,89.62,76.16,57.95
STU0114,2025,10,moderate,59.07,10.7,Rare,Stable,4,0.6403,31.99,23.97,50.39,72.98,68.6,51.83,85.6,90.41,89.79,78.68,59.31
STU0115,2023,8,excellent,83,22.7,Rare,Stable,7.4,0.6924,21.36,17.68,44.03,82.84,78.91,74.11,89.33,91.22,86.57,77.28,76.89
STU0115,2024,9,excellent,89.9,22.7,Regular,Declining,1.9,0.6923,20.88,17.63,30.32,86.18,81.14,75.7,89.94,91.68,87.39,77.14,77.48
STU0115,2025,10,excellent,93.78,22.7,Regular,Improving,1.3,0.693,27.74,17.69,27.21,85.16,80.41,77.7,88.6,92.62,87.14,77.22,80.23
STU0116,2023,8,moderate,62.5,1.5,Sometimes,Declining,6.3,0.4957,57.06,45.75,67.11,64.01,53.17,68.48,83.7,54.08,29.94,55.02,67.86
STU0116,2024,9,moderate,60.61,1.5,Sometimes,Stable,1.2,0.4872,55.63,45.66,66.45,65.92,57.14,75.3,91.36,59.63,32.02,57,71
STU0116,2025,10,moderate,67.88,1.5,Sometimes,Improving,6.4,0.4915,46.91,45.79,62.56,71.57,62.89,81.24,92.55,62.01,35.97,62.89,76.02
STU0117,2023,8,good,76,15.9,Regular,Declining,4.9,0.9485,4.81,8.11,34.19,93.62,86.66,85.68,97.13,92.95,92.11,97.6,78.58
STU0117,2024,9,good,77.78,15.9,Rare,Stable,5.4,0.9487,4.26,8.02,33.79,94.61,88.02,88.47,97.15,95.35,94.24,97.75,79.64
STU0117,2025,10,good,83.42,15.9,Rare,Declining,4.2,0.9473,3.68,8.09,28.76,95.72,90.6,92.08,97.64,95.48,95.13,97.87,82.84
STU0118,2023,8,moderate,64,15.7,Regular,Stable,6,0.573,43.82,24.15,55.76,64.86,49.58,77.97,76.98,87.04,70.95,75.25,57.81
STU0118,2024,9,moderate,61.11,15.7,Sometimes,Improving,2.6,0.5641,34.82,24.15,51.7,65.99,51.2,81.63,79.19,90.5,73.71,77.14,61.69
STU0118,2025,10,moderate,63.73,15.7,Sometimes,Stable,1.6,0.5705,33.88,24.19,51.29,67.98,54.78,83.24,80.89,92.24,74.41,77.19,64.09
STU0119,2023,8,moderate,67,8.1,Sometimes,Stable,2.5,0.47,66.6,24.84,66.18,53.78,57.1,46.79,47.46,42.5,71.51,55.97,76.12
STU0119,2024,9,moderate,58.08,8.1,Sometimes,Improving,1.4,0.4615,57.19,24.95,61.97,58.22,61.86,51.64,49.65,48.16,73.65,58.71,81.69
STU0119,2025,10,moderate,65.28,8.1,Regular,Declining,2.4,0.4651,48.55,24.88,58.07,59.97,61.73,51.54,52.53,49.62,75.84,61.02,81.71
STU0120,2023,8,good,68,8,Rare,Improving,4.6,0.5815,43.61,21.41,54.97,95.1,65.92,71.66,72.27,48.21,59.17,54.66,94.66
STU0120,2024,9,good,72.22,8,Rare,Improving,6.3,0.5897,34.03,21.55,50.7,96.87,68.13,79.4,77.45,51,61.4,61.41,94.79
STU0120,2025,10,good,74.61,8,Regular,Stable,4.8,0.5876,32.58,21.54,48.78,97.37,74.21,82.86,83.52,55.48,67.18,66.4,96.59
STU0121,2023,8,good,75.5,15.3,Regular,Stable,4.1,0.6409,64.12,18.82,61.2,55.35,42.3,75.9,65.9,68.15,41.33,53.89,47.41
STU0121,2024,9,good,76.26,15.3,Regular,Declining,5.4,0.641,54.81,18.75,56.84,57.4,45.37,79.29,71.43,70.78,46.12,55.98,50.48
STU0121,2025,10,good,77.72,15.3,Sometimes,Stable,4.6,0.6403,53.71,18.76,53.34,59.97,46.31,81.07,73.9,75.71,47.54,59.2,53.66
STU0122,2023,8,good,68,17.5,Sometimes,Declining,2.9,0.8376,6.16,8.96,35.01,98.06,90.8,97.38,96.1,84.59,85.48,97.3,95.64
STU0122,2024,9,good,80.3,17.5,Regular,Declining,5.6,0.8462,5.71,8.84,27.82,97.67,91.83,97.95,96.71,85.75,87.08,97.12,96.5
STU0122,2025,10,good,76.17,17.5,Rare,Improving,4.5,0.8419,13.41,8.87,36.66,97.51,93.27,97.88,96.82,88.03,89.48,97.41,96.55
STU0123,2023,8,excellent,86,15.3,Sometimes,Improving,8,0.9743,2.84,9.7,19.24,89.8,96.97,90.6,95.52,92.13,97.58,92.71,95.93
STU0123,2024,9,excellent,83.84,15.3,Sometimes,Stable,6,0.9744,2.84,9.79,21.52,90.2,96.43,90.01,95.64,91.47,96.78,94.03,96.44
STU0123,2025,10,excellent,84.46,15.3,Regular,Declining,4.8,0.9736,2.78,9.73,17.75,91.16,97.03,90.31,94.77,91.39,97.2,93.94,96.85
STU0124,2023,8,moderate,68,15.1,Sometimes,Stable,3.5,0.5894,43.66,23.82,55.6,71.82,47.7,60.6,78.75,65.94,84.19,67.7,71.12
STU0124,2024,9,moderate,68.69,15.1,Sometimes,Declining,6.8,0.5897,35.11,23.81,51.75,72.92,50.42,61.96,77.68,69.66,84.32,68.11,73.39
STU0124,2025,10,moderate,61.14,15.1,Sometimes,Improving,4.2,0.5876,34.98,23.82,51.7,74.65,50.34,64.02,80.03,69.11,84.09,68.63,73.24
STU0125,2023,8,excellent,90,23.7,Regular,Improving,4.3,0.9228,2.4,11.11,19.46,97.5,98.03,97.54,97.65,98.05,98.02,98.08,97.86
STU0125,2024,9,excellent,84.85,23.7,Regular,Improving,3.2,0.9231,2.37,11.11,25.02,97.88,97.88,97.63,98.14,98.05,98.18,97.67,97.93
STU0125,2025,10,excellent,90.16,23.7,Regular,Improving,3,0.9209,2.43,11.11,18.54,98.06,98.11,97.64,97.83,97.92,97.81,97.79,97.89
STU0126,2023,8,excellent,87,13.2,Regular,Declining,2.5,0.9063,6.04,32.19,31.5,92.9,84,81.25,91.59,88.62,86.56,94.5,96.17
STU0126,2024,9,excellent,88.89,13.2,Regular,Declining,6.4,0.8974,13.81,32.22,31.9,93.7,84.45,83.16,92.79,88.1,89.19,95.53,96.89
STU0126,2025,10,excellent,86.53,13.2,Rare,Stable,4.2,0.9038,4.84,32.17,31.95,94.83,87.7,87.47,93.61,91.72,91.55,96.89,97.23
STU0127,2023,8,good,70,17.4,Sometimes,Stable,1.1,0.8548,5.7,12.06,35.58,98.13,93.52,96.98,97.39,93.79,83.58,89.12,96.96
STU0127,2024,9,good,75.25,17.4,Regular,Stable,7.8,0.8462,5.92,11.98,35.66,98.02,93.71,96.68,96.68,94.44,84.06,88.41,97.19
STU0127,2025,10,good,68.39,17.4,Regular,Improving,6.1,0.8511,5.82,12.08,35.64,97.91,93.05,96.69,96.7,94.13,84.23,88.34,97.18
STU0128,2023,8,moderate,64,5.9,Rare,Stable,1.8,0.7346,42.46,40.76,59.3,96.99,62.56,66.15,69.96,45.46,54.67,63.1,68.99
STU0128,2024,9,moderate,68.69,5.9,Regular,Declining,3.1,0.7436,41.51,40.72,58.86,96.79,63.76,68.59,70.55,49.89,54.23,66.64,68.85
STU0128,2025,10,moderate,64.77,5.9,Sometimes,Declining,1.3,0.7365,41.3,40.73,58.77,97.12,65.85,71.29,73.16,47.54,54.44,66.89,72.81
STU0129,2023,8,excellent,84.5,12.9,Sometimes,Improving,6.6,0.9743,2.29,8.17,21.63,93.35,95.77,95.5,95.67,97.85,94.21,97.73,94.17
STU0129,2024,9,excellent,79.29,12.9,Rare,Declining,4.7,0.9744,2.13,8.16,22.65,94.49,96.43,96.81,95.48,97.87,94.9,97.66,93.99
STU0129,2025,10,excellent,84.46,12.9,Rare,Improving,4.7,0.9736,1.97,8.2,21.5,94.2,97.38,96.41,95.91,97.86,95.7,97.58,95.32
STU0130,2023,8,moderate,66.5,5,Sometimes,Stable,4,0.5043,92.5,44.67,82.79,54.41,65.76,39.61,66.13,37.85,41.45,34.61,56.1
STU0130,2024,9,moderate,73.74,5,Sometimes,Declining,2.2,0.5128,76.35,44.82,75.56,58.03,68.21,39.3,70.61,40.25,45.35,36.32,57.37
STU0130,2025,10,moderate,64.77,5,Sometimes,Declining,4.6,0.5085,75.64,44.78,75.23,58.72,69.91,42.96,71.27,42.13,46.86,38.03,59.51
STU0131,2023,8,good,71.5,13,Sometimes,Stable,5.4,0.8291,15.37,8.7,39.09,95.22,92.91,86.87,83.36,96.28,77.57,96.75,95.58
STU0131,2024,9,good,75.76,13,Regular,Stable,7.4,0.8205,15.26,8.62,33.01,96.41,93,88.87,85.08,96.97,77.52,96.82,95.19
STU0131,2025,10,good,78.76,13,Regular,Declining,2.4,0.8248,6.81,8.72,27.71,97.04,94.23,89.75,85.58,96.78,80.07,97.14,95.43
STU0132,2023,8,good,72.5,16.8,Sometimes,Declining,1,0.6924,61.88,37.94,67.33,58.82,30.03,69.88,47.6,69.07,60.97,55.68,55.24
STU0132,2024,9,good,71.72,16.8,Rare,Stable,6.6,0.6923,52.86,37.88,59.9,60.44,32.5,72.11,50.22,71.85,64.27,60.56,54.8
STU0132,2025,10,good,79.79,16.8,Rare,Declining,1.6,0.693,44.85,37.94,47.41,65.89,35.79,72.96,50.92,75.71,66.71,60.98,58.54
STU0133,2023,8,moderate,70.5,6.4,Regular,Declining,5,0.5122,40.22,44.71,59.28,74.95,61.61,69.6,58.13,69.55,52.94,57.15,54.63
STU0133,2024,9,moderate,70.71,6.4,Rare,Improving,2.9,0.5128,39.46,44.71,58.93,77.22,62.68,70.17,60.39,70.85,55.44,57.75,58.2
STU0133,2025,10,moderate,68.91,6.4,Rare,Stable,3.2,0.5085,38.68,44.72,58.59,78.89,63.89,72.86,61.01,72.6,58.05,62.04,60.05
STU0134,2023,8,excellent,79,19.8,Regular,Declining,2.8,0.897,33.45,8.43,44.97,93.55,50,75.78,70.56,94.41,75.14,94.19,77.72
STU0134,2024,9,excellent,85.35,19.8,Sometimes,Declining,6.6,0.8974,24.95,8.44,33.51,92.24,51.2,76.91,72.01,94.39,77.74,94.8,78.32
STU0134,2025,10,excellent,83.42,19.8,Sometimes,Improving,1.5,0.8946,24.41,8.41,31.87,93.91,54.84,80.38,74.98,94.87,81.05,95.46,80.5
STU0135,2023,8,moderate,73.5,16.2,Sometimes,Stable,5.5,0.8891,15.47,12.93,40.2,88.11,71.6,75.81,94.11,94.52,97.22,88.43,83.55
STU0135,2024,9,moderate,81.31,16.2,Rare,Improving,7.4,0.8974,14.33,12.72,38.76,91.32,75.77,78.79,95.65,95.66,97.52,91.3,87.68
STU0135,2025,10,moderate,71.5,16.2,Sometimes,Improving,7.3,0.8946,5.63,12.85,35.75,91.6,79.27,82.28,96.32,96.05,97.71,94.21,89.42
STU0136,2023,8,good,71.5,12.9,Regular,Improving,4,0.8805,16.36,8.83,39.57,95.41,78.07,93.34,95.19,89.34,72.45,70.9,97.54
STU0136,2024,9,good,69.7,12.9,Sometimes,Declining,7.4,0.8718,15.89,8.75,39.34,96.24,78.91,94.02,95.61,91.89,74.09,74.27,97.51
STU0136,2025,10,good,74.61,12.9,Sometimes,Improving,5.8,0.8775,15.36,8.82,36.05,96.01,79.2,95.04,96.18,91.37,77.01,77.06,97.61
STU0137,2023,8,good,79.5,16.5,Sometimes,Improving,4.1,0.8291,24.77,12.77,44.34,96.13,80.52,88.02,93.24,78.15,79.17,94.82,68.09
STU0137,2024,9,good,79.29,16.5,Regular,Stable,4,0.8205,17.03,12.77,40.86,96.89,83.9,91.41,94.23,81.32,80.17,95.47,70.2
STU0137,2025,10,good,81.87,16.5,Regular,Declining,2.2,0.8248,16.98,12.8,39.85,96.71,83.26,92.75,93.76,81.39,80.63,94.69,71.43
STU0138,2023,8,irregular,51,8.4,Sometimes,Improving,1.2,0.5894,36.44,14.93,50.13,58.59,83.11,81.52,57.59,66.98,62.36,70.7,52.42
STU0138,2024,9,irregular,55.56,8.4,Sometimes,Stable,6.9,0.5897,35.46,14.85,49.67,59.85,84.9,84.56,59.91,68.33,64.25,76.81,55.27
STU0138,2025,10,irregular,52.85,8.4,Sometimes,Improving,7.8,0.5876,34.66,14.89,49.32,62.38,88.65,86.84,62.68,70.98,65.72,76.52,57.71
STU0139,2023,8,moderate,58,9.4,Regular,Improving,2.5,0.6409,33.18,23.3,50.76,92.59,58.4,77.72,56.46,80.41,74.99,84.54,57.89
STU0139,2024,9,moderate,63.64,9.4,Rare,Stable,2,0.641,33.4,23.38,50.87,89.46,58.15,76.97,56.12,78.68,74.14,81.56,59.14
STU0139,2025,10,moderate,60.1,9.4,Sometimes,Stable,4.3,0.6403,33.71,23.32,51,90.22,57.6,75.63,56.81,78.68,74.01,82.71,56.67
STU0140,2023,8,excellent,81.5,14.8,Rare,Declining,2.1,0.7261,27.45,39.77,52.3,93.51,93.47,64.45,94.79,84.5,67.41,79.83,90.07
STU0140,2024,9,excellent,92.42,14.8,Rare,Stable,4.3,0.7179,19.65,39.82,31.19,94.87,95.54,69.09,95.12,88.92,69.63,83.18,90.37
STU0140,2025,10,excellent,86.01,14.8,Rare,Improving,6.8,0.7194,25.86,39.82,44.33,96.03,94.99,70.61,96.99,89.89,72.95,85.98,92.63
STU0141,2023,8,excellent,88.5,16.1,Regular,Declining,6.8,0.9485,2.05,9.7,18.36,97.29,97.84,97.21,96.02,97.76,98.06,98.22,96.59
STU0141,2024,9,excellent,91.92,16.1,Regular,Declining,6.7,0.9487,2.03,9.7,15.83,97.83,97.36,97.41,97.5,97.84,97.66,97.5,96.94
STU0141,2025,10,excellent,90.16,16.1,Rare,Declining,3.8,0.9473,1.97,9.69,15.28,97.55,98.03,97.54,97.86,98.08,97.76,97.59,97.27
STU0142,2023,8,moderate,59.5,2.8,Sometimes,Improving,5.2,0.4957,68.37,50.34,73.35,63.21,50.11,54.12,47.88,44.78,47.84,55.06,54.5
STU0142,2024,9,moderate,65.15,2.8,Regular,Declining,6.2,0.4872,59.76,50.34,69.48,65.93,54.62,53.71,50.12,44.5,46.56,59.13,58.42
STU0142,2025,10,moderate,63.73,2.8,Rare,Improving,7.6,0.4915,59.59,50.39,69.41,66.67,53.43,56.48,51.49,45.61,46.91,57.2,56.88
STU0143,2023,8,at-risk,30.5,1.7,Sometimes,Improving,6.3,0.3591,100,56.41,89.1,33.35,47.04,23.73,23.07,16.01,12.93,12.88,30.38
STU0143,2024,9,at-risk,28.79,1.7,Regular,Stable,7.4,0.359,100,56.08,89.02,35.87,53.96,28.65,27.76,18.49,14.71,14.46,34.56
STU0143,2025,10,at-risk,36.27,1.7,Regular,Improving,4.1,0.3597,100,56.33,89.08,41.66,56.37,32.74,30.3,20.74,17.82,16.95,38.39
STU0144,2023,8,good,78.5,12.7,Rare,Declining,2.4,0.7182,22.98,15.5,43.93,59.8,73.89,60.38,72.42,87.18,95.52,82.49,69.38
STU0144,2024,9,good,82.83,12.7,Regular,Stable,1.2,0.7179,22.55,15.29,38.28,60.03,73.11,59.84,74.96,88.95,96.03,85.74,71.25
STU0144,2025,10,good,78.24,12.7,Sometimes,Declining,4.7,0.7194,21.91,15.45,41.69,61.73,75.96,63.69,77.09,88.52,96.13,87.29,72.03
STU0145,2023,8,excellent,83.5,18,Regular,Improving,7.7,0.8033,5.1,12.3,26.83,97.66,97.61,93.81,97.78,97.05,97.15,97.86,97.14
STU0145,2024,9,excellent,84.85,18,Regular,Declining,1,0.7949,5.24,12.33,25.72,97.8,97.71,93.38,97.91,97.3,97.83,97.7,97.26
STU0145,2025,10,excellent,88.6,18,Rare,Declining,2,0.7984,5.15,12.26,21.28,97.68,97.79,93.25,97.63,97.28,97.76,97.75,97.7
STU0146,2023,8,excellent,87,14.5,Rare,Stable,1.6,0.8291,16.05,13.47,28.62,94.66,88.83,95.3,85.28,73.25,94.71,96.01,78.2
STU0146,2024,9,excellent,89.9,14.5,Sometimes,Declining,4.8,0.8205,8.21,13.31,20.84,93.36,88.9,95.59,86.66,71.33,94.95,96.11,77.34
STU0146,2025,10,excellent,86.01,14.5,Sometimes,Declining,4.7,0.8248,16.35,13.41,28.95,94.43,87.88,96.9,83.75,70.96,94.46,96.67,76.97
STU0147,2023,8,excellent,79.5,17.4,Rare,Improving,1.5,0.7518,32.02,17.26,42.83,89.28,62.23,83.6,84.54,69.36,56.42,71.5,55.66
STU0147,2024,9,excellent,83.84,17.4,Sometimes,Improving,3,0.7436,32.46,17.3,41.23,88.47,60.93,81.85,83.07,70.4,54.97,71.74,54.95
STU0147,2025,10,excellent,87.05,17.4,Rare,Declining,5.5,0.7457,31.55,17.29,34.74,90.27,62.4,84.85,83.87,70.54,58.15,71.8,58.53
STU0148,2023,8,excellent,92.5,18.7,Rare,Improving,1.9,0.7954,6.11,13.2,13.93,96.66,88.33,96,93.53,93.88,97.54,97.06,95.87
STU0148,2024,9,excellent,85.35,18.7,Sometimes,Stable,5.4,0.7949,5.8,13.28,22.51,96.85,89.61,96.46,95.2,94.65,97.92,97.19,97.06
STU0148,2025,10,excellent,87.05,18.7,Sometimes,Stable,6.6,0.7984,5.7,13.23,19.39,96.34,90.49,96.63,95.03,96.18,97.86,96.82,96.63
STU0149,2023,8,good,79,15,Sometimes,Stable,4.5,0.6409,34.3,20.1,46.47,89.06,62.01,76.07,62.47,78.57,59.5,77.04,59.73
STU0149,2024,9,good,83.33,15,Rare,Stable,2.3,0.641,33.5,20.17,38.92,92.28,64.53,77.56,63.73,80.69,63.31,77.89,60.66
STU0149,2025,10,good,76.17,15,Rare,Stable,6.9,0.6403,32.56,20.14,48.99,93.27,65.1,81.58,67.25,82.67,64.54,80.99,63.39
STU0150,2023,8,moderate,67,8.4,Rare,Improving,1.9,0.6832,43.18,23.56,55.32,67.97,69.79,72.02,42.98,90.1,60.05,69.02,51.92
STU0150,2024,9,moderate,69.19,8.4,Rare,Improving,7.2,0.6923,33.27,23.55,50.86,73.51,75.37,75.71,50.3,93.95,62.98,72.06,56.33
STU0150,2025,10,moderate,59.07,8.4,Regular,Stable,1.8,0.6838,32.06,23.52,50.31,74.59,78.47,81.66,57.28,93.84,66.67,76.59,59.06
STU0151,2023,8,excellent,87,19.4,Regular,Declining,2.8,0.8119,4.8,12.04,21.4,98.35,96.82,97.12,96.69,97.71,97.69,97.92,96.93
STU0151,2024,9,excellent,88.38,19.4,Rare,Stable,5.7,0.8205,4.55,12.01,20.99,97.82,96.95,97.62,97.63,97.56,97.87,98.06,97.19
STU0151,2025,10,excellent,89.64,19.4,Rare,Declining,8,0.8155,4.66,12,18.97,98.15,96.69,98.01,97.45,97.8,97.59,97.92,97.14
STU0152,2023,8,excellent,83.5,11.7,Sometimes,Improving,1.8,0.7696,15.66,13.83,40.5,97.67,89.29,94.43,80.01,93.38,89.26,97.3,96.04
STU0152,2024,9,excellent,85.86,11.7,Sometimes,Declining,3.9,0.7692,7.56,13.94,31.46,97.84,90.32,94.49,81.19,93.88,89.9,96.74,96.75
STU0152,2025,10,excellent,90.67,11.7,Rare,Improving,5.5,0.7721,6.93,13.9,22.95,97.61,93.69,95.52,85.87,95.11,90.87,97.34,97
STU0153,2023,8,good,79.5,8.5,Sometimes,Improving,5.6,0.7518,21.58,13.87,43.18,71.04,83.04,84.9,68.98,72.55,84.76,80.36,75.83
STU0153,2024,9,good,78.28,8.5,Rare,Improving,5.1,0.7436,21.19,13.92,43.02,74.27,84.14,86.72,69.89,75.12,85.29,82.95,77.17
STU0153,2025,10,good,71.5,8.5,Regular,Declining,4.6,0.7457,20.39,13.87,42.64,76.09,85.59,89.2,71.31,78.25,86.99,85.45,78.16
STU0154,2023,8,excellent,87,16.8,Sometimes,Declining,3.4,0.8376,18.68,35.65,34.45,90.76,88.73,80.5,84.14,76.31,79.23,81.43,74.56
STU0154,2024,9,excellent,82.83,16.8,Sometimes,Declining,6.2,0.8462,17.69,35.54,37.55,92.05,88.67,81.22,88.79,77.48,80.8,82.75,77.56
STU0154,2025,10,excellent,87.56,16.8,Sometimes,Stable,1.3,0.8419,17.47,35.57,30.17,93.89,91.47,80.89,88.37,78.1,81.95,84.88,78.37
STU0155,2023,8,good,76.5,7.9,Sometimes,Improving,4.6,0.6409,31.06,39.13,53.76,75.76,79.12,89.89,72.19,79.8,73.07,87.26,66.37
STU0155,2024,9,good,76.26,7.9,Sometimes,Improving,1.8,0.641,22.83,39.05,50.04,79.32,81.52,91.08,74.96,84.25,74.34,90.55,71.17
STU0155,2025,10,good,69.95,7.9,Rare,Stable,2.6,0.6403,20.89,39.08,49.17,84.6,87.97,92.52,81.75,90.32,79.28,93.69,76.38
STU0156,2023,8,good,77.5,16.9,Regular,Improving,5.5,0.7439,16.17,12.7,40.45,97.95,97.21,97.76,90.44,91.5,80.32,93.2,95.39
STU0156,2024,9,good,77.78,16.9,Rare,Stable,5.2,0.7436,7.89,12.7,34.79,97.49,97.5,97.35,90.67,92.56,82.57,94.26,96.85
STU0156,2025,10,good,72.02,16.9,Rare,Improving,5.2,0.7457,7.53,12.68,36.56,98.07,97.28,97.87,92.04,93.01,85.45,94.1,96.23
STU0157,2023,8,excellent,87.5,15.1,Rare,Stable,7.6,0.9228,2.9,10.07,22.65,97.53,95.76,97.46,97.65,97.74,96.69,97.55,92.86
STU0157,2024,9,excellent,89.9,15.1,Regular,Stable,6.1,0.9231,2.81,10.16,17.63,97.65,96.45,97.38,97.69,97.69,96.83,98.08,93.18
STU0157,2025,10,excellent,84.46,15.1,Rare,Declining,2.9,0.9209,2.77,10.14,26.85,97.88,95.83,97.41,97.57,97.71,96.89,97.5,95.58
STU0158,2023,8,good,80,8.9,Sometimes,Stable,3.4,0.573,35.26,17.71,47.9,55.43,74.8,68.64,63.16,92.91,70.41,66.8,66.87
STU0158,2024,9,good,75.76,8.9,Sometimes,Declining,5.8,0.5641,35.66,17.72,50.48,56.78,75.82,68.71,61.72,93.14,68.9,67.64,67.63
STU0158,2025,10,good,72.02,8.9,Sometimes,Stable,1.9,0.5705,35.37,17.78,50.36,57.13,76.18,67.86,63.73,90.82,71.49,66.59,67.44
STU0159,2023,8,excellent,91.5,9.5,Sometimes,Stable,2.9,0.8633,15.75,11.21,17.97,96.42,91.86,75.5,84.96,89.67,77.01,87.28,97.94
STU0159,2024,9,excellent,90.91,9.5,Sometimes,Declining,4.9,0.8718,6.62,11.2,13.99,96.26,94.06,76.55,89.17,92.13,82.75,90.79,97.82
STU0159,2025,10,excellent,90.67,9.5,Regular,Declining,6.9,0.8682,5.87,11.21,16.41,97.55,94.8,82.01,91.38,94.53,84.34,93.23,97.81
STU0160,2023,8,at-risk,28,5.1,Regular,Improving,2.4,0.2818,100,71.53,92.88,27.71,18.82,12.86,31.51,15.98,17.49,21.63,11.6
STU0160,2024,9,at-risk,31.31,5.1,Regular,Improving,4.1,0.2821,100,71.62,92.91,31.15,23.31,12.89,37.43,20.38,22.41,27.46,13.81
STU0160,2025,10,at-risk,27.46,5.1,Regular,Declining,6.5,0.2806,100,71.51,92.88,34.76,25.97,14.43,39.71,20.38,25.94,28.42,16.6
STU0161,2023,8,good,76,11,Sometimes,Improving,7.7,0.4957,68.24,23.85,63.31,63.25,42.4,50.67,48.61,63.88,47.02,50.93,54.47
STU0161,2024,9,good,80.81,11,Regular,Stable,6,0.4872,50.79,23.88,49.05,68.61,45.48,54.91,55.16,67.9,51.73,55.09,55.77
STU0161,2025,10,good,80.83,11,Sometimes,Stable,7.7,0.4915,41.28,23.84,46.56,70.38,50.24,59.02,58.82,72.4,52.19,59.17,60.1
STU0162,2023,8,irregular,43.5,4.6,Sometimes,Improving,6.5,0.3333,100,53.03,88.26,33.83,50.53,41.57,32.77,48.19,57.89,56.64,50.55
STU0162,2024,9,irregular,43.43,4.6,Regular,Stable,6.1,0.3333,96.47,52.76,86.6,38.24,49.48,43.85,35.77,49.6,59.09,55.48,55.31
STU0162,2025,10,irregular,45.08,4.6,Rare,Stable,1,0.3333,71.67,52.95,75.49,39.03,52.74,43.03,36.74,53.35,60.3,60.46,55.02
STU0163,2023,8,moderate,65,8.9,Regular,Declining,4.6,0.8119,17.87,16.61,42.2,94.16,93.16,76.77,86.02,75.73,68.52,96.1,89.76
STU0163,2024,9,moderate,69.19,8.9,Sometimes,Stable,4.1,0.8205,17.68,16.66,42.12,94.03,93.84,80.04,85.83,74.14,70.07,96.23,88.77
STU0163,2025,10,moderate,63.73,8.9,Regular,Stable,4.9,0.8155,24.5,16.63,45.18,93.57,94.42,79.5,85.32,74.67,71.77,95.43,91.65
STU0164,2023,8,excellent,83,12.4,Regular,Stable,7.1,0.8891,4.88,11.86,32.13,93.18,96.88,96.79,97,96.43,77.63,96.42,96.93
STU0164,2024,9,excellent,87.88,12.4,Sometimes,Stable,7.7,0.8974,4.4,11.83,23.68,93.65,96.74,96.92,97.4,97.09,80.08,96.82,97.06
STU0164,2025,10,excellent,84.97,12.4,Regular,Declining,4.1,0.8946,4.29,11.93,26.07,94.84,96.41,97.01,97.47,96.54,83.52,96.99,97.16
STU0165,2023,8,moderate,66.5,5.7,Regular,Improving,3.5,0.5472,48.74,47.03,63.69,54.75,63.92,72.88,72.71,57.98,42.09,58.11,51.66
STU0165,2024,9,moderate,68.18,5.7,Regular,Stable,6.3,0.5385,47.77,47.12,63.27,57.19,68.51,76.65,76.18,58.91,44.67,62.05,54.28
STU0165,2025,10,moderate,72.02,5.7,Rare,Improving,5.1,0.5442,46.38,47.04,62.63,59.66,69.48,79.88,80.35,63.59,47.57,64.65,58.44
STU0166,2023,8,good,84.5,7,Regular,Improving,1.5,0.53,100,44.55,81.89,22.36,46.97,46.35,44.62,47.75,41.49,56.43,40.49
STU0166,2024,9,good,79.8,7,Regular,Declining,6.8,0.5385,92.14,44.55,82.6,27.57,50.35,52.19,47.44,51.29,43.94,59.13,46.38
STU0166,2025,10,good,76.17,7,Rare,Improving,4.6,0.5349,74.59,44.57,74.71,29.35,56.64,54.56,53.47,54.94,46.28,64.79,47.88
STU0167,2023,8,excellent,79,21,Sometimes,Stable,3.9,0.6924,21.5,16.28,40.65,89.26,87.53,86.95,58.63,78.87,84.81,93.3,71.19
STU0167,2024,9,excellent,82.83,21,Rare,Declining,2.4,0.6923,28.3,16.21,41.09,88.14,87.8,88.3,56.64,77.94,87.36,93.48,73.17
STU0167,2025,10,excellent,82.38,21,Sometimes,Improving,2.3,0.693,27.93,16.24,40.13,89.4,89.06,87.3,59.59,82,87.16,94.89,71.22
STU0168,2023,8,moderate,60.5,9.4,Sometimes,Stable,5.3,0.4363,100,30.03,82.51,48.04,46.04,36.47,44.18,57.13,75.51,45.57,26.31
STU0168,2024,9,moderate,60.1,9.4,Sometimes,Improving,2.3,0.4359,100,29.91,82.48,51.89,46.87,39.41,45.87,58,76.67,44.05,26.2
STU0168,2025,10,moderate,69.95,9.4,Rare,Declining,3.8,0.4387,84.62,29.99,73.49,52.74,50.35,40.84,48.96,61.57,76.01,46.95,25.74
STU0169,2023,8,irregular,45.5,9,Regular,Stable,2.2,0.3333,100,47.35,86.84,41.39,56.16,52.83,36.07,19.7,54.93,23.7,53.22
STU0169,2024,9,irregular,48.99,9,Regular,Declining,3.5,0.3333,100,47.6,86.9,45.1,59.09,57.82,41.84,22.5,57.36,27.27,57.04
STU0169,2025,10,irregular,53.37,9,Sometimes,Improving,7.5,0.3333,100,47.52,86.88,49.79,62.3,61.84,44.16,27.3,60.33,28.92,60.34
STU0170,2023,8,irregular,49,5.2,Regular,Declining,5.9,0.3076,100,51.05,87.76,63.09,45.16,21.65,53.75,28.36,44.61,20.08,53.74
STU0170,2024,9,irregular,51.01,5.2,Sometimes,Declining,3.4,0.3077,100,50.76,87.69,64.29,45.51,22.79,54.89,30.37,44.76,19.88,53.19
STU0170,2025,10,irregular,47.15,5.2,Regular,Declining,4.9,0.307,100,50.98,87.75,64.07,45.95,21.91,57.17,33.57,45,20.56,55.02
STU0171,2023,8,excellent,87,18.8,Sometimes,Declining,6.1,0.9743,1.43,9.93,14.86,97.6,97.72,97.71,97.89,97.69,97.45,97.84,97.82
STU0171,2024,9,excellent,85.86,18.8,Sometimes,Stable,5.9,0.9744,1.38,9.84,17.75,98.03,97.92,97.97,97.65,97.86,97.78,97.96,97.59
STU0171,2025,10,excellent,87.56,18.8,Regular,Declining,4.7,0.9736,1.37,9.91,15.6,97.95,97.86,97.92,97.73,97.94,97.58,98.1,98.14
STU0172,2023,8,at-risk,31.5,6.1,Sometimes,Improving,2.3,0.3076,100,62.8,90.7,13.56,11.7,17.97,18.6,12.92,14.79,16.92,12.86
STU0172,2024,9,at-risk,35.35,6.1,Regular,Stable,5.7,0.3077,100,62.74,90.69,15.38,13.49,20.32,21.81,14.57,16.61,17.94,13.45
STU0172,2025,10,at-risk,39.38,6.1,Regular,Improving,3.2,0.307,100,62.68,90.67,18.38,16.2,24.04,25.01,17.66,19.56,23.34,17.17
STU0173,2023,8,moderate,68,7.4,Rare,Declining,2.7,0.6152,55.7,45.13,66.35,63.79,63.89,58.97,62.48,62.43,45.96,63.8,43.71
STU0173,2024,9,moderate,57.07,7.4,Sometimes,Declining,3.9,0.6154,55.08,45.13,66.07,66.49,66.06,61.4,62.03,64.44,49.34,64.82,44.16
STU0173,2025,10,moderate,47.67,7.4,Rare,Stable,2.7,0.614,54.41,45.12,65.76,68.17,68,60.89,65.85,65.93,48.87,66.75,47.48
STU0174,2023,8,good,72.5,16.1,Regular,Declining,2.4,0.6667,36.27,39.03,56.08,52.9,53.17,56.12,88.99,52.83,54.06,79.26,71.43
STU0174,2024,9,good,77.78,16.1,Regular,Stable,2.4,0.6667,35.31,38.96,55.63,51.02,55.61,58.92,90.37,56.89,56.3,81.72,73.03
STU0174,2025,10,good,80.83,16.1,Sometimes,Stable,7.4,0.6667,34.23,38.97,55.14,56.89,56.99,63.82,92.91,59.95,57.91,85.1,75.99
STU0175,2023,8,moderate,65,11.2,Sometimes,Declining,1.8,0.6152,34.31,19.36,50.28,64.76,72.86,65.75,53.29,77.63,65.79,69.18,94.68
STU0175,2024,9,moderate,64.14,11.2,Regular,Improving,3.8,0.6154,33.4,19.37,49.87,69.04,75.23,70.26,56.82,81.05,64.84,72.07,95.82
STU0175,2025,10,moderate,66.32,11.2,Sometimes,Stable,4.8,0.614,32.83,19.34,49.61,68.63,77.25,71.18,57.72,83.68,67.89,72.26,96.23
STU0176,2023,8,moderate,59,15.3,Regular,Declining,7.5,0.6667,33.37,21.16,50.31,87.25,61.94,67.74,89.33,75.52,60.06,66.6,67.29
STU0176,2024,9,moderate,62.12,15.3,Sometimes,Stable,2.9,0.6667,31.96,21.24,49.69,91.32,63.43,71.68,91.6,79.22,64.79,69.15,71.02
STU0176,2025,10,moderate,68.39,15.3,Sometimes,Declining,4.2,0.6667,31.02,21.21,49.26,92.48,66.45,75.74,92.85,84.55,65.17,73.21,72.82
STU0177,2023,8,good,75.5,17,Sometimes,Declining,7.6,0.6667,29.54,16.22,46.79,84.74,93.83,95.92,81.86,81.53,70.92,63.18,80.6
STU0177,2024,9,good,73.74,17,Rare,Improving,7.6,0.6667,21.89,16.31,43.93,84.95,94.28,96.43,82.77,81.93,76.22,64.6,81.26
STU0177,2025,10,good,84.97,17,Regular,Declining,1.1,0.6667,21.08,16.22,32,89.18,94.64,96.34,86.04,85.7,77.96,66.66,82.28
STU0178,2023,8,excellent,83.5,13.3,Rare,Stable,3.8,0.8033,15.02,13.08,30.59,97.07,96.9,90.08,97.57,85.16,82.91,94.05,96.88
STU0178,2024,9,excellent,85.86,13.3,Sometimes,Improving,1.7,0.7949,14.73,13.07,26.37,97.96,97.37,93.36,97.68,86.17,85.33,95.18,97.21
STU0178,2025,10,excellent,83.94,13.3,Rare,Improving,4,0.7984,6.2,13.11,21.14,97.56,97.59,94.08,97.47,89.59,88.9,96.12,97.86
STU0179,2023,8,at-risk,34,2.7,Sometimes,Declining,5.7,0.2818,100,53.32,88.33,30.04,19.39,20.06,26.63,21.16,11.29,11.62,47.81
STU0179,2024,9,at-risk,33.84,2.7,Regular,Improving,1.4,0.2821,100,53.32,88.33,33.83,22.17,21.53,28.81,23.38,11.76,13.14,49.9
STU0179,2025,10,at-risk,33.16,2.7,Sometimes,Improving,3.5,0.2806,100,53.27,88.32,36.47,25.02,25.82,33.7,27.59,12.9,14.5,54.36
STU0180,2023,8,good,76.5,17.4,Sometimes,Stable,3.3,0.9063,4.75,9.07,33.64,95.67,90.86,97.54,91.22,95.74,95.21,94.67,82.25
STU0180,2024,9,good,75.76,17.4,Sometimes,Declining,3.8,0.8974,4.76,8.99,31.98,96.36,91.2,97.11,92.93,96.57,95.29,93.79,83.79
STU0180,2025,10,good,74.61,17.4,Rare,Stable,4,0.9038,4.58,9.03,30.35,95.29,92.58,97.54,93.13,96.14,94.73,94.59,83.84
STU0181,2023,8,excellent,86.5,17.9,Rare,Declining,7.4,0.9743,11.86,10.69,30.64,97.96,89.45,94.4,93.74,96.09,80.26,90.19,97.86
STU0181,2024,9,excellent,83.84,17.9,Sometimes,Stable,2.7,0.9744,3.23,10.7,27.32,97.5,93.13,95.43,94.91,96.65,82.24,92.3,97.78
STU0181,2025,10,excellent,86.53,17.9,Sometimes,Stable,7.6,0.9736,2.94,10.68,23.92,97.81,92.27,97.33,95.4,97.13,84.57,94.27,97.99
STU0182,2023,8,irregular,48,3.4,Rare,Improving,4.5,0.3756,100,55.51,88.88,33.58,25.21,50.58,32.46,33.36,36.45,23.56,23.16
STU0182,2024,9,irregular,48.99,3.4,Rare,Stable,5.6,0.3846,100,55.35,88.84,34.13,24.89,51.77,35.98,36.48,38.4,25.51,23.43
STU0182,2025,10,irregular,49.22,3.4,Sometimes,Improving,7.6,0.3768,100,55.41,88.85,35.76,26.77,54.65,36.07,36.26,39.78,25.6,24.05
STU0183,2023,8,good,69.5,9.1,Regular,Stable,3,0.6409,32.32,38.48,54.16,79.26,72.84,87.69,78.23,60.59,70.67,69.28,83.41
STU0183,2024,9,good,82.32,9.1,Rare,Stable,7.4,0.641,32.38,38.47,45.9,77.92,73,84.81,77.77,61.14,70.18,71.17,82.85
STU0183,2025,10,good,82.38,9.1,Rare,Declining,2.6,0.6403,31.93,38.5,44.79,80.68,73.51,83.99,79.34,61.55,72.78,71.25,85.19
STU0184,2023,8,good,76,13.1,Rare,Stable,3.4,0.8548,6.85,9.52,35.46,92.91,87.12,78.65,95.8,90.53,87.18,94.93,93.42
STU0184,2024,9,good,66.67,13.1,Sometimes,Declining,4.2,0.8462,6.04,9.37,35.06,96.3,91.49,82.64,97.34,92.57,90.26,96.14,95.07
STU0184,2025,10,good,79.79,13.1,Sometimes,Improving,2.3,0.8511,5.25,9.45,32.37,96.58,92.65,86.27,97.38,95.36,92.87,97.08,96.13
STU0185,2023,8,good,66.5,14.2,Sometimes,Declining,1,0.7604,18.95,13.61,41.93,83.22,96.57,91.23,93.44,82,67.3,75.31,94.92
STU0185,2024,9,good,77.78,14.2,Sometimes,Improving,3.9,0.7692,17.91,13.46,41.42,85.67,97,94.68,93.25,84.68,71.09,79.53,95.57
STU0185,2025,10,good,81.35,14.2,Rare,Stable,2.6,0.7628,16.97,13.57,41.03,89.23,97.32,96.38,96.44,88.99,74.82,81.8,96.48
STU0186,2023,8,excellent,89.5,15.2,Regular,Improving,2.7,0.8033,19.19,16.93,23.17,87.01,91.44,68.95,84.69,79.47,86.46,66.82,91.76
STU0186,2024,9,excellent,86.87,15.2,Rare,Stable,3.9,0.7949,18.85,16.89,25.36,86.96,92.42,70.13,86.13,79.58,88.09,69.91,93.05
STU0186,2025,10,excellent,83.94,15.2,Rare,Declining,5.9,0.7984,18.26,16.91,26.62,89.75,93.48,72.27,88.61,80.15,88.66,70.46,93.84
STU0187,2023,8,good,71.5,8.8,Rare,Declining,4.7,0.5215,82.12,23.86,72.92,64.16,38.43,55.62,33.51,84.49,44.75,70.38,40.89
STU0187,2024,9,good,72.73,8.8,Rare,Improving,3.7,0.5128,81.52,23.96,72.67,66.49,41.06,56.58,33.96,85.39,48.38,72.2,44.03
STU0187,2025,10,good,74.09,8.8,Sometimes,Declining,6.4,0.5178,73.74,23.88,69.15,66.15,41.98,57.67,36.12,87.91,48.86,75.36,47.29
STU0188,2023,8,moderate,63.5,7,Sometimes,Declining,5.4,0.5637,100,43.11,85.78,36.17,34.71,49.29,60.18,30.17,41.06,48.7,22.17
STU0188,2024,9,moderate,64.14,7,Rare,Improving,7.1,0.5641,100,43.12,85.78,36.18,35.58,50,66.16,33.42,43.54,51.05,23.5
STU0188,2025,10,moderate,56.48,7,Regular,Stable,4.6,0.5613,100,43.09,85.77,41.17,37.86,51.86,67.66,34.27,46.31,52.93,29.15
STU0189,2023,8,good,80,9.3,Sometimes,Declining,1.5,0.7439,40,15.39,51.85,64.48,41.12,71.96,76.59,84.76,84.05,70.97,64.87
STU0189,2024,9,good,78.28,9.3,Sometimes,Stable,2.5,0.7436,38.98,15.5,51.41,69.46,45.82,75.1,79.59,86.75,85.09,72.52,69.79
STU0189,2025,10,good,73.06,9.3,Rare,Declining,1.5,0.7457,37.5,15.47,50.74,72.79,49.65,79.95,82.63,88.42,87.19,76.08,72.71
STU0190,2023,8,at-risk,34,3.8,Sometimes,Declining,7.6,0.3591,100,57.14,89.29,40.89,14,23.37,38.98,31.51,32.52,37.56,54.62
STU0190,2024,9,at-risk,33.33,3.8,Sometimes,Improving,1.5,0.359,100,57.15,89.29,42.13,17,25.83,42.29,35.4,36.61,40.88,58.22
STU0190,2025,10,at-risk,37.82,3.8,Rare,Improving,6.9,0.3597,100,57.06,89.27,48.25,19.26,31.53,44.61,39.4,40.47,43.41,63.33
STU0191,2023,8,excellent,83.5,18.1,Rare,Stable,5.1,0.8033,5.39,12.18,32.34,97.83,96.96,96.27,97.5,94.39,94.23,96.85,97.72
STU0191,2024,9,excellent,84.85,18.1,Regular,Declining,6.3,0.7949,5.55,12.22,24.94,97.5,97.32,96.86,97.46,94.52,94.93,95.66,97.61
STU0191,2025,10,excellent,89.12,18.1,Rare,Improving,2.2,0.7984,5.31,12.16,19.41,97.75,97.43,97.33,97.74,95.65,94.46,97.18,97.71
STU0192,2023,8,good,77,17.5,Rare,Stable,5.2,0.6667,20.16,12.39,37.7,94.95,90.32,69.79,69.58,96.17,87.15,96.95,79.73
STU0192,2024,9,good,70.2,17.5,Regular,Stable,3.9,0.6667,19.68,12.39,41.95,95.27,88.99,74.85,72.13,96.83,87.58,97.16,83.11
STU0192,2025,10,good,72.02,17.5,Regular,Stable,2.7,0.6667,19.19,12.39,39.21,96.22,91.2,76.21,73.88,97.22,87.93,97.69,85.98
STU0193,2023,8,at-risk,23.5,2.9,Sometimes,Stable,4.9,0.2818,100,51.29,87.82,12.11,17.64,13.15,18.25,20.46,12.69,15.51,36.22
STU0193,2024,9,at-risk,24.75,2.9,Rare,Stable,5.6,0.2821,100,50.9,87.73,13.59,22.26,15.77,18.63,21.63,14.81,17.38,41.29
STU0193,2025,10,at-risk,21.76,2.9,Rare,Declining,3.3,0.2806,100,51.15,87.79,14.95,22.94,16.67,22.53,24.24,15.74,19.2,40.31
STU0194,2023,8,excellent,84,25.9,Rare,Improving,1.4,0.7861,6.04,14.76,22.37,96.19,95.54,96.24,97.71,97.61,97.66,86.67,97.59
STU0194,2024,9,excellent,89.39,25.9,Rare,Declining,6.4,0.7949,5.87,14.72,17.55,97.63,97.4,96.14,97.4,97.52,97.7,85.75,97.43
STU0194,2025,10,excellent,82.9,25.9,Regular,Declining,7.2,0.7892,5.69,14.73,23.33,97.63,97.41,96.74,97.58,97.76,97.86,89.47,97.5
STU0195,2023,8,moderate,61.5,5.4,Regular,Improving,7.3,0.5043,58.64,45.86,67.85,73.48,52.89,46.9,36.41,57.45,67.1,52.65,56.67
STU0195,2024,9,moderate,67.17,5.4,Rare,Stable,6.7,0.5128,57.85,45.77,67.47,75.38,56.28,47.58,39.56,59.22,67.49,53.16,56.3
STU0195,2025,10,moderate,71.5,5.4,Rare,Stable,6.2,0.5085,57.17,45.8,67.18,72.93,57.66,49.28,41.79,61.13,70.93,55.02,60.34
STU0196,2023,8,good,76,12.5,Regular,Improving,3.2,0.8291,25.18,15.13,39.05,91.9,80.6,89.06,81.9,92.91,63.57,82.93,90.96
STU0196,2024,9,good,77.78,12.5,Rare,Improving,1.6,0.8205,17.84,15.26,38.11,93.53,81.25,87.92,85.28,92.46,65.29,85.41,93
STU0196,2025,10,good,74.61,12.5,Regular,Improving,5.9,0.8248,17.01,15.2,34.79,94.96,83.38,91.75,84.94,94.67,68.79,85.61,93.32
STU0197,2023,8,good,74,12.2,Rare,Stable,3.9,0.7182,10.9,13.19,38.2,85.66,88.41,76.19,96.49,84.56,83.71,89.65,90.3
STU0197,2024,9,good,76.26,12.2,Regular,Stable,6.3,0.7179,10.03,13.38,37.15,91.22,87.94,79.91,96.69,88.18,85.53,91.26,91.91
STU0197,2025,10,good,73.58,12.2,Regular,Improving,5,0.7194,9.35,13.28,37.53,92.9,91.54,83.04,97.37,88.84,87.19,92.09,93.51
STU0198,2023,8,at-risk,23,6.1,Rare,Stable,4.3,0.2818,100,59.77,89.94,20.65,14.62,25.92,32.85,34.87,40.41,39.66,13.71
STU0198,2024,9,at-risk,19.7,6.1,Regular,Declining,1.4,0.2821,100,59.45,89.86,24.29,15.95,28.11,35.87,37.62,40.84,42.68,14.37
STU0198,2025,10,at-risk,27.98,6.1,Rare,Improving,7.5,0.2806,100,59.71,89.93,25.14,17.31,29.68,37.75,37.84,44.06,43.81,17.01
STU0199,2023,8,moderate,69.5,4.1,Rare,Improving,4.9,0.6667,34.4,40.41,55.58,66.48,66.33,61.18,59.93,79.34,65.12,84.89,58.9
STU0199,2024,9,moderate,65.15,4.1,Sometimes,Improving,1.3,0.6667,32.3,40.41,54.64,70.66,69.87,67.03,65.06,85.27,72.64,89.44,63.09
STU0199,2025,10,moderate,69.43,4.1,Rare,Improving,5.8,0.6667,23.53,40.41,50.69,76.4,77.42,67.08,70,88.94,77.55,92.49,68.44
STU0200,2023,8,excellent,87.5,19.4,Regular,Stable,7.7,0.9743,1.65,8.95,18.21,97.44,97.4,97.86,95.42,97.37,97.89,97.56,96
STU0200,2024,9,excellent,86.36,19.4,Sometimes,Stable,6.8,0.9744,1.5,8.94,21.08,97.71,97.91,97.98,96.35,97.44,97.62,97.86,97.09
STU0200,2025,10,excellent,88.08,19.4,Sometimes,Stable,1.2,0.9736,1.48,8.99,18.02,98.06,97.91,97.77,96.95,97.66,97.84,97.73,96.96
STU0201,2023,8,irregular,55,12.1,Rare,Improving,5.2,0.4785,100,20.75,80.19,16.7,30.58,39.98,27.32,43.51,58.98,44.63,35.64
STU0201,2024,9,irregular,54.04,12.1,Regular,Declining,6.6,0.4872,100,20.64,80.16,19.83,30.33,43.53,28.05,45.48,58.11,47.47,39.42
STU0201,2025,10,irregular,62.18,12.1,Regular,Declining,5.4,0.4822,100,20.71,80.18,21.06,32.75,46.96,30.65,48.81,60.74,47.58,41.1
STU0202,2023,8,excellent,82.5,13.3,Rare,Stable,3.8,0.8548,4.46,12.6,29.53,97.81,94.27,97.45,97.58,92.06,96.12,96.37,97.69
STU0202,2024,9,excellent,85.86,13.3,Regular,Stable,6.5,0.8462,4.45,12.72,27.95,97.65,95.51,97.73,97.6,93.04,96.22,97.42,97.64
STU0202,2025,10,excellent,83.94,13.3,Regular,Declining,1.7,0.8511,4.26,12.68,25.56,98,95.22,97.81,97.69,93.81,97.04,97.47,97.76
STU0203,2023,8,good,75.5,6.4,Regular,Improving,7.8,0.5472,100,61.92,89.92,33.13,35.43,44.65,44.82,34.12,55.01,46.08,44.16
STU0203,2024,9,good,76.77,6.4,Sometimes,Improving,1.1,0.5385,93.51,61.7,83.98,38.82,36.01,50.15,46.04,37.76,60.92,50.46,48.42
STU0203,2025,10,good,81.87,6.4,Rare,Stable,1.4,0.5442,67.68,61.78,65.91,41.57,42.16,55.18,52.33,41.34,63,55.21,52.81
STU0204,2023,8,excellent,87.5,22.5,Regular,Improving,7.1,0.8033,4.81,11,20.14,97.66,97.95,97.92,98.03,97.92,97.73,97.78,97.65
STU0204,2024,9,excellent,90.4,22.5,Rare,Stable,6.6,0.7949,4.98,11.04,13.32,98,97.87,97.78,97.99,97.77,97.88,97.72,97.52
STU0204,2025,10,excellent,83.42,22.5,Sometimes,Improving,1,0.7984,4.94,10.96,22.84,97.46,98.14,98.1,97.75,97.69,97.6,97.7,97.51
STU0205,2023,8,excellent,92,18.9,Sometimes,Declining,1.4,0.9228,2.45,9.12,14.96,98.12,98.11,97.88,97.81,97.93,97.41,97.24,97.67
STU0205,2024,9,excellent,86.87,18.9,Rare,Improving,7.9,0.9231,2.43,9.21,24.15,97.75,97.67,97.83,98.04,97.76,97.73,97.54,97.91
STU0205,2025,10,excellent,80.83,18.9,Rare,Declining,6.9,0.9209,2.48,9.2,33.41,97.83,97.86,97.61,97.84,97.94,97.85,97.47,97.75
STU0206,2023,8,excellent,91.5,18.4,Sometimes,Improving,5.6,0.9743,2.2,8.62,17.53,97.62,96.03,96.57,97.27,96.68,93.06,94.03,96.79
STU0206,2024,9,excellent,89.39,18.4,Regular,Declining,5.9,0.9744,1.97,8.52,19.65,97.88,97.08,97.01,97.88,96.01,93.53,95.69,97.29
STU0206,2025,10,excellent,87.05,18.4,Rare,Stable,7.7,0.9736,1.8,8.6,22.78,98,97.47,97.39,97.51,97.05,94.93,96.18,96.94
STU0207,2023,8,irregular,63.5,1,Regular,Declining,2.6,0.4185,100,47.32,86.83,28.07,28.91,51.1,25.19,21.5,35.89,41.04,29.38
STU0207,2024,9,irregular,54.55,1,Rare,Stable,7,0.4103,100,47.45,86.86,29.3,31.85,54,27.93,22.56,37.51,44.57,34.04
STU0207,2025,10,irregular,58.55,1,Sometimes,Declining,6.8,0.4124,100,47.34,86.84,35.8,33.52,56.92,31.29,26.44,42.15,48.39,37.43
STU0208,2023,8,good,70.5,13.3,Regular,Improving,6.6,0.8713,6.34,11.47,35.72,97.86,90.67,88.56,96.36,88.34,81.35,89.22,96.84
STU0208,2024,9,good,76.26,13.3,Rare,Improving,5.7,0.8718,14.14,11.39,39.21,97.62,92.25,90.74,96.91,88,80.59,89.87,97.15
STU0208,2025,10,good,80.83,13.3,Sometimes,Declining,7.1,0.8682,14.2,11.4,33.06,97.88,89.9,91.46,96.33,90.3,81.13,90.25,97.53
STU0209,2023,8,excellent,89.5,11.6,Rare,Stable,3.5,0.7182,20.42,16.19,27.14,96.69,84.81,73.1,89.48,80.06,82.94,67.01,94.43
STU0209,2024,9,excellent,82.83,11.6,Regular,Improving,7.5,0.7179,19.9,16.06,37.28,97.1,86.48,75.23,89.89,81.22,83.13,70.19,96.96
STU0209,2025,10,excellent,83.94,11.6,Regular,Stable,6.3,0.7194,19.28,16.19,33.2,96.98,89.3,77.6,91.35,82.54,87.65,71.01,95.27
STU0210,2023,8,moderate,65.5,6.7,Sometimes,Stable,3.6,0.5815,100,47.36,86.84,35.31,39.7,63.33,26.63,42.98,27.89,45.67,40.46
STU0210,2024,9,moderate,61.62,6.7,Regular,Declining,2.4,0.5897,100,47.29,86.82,36.6,43.39,66.22,28.08,44.45,31.43,50.02,42.1
STU0210,2025,10,moderate,66.32,6.7,Rare,Improving,6.4,0.5876,100,47.28,86.82,41,46.01,71.41,31.33,48.24,31.9,51.56,46.64
STU0211,2023,8,moderate,68,14.7,Regular,Improving,2.1,0.6152,22.13,21.05,45.22,89.16,77.87,84.43,75.05,88.3,88.34,83.47,84.18
STU0211,2024,9,moderate,66.16,14.7,Rare,Declining,6.4,0.6154,21.28,20.98,44.82,90.76,80.07,85.83,77.32,92.61,90.21,85.38,86.53
STU0211,2025,10,moderate,59.59,14.7,Sometimes,Improving,6.6,0.614,12.57,21,40.9,93.61,82.66,86.63,81.16,91.01,91.38,87.84,88.88
STU0212,2023,8,irregular,50,1,Rare,Declining,4.9,0.2818,100,61.14,90.29,26.76,22.6,17.98,18.66,23.03,29.56,17.84,51.69
STU0212,2024,9,irregular,48.48,1,Rare,Improving,3.2,0.2821,100,61.15,90.29,26.29,22.14,18.42,21.61,22.84,27.75,16.64,52.02
STU0212,2025,10,irregular,49.74,1,Rare,Improving,3,0.2806,100,61.1,90.27,27.99,24.52,19.74,19.25,22.14,30.04,19.3,52.01
STU0213,2023,8,good,75,13.2,Rare,Stable,2.9,0.7439,29.09,15.79,47.04,70.2,65.92,90.56,68.64,75.25,85.81,88.18,70.49
STU0213,2024,9,good,74.75,13.2,Rare,Improving,5.3,0.7436,28.1,15.59,46.54,72.63,66.84,93.22,72.24,78.59,86.55,90.5,76.13
STU0213,2025,10,good,76.17,13.2,Sometimes,Declining,4.2,0.7457,27.28,15.74,46.21,77.7,67.87,94.82,75.49,78.16,89.34,91.06,76.91
STU0214,2023,8,irregular,55,6.3,Sometimes,Improving,2.9,0.3848,100,44.58,86.15,45.28,45.95,37.32,28.51,45.4,46.66,49.99,60.01
STU0214,2024,9,irregular,48.48,6.3,Regular,Stable,6.8,0.3846,100,44.6,86.15,44.57,49.14,39.52,31.52,47.75,48,50.87,62.27
STU0214,2025,10,irregular,53.37,6.3,Regular,Improving,2.7,0.386,70.97,44.51,73.06,50.27,53.12,43.1,35.14,51.15,49.37,55.54,64.65
STU0215,2023,8,moderate,69,8.1,Sometimes,Stable,1,0.5215,45.46,43.3,59.39,62.14,56.5,78.92,59.92,86.82,76.04,74.18,42.78
STU0215,2024,9,moderate,69.7,8.1,Rare,Improving,7.3,0.5128,46.03,42.99,61.46,61.85,55.91,76.19,56.43,88.18,75.34,72.43,44.83
STU0215,2025,10,moderate,63.73,8.1,Sometimes,Improving,5.6,0.5178,45.66,43.12,61.33,61.46,58.33,76.84,57.97,88.23,76.58,75.06,44.25
STU0216,2023,8,good,73.5,14.9,Regular,Declining,3.2,0.9063,4.11,9.65,34.26,95.92,96.89,97.48,97.11,91.19,90.33,97.84,89.39
STU0216,2024,9,good,77.27,14.9,Rare,Stable,4,0.8974,3.94,9.57,34.17,97.16,96.99,97.58,97.42,91.52,93.38,97.54,91.47
STU0216,2025,10,good,77.72,14.9,Sometimes,Stable,5.8,0.9038,3.53,9.64,34,97.44,97.59,97.89,97.72,93.54,93.95,97.92,92.22
STU0217,2023,8,moderate,65,4.3,Rare,Stable,2.2,0.3848,100,55.12,88.78,23.54,28.71,29.83,29.18,43.56,37.33,15.79,22.93
STU0217,2024,9,moderate,67.68,4.3,Regular,Stable,1.7,0.3846,100,54.89,88.72,24.3,29.37,31.37,31.12,45.35,39.88,17.15,22.94
STU0217,2025,10,moderate,70.98,4.3,Rare,Improving,4.9,0.386,100,55.05,88.76,24.96,31.82,33.54,32.83,46.45,40.44,18.92,25.35
STU0218,2023,8,good,74.5,13.1,Rare,Improving,1.5,0.9063,15.38,7.67,38.84,96.32,95.09,92.96,74.59,93.6,79.36,82.07,77.97
STU0218,2024,9,good,81.31,13.1,Regular,Stable,5.9,0.8974,14.25,7.59,29.33,97.15,96.04,95.93,79.9,95.12,84.04,87.09,84.02
STU0218,2025,10,good,82.9,13.1,Rare,Declining,3.1,0.9038,4.99,7.64,24.85,97.41,97.11,96.96,85.91,97.09,88.74,91.45,86.01
STU0219,2023,8,excellent,89.5,13.5,Rare,Declining,1.8,0.8291,26.88,12.16,25.44,76.93,69.61,91.84,67.78,91.29,85.37,85.36,61.46
STU0219,2024,9,excellent,84.34,13.5,Regular,Stable,2.8,0.8205,19.5,12.08,28.58,73.82,72.31,90.76,71.19,91.17,86.07,87.06,63.85
STU0219,2025,10,excellent,88.6,13.5,Rare,Stable,4.3,0.8248,19.11,12.13,23.93,76.99,73.81,92.2,71.72,91.81,86.76,86.17,65.22
STU0220,2023,8,excellent,79,16.1,Sometimes,Declining,2.1,0.897,4.77,13.69,29.78,97.69,96.79,95.68,95.69,97.02,83.96,92.63,90.54
STU0220,2024,9,excellent,78.79,16.1,Rare,Improving,2.3,0.8974,4.46,13.67,29.68,98.06,97.11,96.07,96.13,96.97,85.78,94.52,91.61
STU0220,2025,10,excellent,84.97,16.1,Sometimes,Declining,2.4,0.8946,4.52,13.68,23.01,97.83,97.48,96.47,95.65,97.14,84.92,93.54,92.86
STU0221,2023,8,moderate,75,10.8,Regular,Declining,5.2,0.6409,24.4,22.73,46.66,73.35,69.12,63.2,95.97,73.13,88.61,73.72,76.02
STU0221,2024,9,moderate,74.75,10.8,Sometimes,Declining,5.6,0.641,31.6,22.74,49.9,72.6,67.16,62.62,94.87,72.28,88.17,72.79,76.69
STU0221,2025,10,moderate,69.95,10.8,Regular,Improving,1.8,0.6403,31.76,22.7,49.96,73.57,68.34,60.42,94.84,70.43,87.75,74.77,76.67
STU0222,2023,8,excellent,88.5,23.9,Regular,Stable,2.6,0.9743,1.41,10.28,17.32,97.99,97.7,97.56,97.49,97.81,97.69,97.95,97.92
STU0222,2024,9,excellent,84.34,23.9,Regular,Improving,4.1,0.9744,1.38,10.19,20.86,98.05,97.87,97.88,97.92,97.84,97.81,97.45,97.93
STU0222,2025,10,excellent,83.42,23.9,Sometimes,Stable,3.9,0.9736,1.39,10.26,26.47,97.55,97.83,98.11,97.69,97.86,97.9,97.84,97.86
STU0223,2023,8,excellent,87.5,23.6,Rare,Stable,1.3,0.7439,17.15,16.62,26.2,97.77,81.72,94.69,95.13,96.49,88.58,93.99,76.18
STU0223,2024,9,excellent,82.32,23.6,Regular,Improving,4.5,0.7436,9.02,16.7,26.34,97.26,80.99,94.96,95.39,97.22,88.28,94.21,77.73
STU0223,2025,10,excellent,87.56,23.6,Regular,Improving,7.5,0.7457,17.1,16.67,26.17,97.32,81.47,95.02,94.05,97.06,89.58,93.56,75.75
STU0224,2023,8,excellent,89.5,22.4,Sometimes,Stable,6.3,0.9743,1.57,10.82,17.31,97.72,96.16,96.92,97.8,97.43,97.59,97.72,97.45
STU0224,2024,9,excellent,81.82,22.4,Rare,Stable,2,0.9744,1.42,10.73,27.84,97.77,96.99,97.77,97.85,98.01,97.86,97.53,98.19
STU0224,2025,10,excellent,83.94,22.4,Sometimes,Stable,6.4,0.9736,1.42,10.78,23.81,97.77,97.42,97.52,97.97,97.65,97.84,97.86,97.97
STU0225,2023,8,excellent,81.5,24,Sometimes,Stable,2.9,0.8376,4.13,11.89,32.12,97.68,97.91,98.2,98.04,97.85,97.77,97.54,97.47
STU0225,2024,9,excellent,86.36,24,Regular,Declining,6,0.8462,3.95,11.84,26.5,97.72,97.93,97.45,98.12,98.05,97.92,97.67,97.59
STU0225,2025,10,excellent,88.08,24,Sometimes,Improving,1.9,0.8419,4.02,11.89,20.78,97.48,97.91,98.14,98.04,97.83,97.67,97.93,97.86
STU0226,2023,8,good,73,13.8,Rare,Stable,5.6,0.5043,99.25,45.3,85.99,66.09,66.27,38.37,44.66,56.91,33.61,30.65,66.1
STU0226,2024,9,good,75.76,13.8,Regular,Improving,2.6,0.5128,82.55,45.53,77.92,69.01,70.52,44.44,49.63,61.7,37.39,33.88,69.27
STU0226,2025,10,good,80.31,13.8,Rare,Stable,3.9,0.5085,66.48,45.42,63.41,72.18,72.72,43.81,50.56,66.53,39.62,35.4,70.64
STU0227,2023,8,moderate,71,12.7,Sometimes,Stable,2.1,0.5894,55.92,21.1,60.44,64.86,56.05,83.35,43.23,61.79,37.94,71.93,53.55
STU0227,2024,9,moderate,71.72,12.7,Sometimes,Stable,2.9,0.5897,54.87,21.17,58.42,67.53,60.04,83.59,48.99,65.63,39.55,75.97,56.74
STU0227,2025,10,moderate,62.69,12.7,Rare,Improving,1.3,0.5876,45.67,21.16,55.84,72.92,64.97,85.91,50.97,66.97,40.88,75.79,60.77
STU0228,2023,8,excellent,86,18.2,Regular,Improving,6.5,0.7861,16.52,16.55,28.91,97.09,88.17,90.57,94.7,91.59,88.29,76.5,95.38
STU0228,2024,9,excellent,84.34,18.2,Sometimes,Stable,5,0.7949,16.15,16.52,29.98,97.03,88.83,90.84,95.09,91.1,87.63,77.22,96.61
STU0228,2025,10,excellent,86.53,18.2,Regular,Improving,7.3,0.7892,16.23,16.52,28.66,97.25,88.45,89.96,95.37,91.65,89.25,76.52,96.05
STU0229,2023,8,good,71.5,24.8,Regular,Declining,3.9,0.8376,7.46,9.2,35.66,97.59,94.4,76.56,88.31,86.32,88.47,92.82,88.5
STU0229,2024,9,good,75.76,24.8,Sometimes,Declining,1.7,0.8462,14.4,9.1,38.75,97.81,94.49,80.61,91.65,90.87,91.24,94.25,91.63
STU0229,2025,10,good,73.58,24.8,Rare,Declining,5.6,0.8419,5.84,9.13,34.91,98.18,95.44,83.62,93.78,91.82,94.31,95.48,93.38
STU0230,2023,8,good,77.5,12.6,Rare,Stable,4.9,0.6924,32.01,18.2,48.96,67.84,51.06,81.27,71.44,84.45,76.78,78.84,70.71
STU0230,2024,9,good,77.78,12.6,Rare,Stable,2.1,0.6923,30.71,18.13,47.32,71.59,54.09,83.61,76.15,85.77,80.18,81.99,74.71
STU0230,2025,10,good,82.9,12.6,Sometimes,Declining,6.8,0.693,29.71,18.13,41.29,76.43,58.07,83,79.32,87.93,82.98,82.75,77.85
STU0231,2023,8,excellent,83,14.4,Sometimes,Improving,7.8,0.9743,1.88,7.64,18.93,97.27,97.69,97.67,96.73,97.63,96.71,97.28,91.8
STU0231,2024,9,excellent,84.85,14.4,Rare,Declining,5.7,0.9744,1.64,7.72,20.25,96.98,97.28,97.77,96.99,97.72,97.67,97.7,94.76
STU0231,2025,10,excellent,85.49,14.4,Sometimes,Improving,2.1,0.9736,1.58,7.69,15.58,97.73,97.73,97.74,97.51,97.78,97.29,97.76,95.59
STU0232,2023,8,excellent,79.5,22.3,Sometimes,Declining,1.6,0.8376,5.75,12.6,35.74,96.7,97.02,96.44,92.67,97.73,87.81,97.58,86.28
STU0232,2024,9,excellent,83.33,22.3,Regular,Declining,6.6,0.8462,5.31,12.65,28.85,97.27,97.19,97.49,94.97,98.23,87.98,97.67,88.39
STU0232,2025,10,excellent,84.46,22.3,Regular,Stable,6.4,0.8419,4.95,12.62,25.75,97.46,98.17,97.72,94.28,97.92,91.62,97.75,90.77
STU0233,2023,8,at-risk,25,7.4,Regular,Declining,5.5,0.2818,100,60.8,90.2,29.12,15.88,22.08,19.88,28.4,42.5,22.57,15.47
STU0233,2024,9,at-risk,24.24,7.4,Sometimes,Improving,6.5,0.2821,100,60.89,90.22,32.79,19.16,23.85,21.59,30.37,42.09,24.36,16.16
STU0233,2025,10,at-risk,20.73,7.4,Rare,Improving,7.9,0.2806,100,60.76,90.19,36.13,19.34,25.17,21.4,33.95,45.28,26.23,18.77
STU0234,2023,8,excellent,91.5,17.2,Regular,Stable,5.2,0.8291,33.27,16.1,28.88,80.72,64.84,57.49,70.09,57.54,60.87,51.42,66.45
STU0234,2024,9,excellent,87.88,17.2,Regular,Stable,6.9,0.8205,32.05,16.02,32.67,82.57,69.18,61.35,73.67,61.3,63.22,53.65,73.03
STU0234,2025,10,excellent,82.9,17.2,Sometimes,Stable,1,0.8248,30.92,16.06,35.92,86.76,72.24,63.93,73.68,64.78,65.36,56.57,75.21
STU0235,2023,8,moderate,69,9.9,Rare,Declining,2.6,0.47,51.11,23.81,58.95,52.04,48.89,74.82,55.44,50.8,54.6,61.34,52.72
STU0235,2024,9,moderate,69.7,9.9,Rare,Stable,2.5,0.4615,42.18,23.63,54.89,55.32,51.35,77.48,59.6,52.51,57.04,64.19,55.36
STU0235,2025,10,moderate,65.8,9.9,Rare,Stable,2.3,0.4651,41.07,23.69,54.4,59.27,54.98,77.92,62.03,57.17,58.96,66.86,55.55
STU0236,2023,8,moderate,74,9.2,Rare,Stable,1.1,0.6667,23.05,16.14,44.41,87,82.23,75.4,70.26,73.99,74.2,83.14,84.79
STU0236,2024,9,moderate,72.22,9.2,Sometimes,Improving,4,0.6667,22.44,16.14,44.13,87.29,84.6,77.99,71.01,76.16,77.1,83.83,85.04
STU0236,2025,10,moderate,63.73,9.2,Rare,Declining,6.6,0.6667,21.85,16.14,43.87,88.3,85.83,77.68,73.61,78.53,77.65,84.92,89.26
STU0237,2023,8,good,77,6.8,Sometimes,Stable,6.9,0.6924,22.3,36.31,46.44,77.36,76.35,69.61,67.96,96.79,93.21,80.84,66.98
STU0237,2024,9,good,80.3,6.8,Sometimes,Improving,3.1,0.6923,21.29,36.31,45.29,80.25,79.3,70.73,72.05,97.37,95.21,83.23,69.38
STU0237,2025,10,good,73.58,6.8,Rare,Stable,3.2,0.693,20.49,36.31,48.3,82.75,84.04,73.81,74.14,97.36,95.89,87,72
STU0238,2023,8,excellent,81,13.1,Rare,Improving,2.5,0.9228,15.14,10.65,32.36,91.11,77.25,77.71,58.81,94.81,91.8,96.02,94.81
STU0238,2024,9,excellent,86.36,13.1,Rare,Improving,6.9,0.9231,21.06,10.55,27.58,91.42,81.14,83.04,63.92,94.97,93.96,96.86,96.02
STU0238,2025,10,excellent,86.01,13.1,Regular,Stable,6.8,0.9209,20.69,10.62,28.4,93.91,82.54,85.21,65.67,95.83,95.87,96.85,96.3
STU0239,2023,8,excellent,83,17.7,Regular,Declining,3.1,0.8119,5.27,12.46,29.75,97.36,97.77,97.15,95.59,96.37,97.66,97,91.05
STU0239,2024,9,excellent,92.93,17.7,Rare,Improving,1.6,0.8205,4.96,12.54,14.05,97.84,97.85,98.02,96.38,96.62,97.8,97.72,90.66
STU0239,2025,10,excellent,90.16,17.7,Rare,Improving,1.6,0.8155,4.78,12.48,19.94,98.44,98.48,97.63,97.67,97.7,97.84,97.16,93.34
STU0240,2023,8,good,75,10.8,Regular,Declining,2.7,0.7439,22.4,15.08,43.85,72.83,62.33,66.59,72.49,80.81,77.75,87.84,86.89
STU0240,2024,9,good,80.81,10.8,Regular,Declining,7.8,0.7436,28.94,15,45.1,74.41,62.25,68.87,74.86,82.08,80.71,88.43,86.21
STU0240,2025,10,good,76.68,10.8,Regular,Stable,4.2,0.7457,28.35,15.06,46.52,74.81,63.49,71.77,76.87,84.27,81.56,89.67,89.36
STU0241,2023,8,excellent,84,10.6,Rare,Improving,7,0.6409,31.82,16.68,36.25,78.89,70.05,81.54,54.65,85.38,78.88,90.93,62.69
STU0241,2024,9,excellent,85.35,10.6,Rare,Declining,1.8,0.641,31.45,16.75,39.42,80.07,73,82.12,56.38,86.33,79.43,92.92,62.02
STU0241,2025,10,excellent,79.79,10.6,Rare,Improving,6.1,0.6403,31.35,16.7,45.92,78.28,72.65,81.13,57.48,88.8,78.12,92.11,63.3
STU0242,2023,8,moderate,58.5,6.9,Regular,Stable,6.9,0.6152,31.47,42.86,54.88,93.77,92.01,78.26,56.21,72.64,69.96,74.64,88.27
STU0242,2024,9,moderate,58.08,6.9,Regular,Improving,6.4,0.6154,23.81,42.78,51.41,93.96,93.24,80.82,59.26,75.43,70.83,76.6,90.07
STU0242,2025,10,moderate,61.66,6.9,Regular,Stable,3.1,0.614,23.44,42.84,51.26,94.61,93.24,80.74,60.57,75.79,73.25,78.91,91.66
STU0243,2023,8,good,83.5,19.7,Sometimes,Declining,2.8,0.8805,3.56,8.29,31.44,97.61,96.73,94.81,97.83,97.7,97.73,97.47,96.73
STU0243,2024,9,good,78.79,19.7,Sometimes,Improving,5.1,0.8718,3.73,8.41,33.78,97.81,96.54,95.34,97.55,97.23,97.53,97.74,96.89
STU0243,2025,10,good,79.27,19.7,Sometimes,Stable,2.3,0.8775,3.53,8.37,33.68,97.93,96.19,96.44,97.83,97.8,97.98,97.69,96.5
STU0244,2023,8,irregular,48,4,Rare,Declining,4.7,0.462,100,42.38,85.6,43.55,51.85,54.65,46.23,39.12,29.5,19.35,48.42
STU0244,2024,9,irregular,47.98,4,Sometimes,Stable,6.3,0.4615,100,42.64,85.66,45.36,50.97,54.86,50.76,41.84,30.09,21.45,49.32
STU0244,2025,10,irregular,47.15,4,Regular,Improving,1.8,0.4651,100,42.54,85.63,46.63,52.29,56.6,51.92,44.08,33.38,24.85,51.03
STU0245,2023,8,good,79,11.6,Regular,Stable,2.2,0.7439,23.77,14.14,38.44,69.61,73.84,69.48,79.16,79.34,69.95,77.37,67.88
STU0245,2024,9,good,83.33,11.6,Rare,Declining,3.5,0.7436,23.42,14.15,30.17,71.74,77.25,70.92,75.15,81.64,70.62,77.73,68.91
STU0245,2025,10,good,77.2,11.6,Sometimes,Stable,5.6,0.7457,30.83,14.13,43.79,70.16,76.47,70.28,76.36,80.99,68.74,75.91,66.69
STU0246,2023,8,moderate,65,13.9,Rare,Declining,1.9,0.53,49.39,25.07,58.49,74.8,47.12,70.43,60.9,59.44,50.97,50.22,56.65
STU0246,2024,9,moderate,66.16,13.9,Regular,Declining,1.8,0.5385,48.72,25.07,58.19,77.89,47.48,71.18,62.5,60.83,51.6,51.78,57.4
STU0246,2025,10,moderate,62.18,13.9,Sometimes,Stable,5.3,0.5349,48.02,25.02,57.87,79.32,49.91,72.13,66.44,62.84,53.76,53.75,60.18
STU0247,2023,8,good,78,12.5,Regular,Declining,7.1,0.8633,16.92,12.7,40.79,92.66,80.5,78.89,83.8,92.39,86.29,81.22,83.33
STU0247,2024,9,good,85.35,12.5,Sometimes,Declining,5.7,0.8718,15.98,12.76,29.66,93,81.65,83.45,87.69,92.18,87.42,82.67,86.36
STU0247,2025,10,good,80.31,12.5,Regular,Declining,7.1,0.8682,7.15,12.69,33.02,94.6,83.5,86.02,90.1,94.82,89.36,84.41,88.87
STU0248,2023,8,good,77.5,16.3,Rare,Stable,4.3,0.7346,10.31,16.27,38.71,97.34,93.7,78.9,95,80.06,77.1,85.45,95.75
STU0248,2024,9,good,79.29,16.3,Sometimes,Stable,7.4,0.7436,17.81,16.41,42.12,97.54,94.43,81.78,94.12,81.58,75.46,88.01,96.78
STU0248,2025,10,good,70.98,16.3,Sometimes,Improving,5.2,0.7365,17.57,16.42,42.01,97.72,94.65,82.74,95.75,83.63,78.83,88.41,96.91
STU0249,2023,8,moderate,71,12.9,Sometimes,Declining,7.3,0.6244,33.27,23.4,50.82,62.41,69.58,56.23,84.93,83.35,63.44,87.15,76.38
STU0249,2024,9,moderate,69.19,12.9,Regular,Declining,1.6,0.6154,32.49,23.24,50.43,65.7,71.71,59.78,86.99,82.44,65.61,89.82,79.7
STU0249,2025,10,moderate,61.66,12.9,Sometimes,Stable,1.2,0.6232,24.32,23.37,46.79,68.29,73.38,63.65,90.45,87.15,67.29,92.05,81.39
STU0250,2023,8,moderate,72,9.3,Sometimes,Declining,6.3,0.8548,18.11,18.16,42.69,76.89,74.51,79,78.17,95.78,75.43,89.07,86.37
STU0250,2024,9,moderate,69.7,9.3,Rare,Stable,5.1,0.8462,18.33,18.17,42.79,76.83,76.39,78.47,79.75,95.5,74.03,87.35,86.73
STU0250,2025,10,moderate,73.58,9.3,Rare,Improving,5.4,0.8511,17.52,18.2,38.68,77.19,77.89,79.19,81.49,96.29,77.72,89.77,88.12
STU0251,2023,8,at-risk,29,3.7,Regular,Improving,2.2,0.2818,100,60.09,90.02,35.4,29.54,24.59,60.57,23.96,35.92,26.05,39.89
STU0251,2024,9,at-risk,35.35,3.7,Rare,Stable,6.8,0.2821,100,60.38,90.1,35.49,32.13,24.22,58.68,24.34,35.42,27.44,40.42
STU0251,2025,10,at-risk,32.12,3.7,Regular,Declining,3.6,0.2806,100,60.33,90.08,37.69,30.83,25.73,60.5,22.94,38.99,27.47,41.42
STU0252,2023,8,good,76,2.2,Regular,Stable,2.7,0.5894,100,37.06,84.27,52.3,31.72,28.65,33.75,40.36,42.75,60.11,26.9
STU0252,2024,9,good,70.2,2.2,Regular,Stable,7.2,0.5897,100,37.14,84.29,53.71,32.81,32.84,36.86,44.61,45.3,62.62,29.94
STU0252,2025,10,good,75.65,2.2,Regular,Declining,1.2,0.5876,100,37.1,84.28,58.33,35.37,36.97,38.2,42.67,48.26,65.63,32.11
STU0253,2023,8,moderate,61.5,13.9,Regular,Improving,1.3,0.6409,22,41.92,50.38,91.49,87.81,87.92,85.52,88.49,67.03,81.89,80.64
STU0253,2024,9,moderate,62.12,13.9,Regular,Stable,1.3,0.641,28.41,42,53.28,93.1,90.78,88.3,88.86,88.47,67.74,83.62,82.54
STU0253,2025,10,moderate,52.85,13.9,Rare,Stable,2.2,0.6403,27.94,41.94,53.06,94.23,91.97,89.97,87.78,89.33,69.78,83.74,85.06
STU0254,2023,8,moderate,60.5,11.5,Regular,Declining,7.9,0.8119,19.91,17.14,43.24,85.26,84.6,89.7,84.7,65.51,77.9,60.46,95.56
STU0254,2024,9,moderate,61.11,11.5,Sometimes,Improving,1.6,0.8205,18.97,17.3,42.86,87.48,85.8,90.43,87.96,67.63,78.58,62.36,96.44
STU0254,2025,10,moderate,64.77,11.5,Rare,Stable,5.6,0.8155,18.35,17.25,42.57,89.88,87.21,92.84,90.59,70.87,81.29,64.33,96.9
STU0255,2023,8,irregular,45.5,10,Regular,Stable,7.7,0.3498,100,26.82,81.71,49.65,56.07,45.56,28.41,31.57,35.35,59.85,56.09
STU0255,2024,9,irregular,49.49,10,Regular,Stable,2.3,0.359,100,26.64,81.66,53.55,58.09,45.84,31.43,32.48,36.71,62.27,58.62
STU0255,2025,10,irregular,40.93,10,Rare,Stable,6.5,0.3504,100,26.78,81.69,54.03,57.97,46.7,32.29,34.8,37.86,63,59.68
STU0256,2023,8,good,72.5,12.4,Sometimes,Stable,3.3,0.8119,25.74,10.58,44.23,79.96,72.91,59.16,86.86,92.69,95.04,85.65,81.26
STU0256,2024,9,good,76.77,12.4,Regular,Improving,5.4,0.8205,24.7,10.47,43.74,82.3,77.31,62.03,90.5,93.02,95.89,88.77,83.13
STU0256,2025,10,good,75.13,12.4,Regular,Declining,6.1,0.8155,17.39,10.51,40.45,84.86,77.49,64.76,90.29,93.25,96.22,88.8,86.57
STU0257,2023,8,good,76,17.5,Regular,Improving,7.2,0.8455,36.08,11.78,49.18,94.94,68.5,82.92,61.6,76.29,81.5,86.33,49.86
STU0257,2024,9,good,73.23,17.5,Sometimes,Improving,5,0.8462,27.18,11.8,45.18,94.7,71.33,82.76,66.93,80.47,83.92,90.28,52.18
STU0257,2025,10,good,82.38,17.5,Rare,Stable,7.6,0.8419,26.48,11.82,41.07,96,72.61,86.97,68.95,84.47,84.34,89.38,55.26
STU0258,2023,8,good,78.5,19,Regular,Improving,3.5,0.8119,5.22,9.1,32.54,97.47,97.02,98.09,97.82,97.67,97.73,96.57,88.41
STU0258,2024,9,good,78.79,19,Rare,Declining,5,0.8205,4.91,9.04,32.33,97.45,97.32,97.85,97.47,97.46,97.76,96.67,91.74
STU0258,2025,10,good,80.31,19,Regular,Improving,1.5,0.8155,4.9,9.1,31.11,97.9,97.29,97.88,97.83,97.58,97.72,97.54,92.77
STU0259,2023,8,good,84,13.1,Regular,Declining,5.9,0.6924,31.2,18.92,39.23,81.96,86.73,68.03,69.06,75.13,71.03,62,89.2
STU0259,2024,9,good,82.83,13.1,Regular,Declining,4.4,0.6923,30.97,18.92,42.97,82.77,87.56,70.24,71.03,74.75,70.47,60.9,89.73
STU0259,2025,10,good,83.42,13.1,Rare,Stable,3.2,0.693,30.45,18.94,40.82,84.34,89.03,71.46,71.85,79.49,69.51,62.35,89.99
STU0260,2023,8,good,74.5,15.4,Regular,Improving,5.1,0.7261,27.87,14.54,44.03,83.95,74.5,87.78,95.57,80.15,58.74,93.35,85.46
STU0260,2024,9,good,77.78,15.4,Rare,Declining,4.9,0.7179,19.86,14.58,42.58,87.18,79.66,90.23,96.02,85.08,62.81,94.6,88.74
STU0260,2025,10,good,73.06,15.4,Sometimes,Improving,1.2,0.7194,18.93,14.56,42.16,90.84,82.53,93.41,97.15,86.54,65.09,95.79,90.05
STU0261,2023,8,moderate,69,5.1,Rare,Stable,6.7,0.538,92.29,42.88,82.25,48.38,55.33,45.76,67.19,55.81,42,46.01,44.29
STU0261,2024,9,moderate,65.15,5.1,Regular,Stable,2.9,0.5385,75.87,42.88,74.86,50.57,58.52,45.81,66.83,58.59,41.74,45.98,45.37
STU0261,2025,10,moderate,59.59,5.1,Rare,Improving,1.5,0.5349,74.99,42.89,74.47,53.48,59.74,48.04,70.64,60.02,44.43,47.92,48.79
STU0262,2023,8,excellent,84,23.9,Sometimes,Declining,6,0.9743,10.31,8.46,28.12,97.6,97.79,91.53,97.75,91.08,96.35,94.85,97.71
STU0262,2024,9,excellent,84.85,23.9,Rare,Stable,5.7,0.9744,2.23,8.53,25.22,98.02,97.94,93.13,97.79,89.78,96.69,94.21,97.55
STU0262,2025,10,excellent,82.9,23.9,Regular,Declining,7.2,0.9736,2.25,8.51,25.63,97.74,97.81,93.03,97.58,91.35,96.39,94.26,97.65
STU0263,2023,8,good,84.5,15.4,Sometimes,Declining,7.5,0.9485,4.33,9.46,27.37,93.74,84.48,96.22,81.61,89.51,97.42,93.31,95.06
STU0263,2024,9,good,85.86,15.4,Sometimes,Declining,1.3,0.9487,3.5,9.36,23.98,95.01,88.82,97.25,87.75,92.64,97.82,93.74,95.93
STU0263,2025,10,good,84.97,15.4,Rare,Declining,1.2,0.9473,2.91,9.45,26.63,96.96,91.57,97.82,90.16,95.69,97.74,95.18,96.86
STU0264,2023,8,irregular,43,14.2,Regular,Improving,3.9,0.5558,66.36,29.01,67.11,63.35,53.31,57.9,65.94,46.67,24.97,53.54,58.58
STU0264,2024,9,irregular,40.4,14.2,Sometimes,Improving,3.7,0.5641,65.97,28.94,66.92,61.17,54.89,56.47,69.01,46.05,26.22,54.52,57.34
STU0264,2025,10,irregular,46.11,14.2,Rare,Stable,1.4,0.5613,65.38,28.94,66.65,66.58,55.46,60.39,68.22,45.67,28.74,55.36,60.87
STU0265,2023,8,good,74.5,15.4,Regular,Stable,6.1,0.9063,3.39,6.41,33.13,98.01,97.57,97.14,97.5,97.78,95.71,97.84,88.64
STU0265,2024,9,good,78.79,15.4,Regular,Stable,3.8,0.8974,3.46,6.52,24.74,97.73,97.17,97.51,97.88,97.76,94.66,97.72,92.62
STU0265,2025,10,good,73.58,15.4,Regular,Declining,6.8,0.9038,3.26,6.48,33.09,97.72,97.82,97.75,97.36,97.76,96.25,97.9,91.51
STU0266,2023,8,excellent,79.5,15.6,Sometimes,Improving,2.3,0.9743,2.17,10.12,33.5,97.28,97.87,95.48,95.56,94.15,92.29,97.8,96.95
STU0266,2024,9,excellent,85.86,15.6,Sometimes,Improving,1.8,0.9744,1.84,10.11,25.22,97.8,97.59,95.98,97.03,95.36,94.42,97.76,97.83
STU0266,2025,10,excellent,85.49,15.6,Sometimes,Declining,7,0.9736,1.64,10.14,25.22,97.82,97.84,96.46,97.22,96.49,96.22,97.77,97.97
STU0267,2023,8,excellent,85.5,23.3,Rare,Improving,5.8,0.8633,4.3,9.72,25.41,96.46,95.2,96.25,91.57,97.37,97.64,97.92,94.89
STU0267,2024,9,excellent,85.35,23.3,Sometimes,Improving,1.8,0.8718,4.08,9.87,24.48,96,96.39,96.2,90.78,97.83,97.74,97.61,95.84
STU0267,2025,10,excellent,85.49,23.3,Sometimes,Improving,1.6,0.8682,3.98,9.81,26.19,96.71,96.25,96.38,92.6,97.94,97.8,97.71,96.39
STU0268,2023,8,good,76.5,13.5,Sometimes,Improving,3,0.7518,19.25,11.51,41.54,91.34,68.84,85.25,72.11,90.14,95.34,93.36,72.96
STU0268,2024,9,good,74.24,13.5,Sometimes,Improving,6.2,0.7436,18.96,11.56,41.42,91.44,72.83,85.52,74.79,92.04,95.49,94.99,73.26
STU0268,2025,10,good,86.53,13.5,Regular,Declining,6.9,0.7457,18.25,11.54,29.23,92.22,75.51,88.06,75.71,94.04,94.91,96.06,75.19
STU0269,2023,8,excellent,83,20.9,Rare,Improving,6,0.7518,7.7,13.14,26.52,97.9,97.74,96.9,96.79,92.55,87.42,83.29,97.54
STU0269,2024,9,excellent,89.9,20.9,Regular,Stable,7.5,0.7436,15.75,13.19,21.5,97.75,98.06,97.82,97.39,93.12,87.6,83.56,97.68
STU0269,2025,10,excellent,82.38,20.9,Rare,Improving,3.5,0.7457,7.51,13.18,23.87,97.95,97.73,97.61,97.46,93.58,88.8,85.2,97.81
STU0270,2023,8,moderate,64.5,10,Regular,Improving,1.5,0.6409,33.46,19.14,49.84,52.22,86.61,64.11,63.78,77.69,83.64,74.29,62.41
STU0270,2024,9,moderate,70.2,10,Rare,Declining,5.4,0.641,33.21,19.14,47.59,51.12,85.35,65.46,62.94,78.64,85,76.18,63.37
STU0270,2025,10,moderate,68.91,10,Regular,Stable,1.4,0.6403,32.63,19.15,49.47,56.28,87.25,65.79,65.18,77.47,87,78.14,62.56
STU0271,2023,8,good,76,14.9,Sometimes,Declining,3.8,0.8713,16.45,9.66,38.26,94.93,66.49,95.87,71.59,93.09,90.51,78.79,93.53
STU0271,2024,9,good,76.26,14.9,Rare,Improving,7,0.8718,15.65,9.59,39.44,96.38,68.88,96.02,75.73,95.08,92,81.2,94.74
STU0271,2025,10,good,80.83,14.9,Sometimes,Stable,5.6,0.8682,14.68,9.6,31.03,97.3,73.41,97.11,81.04,95.47,94.7,84.48,96.73
STU0272,2023,8,moderate,66.5,14.8,Rare,Declining,5,0.7861,29.38,17.92,47.7,96.65,69.26,90.13,88.79,64.95,53.33,64.3,88.87
STU0272,2024,9,moderate,69.19,14.8,Sometimes,Stable,7.4,0.7949,28.32,17.77,47.19,97.2,69.4,91.77,90.17,66.85,57.01,66.87,91.02
STU0272,2025,10,moderate,57.51,14.8,Regular,Declining,7.1,0.7892,27.99,17.88,47.07,97.1,70.97,91.16,91.3,70.67,58.5,68.95,90.84
STU0273,2023,8,excellent,89,17.6,Regular,Improving,3.4,0.9743,11.92,8.7,23.35,97.84,96.05,94.23,97.5,93.16,84.79,82.54,93.2
STU0273,2024,9,excellent,84.85,17.6,Sometimes,Stable,1.2,0.9744,3.28,8.78,23.05,97.78,97.26,95.17,97.53,94.54,88.75,84.08,94.29
STU0273,2025,10,excellent,91.71,17.6,Rare,Stable,1.3,0.9736,2.65,8.76,15.92,97.66,97.62,95.37,97.85,97.3,90.72,88.56,95.5
STU0274,2023,8,good,83,17.6,Sometimes,Improving,7.1,0.8033,26.54,14.54,34.45,81.36,81.87,94.96,72.18,88.6,87.9,74.46,67.09
STU0274,2024,9,good,75.76,17.6,Sometimes,Improving,4.4,0.7949,19.03,14.49,42.19,84.23,83.94,95.03,69.96,90.5,91.02,75.4,70.57
STU0274,2025,10,good,80.31,17.6,Regular,Declining,7,0.7984,18.91,14.52,37.88,84.57,83.02,94.01,73.74,91.31,90.62,77.3,68.45
STU0275,2023,8,good,83,10.8,Regular,Stable,2.6,0.6924,22.87,14.22,43.84,86.34,80.75,80.73,90.6,74.8,75.96,76.65,63.6
STU0275,2024,9,good,75.25,10.8,Rare,Improving,7.7,0.6923,21.6,14.08,43.24,89.49,84.89,83.98,93.59,75.73,80.54,79.84,69.16
STU0275,2025,10,good,78.24,10.8,Regular,Stable,4.1,0.693,20.4,14.22,42.74,90.46,86.94,87.66,94.47,81.03,83.36,82.46,72.68
STU0276,2023,8,good,85,18.4,Sometimes,Improving,7.7,0.7261,8.84,9.92,25.81,82.15,94.05,92.77,85.13,94.25,90.72,93.78,96.41
STU0276,2024,9,good,81.82,18.4,Sometimes,Improving,6.9,0.7179,8.77,9.88,30.93,80.96,94.9,93.6,86.36,95.29,91.15,95.2,96.33
STU0276,2025,10,good,73.58,18.4,Rare,Declining,6.3,0.7194,8.42,9.9,36.27,84.92,95.42,94.22,89.18,93.51,92.17,95.27,96.29
STU0277,2023,8,excellent,87,27.2,Rare,Improving,2.7,0.9743,1.94,12.19,21.05,97.85,97.83,96.32,97.68,97.63,94.53,93.86,97.51
STU0277,2024,9,excellent,90.4,27.2,Regular,Declining,6.9,0.9744,1.94,12.2,19.44,97.63,97.85,96.99,98.1,96.97,93.95,94.08,97.77
STU0277,2025,10,excellent,89.64,27.2,Sometimes,Stable,4.5,0.9736,1.77,12.17,19.52,97.74,97.98,97.64,97.63,98,95.15,94.6,97.86
STU0278,2023,8,excellent,89,16.8,Sometimes,Declining,5.9,0.9228,12.7,12.93,22.06,97.46,95.57,91.78,96.28,95.5,90.16,77.94,97.17
STU0278,2024,9,excellent,88.38,16.8,Rare,Stable,3.9,0.9231,4.46,12.93,18.48,97.71,96.75,91.66,97.55,96.63,90.65,78.6,97.07
STU0278,2025,10,excellent,89.12,16.8,Rare,Improving,2.5,0.9209,4.3,12.93,18.25,97.47,97.22,93,97.08,96.29,91.72,79.72,97.26
STU0279,2023,8,excellent,88,17.8,Sometimes,Declining,7.7,0.8291,4.61,12.95,16.83,97.69,96.97,95.57,97.62,97.81,97.5,97.48,95.68
STU0279,2024,9,excellent,89.39,17.8,Rare,Declining,1.8,0.8205,4.64,12.95,14.75,97.19,97.19,96.31,97.9,97.68,97.62,97.82,97.04
STU0279,2025,10,excellent,88.08,17.8,Sometimes,Declining,5.3,0.8248,4.57,12.97,18.6,97.21,97.52,96.81,97.69,97.92,97.72,97.5,96.11
STU0280,2023,8,good,76.5,10.6,Rare,Declining,5.4,0.6409,30.12,15.46,44.86,92.75,82.55,96.04,83.13,66.94,77.01,74.4,75.38
STU0280,2024,9,good,72.73,10.6,Sometimes,Improving,5.4,0.641,22.26,15.54,41.23,94.09,83.43,96.45,84.93,69.44,79.2,78.12,79.64
STU0280,2025,10,good,73.58,10.6,Sometimes,Improving,7.5,0.6403,21.59,15.49,43.43,94.17,87.17,96.85,85.27,73.22,80.85,79.53,79.11
STU0281,2023,8,excellent,88.5,18.1,Rare,Stable,2.7,0.9485,13.88,6.87,19.38,97.71,96.96,93.18,94.36,90.55,76.75,69.52,94.76
STU0281,2024,9,excellent,86.87,18.1,Rare,Improving,5.2,0.9487,19.8,6.87,24.19,97.76,97.59,93.11,96.13,94.57,83.32,76.52,95.45
STU0281,2025,10,excellent,89.64,18.1,Sometimes,Stable,4.3,0.9473,3.81,6.91,14.62,98.04,97.47,95.11,97.57,95.88,86.92,81.36,97.33
STU0282,2023,8,at-risk,30,3.6,Regular,Stable,3.9,0.2818,100,62.33,90.58,36.77,25.84,15.27,37.52,21.37,12,18.95,21.98
STU0282,2024,9,at-risk,25.76,3.6,Rare,Declining,1.6,0.2821,100,62.54,90.64,41.21,28.69,15.84,40.85,24.98,13.18,21.24,23.58
STU0282,2025,10,at-risk,26.42,3.6,Rare,Declining,1.6,0.2806,100,62.51,90.63,43.16,31.66,16.03,44.43,25.97,15.53,24.55,27.89
STU0283,2023,8,good,70.5,13.7,Sometimes,Stable,1.8,0.7182,20.75,15.73,43.27,92.45,77.27,68.53,97.38,83.2,62.26,87.11,95.45
STU0283,2024,9,good,78.79,13.7,Rare,Stable,4.1,0.7179,27.8,15.73,46.44,91.33,79.83,67.23,96.9,83.57,63.43,86.32,95.58
STU0283,2025,10,good,69.43,13.7,Rare,Stable,3.1,0.7194,19.89,15.72,42.88,92.96,81.53,73.11,96.62,86.15,65.38,90.6,96.33
STU0284,2023,8,moderate,65,8.4,Regular,Improving,1,0.5043,49.98,43.89,63.47,70.85,63.01,53.8,56.23,54.94,56.03,62.77,41.35
STU0284,2024,9,moderate,74.24,8.4,Rare,Improving,4.3,0.5128,48.48,43.87,62.78,74.06,69.03,60.02,59.57,58.25,57.66,64.55,44.57
STU0284,2025,10,moderate,68.91,8.4,Rare,Improving,4.1,0.5085,38.95,43.86,58.49,77.43,70.81,63.2,65.59,60.5,62.28,70.76,50.05
STU0285,2023,8,excellent,83,21,Rare,Improving,6.3,0.9663,1.67,9.95,23.91,96.96,97.46,97.37,97.89,97.87,97.62,97.41,97.5
STU0285,2024,9,excellent,80.3,21,Sometimes,Improving,6.5,0.9744,1.42,9.93,26.16,97.9,97.89,97.52,97.75,97.75,97.61,97.52,97.91
STU0285,2025,10,excellent,81.35,21,Sometimes,Declining,6.9,0.9736,1.43,9.99,22.36,97.79,97.99,97.75,97.56,97.53,97.97,97.97,97.27
STU0286,2023,8,good,77.5,17.6,Rare,Improving,3.7,0.9063,13.11,11.46,38.76,95.17,84.58,97.84,92.1,95.01,96.45,96.89,77.39
STU0286,2024,9,good,77.78,17.6,Sometimes,Improving,5.6,0.8974,5.15,11.39,35.17,95.97,86.42,97.68,92.13,94.95,95.96,97.45,78.45
STU0286,2025,10,good,78.24,17.6,Rare,Stable,1.7,0.9038,4.74,11.45,35,96.15,88.79,97.66,93.07,96.12,95.51,97.19,80.44
STU0287,2023,8,excellent,86.5,18.7,Sometimes,Declining,3.1,0.7604,18.3,12.11,24.9,83.93,67.38,95.98,95.94,92.51,80.23,88.36,89.89
STU0287,2024,9,excellent,83.33,18.7,Rare,Improving,1.3,0.7692,17.56,12.09,30.63,82.33,68.42,96.32,96.45,95.5,80.82,92.53,91.63
STU0287,2025,10,excellent,79.27,18.7,Regular,Stable,4.9,0.7628,17.22,12.06,35.82,85.3,69.43,97.01,97.11,96.71,84.68,90.98,93.46
STU0288,2023,8,excellent,84.5,21,Sometimes,Improving,7,0.9743,1.41,8.72,20.47,97.89,98.08,97.66,97.59,97.84,97.52,97.79,97.72
STU0288,2024,9,excellent,83.33,21,Sometimes,Stable,7.3,0.9744,1.39,8.72,23.4,97.99,97.85,97.69,97.61,97.71,97.72,98.07,97.82
STU0288,2025,10,excellent,84.46,21,Regular,Stable,4.9,0.9736,1.38,8.75,20.47,97.7,98.07,97.76,97.96,97.79,97.83,97.85,98.02
STU0289,2023,8,excellent,85,17.8,Rare,Improving,3.5,0.932,3.02,8.8,23.81,97.63,95.61,96.45,95.3,96.41,93.94,97.43,94.77
STU0289,2024,9,excellent,82.32,17.8,Rare,Declining,5.9,0.9231,3,8.73,27.94,97.78,96.22,97.44,96.49,96.79,94.65,97.6,94.83
STU0289,2025,10,excellent,90.67,17.8,Rare,Declining,1.3,0.9302,2.65,8.77,15.24,98,96.89,97.7,97.14,97.33,94.99,97.59,96.02
STU0290,2023,8,excellent,85,18.5,Regular,Stable,6.2,0.7861,6.27,15.63,29.68,97.28,88.42,93.19,96.37,96.33,97.74,97.19,93.2
STU0290,2024,9,excellent,83.33,18.5,Sometimes,Declining,1.6,0.7949,5.61,15.71,27.95,97.51,93.39,95.48,96.3,96.57,97.62,97.43,95.26
STU0290,2025,10,excellent,83.94,18.5,Rare,Improving,6.7,0.7892,5.74,15.69,29.68,97.43,91.98,96.89,96.24,96.89,97.65,97.52,94.95
STU0291,2023,8,excellent,84,24.4,Rare,Stable,6,0.9485,2.75,11.02,24.45,86.87,96.06,97.64,97.03,97.32,96.13,95.9,96.87
STU0291,2024,9,excellent,85.35,24.4,Sometimes,Declining,6,0.9487,2.6,11.11,20.52,87.04,95.98,98.28,98.13,97.77,96.03,96.5,97.05
STU0291,2025,10,excellent,83.94,24.4,Regular,Declining,4.7,0.9473,2.56,11.1,24.4,88.97,96.54,97.98,97.97,97.61,96.44,96.43,97.34
STU0292,2023,8,good,81.5,15.2,Rare,Stable,1.6,0.7439,16.72,15.52,33.29,94.47,86.53,97.11,96.18,89.15,95.81,76.88,96.87
STU0292,2024,9,good,76.77,15.2,Sometimes,Stable,4.9,0.7436,8.44,15.4,37.65,95.62,86.17,95.34,97.15,90.73,96.84,78.24,97.45
STU0292,2025,10,good,77.2,15.2,Sometimes,Stable,6.1,0.7457,7.86,15.48,37.41,96.73,89.81,96.83,97.76,90.77,97,80.35,97.52
STU0293,2023,8,good,75,12.6,Rare,Improving,1.1,0.5987,32.52,20.37,42.98,77.03,69.29,79.38,58.24,77.23,88.88,89.28,64.47
STU0293,2024,9,good,72.22,12.6,Sometimes,Declining,7.8,0.5897,31.65,20.22,46.73,78.52,73.56,82.83,59.9,79.81,90.99,91.36,66.46
STU0293,2025,10,good,69.95,12.6,Sometimes,Improving,1.7,0.5969,24.03,20.34,43.81,81.64,74.97,81.26,61.41,80.96,92.35,93.66,66.41
STU0294,2023,8,moderate,64,20.7,Regular,Improving,5,0.7439,28.67,20.27,47.97,94.72,91.41,80.67,85.55,81.82,61.83,64.69,78.5
STU0294,2024,9,moderate,63.64,20.7,Regular,Declining,1.8,0.7436,21.13,20.27,44.58,94.27,93.3,81.51,87.48,84.57,63.55,67.3,81.53
STU0294,2025,10,moderate,69.95,20.7,Regular,Improving,3.8,0.7457,26.7,20.25,47.08,96.21,94.12,84.32,90.27,88.84,66.44,72.93,85.39
STU0295,2023,8,moderate,65.5,12.9,Sometimes,Declining,5.3,0.7861,27.25,15.23,46.07,80.08,75.19,91.06,84.66,79.2,71.88,85.24,77.59
STU0295,2024,9,moderate,65.15,12.9,Rare,Improving,7.8,0.7949,19.24,15.26,42.47,82.42,77.78,92.66,85.78,83.19,72.39,86.76,80.05
STU0295,2025,10,moderate,69.95,12.9,Sometimes,Improving,5.8,0.7892,18.48,15.26,42.13,83.98,78.25,95.54,89.05,83.67,74.2,90.05,83.52
STU0296,2023,8,moderate,67,3.7,Rare,Declining,7.5,0.7604,33.25,40.92,55.19,67.8,67.14,75.47,64.85,73.32,51.13,61.43,75.06
STU0296,2024,9,moderate,67.68,3.7,Rare,Improving,4.8,0.7692,32.13,40.88,54.68,69.55,71.17,78.01,66.64,77.29,52.92,63.43,77.99
STU0296,2025,10,moderate,68.91,3.7,Sometimes,Improving,4.6,0.7628,30.77,40.87,54.07,75.85,74.82,79.89,70.03,79.04,58.08,68.47,79.62
STU0297,2023,8,excellent,88.5,25,Sometimes,Improving,5.2,0.7861,5.55,14.03,18.32,97.67,97.92,96.94,98.28,96.35,94.16,97.18,97.03
STU0297,2024,9,excellent,85.86,25,Rare,Improving,5.1,0.7949,5.26,14.01,23.24,97.91,97.66,97,97.67,96.86,95.5,97.29,97.63
STU0297,2025,10,excellent,83.42,25,Rare,Declining,6,0.7892,5.33,13.98,23.77,97.75,97.83,97.33,97.59,96.74,95.94,97.48,97.42
STU0298,2023,8,good,81.5,10.5,Regular,Improving,7.4,0.573,63.44,20.91,59.26,57.74,64.44,52.66,40.58,59.12,59.65,84.21,32.6
STU0298,2024,9,good,79.8,10.5,Rare,Improving,5.3,0.5641,63.68,20.9,58.82,58.63,64.95,53.1,40.34,58.26,61.54,82.27,32.91
STU0298,2025,10,good,77.2,10.5,Rare,Improving,2.4,0.5705,63.59,20.89,63.84,58.08,64.93,53.43,40.79,57.35,59.82,83.45,33.15
STU0299,2023,8,good,78.5,12.7,Rare,Declining,4.1,0.5815,71.5,17.3,61.72,48.62,71.3,32.27,54.94,44.64,70.34,57.4,65.12
STU0299,2024,9,good,75.25,12.7,Regular,Declining,5.4,0.5897,55.81,17.28,59.44,51.85,72.88,35.14,58.31,47.16,69.52,59.82,66.59
STU0299,2025,10,good,77.72,12.7,Rare,Declining,4,0.5876,55.48,17.34,52.88,51.79,72.39,35.27,58.8,47.22,71.53,61.58,67.93
STU0300,2023,8,good,68.5,14,Sometimes,Improving,7.5,0.9228,5.16,11.67,35.24,95.67,74.57,96.61,96.13,96.19,91.11,84.42,97.09
STU0300,2024,9,good,80.3,14,Regular,Stable,3.7,0.9231,12.7,11.84,38.01,96.8,78.12,96.98,96.77,97.1,91.3,87.56,96.49
STU0300,2025,10,good,70.47,14,Regular,Stable,3.4,0.9209,4.31,11.73,34.87,97.5,79.43,97.66,96.53,96.79,93.68,89.33,97.09
STU0301,2023,8,irregular,51,4.7,Rare,Improving,4.8,0.3848,100,59.56,89.89,17.47,15.04,31.45,17.6,18.02,35.33,26.87,25.5
STU0301,2024,9,irregular,52.02,4.7,Sometimes,Declining,2.7,0.3846,100,59.57,89.89,17.82,16.11,33.3,18.9,19.83,38.4,28.42,28.73
STU0301,2025,10,irregular,47.15,4.7,Regular,Improving,1.8,0.386,100,59.5,89.88,19.95,17.06,34.78,19.2,23.4,39.84,29.78,29.43
STU0302,2023,8,excellent,88,28.1,Rare,Stable,2.1,0.8891,3.11,9.2,18.82,97.97,97.74,97.72,97.89,97.61,97.61,97.68,98
STU0302,2024,9,excellent,85.86,28.1,Regular,Improving,3.9,0.8974,2.94,9.27,21.91,97.92,97.94,97.66,98.17,97.78,97.63,97.32,97.91
STU0302,2025,10,excellent,84.46,28.1,Regular,Improving,1.3,0.8946,2.98,9.26,24.92,97.9,98.15,97.69,97.96,97.57,98,97.67,97.61
STU0303,2023,8,irregular,56,2.3,Rare,Stable,7,0.3591,100,57.96,89.49,21.11,37.22,30.56,22.74,40.6,50.12,47.81,30.41
STU0303,2024,9,irregular,55.56,2.3,Sometimes,Stable,4.1,0.359,100,58.19,89.55,25.65,40.71,36,26.87,43.17,55.26,53.04,35.77
STU0303,2025,10,irregular,49.22,2.3,Regular,Improving,3.9,0.3597,100,58.11,89.53,30.4,43.59,41.2,32.01,45.1,57.67,53.18,35.97
STU0304,2023,8,good,79.5,13,Rare,Improving,3.2,0.6667,31.02,15.44,40.12,87.2,93.97,62.39,78.43,74.68,61.95,71.78,90.01
STU0304,2024,9,good,83.33,13,Sometimes,Stable,5.3,0.6667,29.98,15.37,38.83,90.51,95.84,67.48,80.13,73.34,66.91,71.7,92.17
STU0304,2025,10,good,77.72,13,Rare,Improving,2.6,0.6667,28.88,15.37,46.72,92.76,97.01,70.49,84.29,79.33,67.52,76.32,93.69
STU0305,2023,8,excellent,88.5,12,Regular,Declining,3.3,0.7182,28.19,14.92,31.43,95.12,62.82,72.75,91.24,94.78,90.86,75.14,69.21
STU0305,2024,9,excellent,87.88,12,Rare,Declining,5.9,0.7179,20.18,15.03,28.88,96.83,69.22,76.07,93.71,96.52,92.29,78.4,72.15
STU0305,2025,10,excellent,88.6,12,Rare,Stable,6.4,0.7194,19.81,15.03,25.87,96.72,68.44,78.6,94.01,96.34,93.79,80.54,70.5
STU0306,2023,8,good,82,19.8,Sometimes,Declining,1.2,0.9743,1.52,8.35,23.65,97.81,96.65,97.39,97.4,97.84,97.36,97.65,97.94
STU0306,2024,9,good,75.76,19.8,Sometimes,Improving,4.3,0.9744,1.47,8.35,32.14,97.77,97.15,97.31,97.46,97.78,97.68,98.01,97.62
STU0306,2025,10,good,84.46,19.8,Regular,Stable,4.4,0.9736,1.46,8.33,21.31,98.08,97.08,98,98.09,97.43,97.6,97.58,97.67
STU0307,2023,8,moderate,57,10.9,Rare,Stable,7.7,0.5815,37.4,23.83,52.79,53.64,72.69,79.49,59.06,75.74,51.44,75.62,52.42
STU0307,2024,9,moderate,59.6,10.9,Regular,Stable,8,0.5897,36.57,23.89,52.43,55.05,75.48,80.26,63.02,79.07,52.66,76.49,53.46
STU0307,2025,10,moderate,60.1,10.9,Rare,Improving,3.5,0.5876,35.87,23.89,52.12,59.29,77.16,79.2,62.83,79.21,54.77,78.71,56.95
STU0308,2023,8,good,74.5,15.3,Regular,Improving,3.1,0.9406,4.61,7.93,34.06,94.8,78.69,97.55,84.08,89.86,95.74,96.31,93.15
STU0308,2024,9,good,75.76,15.3,Sometimes,Stable,5,0.9487,4.11,7.82,33.19,95.92,82.47,97.66,85.58,90.06,95.27,96.62,94.73
STU0308,2025,10,good,75.13,15.3,Regular,Declining,5.8,0.9473,3.6,7.89,33.12,96.47,84.68,97.98,88.32,91.99,96.16,97.22,95.86
STU0309,2023,8,good,80.5,13.3,Rare,Improving,4.8,0.7439,25.01,17.18,41.25,92.68,88.68,87.89,95.74,63.19,81.08,96.36,96.72
STU0309,2024,9,good,77.27,13.3,Sometimes,Declining,1.9,0.7436,16.89,17.18,41.87,94.64,91.23,92.32,97.47,68.76,86.96,97.65,97.6
STU0309,2025,10,good,79.27,13.3,Regular,Stable,1.6,0.7457,16.07,17.18,40.18,95.99,94.48,95.81,97.38,73.46,89.15,97.89,97.2
STU0310,2023,8,excellent,87.5,9,Regular,Declining,3.7,0.9485,13.69,9.19,21.88,91.43,87.57,95.76,95.17,70.07,82.06,91.99,95.38
STU0310,2024,9,excellent,85.35,9,Rare,Declining,3.4,0.9487,12.6,9.2,22.74,93.65,89.54,97.4,96.64,74.84,86.75,94.8,96.73
STU0310,2025,10,excellent,82.9,9,Sometimes,Improving,1.1,0.9473,3.75,9.18,20.17,96.38,93.7,97.53,97.11,79.19,90.49,95.61,97.13
STU0311,2023,8,good,82,15.1,Sometimes,Improving,5,0.8713,17.84,8.94,34.74,97.74,70.46,80.67,88.8,87.02,73.61,78.81,84.58
STU0311,2024,9,good,82.32,15.1,Sometimes,Stable,5.1,0.8718,17.07,8.83,37.9,98.1,75.23,82.53,89.7,88.27,74.5,81.64,86.07
STU0311,2025,10,good,74.61,15.1,Rare,Improving,2.8,0.8682,16.57,8.91,39.68,98.04,75.76,86.06,91.66,90.17,77.19,82.57,88.65
STU0312,2023,8,good,75.5,15.8,Sometimes,Improving,4.6,0.8805,14.19,12.47,33.55,98.03,97.66,96.38,97.08,71.55,84.07,88.45,94.06
STU0312,2024,9,good,73.74,15.8,Regular,Improving,2.2,0.8718,6.1,12.42,35.67,98.09,97.88,97.04,97.5,74.3,85.06,89.5,95.24
STU0312,2025,10,good,80.83,15.8,Rare,Declining,6.8,0.8775,5.43,12.41,24.87,97.6,97.77,96.37,98.14,76.84,87.31,92.44,95.66
STU0313,2023,8,excellent,85.5,18.8,Sometimes,Stable,6,0.9743,1.6,9.38,19.61,97.78,96.89,97.7,96.48,97.1,97.26,97.88,97.27
STU0313,2024,9,excellent,85.86,18.8,Sometimes,Declining,5,0.9744,1.52,9.46,18.62,98.06,97.47,97.78,96.77,97.12,97.43,97.82,97.3
STU0313,2025,10,excellent,87.56,18.8,Regular,Improving,5.3,0.9736,1.49,9.42,16.44,97.63,97.28,97.78,97.81,97.53,97.69,97.69,97.39
STU0314,2023,8,good,77.5,10.7,Sometimes,Stable,6.9,0.6409,33.09,19.39,49.74,69.86,58.65,79.91,67.86,91.45,72.16,77.55,65.2
STU0314,2024,9,good,77.27,10.7,Regular,Improving,5.7,0.641,24.96,19.47,46.1,71.73,61.66,82.83,69.86,94.12,75.59,79.73,66.66
STU0314,2025,10,good,79.27,10.7,Sometimes,Improving,4.8,0.6403,31.18,19.44,48.44,74.89,66.16,84.54,71.86,94.11,77.8,79.3,71.06
STU0315,2023,8,good,81,19.6,Rare,Improving,6.1,0.7776,6.91,10.4,30.4,96.84,87.68,94.74,91.11,93.35,94.01,97.6,95.24
STU0315,2024,9,good,82.32,19.6,Regular,Declining,7.7,0.7692,6.74,10.32,24.62,96.86,90.01,95.25,92.38,94.79,95.02,97.42,95.6
STU0315,2025,10,good,80.83,19.6,Rare,Declining,2.9,0.7721,6.23,10.38,27.42,96.56,91.51,97.2,94.62,95.69,96.69,97.85,95.72
STU0316,2023,8,moderate,65.5,9.4,Rare,Improving,5.5,0.573,43.36,21.21,54.82,94.82,88.62,43.72,75.52,66.95,54.39,72.24,71.51
STU0316,2024,9,moderate,52.53,9.4,Regular,Improving,3.3,0.5641,43.29,21.37,54.82,95.67,87.82,45.96,76.51,68.56,54.6,69.36,74.95
STU0316,2025,10,moderate,62.69,9.4,Sometimes,Declining,7,0.5705,42.86,21.28,54.61,95.4,87.52,47.33,75.17,69.85,58.82,71.84,73.24
STU0317,2023,8,moderate,65,13.3,Rare,Stable,5.6,0.6152,21.45,22.9,45.38,97.24,72.19,91.89,79.83,87.03,86.59,90.33,80.49
STU0317,2024,9,moderate,65.66,13.3,Regular,Improving,5,0.6154,21.15,22.97,45.26,97.17,71.16,91.47,82.22,89.89,88.13,90.71,82.73
STU0317,2025,10,moderate,54.92,13.3,Sometimes,Improving,4.8,0.614,11.8,22.96,41.05,97.71,77.93,94.31,87.54,91.55,90.06,93.05,87.85
STU0318,2023,8,good,79.5,15.4,Sometimes,Declining,3.1,0.897,3.34,7.38,33.35,95.71,97.69,97.69,97.07,96.73,94.42,97.73,97.66
STU0318,2024,9,good,79.8,15.4,Regular,Improving,4.2,0.8974,3.22,7.38,33.29,97.02,97.42,97.35,97.45,97.41,94.84,97.79,97.95
STU0318,2025,10,good,82.9,15.4,Sometimes,Stable,3.1,0.8946,3.09,7.37,28.42,97.21,97.97,97.74,97.78,97.94,96.35,97.94,97.81
STU0319,2023,8,moderate,67,7.7,Rare,Declining,6.8,0.6667,44.55,40.26,60.11,78.06,73.67,49.57,64.45,56.43,68.78,51.82,61.24
STU0319,2024,9,moderate,58.59,7.7,Sometimes,Stable,1.2,0.6667,35.76,40.19,56.14,77.87,74.98,54.96,66.76,58.06,70.74,52.26,65.18
STU0319,2025,10,moderate,63.21,7.7,Sometimes,Improving,4,0.6667,35.06,40.23,55.83,79.87,77.59,56.68,68.18,59.12,74.11,54.72,63.95
STU0320,2023,8,good,80.5,15.4,Sometimes,Declining,7.1,0.7518,17.12,14.47,41.32,95.82,76.01,92.3,78.51,92.71,91.93,97.41,90.86
STU0320,2024,9,good,76.26,15.4,Rare,Declining,7.1,0.7436,9.02,14.38,37.66,95.15,76.81,93.78,82.06,93.84,92.27,96.73,91.94
STU0320,2025,10,good,78.76,15.4,Sometimes,Improving,2.8,0.7457,8.31,14.44,37.35,96.46,80.91,94.77,83.13,95.7,94.5,97.2,90.89
STU0321,2023,8,good,78.5,17.6,Regular,Declining,4.5,0.7696,27.77,34.46,41.83,87.79,67.92,83.55,97.2,79.84,71.37,76.97,81.51
STU0321,2024,9,good,77.78,17.6,Rare,Improving,4.2,0.7692,21.01,34.65,41.68,84.57,66.41,85.11,95.87,77.89,72.14,75.09,80.13
STU0321,2025,10,good,72.54,17.6,Regular,Stable,6.9,0.7721,28.47,34.54,51.45,84.32,65.18,83.11,95.22,77.05,71.06,74.7,79.74
STU0322,2023,8,excellent,85.5,14.6,Regular,Improving,7.2,0.8119,7.63,12.99,25.93,88.35,90.13,86.93,94.56,92.1,80.2,94.58,97.25
STU0322,2024,9,excellent,84.85,14.6,Regular,Improving,6.3,0.8205,7.16,12.98,30.35,90.24,91.06,86.95,95.73,93.03,81.02,94.32,97.45
STU0322,2025,10,excellent,92.23,14.6,Sometimes,Declining,4,0.8155,15.14,13.03,20.7,89.22,90.83,88.38,96.21,94.71,81.43,95.21,96.86
STU0323,2023,8,moderate,64,6.2,Rare,Improving,4.7,0.4442,68.95,46.43,72.64,59.76,41.82,72.97,35.94,71.29,39.3,50.69,60.38
STU0323,2024,9,moderate,66.16,6.2,Rare,Declining,3.5,0.4359,67.7,46.57,72.11,62.22,41.59,75.78,40.23,77.04,43.11,54.18,62.04
STU0323,2025,10,moderate,66.84,6.2,Rare,Declining,5.7,0.4387,66.83,46.48,71.69,65.18,45.8,77.47,43.68,76.86,45.66,56.15,64.41
STU0324,2023,8,moderate,73.5,15,Regular,Improving,4.1,0.7089,32.41,17.89,49.06,88.29,59.24,60.22,71.17,61.94,83.5,59.36,84.64
STU0324,2024,9,moderate,68.69,15,Sometimes,Stable,5,0.7179,31.48,17.87,48.64,89.52,61.19,58.77,75.32,64.36,86.79,60.29,85.29
STU0324,2025,10,moderate,74.61,15,Sometimes,Declining,4.9,0.7101,30.64,17.92,48.27,91.76,64.18,64.12,78.75,66.65,87.83,61.96,87.27
STU0325,2023,8,good,72,8.3,Rare,Declining,4.1,0.6667,30.75,18.42,45.02,65.46,75.85,93.86,80.29,63.67,65.64,87.58,83.28
STU0325,2024,9,good,75.76,8.3,Sometimes,Declining,6.3,0.6667,22.86,18.35,37.96,67.85,79.8,95.47,84.05,65.55,68.62,88.61,87.25
STU0325,2025,10,good,79.79,8.3,Sometimes,Improving,1.1,0.6667,22.34,18.37,35.99,70.22,80.52,95.79,84.62,67.5,69.96,90.22,89.25
STU0326,2023,8,at-risk,38.5,5,Regular,Declining,6.9,0.2818,100,57.33,89.33,24.6,15.38,39.9,42.14,25.01,36.71,24.83,53.95
STU0326,2024,9,at-risk,43.94,5,Sometimes,Stable,3,0.2821,100,56.94,89.24,29.12,19.99,42.35,46.96,27.87,38.78,26.7,58.91
STU0326,2025,10,at-risk,41.97,5,Sometimes,Stable,7.7,0.2806,100,57.2,89.3,32.43,22.84,47.1,51.83,30.67,42.98,32.82,63.62
STU0327,2023,8,excellent,88.5,22.6,Rare,Stable,3.3,0.9485,1.89,7.19,17.66,98.13,97.89,97.84,97.72,98.06,97.8,97.74,97.82
STU0327,2024,9,excellent,82.83,22.6,Rare,Declining,4.5,0.9487,1.87,7.28,25.17,98.12,98.12,97.79,97.79,97.86,97.79,97.97,97.7
STU0327,2025,10,excellent,88.6,22.6,Sometimes,Improving,2.2,0.9473,1.93,7.22,16.77,97.91,97.91,97.75,97.59,98.1,97.55,97.57,98.1
STU0328,2023,8,excellent,86.5,14.2,Regular,Stable,4.4,0.7439,29.69,16.97,34.84,79.14,83.63,68.05,94.93,87.61,67.39,62.23,72.65
STU0328,2024,9,excellent,89.9,14.2,Rare,Improving,2,0.7436,22.06,17.15,28.94,81.37,85.96,68.58,95.34,90.6,70.35,63.41,74.13
STU0328,2025,10,excellent,87.56,14.2,Regular,Stable,5.2,0.7457,21.09,17.1,31.68,83.34,86.35,71.58,96.5,92.61,72.8,68.4,75.69
STU0329,2023,8,irregular,48,7,Sometimes,Stable,7.9,0.47,100,43.4,85.85,56.5,44.31,67.53,48.72,47.17,33.11,34.63,55.14
STU0329,2024,9,irregular,52.53,7,Regular,Improving,6.8,0.4615,86.16,43.51,79.65,56.16,47.58,67.12,51.41,49.82,35.81,36.12,59.33
STU0329,2025,10,irregular,52.85,7,Regular,Stable,1.7,0.4651,76.48,43.46,75.28,60.49,47.8,69.92,51.83,51.53,34.93,38.81,59.24
STU0330,2023,8,moderate,58.5,10.4,Rare,Declining,5.8,0.6667,41.08,22.16,54.03,95.06,76.58,73.48,91.55,49.82,62.73,76.31,54.66
STU0330,2024,9,moderate,67.17,10.4,Sometimes,Improving,1.7,0.6667,32.19,22.29,50.06,95.24,81.41,76.09,92.15,53.43,65.03,77.53,57.56
STU0330,2025,10,moderate,66.32,10.4,Rare,Stable,6.9,0.6667,31.57,22.23,49.77,95.71,81.8,74.6,92.39,55.91,67.2,80.28,61.51
STU0331,2023,8,good,75,13.8,Regular,Improving,5.7,0.5815,47.01,19.29,54.63,67.91,52.08,72.84,44.9,70.37,58.96,63.04,58.78
STU0331,2024,9,good,80.3,13.8,Rare,Improving,5,0.5897,46.51,19.27,51.48,68.68,52.33,74.44,46.18,71.24,60.34,64.65,57.79
STU0331,2025,10,good,77.72,13.8,Sometimes,Improving,1,0.5876,46.05,19.36,50.04,72,52.97,75.3,45.4,73.13,61.27,67.41,59.66
STU0332,2023,8,excellent,87.5,21,Sometimes,Improving,7.2,0.9743,1.73,9.67,18.42,97.49,97,97.42,97.52,97.71,97.56,97.47,93.69
STU0332,2024,9,excellent,87.88,21,Regular,Improving,4,0.9744,1.6,9.75,17.4,97.87,97.5,98.12,98.09,97.99,97.62,97.93,93.54
STU0332,2025,10,excellent,90.16,21,Sometimes,Declining,7.7,0.9736,1.61,9.73,14.22,97.43,97.38,97.43,97.47,97.81,97.8,97.95,95.01
STU0333,2023,8,moderate,65,6,Rare,Declining,2.9,0.6152,79.6,41.58,76.22,80.66,59.81,49.96,48.19,48.66,31.8,61.72,71.33
STU0333,2024,9,moderate,69.7,6,Regular,Declining,6.5,0.6154,62.57,41.79,68.6,84.99,60.16,53.89,50.75,49.3,33.31,64.63,72.99
STU0333,2025,10,moderate,69.43,6,Sometimes,Improving,2.6,0.614,46.37,41.75,61.3,87.33,65.28,56.93,52.34,53.9,36.29,66.57,76.52
STU0334,2023,8,good,73,15.9,Sometimes,Stable,1.1,0.5815,55.33,37.01,64.15,71.45,54.21,70.71,72.11,60.61,37.74,82.7,41.97
STU0334,2024,9,good,77.78,15.9,,,,0.5897,53.46,37.16,62.32,76.92,56.11,70.81,77.39,66.54,41.8,85.01,46.01
STU0334,2025,10,good,73.06,15.9,,,,0.5876,43.76,37.13,58.98,83.46,60.92,77.14,82.22,72.5,42.9,89.24,51.71
STU0335,2023,8,good,75.5,14.5,,,,0.7089,18.77,15.08,42.21,96.71,73.93,82.46,91.19,91.19,89.08,88.44,88.74
STU0335,2024,9,good,69.19,14.5,,,,0.7179,18.51,15.22,42.14,96.45,75.36,83.59,90.77,91.85,87.45,89.46,89.02
STU0335,2025,10,good,75.13,14.5,,,,0.7101,18.7,15.2,42.21,96.61,74,81.63,90.72,91.2,89.54,88.84,91.04
STU0336,2023,8,irregular,57.5,2.7,,,,0.3591,100,48.54,87.14,51.33,22.42,19.88,22,47.24,50.84,40.35,34.84
STU0336,2024,9,irregular,56.06,2.7,,,,0.359,100,48.56,87.14,53.27,21.96,20.87,25.01,48.71,50.8,43.4,36.73
STU0336,2025,10,irregular,55.44,2.7,,,,0.3597,100,48.47,87.12,55.58,24.02,22.85,25.18,49.93,52.41,44.74,36.93
STU0337,2023,8,excellent,92,18,,,,0.9485,4.48,8.61,17.55,97.27,91.3,96.67,93.4,89.9,89.35,87.89,89.16
STU0337,2024,9,excellent,88.38,18,,,,0.9487,4.36,8.61,22.75,97.24,91.46,97.11,92.97,90.93,89.72,87.61,89.8
STU0337,2025,10,excellent,93.26,18,,,,0.9473,3.85,8.58,15.19,97.21,93.38,97.65,92.9,91.84,93.25,89.93,90.66
STU0338,2023,8,excellent,83.5,18.6,,,,0.9743,1.86,10.65,25.86,97.62,97.84,97.5,97.89,94.4,97.83,94.05,96.65
STU0338,2024,9,excellent,83.33,18.6,,,,0.9744,1.8,10.65,23.18,98.1,97.83,96.62,97.81,95.14,97.58,94.66,96.88
STU0338,2025,10,excellent,79.79,18.6,,,,0.9736,1.65,10.64,30.15,97.97,97.99,97.6,97.78,95.9,97.5,95.76,97.46
STU0339,2023,8,good,73,9,,,,0.7776,16.93,15.38,41.46,97.64,96.89,68.76,97.63,87.28,80.6,91.52,92.44
STU0339,2024,9,good,69.7,9,,,,0.7692,16.92,15.37,41.46,97.25,97.56,68.4,97.55,87.21,81.54,92.22,93.92
STU0339,2025,10,good,74.09,9,,,,0.7721,16.29,15.42,41.18,97.68,96.51,72.5,97.58,90.56,85.8,92.78,94.3
STU0340,2023,8,excellent,87,14.5,,,,0.9063,23.92,11.57,28.09,90.19,94.13,64.41,78.47,89.21,77.74,74.72,92.33
STU0340,2024,9,excellent,85.35,14.5,,,,0.8974,16.29,11.68,24.13,91.18,94.79,68.27,79.94,88.81,80.78,77.78,94.62
STU0340,2025,10,excellent,82.38,14.5,,,,0.9038,15.49,11.65,26.18,92.26,96.24,67.56,82.29,92.58,82.75,80.24,95.97
STU0341,2023,8,moderate,62,8.1,,,,0.8376,18.32,18.39,42.84,97.21,91.09,79.96,87.19,72.92,76.72,66.7,91.56
STU0341,2024,9,moderate,64.65,8.1,,,,0.8462,17.12,18.28,42.27,97.73,93.64,82.67,89.71,76.18,80.16,70.49,94.04
STU0341,2025,10,moderate,69.95,8.1,,,,0.8419,16.64,18.31,42.07,97.79,94.07,84.17,93.56,79.26,82.79,73.14,94.95
STU0342,2023,8,irregular,53,10,,,,0.53,92.5,29.21,78.93,54.48,65.38,47.38,43.7,46.95,42.2,45.59,53.1
STU0342,2024,9,irregular,49.49,10,,,,0.5385,83.57,29.18,74.9,57.87,67.24,49.97,45.45,48.94,42.67,47.1,57.02
STU0342,2025,10,irregular,45.6,10,,,,0.5349,66.98,29.29,67.47,61.56,69.16,51.35,47.86,51.82,44.79,48.36,57.58
STU0343,2023,8,good,82,20.7,,,,0.7604,8.19,14.64,37.35,96.02,91.4,93.11,73.99,96.14,94.57,97.63,85.15
STU0343,2024,9,good,82.83,20.7,,,,0.7692,7.78,14.59,37.15,97.27,93.07,94.9,75.45,96.29,94.64,97.73,85.15
STU0343,2025,10,good,77.2,20.7,,,,0.7628,7.64,14.62,37.09,97.14,94.3,95.04,77.71,96.12,94.85,97.48,87.31
STU0344,2023,8,moderate,66.5,5.3,,,,0.4957,100,68.07,92.02,33.05,20.23,17.96,25.98,35.17,38.37,25.81,13.87
STU0344,2024,9,moderate,69.19,5.3,,,,0.4872,100,67.99,92,36.67,22.65,20.22,29.33,38,40.1,28.86,16.59
STU0344,2025,10,moderate,65.28,5.3,,,,0.4915,100,68.1,92.03,40.31,23.87,22.6,30.86,42.08,43.22,33.01,15.96
STU0345,2023,8,excellent,82.5,20.1,,,,0.8376,6.43,11.12,30.05,91.58,97.83,93.49,96.56,93.05,91.46,90.99,82.73
STU0345,2024,9,excellent,84.85,20.1,,,,0.8462,6.33,11.26,25.95,91.6,97.91,91.46,96.69,93.15,92.44,90.51,82.32
STU0345,2025,10,excellent,84.97,20.1,,,,0.8419,6.61,11.22,26.03,90.24,97.91,92.88,96.18,93.66,90.85,90.77,80.93
STU0346,2023,8,at-risk,39.5,4.5,,,,0.2818,100,62.72,90.68,31.57,25.71,12.46,24.95,26.58,22.72,21.84,30.77
STU0346,2024,9,at-risk,36.36,4.5,,,,0.2821,100,62.65,90.66,37.76,29.5,15.14,28.45,32.33,25.56,26.63,32.96
STU0346,2025,10,at-risk,33.16,4.5,,,,0.2806,100,62.62,90.66,41.93,32.66,16.05,34.45,36.03,29.58,28.96,37.41
STU0347,2023,8,irregular,46,1,,,,0.367,100,58.76,89.69,39.06,26.6,16.1,17.63,31.81,26.7,39.61,16.03
STU0347,2024,9,irregular,51.01,1,,,,0.359,100,58.71,89.68,42.63,28.9,15.73,20.86,34.37,30.52,43.65,17.82
STU0347,2025,10,irregular,47.15,1,,,,0.3597,100,58.65,89.66,45.71,31.21,18.02,21.04,39.52,31.41,46.29,18.86
STU0348,2023,8,moderate,63,16.6,,,,0.8713,15.21,16.13,40.88,84.66,76.46,96,92.09,94.42,78.53,95.86,93.04
STU0348,2024,9,moderate,63.13,16.6,,,,0.8718,14.81,16.1,40.69,86.65,78.39,95.9,91.56,95.51,79.14,95.09,94.86
STU0348,2025,10,moderate,64.77,16.6,,,,0.8682,14.72,16.16,40.66,86.38,80.95,96.93,92.44,96.32,79.54,96.26,93.57
STU0349,2023,8,good,79,11.4,,,,0.7089,20.28,16.1,41.86,93.05,95.03,83.91,97.07,78.34,86.03,73.01,68
STU0349,2024,9,good,73.74,11.4,,,,0.7179,19.49,16.06,42.78,94.73,95.17,85.16,96.9,82.03,87.93,75.94,70.23
STU0349,2025,10,good,80.83,11.4,,,,0.7101,18.52,16.08,36.18,95.86,96.76,90.51,97.65,84.49,91.07,78.87,74.16
STU0350,2023,8,good,76.5,16.3,,,,0.7182,28.58,13.06,45.36,88.22,89.47,70.99,97.04,85.87,60.93,65.49,93.32
STU0350,2024,9,good,68.69,16.3,,,,0.7179,21.44,13.06,42.91,89.64,91.25,71.23,96.41,84.27,61.36,64.38,94.66
STU0350,2025,10,good,70.98,16.3,,,,0.7194,21.15,13.04,42.78,90.14,92.25,74.51,97.2,83.99,63.12,66.42,93.89
STU0351,2023,8,moderate,60.5,11.4,,,,0.5558,35,24.14,51.78,62.31,88.2,81.85,83.87,86.57,57.21,51.03,75.23
STU0351,2024,9,moderate,61.11,11.4,,,,0.5641,34.43,24.19,51.54,63.38,88.34,82.05,84.43,88.37,59.54,53.11,74.94
STU0351,2025,10,moderate,58.03,11.4,,,,0.5613,34.51,24.21,51.58,66.59,88.22,81.29,86.45,88.88,58.45,53.59,74.98
STU0352,2023,8,good,80,12.3,,,,0.8376,8.5,10.41,25.93,88.11,92.07,84.33,93.8,86.47,83.25,87.7,80
STU0352,2024,9,good,75.25,12.3,,,,0.8462,7.32,10.56,35.43,90.03,94.18,86.77,95.01,88,86.12,91.46,84.5
STU0352,2025,10,good,73.06,12.3,,,,0.8419,14.92,10.49,36.59,93.06,94.61,89.86,95.24,90.06,86.97,92.55,84.24
STU0353,2023,8,excellent,86.5,13.5,,,,0.8891,5.23,12.24,18.15,94.92,92.63,85.56,96.9,87.38,95.58,89.28,97.49
STU0353,2024,9,excellent,87.37,13.5,,,,0.8974,4.63,12.12,18.57,96.1,92.12,87.5,97.69,89.63,95.44,92.68,97.67
STU0353,2025,10,excellent,85.49,13.5,,,,0.8946,4.29,12.21,18.83,96.48,94.5,89.03,97.85,92.77,96.64,91.8,97.53
STU0354,2023,8,moderate,70.5,9.9,,,,0.5472,56.09,25.85,61.7,69.11,65.68,62.38,70.7,62.32,47.77,45.67,65.56
STU0354,2024,9,moderate,64.14,9.9,,,,0.5385,47.6,25.87,57.89,72.03,66.55,62.75,72.2,62.25,50.83,46.71,67.16
STU0354,2025,10,moderate,66.84,9.9,,,,0.5442,38.67,25.87,53.87,72.5,69.83,64.23,75.73,65.68,52.49,50.91,68.21
STU0355,2023,8,good,79.5,14.1,,,,0.6924,25.62,14.31,44.61,97.68,94.85,93.73,96.25,96.66,64.55,86.33,94.28
STU0355,2024,9,good,73.74,14.1,,,,0.6923,18.13,14.31,41.74,97.73,95.35,94.96,96.34,97.16,65.75,88.62,95.89
STU0355,2025,10,good,79.27,14.1,,,,0.693,17.79,14.31,41.13,97.92,94.87,96.49,97.12,97.34,67.76,89.66,96.51
STU0356,2023,8,moderate,67.5,12.3,,,,0.6924,21.28,20.54,44.71,89.16,73.67,69,86.02,89.89,75.13,87.84,88.97
STU0356,2024,9,moderate,69.19,12.3,,,,0.6923,21.23,20.62,44.71,88.71,74.58,67.89,86.38,89.64,74.6,87.35,90.25
STU0356,2025,10,moderate,77.2,12.3,,,,0.693,21.32,20.55,42.92,88.29,74.4,66.97,87.67,89.57,75.1,87.79,88.02
STU0357,2023,8,good,79.5,20.2,,,,0.9743,1.72,5.29,32.1,97.69,97.45,97.97,97.03,97,96.68,97.72,94.71
STU0357,2024,9,good,79.29,20.2,,,,0.9744,1.5,5.29,32,97.69,97.8,97.94,97.44,97.81,97.24,97.91,96.62
STU0357,2025,10,good,86.01,20.2,,,,0.9736,1.56,5.32,21.17,97.63,97.67,97.55,97.78,97.48,96.77,97.94,96.84
STU0358,2023,8,excellent,86.5,19.8,,,,0.9148,3.17,11.21,24.16,97.58,95.64,97.31,97.86,97.77,96.4,97.29,91.41
STU0358,2024,9,excellent,81.82,19.8,,,,0.9231,2.92,11.29,27.76,97.85,96.62,97.76,97.67,97.45,97.16,97.26,91.04
STU0358,2025,10,excellent,84.97,19.8,,,,0.9209,2.95,11.25,23.5,97.88,96.57,97.42,97.72,97.55,97.05,97.92,91.1
STU0359,2023,8,moderate,73.5,15.1,,,,0.7182,29.74,20.44,48.49,84.8,54.69,79.11,94.88,81.28,85.67,70.27,72.61
STU0359,2024,9,moderate,69.7,15.1,,,,0.7179,29.27,20.4,48.27,83.47,56.88,81.9,95.12,79.59,87.31,72.81,73.6
STU0359,2025,10,moderate,75.13,15.1,,,,0.7194,29.05,20.44,48.18,83.1,58.11,80.72,95.44,82.4,87.35,71.94,74.74
STU0360,2023,8,moderate,62,15.9,,,,0.6924,19.69,16.14,42.9,86.95,75.68,96.35,80.89,94.99,79.33,88.29,89.05
STU0360,2024,9,moderate,60.1,15.9,,,,0.6923,10.3,16.18,38.68,89.84,81.51,96.14,86.94,95.71,85.57,91.19,91.99
STU0360,2025,10,moderate,59.07,15.9,,,,0.693,9.42,16.17,38.28,93.18,86.37,97.4,88.06,97.02,86.94,93.14,94.49
STU0361,2023,8,excellent,88,17,,,,0.9743,3.7,9.81,19.24,97.46,86.99,97.6,97.7,80.88,86.74,95.71,97.23
STU0361,2024,9,excellent,88.89,17,,,,0.9744,3.13,9.89,19.72,98,89.11,97.71,97.64,85.38,88.22,96.33,97.85
STU0361,2025,10,excellent,92.23,17,,,,0.9736,10.8,9.88,17.96,97.62,91.64,97.52,97.94,87.85,89.62,96.3,97.71
STU0362,2023,8,excellent,86.5,23.9,,,,0.9485,3.6,9.85,25.82,96.04,94.84,93.28,91.97,96.31,91.69,93.26,92.12
STU0362,2024,9,excellent,78.79,23.9,,,,0.9487,3.36,9.75,33.95,97.15,94.88,93.38,94.21,96.78,92.29,92.7,93.48
STU0362,2025,10,excellent,86.01,23.9,,,,0.9473,3.35,9.83,25.8,97.44,96.3,92.48,92.72,97.15,92.58,93.74,92.64
STU0363,2023,8,moderate,62.5,16.1,,,,0.8119,27.49,12.85,45.58,87.6,74.73,82.32,83.8,83.37,72.44,63.99,84.1
STU0363,2024,9,moderate,62.63,16.1,,,,0.8205,26.55,12.74,45.13,86.85,78.29,83.79,84.64,87.08,74.45,67.07,85.97
STU0363,2025,10,moderate,64.25,16.1,,,,0.8155,18.54,12.78,41.54,91.67,80.44,88.01,89.6,87.56,77.18,67.95,88.77
STU0364,2023,8,good,73,13.4,,,,0.9148,13.32,8.92,38.23,93.93,86.53,95.42,73.63,97.06,96.35,97.95,80.86
STU0364,2024,9,good,78.28,13.4,,,,0.9231,4.61,9,33.18,95.16,90.98,96.42,77.75,97.66,96.95,97.87,83.21
STU0364,2025,10,good,78.76,13.4,,,,0.9209,4.29,8.97,31.13,96.29,92.02,97.46,80.64,97.44,97.45,98,84.79
STU0365,2023,8,good,79,19.4,,,,0.9228,3.12,6.73,33.09,97.62,90.03,93,97.7,97.52,97.83,97.69,96.8
STU0365,2024,9,good,82.32,19.4,,,,0.9231,2.92,6.83,30.13,97.69,91.32,94.69,98.21,97.83,97.72,97.74,97.13
STU0365,2025,10,good,86.53,19.4,,,,0.9209,2.75,6.79,22.86,97.81,93.59,96.03,97.8,97.7,97.82,98.14,97.75
STU0366,2023,8,irregular,55.5,7.3,,,,0.5215,49.91,38.03,61.97,54.85,62.33,59.72,55.3,42.64,53.07,60.02,64.67
STU0366,2024,9,irregular,54.55,7.3,,,,0.5128,48.12,37.95,61.14,59.87,65.61,65.64,62.59,46.81,58.24,63.64,70.01
STU0366,2025,10,irregular,56.99,7.3,,,,0.5178,46.83,38.04,60.58,63.12,70.35,69.4,65.35,49.9,60.13,66.41,72.68
STU0367,2023,8,good,75.5,7.6,,,,0.8119,30.33,34.95,52.39,67.53,65.29,84.3,80.38,75.47,52.81,71.94,77.05
STU0367,2024,9,good,71.72,7.6,,,,0.8205,30.12,34.92,52.28,68.72,66.77,84.71,80.76,74.64,53.75,70.4,78.43
STU0367,2025,10,good,78.24,7.6,,,,0.8155,29.59,34.9,51.81,70.23,67.71,85.85,79.71,74.87,55.78,73.96,80.65
STU0368,2023,8,irregular,54,6.1,,,,0.6152,64.53,36.56,68.18,57.41,48.37,52.52,44.2,55.87,48.9,65.88,68.27
STU0368,2024,9,irregular,51.01,6.1,,,,0.6154,47.29,36.64,60.44,62.51,50.45,55.87,46.68,56.9,53.5,67.96,72.24
STU0368,2025,10,irregular,53.37,6.1,,,,0.614,38.01,36.58,56.25,67.16,54.78,59.49,51.7,60.54,54.33,70.89,73.6
STU0369,2023,8,good,72,11.1,,,,0.897,14.23,9.49,38.77,95.07,93.18,89.94,83.54,79.62,92.31,92.57,89.74
STU0369,2024,9,good,72.22,11.1,,,,0.8974,13.59,9.49,38.49,94.7,94.7,93.69,86.74,81.48,93.03,93.91,90.68
STU0369,2025,10,good,76.17,11.1,,,,0.8946,12.7,9.48,38.08,96.85,96.12,95.04,89.39,85.11,95.57,95.27,94.06
STU0370,2023,8,moderate,60.5,10.2,,,,0.7439,31.62,19.19,49.03,80.9,73.05,72.2,85.81,61.24,50.03,68.16,90.33
STU0370,2024,9,moderate,67.68,10.2,,,,0.7436,30.3,19.31,48.46,84.67,76.92,77.05,85.24,66.64,52,70.07,91.83
STU0370,2025,10,moderate,65.8,10.2,,,,0.7457,28.99,19.27,47.86,88.75,80.16,80.92,90.02,69.96,56.89,74.71,94.26
STU0371,2023,8,excellent,86,18.3,,,,0.9485,2.3,10.89,27.4,97.78,92.6,97.87,97.29,97.81,97.1,97.06,97.34
STU0371,2024,9,excellent,83.33,18.3,,,,0.9487,2.18,10.97,32.42,98.11,95.09,97.5,97.61,97.41,97.38,96.84,97.42
STU0371,2025,10,excellent,81.35,18.3,,,,0.9473,2.05,10.96,33.67,98,95.93,98.07,97.7,97.87,97.45,97.59,97.71
STU0372,2023,8,moderate,73,7.2,,,,0.5043,100,46.71,86.68,32.52,51.87,37.86,36.04,62.63,29.07,65.19,45.96
STU0372,2024,9,moderate,68.69,7.2,,,,0.5128,99.86,46.69,86.61,37.59,54.82,45.96,37.81,67.23,31.09,70.74,48.67
STU0372,2025,10,moderate,74.09,7.2,,,,0.5085,75.91,46.66,75.83,39.28,57.5,46.95,39.84,70.33,35.73,72.66,51.99
STU0373,2023,8,good,70,11.2,,,,0.7861,7.52,11.36,36.22,96.14,84.09,95.65,85.03,95.31,93.99,90.31,95.65
STU0373,2024,9,good,81.31,11.2,,,,0.7949,6.56,11.43,26.83,96.89,86.98,95.95,89.46,96.76,95.81,92.42,96.19
STU0373,2025,10,good,68.39,11.2,,,,0.7892,6.27,11.43,35.68,97.66,90.54,96.99,90.57,96.69,95.94,94.37,96.46
STU0374,2023,8,moderate,62,11.5,,,,0.5558,37.81,24.89,53.24,63.69,57.91,53.26,56.32,81.34,60.32,70.68,74
STU0374,2024,9,moderate,57.07,11.5,,,,0.5641,36.48,24.95,52.65,68.34,61.61,55.13,59.01,82.98,63.96,75.9,77.05
STU0374,2025,10,moderate,71.5,11.5,,,,0.5613,35.21,24.96,49.67,71.57,64.41,58.5,61.42,86.49,68.65,79.62,78.21
STU0375,2023,8,good,72.5,15,,,,0.7182,38.93,16.57,51.66,72.81,77.65,57.41,74.92,86.2,82.16,91.38,43.77
STU0375,2024,9,good,62.63,15,,,,0.7179,38.81,16.58,51.61,74.61,77.23,56.58,75.68,84.38,83.05,92.1,43.91
STU0375,2025,10,good,77.72,15,,,,0.7194,39.44,16.54,46.36,73.51,76.24,56,72.43,82.27,82.62,90.84,42.95
STU0376,2023,8,good,75.5,8.2,,,,0.7346,31.74,15.32,48.11,95.71,67.15,66.95,87.67,61.15,66.94,72.47,62.95
STU0376,2024,9,good,84.34,8.2,,,,0.7436,29.73,15.27,42.08,96.72,71.69,70.82,90.55,70,72.22,74.34,66.83
STU0376,2025,10,good,77.2,8.2,,,,0.7365,28.86,15.3,46.81,96.56,76.92,77.47,91.94,72.39,73.62,77.86,69.34
STU0377,2023,8,excellent,87,11.5,,,,0.7518,21.57,32.09,33.96,89.62,78.28,64.88,83.54,61.13,81.99,88.03,80.16
STU0377,2024,9,excellent,84.85,11.5,,,,0.7436,21.15,32.13,35.13,90.46,78.88,67.52,83.45,62.14,83.75,89.23,81.15
STU0377,2025,10,excellent,83.94,11.5,,,,0.7457,27.74,32.1,42.78,90.65,78.97,69.08,87.63,62.89,82.42,89.17,83.4
STU0378,2023,8,good,77.5,12.3,,,,0.8455,5.98,9.94,35.18,97.73,93.97,95.78,91.43,86.38,87.88,94.71,95.9
STU0378,2024,9,good,74.24,12.3,,,,0.8462,5.82,9.94,35.1,97.63,94.1,95.68,90.71,86.05,89.68,95.41,97.07
STU0378,2025,10,good,73.06,12.3,,,,0.8419,13.67,9.94,38.64,97.66,94.63,96.88,91.36,88.08,89.73,95.94,97.29
STU0379,2023,8,excellent,90,19.3,,,,0.9743,1.53,10.32,13.47,97.63,97.6,97.71,97.9,97.4,97.11,96.92,97.7
STU0379,2024,9,excellent,87.88,19.3,,,,0.9744,1.46,10.32,14.78,98.1,97.84,97.57,97.96,97.77,97.43,96.95,97.8
STU0379,2025,10,excellent,86.01,19.3,,,,0.9736,1.5,10.31,16.99,97.77,97.44,97.48,97.68,97.64,97.37,97.32,97.93
STU0380,2023,8,irregular,42,10,,,,0.4957,75.12,25.04,70.06,56.68,47.04,69.8,54.34,69.41,31.33,55.83,47.84
STU0380,2024,9,irregular,44.95,10,,,,0.4872,75.58,25.14,70.29,54.12,46.73,66.29,52.45,69.91,32.09,56.64,48.6
STU0380,2025,10,irregular,48.7,10,,,,0.4915,74.66,25.06,69.86,55.26,49.5,70.57,53.84,69.94,32.01,57.2,50
STU0381,2023,8,good,69,12.5,,,,0.6409,23.06,18.02,44.88,95.67,78.87,87.15,89.89,86.29,66.89,81.67,67.44
STU0381,2024,9,good,70.2,12.5,,,,0.641,21.84,17.88,42.16,94.66,83.97,91.78,91.52,89.04,70.71,82.71,69.98
STU0381,2025,10,good,72.54,12.5,,,,0.6403,20.69,17.98,41.17,96.76,88.55,91.45,94.69,92.67,74.55,87.18,73.5
STU0382,2023,8,irregular,42.5,5.3,,,,0.3591,100,58.75,89.69,42.98,12.48,30.25,28.98,42.69,42.97,55,15.91
STU0382,2024,9,irregular,42.93,5.3,,,,0.359,100,58.51,89.63,49.2,14.64,33.18,31.23,48.39,48.21,58.13,17.56
STU0382,2025,10,irregular,46.11,5.3,,,,0.3597,100,58.69,89.67,49.96,16.95,34.79,31.71,51.22,50.69,61.77,20.25
STU0383,2023,8,good,72.5,11.6,,,,0.8548,15.86,11.13,39.92,95.23,95.2,83.8,78.25,88.89,89,95.44,72.9
STU0383,2024,9,good,70.2,11.6,,,,0.8462,16.07,10.98,39.98,95.76,95.87,85.73,78.61,88.17,88.07,93.91,72.92
STU0383,2025,10,good,73.06,11.6,,,,0.8511,15.79,11.07,39.87,94.48,95.76,84.7,78.61,89.18,89.58,94.53,73.57
STU0384,2023,8,excellent,89,20,,,,0.9663,1.52,8.93,17.83,98.09,98,97.95,97.7,97.73,97.98,97.89,97.66
STU0384,2024,9,excellent,87.88,20,,,,0.9744,1.36,9,16.21,98.11,98.05,97.76,98.02,97.97,97.69,97.9,97.64
STU0384,2025,10,excellent,91.71,20,,,,0.9736,1.37,8.98,13.6,97.86,97.71,98.04,98.03,97.87,98.02,97.88,97.78
STU0385,2023,8,irregular,40,5.1,,,,0.3591,100,46.96,86.74,57.26,32.02,42.92,46.21,44.2,49.13,62.16,46.42
STU0385,2024,9,irregular,40.91,5.1,,,,0.359,100,47.04,86.76,60.11,32.85,44.78,49.14,46.94,49.65,64.17,48.05
STU0385,2025,10,irregular,46.11,5.1,,,,0.3597,71.04,46.96,73.71,60.78,35.4,46.77,51.67,48.25,53.92,65.68,50.83
STU0386,2023,8,good,82.5,17.6,,,,0.8633,15.45,13.44,31.99,96.71,97.34,77.73,93.01,89.84,80.26,79.27,96.27
STU0386,2024,9,good,78.28,17.6,,,,0.8718,14.75,13.58,39.79,96.95,97.37,80.95,93.03,91.27,82.02,81.81,97.05
STU0386,2025,10,good,73.58,17.6,,,,0.8682,14.72,13.54,40.01,97.48,97.11,80.76,93.98,90.89,82.65,82.53,96.99
STU0387,2023,8,good,72.5,10.6,,,,0.8376,28.51,13.17,46.12,74.25,66.42,63.05,88.8,75.92,68.5,88.31,69.01
STU0387,2024,9,good,71.72,10.6,,,,0.8462,27.28,13.32,45.6,76.77,69.24,66,90.7,79.94,70.96,89.05,74.28
STU0387,2025,10,good,79.79,10.6,,,,0.8419,19.39,13.27,32.49,82.09,71.43,67.95,92.06,80.43,73.31,91.06,77.64
STU0388,2023,8,good,86,13.1,,,,0.6924,19.9,12.79,33.99,84.45,80.87,97.45,91.36,92.2,89.95,76.02,77.07
STU0388,2024,9,good,79.8,13.1,,,,0.6923,11.21,12.79,38.24,87.73,83.18,97.48,92.2,92.38,92.51,79.61,77.63
STU0388,2025,10,good,76.17,13.1,,,,0.693,18.88,12.79,41.69,87.47,84.51,97.45,94.06,92.04,92.12,80.3,79.66
STU0389,2023,8,good,82,11.8,,,,0.897,5.46,10.21,33.99,86.26,93.32,92.03,96.43,91.85,89.98,89.65,92.92
STU0389,2024,9,good,71.21,11.8,,,,0.8974,5.04,10.38,34.86,89.13,94.2,93.13,96.76,93.53,91.45,90.34,92.48
STU0389,2025,10,good,72.54,11.8,,,,0.8946,4.47,10.28,34.58,89.7,95.89,95.18,96.37,94.67,92.91,93.22,95.13
STU0390,2023,8,good,70,14.8,,,,0.8291,16.63,15.98,41.48,91.07,78.45,73.9,88.74,93.5,95.81,86.75,83.56
STU0390,2024,9,good,78.28,14.8,,,,0.8205,15.91,15.83,41.12,91.69,82.31,76.22,91.89,95.77,95.97,89.77,86.96
STU0390,2025,10,good,76.68,14.8,,,,0.8248,15.38,15.93,40.91,94.66,83,78.23,91.29,95.82,97.23,91.15,89.23
STU0391,2023,8,good,72.5,16.1,,,,0.6924,31.53,40.52,54.32,67.27,65.57,87.37,83.37,63.29,62.59,74.58,90.96
STU0391,2024,9,good,74.75,16.1,,,,0.6923,23.24,40.52,50.59,72.8,70.15,90.06,88.57,64.3,66.23,77.88,93.94
STU0391,2025,10,good,78.76,16.1,,,,0.693,21.62,40.54,46.83,76.36,75.28,92.58,90.77,70.96,69.92,83.13,94.63
STU0392,2023,8,good,73.5,10.7,,,,0.7261,52.1,16.94,57.68,77.02,67.71,35.6,41.11,64.89,67.78,71.02,59.22
STU0392,2024,9,good,78.79,10.7,,,,0.7179,50.82,17.07,57.14,79.67,72.79,37.06,44.64,68.61,71.12,72.87,64.52
STU0392,2025,10,good,71.5,10.7,,,,0.7194,49.42,16.98,56.49,78.97,75.95,43,47.59,71.98,74.68,76.82,67
STU0393,2023,8,good,80.5,16.3,,,,0.8548,6.76,10.81,35.74,90.6,85.54,96.74,91.6,96.96,93.56,89.48,78.01
STU0393,2024,9,good,77.27,16.3,,,,0.8462,6.83,10.86,35.79,93.07,87.45,96.58,91.93,97.89,93.16,88.22,78.75
STU0393,2025,10,good,76.17,16.3,,,,0.8511,6.19,10.86,35.5,93.7,87.79,97.21,93.56,97.44,95.36,90.56,81.85
STU0394,2023,8,good,73.5,12.5,,,,0.8713,5.67,11.5,35.43,97.25,95.87,90.07,94.02,92.92,96.11,86.98,85.56
STU0394,2024,9,good,74.75,12.5,,,,0.8718,5.58,11.52,35.39,96.91,95.9,91.08,93.46,93.24,96.11,86.65,87.4
STU0394,2025,10,good,76.17,12.5,,,,0.8682,5.66,11.52,35.43,96.93,95.85,90.56,94.95,92.37,95.81,87.07,88.09
STU0395,2023,8,moderate,67,10.4,,,,0.5122,47.03,40.29,61.23,61.78,77.74,59.34,65.87,61.62,47.27,83.87,56.2
STU0395,2024,9,moderate,69.7,10.4,,,,0.5128,37.87,40.28,57.11,65.42,81.03,62.83,68.53,64.74,50.36,84.47,60.31
STU0395,2025,10,moderate,63.21,10.4,,,,0.5085,37.14,40.31,56.79,67.45,83.16,65.28,72.63,64.29,50.33,85.87,61.96
STU0396,2023,8,excellent,92,17.7,,,,0.8033,16.09,10.38,23.22,92.05,73.73,93.94,86.65,95.94,93.6,93.65,87.74
STU0396,2024,9,excellent,91.92,17.7,,,,0.7949,15.4,10.31,22.01,93.68,77.18,95.65,90.91,96.44,95.58,94.96,89.46
STU0396,2025,10,excellent,87.05,17.7,,,,0.7984,14.83,10.36,29.98,94.72,79.24,97.11,91.05,97.08,95.89,96.31,92.27
STU0397,2023,8,good,83.5,11.5,,,,0.9228,22.76,8.88,35.73,97.78,97.48,79.45,89.36,84.58,62.94,77.69,94.85
STU0397,2024,9,good,79.8,11.5,,,,0.9231,15.09,8.88,35.75,97.97,97.72,80.15,92.12,86.53,66.09,81.67,95.76
STU0397,2025,10,good,78.76,11.5,,,,0.9209,14.25,8.88,32.89,97.9,97.79,85.39,94.5,90.45,69.69,83.77,96.51
STU0398,2023,8,moderate,63,11.7,,,,0.538,50.07,43.03,63.29,57.4,54.76,60.41,54.58,68.55,50.72,45.17,57.25
STU0398,2024,9,moderate,67.17,11.7,,,,0.5385,49.44,43.03,63.01,57.52,56.66,63.75,57.91,69.14,51.94,44.82,60.17
STU0398,2025,10,moderate,57.51,11.7,,,,0.5349,48.38,43.02,62.53,58.67,59.8,68.55,59.94,71.82,53.29,49.35,61.87
STU0399,2023,8,moderate,65,7.6,,,,0.4785,66.02,49.76,72.15,59.39,47.03,38.65,64.56,76.21,45.53,69.52,66.77
STU0399,2024,9,moderate,65.15,7.6,,,,0.4872,65.95,49.57,72.07,59.62,46.82,40.14,63.16,73.31,45.26,70.63,67.83
STU0399,2025,10,moderate,68.39,7.6,,,,0.4822,66.21,49.64,72.2,60.21,44.61,36.7,65.08,75.15,46.43,68.74,66.4
STU0400,2023,8,good,77.5,21.2,,,,0.7182,19.88,12.87,36.69,96.26,88.28,86.24,96.13,76.19,75.22,71.17,93.42
STU0400,2024,9,good,73.74,21.2,,,,0.7179,19.19,12.87,41.67,97.01,90.44,88.43,97.03,79.19,77.54,74.3,94.64
STU0400,2025,10,good,75.13,21.2,,,,0.7194,18.36,12.86,38.3,97.21,92.06,91.05,97.76,84.48,79.57,75.22,95.52
STU0401,2023,8,excellent,85,17.7,,,,0.8291,4.5,12.47,19.99,98.06,98.34,97.52,96.57,96.76,96.29,97.27,97.8
STU0401,2024,9,excellent,90.91,17.7,,,,0.8205,4.61,12.51,14.31,97.34,97.73,97.63,97.26,96.97,96.94,97.76,98.06
STU0401,2025,10,excellent,87.56,17.7,,,,0.8248,4.43,12.45,15.82,97.87,97.64,97.88,97.75,97.18,97.44,98.01,97.78
STU0402,2023,8,excellent,81,21.2,,,,0.7518,15.86,17.66,37.14,97.59,85.16,90.52,76.42,96.56,97.59,97.63,96.17
STU0402,2024,9,excellent,84.34,21.2,,,,0.7436,15.47,17.78,35.4,97.54,89.59,93.77,81.09,96.46,97.89,97.76,96.79
STU0402,2025,10,excellent,83.42,21.2,,,,0.7457,6.98,17.74,29.96,97.6,91.52,95.95,84.85,97.74,97.81,97.84,97
STU0403,2023,8,moderate,62,10.9,,,,0.5987,33.93,18.29,49.84,86.34,63.9,69.08,69.09,75.62,87.27,71.07,58.17
STU0403,2024,9,moderate,68.69,10.9,,,,0.5897,33.84,18.14,49.76,86.26,65.38,72.97,72.48,74.18,85.58,71.76,59.93
STU0403,2025,10,moderate,67.36,10.9,,,,0.5969,33.28,18.26,49.54,89.06,67.33,69.9,73.85,77.95,84.9,73.73,60.91
STU0404,2023,8,moderate,63.5,9.7,,,,0.538,82.97,25.54,73.72,29.92,64.48,44.29,54.66,60.96,40.4,40.47,72.16
STU0404,2024,9,moderate,61.62,9.7,,,,0.5385,82.27,25.54,73.41,30.93,67.14,45.85,56.54,61.21,40.07,42.36,74.58
STU0404,2025,10,moderate,63.73,9.7,,,,0.5349,81.43,25.56,73.03,33.82,68.61,49.52,57.69,62.34,44.44,45.23,75.46
STU0405,2023,8,good,80.5,14.8,,,,0.9228,14.98,8.39,30.03,96.91,75.35,88.98,87.38,94.48,89.49,91.99,68.8
STU0405,2024,9,good,73.74,14.8,,,,0.9231,21.04,8.48,41.4,97.52,78.69,91.37,91.3,96.19,92.61,94,70.37
STU0405,2025,10,good,72.02,14.8,,,,0.9209,13.51,8.44,38.19,97.51,81.74,92.84,93.37,96.69,92.81,94.53,74.67
STU0406,2023,8,good,81.5,11.3,,,,0.8119,16.26,9.23,39.61,86.45,77.94,86.15,93.25,86.88,85.82,94.75,97.01
STU0406,2024,9,good,79.8,11.3,,,,0.8205,7.62,9.27,33.39,86.67,80.01,88.66,94.43,88.32,87.75,95.32,96.78
STU0406,2025,10,good,75.65,11.3,,,,0.8155,7.18,9.24,35.54,91.88,83.74,88.22,95.16,89.72,88.43,96.45,97.58
STU0407,2023,8,irregular,47.5,6.5,,,,0.3076,100,76.41,94.1,31.78,58.9,22.43,43.5,29.79,21.72,27.41,36.45
STU0407,2024,9,irregular,47.98,6.5,,,,0.3077,100,76.5,94.13,35.1,62.15,27.75,49.05,35.11,25.17,30.24,43.48
STU0407,2025,10,irregular,49.22,6.5,,,,0.307,100,76.37,94.09,43.13,64.31,30.21,51.43,38.87,29.3,35.9,44.21
STU0408,2023,8,excellent,86,14.4,,,,0.7954,5.34,15.56,30.83,94.76,97.07,97.55,95.56,97.63,97.65,97.92,95.92
STU0408,2024,9,excellent,83.84,14.4,,,,0.7949,5.12,15.67,33.02,96.46,97.63,98.14,96.28,97.92,97.88,98.15,96.66
STU0408,2025,10,excellent,91.71,14.4,,,,0.7984,5.05,15.62,18.72,96.84,97.49,98.14,97.02,97.48,97.88,97.95,96.63
STU0409,2023,8,good,78,20.4,,,,0.8891,3.73,9,33.75,96.68,96.52,97.28,97.25,97.45,93.4,95.84,96.53
STU0409,2024,9,good,77.78,20.4,,,,0.8974,3.45,9,30.97,96.52,97.06,97.74,97.36,97.21,94.49,95.52,97.3
STU0409,2025,10,good,75.65,20.4,,,,0.8946,3.28,8.99,33.72,96.71,97.53,97.25,97.9,97.79,96.62,96,97.22
STU0410,2023,8,moderate,56.5,8,,,,0.6409,31.93,20.47,49.48,93.07,84.47,70.6,82.27,70.54,55.89,73.63,84.36
STU0410,2024,9,moderate,57.58,8,,,,0.641,31.41,20.39,49.23,94.58,85.45,72.67,84.37,71.57,57.34,74.3,85.13
STU0410,2025,10,moderate,62.69,8,,,,0.6403,30.6,20.43,48.88,94.87,88.37,76.85,86.85,72.41,57.32,77.72,87.56
STU0411,2023,8,good,80.5,20.4,,,,0.8291,15.69,13.53,40.44,96.61,96.73,88.83,97.32,89.25,73.64,84.39,97.58
STU0411,2024,9,good,78.79,20.4,,,,0.8205,7.09,13.64,36.6,97.47,97.39,92.3,97.78,92.13,76.16,87.12,97.67
STU0411,2025,10,good,72.54,20.4,,,,0.8248,14.72,13.55,40.01,97,97.21,93.46,97.03,92.29,78.33,89.77,98.17
STU0412,2023,8,good,68.5,14.5,,,,0.6072,33.4,15.77,48.97,70.66,50.56,92.18,60.7,73.54,69.52,91.57,77.05
STU0412,2024,9,good,73.74,14.5,,,,0.6154,32.23,15.63,48.41,75.79,52.2,94.28,64.5,77.52,71.01,93.67,80.79
STU0412,2025,10,good,72.02,14.5,,,,0.614,31.11,15.66,47.91,76.71,55.07,94.8,68.72,80.08,76.05,94.46,84.22
STU0413,2023,8,excellent,87.5,20.4,,,,0.9743,1.56,8.1,16.15,97.69,97.14,97.59,97.98,97.37,95.78,98.11,97.88
STU0413,2024,9,excellent,89.9,20.4,,,,0.9744,1.57,8.01,13.83,97.82,97.32,97.87,97.68,97.93,95.44,97.96,97.6
STU0413,2025,10,excellent,83.42,20.4,,,,0.9736,1.49,8.05,18.76,97.83,97.29,97.76,97.72,97.88,96.8,97.88,97.97
STU0414,2023,8,excellent,89.5,20.3,,,,0.8291,4.7,11.71,18.95,97.66,93.53,97.95,97.8,97.76,97.17,97.87,94.99
STU0414,2024,9,excellent,82.32,20.3,,,,0.8205,4.84,11.63,33.1,97.93,91.76,98.08,97.54,97.82,97.72,97.75,96.08
STU0414,2025,10,excellent,84.46,20.3,,,,0.8248,4.57,11.73,28.05,98.05,95.49,97.52,97.55,97.68,97.58,97.99,96.87
STU0415,2023,8,good,67,16.1,,,,0.7861,24.94,10.85,43.94,94.21,70.75,88.82,86.94,92.52,89.44,94.62,71.42
STU0415,2024,9,good,72.73,16.1,,,,0.7949,16.93,10.89,40.34,94.39,71.72,91.75,90.26,93.18,90.51,94.93,76.93
STU0415,2025,10,good,73.06,16.1,,,,0.7892,16.42,10.88,40.07,96.08,73.93,93.73,91.72,94.76,92.64,95.32,77.2
STU0416,2023,8,good,79,7.7,,,,0.6924,50.84,37.06,51.85,76.37,48.95,76.84,63.98,64.29,71.6,77.49,45.82
STU0416,2024,9,good,73.74,7.7,,,,0.6923,42.54,36.99,57.31,79.91,50.19,78.67,65.11,67.08,72.31,75.97,46.84
STU0416,2025,10,good,75.65,7.7,,,,0.693,41.9,36.98,53.01,82.21,53.98,78.3,67.6,66.8,73.09,77.36,48.56
STU0417,2023,8,irregular,57.5,8.8,,,,0.7346,31.9,15.53,48.24,86.9,68.36,77.74,77.43,68.33,71.09,69.89,53.67
STU0417,2024,9,irregular,57.58,8.8,,,,0.7436,23.4,15.61,44.43,90.67,71.25,83.18,81.66,69.92,75.8,71.97,57.87
STU0417,2025,10,irregular,36.79,8.8,,,,0.7365,22.05,15.6,43.82,91.62,75.52,86.53,86.56,76.09,77.05,75.7,62.12
STU0418,2023,8,moderate,66.5,8.4,,,,0.4442,100,24.58,81.14,33.85,49.99,51.8,38.04,54.42,59.59,42.06,33.03
STU0418,2024,9,moderate,72.22,8.4,,,,0.4359,78.28,24.23,71.28,38.74,55.3,53.99,42.63,57.01,65.05,46.73,35.89
STU0418,2025,10,moderate,68.91,8.4,,,,0.4387,76.93,24.38,70.72,43.08,57.28,59.23,47.01,60.62,66.02,47.92,39.51
STU0419,2023,8,moderate,62.5,9.2,,,,0.6667,53.58,19.59,59.01,77.4,55.21,72.68,49.01,68.14,45.14,62.73,60.04
STU0419,2024,9,moderate,63.64,9.2,,,,0.6667,44.46,19.67,54.92,78.18,57.51,74.98,50.22,70.38,48.69,66.77,64.22
STU0419,2025,10,moderate,57.51,9.2,,,,0.6667,43.95,19.6,54.68,79.54,57.61,77.75,50,71.93,49.24,70.32,64.54
STU0420,2023,8,excellent,85.5,15.4,,,,0.7261,18.77,14.98,33.24,86.9,94.62,79.19,89.85,87.28,84.89,80.65,91.8
STU0420,2024,9,excellent,83.33,15.4,,,,0.7179,10.13,15.02,34.32,90.14,95.25,79.86,90.31,91.03,87.75,83.56,91.97
STU0420,2025,10,excellent,87.05,15.4,,,,0.7194,17.56,15,27.87,91.77,96.11,82.75,93.21,91.45,87.42,86.07,93.51
STU0421,2023,8,excellent,86,20.3,,,,0.7954,17.52,32.93,39.75,68.85,74.71,92.99,91.63,97.47,96.56,87.07,77.94
STU0421,2024,9,excellent,86.36,20.3,,,,0.7949,16.56,33.11,41.09,74.95,76.96,95.12,94.8,97.3,96.98,88.47,82.15
STU0421,2025,10,excellent,82.38,20.3,,,,0.7984,15.97,33.02,45.24,76.29,80.24,95.07,95.7,97.29,97.36,91.64,84.39
STU0422,2023,8,good,77.5,8.6,,,,0.6667,30.33,14.39,47.17,73.5,75.71,81.09,75.27,94.92,63.54,86.46,78.99
STU0422,2024,9,good,74.75,8.6,,,,0.6667,22.54,14.25,43.31,75.7,78.55,83.55,76.07,95.3,65.77,89.07,80.04
STU0422,2025,10,good,75.13,8.6,,,,0.6667,21.96,14.4,43.48,80.17,80.41,85.02,79.03,95.65,68.9,89.67,79.14
STU0423,2023,8,excellent,82.5,14,,,,0.8376,8.81,12.92,23.47,97.28,84.27,88.72,88.67,86.99,75.94,83.08,90.15
STU0423,2024,9,excellent,78.79,14,,,,0.8462,8.5,12.71,29.46,97.81,85.18,88.27,88.23,87.91,77.29,83.47,90.22
STU0423,2025,10,excellent,84.97,14,,,,0.8419,16.45,12.84,27.27,97.61,85.49,89.9,89.36,89.62,78.14,83.27,88.63
STU0424,2023,8,excellent,90.5,17.4,,,,0.8713,3.94,11.06,15.53,97.71,95.84,91.84,96.76,97.69,96.48,98.01,97.73
STU0424,2024,9,excellent,88.38,17.4,,,,0.8718,3.71,10.98,20.36,97.79,95.68,94.82,96.97,97.66,97.56,97.93,98.14
STU0424,2025,10,excellent,87.56,17.4,,,,0.8682,3.65,11.02,17.81,97.76,97.66,94.93,97.45,97.86,97.43,98.04,98.24
STU0425,2023,8,moderate,71,8.7,,,,0.5043,39.53,21.13,53.07,55.31,51.36,57.59,57.03,71.43,65.37,63.5,83.2
STU0425,2024,9,moderate,61.11,8.7,,,,0.5128,38.18,21.03,52.44,56.79,53.53,60.9,59.02,74.38,67.45,68.19,86.46
STU0425,2025,10,moderate,68.91,8.7,,,,0.5085,37.17,21.08,52,62.22,58.8,61.72,58.6,76.81,70.7,70.49,89.13
STU0426,2023,8,good,74,10.1,,,,0.9485,3.15,7.98,33.41,83.91,95.33,95.36,93.62,97.28,96.63,97.44,93.93
STU0426,2024,9,good,74.75,10.1,,,,0.9487,2.9,8.07,33.32,86.52,95.5,95.31,95.34,97.24,96.39,97.83,95.05
STU0426,2025,10,good,77.72,10.1,,,,0.9473,2.77,8.04,30.43,87.26,95.34,96.43,96.52,97.5,96.58,97.47,95.91
STU0427,2023,8,excellent,84.5,20.5,,,,0.8805,3.29,11.72,31.97,97.75,97.88,97.78,97.66,98.04,97.54,97.54,97.85
STU0427,2024,9,excellent,87.88,20.5,,,,0.8718,3.43,11.83,26.85,97.83,97.68,97.85,98.17,97.7,97.86,97.71,97.85
STU0427,2025,10,excellent,89.12,20.5,,,,0.8775,3.3,11.75,23.81,97.72,97.97,97.71,98.04,98.1,97.72,97.96,97.69
STU0428,2023,8,excellent,86,20.6,,,,0.897,5.44,9.12,22.97,97.37,91.88,94.34,85.68,85.95,94.46,93.44,89.03
STU0428,2024,9,excellent,90.4,20.6,,,,0.8974,13.35,9.13,20.21,97.52,91.66,93.6,85.83,83.25,94.87,94.19,90.67
STU0428,2025,10,excellent,86.01,20.6,,,,0.8946,5.3,9.14,22.01,97.68,92.39,94.25,86.56,85.7,94.89,95.14,89.12
STU0429,2023,8,excellent,80,15.6,,,,0.9148,5.67,8.58,31.4,95.32,95.16,94.91,92.75,92.97,84.47,85.95,84.75
STU0429,2024,9,excellent,80.3,15.6,,,,0.9231,4.67,8.64,29.1,96.4,96.56,97.22,93.96,94.81,88.44,87.77,85.94
STU0429,2025,10,excellent,85.49,15.6,,,,0.9209,4.31,8.62,23.34,96.89,96.32,97.04,96.13,95.74,88.63,89.95,88.83
STU0430,2023,8,good,73.5,6.7,,,,0.5472,56.08,44.43,66.34,59.26,64.95,37.27,82.47,47.56,56.76,71.78,58.1
STU0430,2024,9,good,81.31,6.7,,,,0.5385,46.72,44.35,58.53,62.25,72.55,39.95,85.46,50.5,62.11,72.93,61.38
STU0430,2025,10,good,79.27,6.7,,,,0.5442,45.78,44.45,61.26,64.86,74.04,44.94,89.06,52.21,64.28,74.33,63.67
STU0431,2023,8,at-risk,39.5,5.1,,,,0.2818,100,62.7,90.68,29.14,59.46,28.46,17.95,35.59,42.8,34.67,37.42
STU0431,2024,9,at-risk,26.77,5.1,,,,0.2821,100,62.64,90.66,32.51,61.88,31.64,20.46,39.93,44.64,38.81,41.24
STU0431,2025,10,at-risk,45.6,5.1,,,,0.2806,100,62.62,90.65,35.8,66.88,35.65,23.25,44.55,48.87,41.94,42.98
STU0432,2023,8,moderate,64,11.3,,,,0.4957,100,26.03,81.51,29.2,25.63,47.5,49.93,40.83,32.36,38.41,47.71
STU0432,2024,9,moderate,65.15,11.3,,,,0.4872,100,26.14,81.54,31.49,28.21,47.86,50.91,43.2,31.3,39.22,50.15
STU0432,2025,10,moderate,59.59,11.3,,,,0.4915,100,26.07,81.52,30.61,29.36,50.73,52.21,44.04,32.41,40.63,48.4
STU0433,2023,8,irregular,51.5,3.7,,,,0.6152,63.46,46.66,70.22,54.5,28.31,74.82,42.48,61.15,61.71,66.41,54.06
STU0433,2024,9,irregular,54.55,3.7,,,,0.6154,61.65,46.59,69.39,62.45,32.37,79.27,45.96,64.75,65.85,70.77,56.98
STU0433,2025,10,irregular,50.78,3.7,,,,0.614,52.82,46.69,65.44,66.99,36.46,83.64,48.67,71.15,69.68,75.94,64.4
STU0434,2023,8,excellent,85.5,20.3,,,,0.8713,6.06,10.54,21.01,97.7,97.31,89.53,88.33,88.65,89.75,85.7,94.59
STU0434,2024,9,excellent,91.92,20.3,,,,0.8718,5.87,10.43,15.04,97.8,97.55,90.09,88.94,87.91,90.48,87.25,95.78
STU0434,2025,10,excellent,84.97,20.3,,,,0.8682,5.55,10.53,25.38,97.67,97.35,91.71,90.32,90.13,92.07,88.53,95.16
STU0435,2023,8,irregular,54,11.4,,,,0.3591,100,36.26,84.07,41.33,34,16.78,48.85,14.55,43.97,16.04,50.13
STU0435,2024,9,irregular,48.48,11.4,,,,0.359,100,36.02,84,44.32,34.2,16.26,50.67,16.24,45.66,16.66,54.99
STU0435,2025,10,irregular,46.63,11.4,,,,0.3597,100,36.2,84.05,45.11,35.87,16.9,56.84,17.08,47.98,18.76,53.9
STU0436,2023,8,moderate,59.5,4.8,,,,0.6152,90.13,41.72,80.99,47.58,63.03,60.89,55.66,54.43,42.59,41.85,32.96
STU0436,2024,9,moderate,65.66,4.8,,,,0.6154,73.18,41.72,73.36,52.23,64.91,65.98,57.69,54.46,45.21,42.22,33.98
STU0436,2025,10,moderate,68.39,4.8,,,,0.614,72.93,41.7,73.24,51.4,66.93,62.3,61.28,57,45.61,42.97,34.65
STU0437,2023,8,excellent,84,21.4,,,,0.8633,3.99,10.01,25.66,98.04,96.29,97.45,96.71,97.53,97.53,97.79,93.37
STU0437,2024,9,excellent,84.34,21.4,,,,0.8718,3.9,10.07,24.66,97.66,95.66,96.99,96.53,97.44,97.2,97.59,94.2
STU0437,2025,10,excellent,88.08,21.4,,,,0.8682,3.85,10.01,17.54,97.73,96.32,97.05,96.33,97.76,97.61,97.48,95.28
STU0438,2023,8,at-risk,23.5,1,,,,0.2818,100,63.83,90.96,20.78,16.37,18.22,15.56,30.03,32.14,14.67,12.52
STU0438,2024,9,at-risk,26.26,1,,,,0.2821,100,63.92,90.98,24.32,18.76,20.13,15.83,32.57,34.66,18.27,13.7
STU0438,2025,10,at-risk,32.64,1,,,,0.2806,100,63.81,90.95,26.58,21.88,23.52,19.5,34.39,37.21,18.98,14.01
STU0439,2023,8,good,81,10.1,,,,0.6667,21.61,16.41,35.81,74.76,83.74,81.9,91.62,89.68,85.41,76.23,77.89
STU0439,2024,9,good,79.29,10.1,,,,0.6667,21.15,16.48,39.59,76.93,84.85,83.58,91.63,89.86,87.03,78.63,78.65
STU0439,2025,10,good,76.17,10.1,,,,0.6667,20.75,16.43,43.44,77.97,86.24,84.98,91.96,91.18,88.38,78.05,80.15
STU0440,2023,8,excellent,87.5,24.7,,,,0.9743,4.05,10.96,17.99,95.71,89.26,97.11,94.27,90.37,84.95,89.42,92.66
STU0440,2024,9,excellent,86.36,24.7,,,,0.9744,11.49,11.05,21.59,96.42,91.22,98.06,95.2,92.23,87.49,90.58,93.46
STU0440,2025,10,excellent,87.56,24.7,,,,0.9736,3.08,11.01,18.45,96.85,92.48,97.62,97.16,93.35,89.06,91.25,94.97
STU0441,2023,8,irregular,47,6.4,,,,0.367,100,54.17,88.54,80.69,45.91,39.92,48.09,21.21,26.37,23.06,46.08
STU0441,2024,9,irregular,46.97,6.4,,,,0.359,100,54.25,88.56,80.59,46.45,36.19,47.54,22.37,23.67,24.67,45.14
STU0441,2025,10,irregular,46.63,6.4,,,,0.3597,100,54.25,88.56,79.3,45.6,40.37,46.31,21.23,23.43,23.31,45.33
STU0442,2023,8,good,72.5,11.9,,,,0.6409,31.43,14.94,47.88,88.51,87.14,83.1,70,69.85,68.8,69.99,82.93
STU0442,2024,9,good,77.78,11.9,,,,0.641,30.41,15.02,47.44,93.08,88.91,85.54,74.8,73.11,70.38,70.02,85.26
STU0442,2025,10,good,70.98,11.9,,,,0.6403,29.77,14.97,47.14,92.65,90.59,88.52,75.2,73.23,72.84,75.18,87.04
STU0443,2023,8,good,68.5,9.2,,,,0.6924,31.81,14.89,48.04,68.82,95.28,51.65,71.93,74.54,70.74,81.22,63.26
STU0443,2024,9,good,76.77,9.2,,,,0.6923,24.24,14.89,44.63,71.6,95.51,55.58,75.6,74.88,73.05,82.18,65.71
STU0443,2025,10,good,80.31,9.2,,,,0.693,30.3,14.89,42.19,73.15,96.16,56.58,78.81,78.65,74.45,84.28,68.47
STU0444,2023,8,good,68,16.8,,,,0.6924,54.51,19.23,59.34,56.47,43.16,60.34,52.44,70.9,55.87,64.42,47.1
STU0444,2024,9,good,71.72,16.8,,,,0.6923,53.65,19.27,58.96,59.68,47.41,65.31,53.21,73.99,58.39,65.21,47.42
STU0444,2025,10,good,62.18,16.8,,,,0.693,44.4,19.27,54.8,62.64,49.93,66.8,56.56,77.49,60.61,71.66,51.21
STU0445,2023,8,excellent,79,19.6,,,,0.8713,15.5,8.78,39.17,96.66,94.97,86.63,87.04,82.52,81.53,83.28,92.96
STU0445,2024,9,excellent,83.84,19.6,,,,0.8718,15.46,8.67,34.12,96.48,94.44,86.43,91.04,81.92,80.62,82.81,93.06
STU0445,2025,10,excellent,85.49,19.6,,,,0.8682,7.12,8.77,27.35,96.76,96.06,88.71,91.26,82.93,82.06,84.35,92.59
STU0446,2023,8,excellent,86.5,20.7,,,,0.7518,7.93,14.37,25.3,85.97,95.51,91.38,84.75,95.88,93.84,93.29,96.2
STU0446,2024,9,excellent,86.36,20.7,,,,0.7436,7.7,14.41,24.33,86.04,96.2,92.39,87.3,95.99,95.01,95.58,96.19
STU0446,2025,10,excellent,84.97,20.7,,,,0.7457,7.36,14.36,27.15,89.04,96.15,94.64,89.75,96.35,94.57,95,97.27
STU0447,2023,8,good,80.5,12.5,,,,0.8713,6.02,9.09,24.38,97.94,97.44,85.5,96.5,94.79,88.9,81.63,91.64
STU0447,2024,9,good,78.79,12.5,,,,0.8718,13.58,9.18,33.56,97.6,97.48,88.43,97.22,95.67,89.78,82.81,94.18
STU0447,2025,10,good,75.65,12.5,,,,0.8682,5.27,9.17,27.78,97.47,97.74,89.93,97.62,96.05,91.78,84.75,94.94
STU0448,2023,8,moderate,70,9.2,,,,0.5043,48.12,27.47,58.52,62.44,65.75,71.52,61.33,48,56.21,58.32,76.28
STU0448,2024,9,moderate,68.69,9.2,,,,0.5128,46.78,27.72,57.98,65.16,69.67,74.49,64.4,48.82,60.65,61.82,75.7
STU0448,2025,10,moderate,60.1,9.2,,,,0.5085,37.5,27.57,53.77,68.09,71.52,79.43,67.05,53.16,63.66,65.38,79.91
STU0449,2023,8,excellent,83,19,,,,0.8633,4.94,11.36,25.73,97.91,95.04,97.72,92.62,96.9,87.6,97.53,93.17
STU0449,2024,9,excellent,80.81,19,,,,0.8718,4.47,11.51,32.32,97.94,96.06,97.73,92.86,97.65,88.61,97.52,95.92
STU0449,2025,10,excellent,84.46,19,,,,0.8682,4.2,11.44,23.32,98.03,96.9,97.95,95.23,97.49,90.73,97.99,96.08
STU0450,2023,8,moderate,60.5,10.8,,,,0.6667,43.36,23.59,55.41,74,72.53,66.41,81.58,67.48,48.26,67.51,58.22
STU0450,2024,9,moderate,66.16,10.8,,,,0.6667,43.91,23.51,55.64,70.58,71.27,64.88,79.05,67.05,45.52,66.99,57.1
STU0450,2025,10,moderate,69.43,10.8,,,,0.6667,43.84,23.56,55.62,71.9,72.51,64.99,80.24,66.84,46.59,65.23,58.02
STU0451,2023,8,irregular,52.5,6.3,,,,0.5894,89.46,48.55,82.39,60.62,61.9,48.01,54.62,54.33,30.75,31.17,64.58
STU0451,2024,9,irregular,47.98,6.3,,,,0.5897,72.63,48.55,74.82,60.37,64.4,52.56,56.52,55.09,33.06,32.69,68.44
STU0451,2025,10,irregular,56.99,6.3,,,,0.5876,64.49,48.53,71.16,63.71,67.44,54.08,59.51,59.63,34.73,35.76,70.71
STU0452,2023,8,at-risk,23.5,5.5,,,,0.2818,100,61.38,90.35,11.76,13.23,12.09,12.03,18.26,21.24,24.93,13.42
STU0452,2024,9,at-risk,18.18,5.5,,,,0.2821,100,61.75,90.44,13.35,15.6,12.78,12.87,22.75,24.42,25.73,14.85
STU0452,2025,10,at-risk,23.83,5.5,,,,0.2806,100,61.64,90.41,14.3,16.25,15.24,14.17,24.53,28.61,31.06,18.36
STU0453,2023,8,good,84.5,18.7,,,,0.7861,7.08,33.56,35.53,95.48,96.83,96.49,94.68,80.63,92.59,95.61,92.53
STU0453,2024,9,good,85.86,18.7,,,,0.7949,6.39,33.81,29.6,96.87,97.45,97.33,95.17,82.98,93.44,96.62,94.09
STU0453,2025,10,good,81.87,18.7,,,,0.7892,6,33.7,38.33,96.5,97.56,96.92,96.69,89.15,94.71,97.41,94.85
STU0454,2023,8,irregular,45.5,10.8,,,,0.3076,100,36.85,84.21,49.84,31.46,41.84,53,21.57,28.32,23.9,55.99
STU0454,2024,9,irregular,47.47,10.8,,,,0.3077,100,37.12,84.28,47.08,35.05,39.34,52.91,20.51,28.57,22.59,54.78
STU0454,2025,10,irregular,46.63,10.8,,,,0.307,100,37.06,84.27,49.61,33.73,41.82,54.6,21.09,28.48,23.64,56.32
STU0455,2023,8,excellent,87.5,15.9,,,,0.8376,4.12,14.13,19.71,97.91,97.95,98.19,97.56,97.87,97.48,97.89,97.76
STU0455,2024,9,excellent,80.81,15.9,,,,0.8462,3.95,14.19,30.05,98.19,97.78,97.68,97.64,98.05,97.82,97.86,97.66
STU0455,2025,10,excellent,88.08,15.9,,,,0.8419,4.11,14.13,18.68,97.62,97.54,97.86,97.21,97.57,97.61,97.75,97.86
STU0456,2023,8,moderate,64.5,15.9,,,,0.5894,34.57,24.48,51.68,80.25,73.99,73.66,69.6,76.56,69.73,78.97,51.43
STU0456,2024,9,moderate,66.67,15.9,,,,0.5897,33.73,24.39,51.28,82.52,75.58,74.88,72.92,78.32,72.15,81.96,52.81
STU0456,2025,10,moderate,62.69,15.9,,,,0.5876,32.88,24.47,50.91,87.22,77.73,77.22,77.12,79.24,73.06,83.88,55.71
STU0457,2023,8,excellent,79,17.7,,,,0.897,4.2,9.05,34.15,95.22,92.67,91.01,95.35,97.15,97.37,97.69,89.44
STU0457,2024,9,excellent,85.35,17.7,,,,0.8974,4.18,9.06,30.62,94.54,92.56,90.48,95.68,96.91,97.24,97.11,91.77
STU0457,2025,10,excellent,87.05,17.7,,,,0.8946,4.1,9.03,24.82,95.95,93.52,91.66,95.13,97.21,97.83,97.23,90.45
STU0458,2023,8,excellent,86.5,23.1,,,,0.9743,2.16,9.14,27.69,97.48,97.57,97.44,96.55,94.39,92.23,95.6,97.54
STU0458,2024,9,excellent,90.4,23.1,,,,0.9744,1.96,9.05,18.66,97.68,97.83,97.62,96.91,93.98,94.43,95.86,97.89
STU0458,2025,10,excellent,85.49,23.1,,,,0.9736,1.88,9.11,26.87,97.96,97.67,97.64,96.9,95.61,94.12,96.58,97.75
STU0459,2023,8,irregular,51.5,5.2,,,,0.4363,100,55.76,88.94,66.3,39.06,24.96,42,26.62,39.68,31.53,29.28
STU0459,2024,9,irregular,51.52,5.2,,,,0.4359,100,55.87,88.97,66.68,43.54,27.76,47.33,31.52,44.09,34.7,33.32
STU0459,2025,10,irregular,50.78,5.2,,,,0.4387,100,55.84,88.96,75.34,47.8,33.07,50.23,37.35,47.79,37.96,38.12
STU0460,2023,8,good,82,17.6,,,,0.7003,20.54,19.36,44.08,97.7,64.64,91.71,68.93,84.34,92.62,94.15,74.51
STU0460,2024,9,good,77.78,17.6,,,,0.6923,19.25,19.34,43.5,97.68,68.69,93.79,74.53,87.58,95.82,96.19,80.2
STU0460,2025,10,good,75.13,17.6,,,,0.693,10.29,19.35,39.47,98.13,74.39,94.64,80.29,92.84,96.64,97.28,83.28
STU0461,2023,8,good,73.5,17,,,,0.7439,26.69,12.18,41.32,81.98,83.04,91.61,78.31,96.64,67.85,93.87,79.96
STU0461,2024,9,good,74.75,17,,,,0.7436,18.49,12.06,34.64,85.48,86.97,93.63,81.91,96.75,72.22,95.7,82.46
STU0461,2025,10,good,70.47,17,,,,0.7457,9.64,12.15,37.38,87.93,89.55,93.73,86.45,97.72,75.3,96.06,86.22
STU0462,2023,8,excellent,85.5,22.8,,,,0.9743,1.63,11.09,19.15,98.17,97.54,97.33,97.75,97.48,97.46,96.58,95.95
STU0462,2024,9,excellent,81.82,22.8,,,,0.9744,1.56,11,26.17,98.14,97.86,95.73,97.85,97.56,97.9,97.06,96.8
STU0462,2025,10,excellent,81.87,22.8,,,,0.9736,1.56,11.06,26.18,97.8,97.49,96.81,97.88,97.61,97.9,97.04,96.71
STU0463,2023,8,moderate,60,6.8,,,,0.6244,65.76,41.13,69.87,55.83,44.92,43.76,54.89,54.52,43.54,56.92,61.09
STU0463,2024,9,moderate,65.15,6.8,,,,0.6154,65.24,41.13,69.64,55.14,44.95,48.87,56.59,55.7,47.74,59.02,63.96
STU0463,2025,10,moderate,58.55,6.8,,,,0.6232,56.15,41.15,65.56,60.76,46.48,50.77,58.79,59.86,47.26,60.99,65.76
STU0464,2023,8,excellent,82.5,14.2,,,,0.9228,5.4,12.44,33.51,83.32,91.27,88.43,71.68,96.85,97.73,93.27,92.71
STU0464,2024,9,excellent,84.85,14.2,,,,0.9231,13.01,12.43,28.34,85.58,93.22,90.19,72.11,97.11,97.79,93.77,95.06
STU0464,2025,10,excellent,78.24,14.2,,,,0.9209,12.32,12.41,38.65,88.6,94.83,90.82,76.86,97.56,97.97,95.98,95.69
STU0465,2023,8,excellent,81.5,21.6,,,,0.9485,2.47,9.98,32.69,98.26,97.62,97.58,96.86,94.97,92.2,97.86,97.72
STU0465,2024,9,excellent,82.32,21.6,,,,0.9487,2.37,10.07,29.8,97.8,97.47,97.45,97.44,97.04,92.04,97.86,97.39
STU0465,2025,10,excellent,89.12,21.6,,,,0.9473,2.52,10.04,22.13,97.92,97.73,97.65,96.59,96.58,91.22,98.13,97.01
STU0466,2023,8,excellent,80.5,15.6,,,,0.8455,25.71,15.8,43.92,95.24,80.32,71.92,87.84,84.11,78.17,60.55,95.7
STU0466,2024,9,excellent,74.75,15.6,,,,0.8462,17.82,15.82,41.97,96.35,82.95,74.35,88.14,86.91,81.67,63.89,96.91
STU0466,2025,10,excellent,80.83,15.6,,,,0.8419,16.82,15.84,35.35,97.16,86.22,79.6,91.46,90.68,82.59,67.02,96.91
STU0467,2023,8,moderate,68,5.4,,,,0.7439,36.1,40.14,56.28,54.6,61.5,68.31,61.21,73.87,57.76,53.74,50.72
STU0467,2024,9,moderate,70.71,5.4,,,,0.7436,34.84,40.25,55.74,58.75,63.42,71.11,63.15,78.77,60.51,56.85,55.22
STU0467,2025,10,moderate,72.54,5.4,,,,0.7457,33.52,40.22,55.14,60.45,65.56,75.36,68.63,79.98,65.67,60.96,57.97
STU0468,2023,8,excellent,90,18,,,,0.7861,6.72,14.09,18.55,97.89,94.91,90.4,96.07,96.53,93.66,90.08,92.85
STU0468,2024,9,excellent,85.86,18,,,,0.7949,6.25,14.07,21.9,97.93,96.12,91.69,96.21,96.42,94.07,91.77,94.22
STU0468,2025,10,excellent,88.6,18,,,,0.7892,6.47,14.04,17.82,97.7,95.43,90.59,95.84,97.01,94.16,90.39,95.23
STU0469,2023,8,irregular,43,10.3,,,,0.4528,76.9,44.07,75.62,58.92,77,36.5,45.89,47.17,36.68,55.47,63.61
STU0469,2024,9,irregular,43.43,10.3,,,,0.4615,76.62,44.06,75.49,57.2,76.52,36.81,44.52,46.33,36.34,58.2,66.1
STU0469,2025,10,irregular,46.11,10.3,,,,0.4558,76.77,44.14,75.58,56.13,76.43,38.93,46.06,46.34,36.29,57.58,64.96
STU0470,2023,8,good,76,7.4,,,,0.7604,21.55,33.83,44.8,77.21,83.64,68.94,80.16,71.86,77.23,89.24,73.73
STU0470,2024,9,good,72.73,7.4,,,,0.7692,20.9,33.81,45.18,75.78,84.63,71.8,80.12,76.08,76.36,90.52,74.84
STU0470,2025,10,good,80.31,7.4,,,,0.7628,21.11,33.9,35.61,76.74,83.98,72.17,81.7,74.87,77.35,89.3,73.42
STU0471,2023,8,moderate,79,10.7,,,,0.8633,6.09,12.52,35.87,97.78,94.15,91.91,96.42,93.3,80.12,88.94,96.5
STU0471,2024,9,moderate,69.7,10.7,,,,0.8718,4.98,12.59,35.39,97.82,96.07,94.33,97.27,96.06,85.26,92.29,97.29
STU0471,2025,10,moderate,67.88,10.7,,,,0.8682,4.54,12.58,35.19,97.49,97.14,96.06,97.59,96.15,88.61,94.54,97.5
STU0472,2023,8,irregular,47,5,,,,0.2818,100,57.66,89.41,25.15,48.35,27.7,33.46,28.78,17.13,15.82,21.26
STU0472,2024,9,irregular,45.96,5,,,,0.2821,100,57.87,89.47,26.06,50.1,29.97,36.04,27.16,19,15.35,24.99
STU0472,2025,10,irregular,53.89,5,,,,0.2806,100,57.84,89.46,28.48,52.34,32.85,38.08,30.08,19.81,17.76,25.16
STU0473,2023,8,good,81,15.7,,,,0.897,3.72,9.18,29.56,97.64,97.84,94.14,97.28,94.63,95.31,97.59,92.21
STU0473,2024,9,good,73.23,15.7,,,,0.8974,3.6,9.17,33.91,98.16,97.73,95.6,97.61,93.96,95.79,97.51,92.84
STU0473,2025,10,good,73.06,15.7,,,,0.8946,3.48,9.15,33.85,98.46,97.54,95.89,97.84,95.01,96.19,97.6,94.48
STU0474,2023,8,irregular,53,13.3,,,,0.7439,20.96,10.07,41.95,82.86,86.79,76.97,71.22,95.05,84,81.16,64.98
STU0474,2024,9,irregular,51.52,13.3,,,,0.7436,19.7,10.08,41.39,87.79,90.14,81.32,75.61,96.22,87.51,83.8,65.63
STU0474,2025,10,irregular,52.85,13.3,,,,0.7457,18.36,10.05,40.77,91.07,92.13,83.12,78.76,97.34,89.58,87.09,74.78
STU0475,2023,8,irregular,47.5,10,,,,0.4528,100,22.77,80.69,48.47,33.33,38.79,42.95,35.81,28.57,47.6,17.03
STU0475,2024,9,irregular,54.04,10,,,,0.4615,100,22.64,80.66,53.28,37.34,46.89,48.28,41.22,33.28,52.55,22.77
STU0475,2025,10,irregular,59.07,10,,,,0.4558,94.13,22.73,78.04,59.22,42.38,50.26,54.57,48.2,37.88,58.7,27.28
STU0476,2023,8,good,75,13,,,,0.7439,29.8,15.76,42.4,74.13,68.45,70.89,60.42,84.74,87.84,82.57,69.8
STU0476,2024,9,good,74.24,13,,,,0.7436,29.61,15.76,46.97,73.48,72.79,69.01,60.25,85.74,86.54,84,71.89
STU0476,2025,10,good,79.27,13,,,,0.7457,21.75,15.77,32.48,78.95,72.68,72.55,63.28,86.42,89.6,85.87,71.01
STU0477,2023,8,good,80.5,12.7,,,,0.8548,24.46,9.69,41.83,81.13,92.28,60.45,89.76,84.42,74.81,90.96,93.08
STU0477,2024,9,good,74.75,12.7,,,,0.8462,16.65,9.81,39.95,86.82,92.38,64.15,92.74,88.3,76.88,92.5,94.19
STU0477,2025,10,good,78.76,12.7,,,,0.8511,15.64,9.73,37.33,88.49,93.66,67.76,93.98,90.37,80.88,93.7,95.55
STU0478,2023,8,moderate,64,7.4,,,,0.7182,19.31,37.1,47.96,87.62,67.04,97.91,83.41,96.18,77.51,93.5,89.64
STU0478,2024,9,moderate,67.17,7.4,,,,0.7179,18.73,37.1,47.7,87.08,71.7,97.24,85.21,96.59,79.33,95.38,90.06
STU0478,2025,10,moderate,69.43,7.4,,,,0.7194,18.22,37.09,47.47,91.63,72.06,97.52,86.27,96.54,81.98,94.88,90.97
STU0479,2023,8,good,74.5,12,,,,0.8633,20.34,11.45,42.02,67.43,66.92,80.21,64.4,95.74,64.99,94.67,68.83
STU0479,2024,9,good,80.3,12,,,,0.8718,26.78,11.42,41.54,70.91,67.53,81.54,67.34,96.26,66.78,95.97,69.72
STU0479,2025,10,good,79.27,12,,,,0.8682,25.96,11.44,36.89,73.93,72.7,83.71,68.47,96.57,68.1,95.88,72.31
STU0480,2023,8,excellent,85,15.2,,,,0.9743,3.75,10.36,23.63,95.47,86.69,71.38,96.94,96.75,96.07,91.53,97.4
STU0480,2024,9,excellent,88.89,15.2,,,,0.9744,11.4,10.27,22.63,96.54,87.85,72.14,97.12,97.39,96.49,92.8,97.82
STU0480,2025,10,excellent,88.08,15.2,,,,0.9736,11.28,10.32,23.66,96.8,89.05,74.91,97.9,97.12,96.23,93.64,97.86
STU0481,2023,8,good,75.5,15.8,,,,0.8376,15.62,13.99,34.57,90.92,82.47,85.01,86.11,97.14,91.64,96.23,81.41
STU0481,2024,9,good,68.69,15.8,,,,0.8462,14.73,14.03,40.11,93.78,84.57,87.43,90.48,97.2,92.65,96.36,84.01
STU0481,2025,10,good,71.5,15.8,,,,0.8419,6.09,14.01,36.24,93.83,87.2,90.49,91.53,97.7,93.93,97.35,88.03
STU0482,2023,8,good,77.5,7.7,,,,0.9148,3.82,28.69,38.89,97.58,96.33,97.66,97.04,95.7,93.12,85.81,97.11
STU0482,2024,9,good,76.77,7.7,,,,0.9231,3.4,28.75,38.72,97.89,96.5,97.49,97.5,96.9,93.46,88.57,97.54
STU0482,2025,10,good,76.17,7.7,,,,0.9209,3.18,28.75,38.62,98.03,97.16,97.86,97.6,97.05,95.23,89.85,97.57
STU0483,2023,8,good,77,9.7,,,,0.8548,16.42,11.4,40.24,94.43,76.55,97.43,79.68,94.72,75.79,94.78,83
STU0483,2024,9,good,85.35,9.7,,,,0.8462,16.09,11.52,26.7,92.6,75.57,97.46,80.72,96.02,79.26,94.32,86.52
STU0483,2025,10,good,84.46,9.7,,,,0.8511,15.49,11.45,28.4,95.24,79.83,96.98,79.3,95.91,81.67,95.06,88.68
STU0484,2023,8,good,77.5,6.1,,,,0.7346,30.73,37.32,53.16,84.72,66.71,62.83,63.73,67.85,85.22,92.97,58.16
STU0484,2024,9,good,70.71,6.1,,,,0.7436,29.75,37.39,52.74,85.49,69.7,64.66,67.98,70.53,87.34,93.41,60.87
STU0484,2025,10,good,77.72,6.1,,,,0.7365,22.22,37.4,44.73,87.55,71.04,68.05,68.67,72.81,86.97,95.16,62.53
STU0485,2023,8,excellent,82,19.8,,,,0.8119,6.74,14.96,33.05,95,97.58,97.17,96.53,93.6,87.54,80.3,97.46
STU0485,2024,9,excellent,89.39,19.8,,,,0.8205,6.15,14.89,20.42,96.28,97.62,97.67,97.62,93.28,89.47,83.37,97.73
STU0485,2025,10,excellent,86.01,19.8,,,,0.8155,5.85,14.97,25.51,97.54,97.73,97.81,97.45,95.26,91.22,85.99,97.46
STU0486,2023,8,excellent,93.5,18.9,,,,0.7861,5.4,12.49,12.32,97.87,97.1,97.92,98.11,97.69,94.5,97.82,97.76
STU0486,2024,9,excellent,88.38,18.9,,,,0.7949,5.09,12.53,17.76,97.67,97.27,97.99,97.41,97.98,96.52,97.97,97.68
STU0486,2025,10,excellent,84.46,18.9,,,,0.7892,5.24,12.51,22.25,97.78,97.62,97.72,97.53,97.78,95.92,97.86,97.92
STU0487,2023,8,moderate,68,11.1,,,,0.8291,17.56,18.93,42.63,91.84,66.27,77.62,87.92,97.17,96.73,80.25,80.67
STU0487,2024,9,moderate,72.22,11.1,,,,0.8205,16.86,18.92,42.32,94.61,70.57,80.48,88.9,97.4,97.36,81.65,83.23
STU0487,2025,10,moderate,68.39,11.1,,,,0.8248,8.15,18.97,38.41,95.93,73.7,82.39,91.26,97.8,97.5,84.1,86.18
STU0488,2023,8,moderate,56,10.7,,,,0.5215,64.69,29.61,66.52,74.01,86.61,47.79,72.44,37.66,42.08,52.47,69.8
STU0488,2024,9,moderate,58.08,10.7,,,,0.5128,56.37,29.71,62.79,73.73,85.24,50.3,73.03,40.79,43.35,55.46,70.66
STU0488,2025,10,moderate,64.77,10.7,,,,0.5178,55.61,29.66,62.44,77.22,89.21,51.61,77.61,42.26,43.28,55.24,72.48
STU0489,2023,8,excellent,84.5,23.2,,,,0.9228,2.66,9.56,21.24,97.94,97.46,97.84,96.63,97.45,95.43,97.81,97.62
STU0489,2024,9,excellent,89.9,23.2,,,,0.9231,2.57,9.46,13.74,97.89,97.08,97.95,97,97.85,96.45,97.74,97.82
STU0489,2025,10,excellent,87.56,23.2,,,,0.9209,2.55,9.52,16.94,97.85,97.69,97.9,97.38,97.81,96.86,97.74,97.55
STU0490,2023,8,irregular,49.5,7.8,,,,0.4363,100,51.39,87.85,42.04,43.84,61.05,32.61,27.24,17.65,45.27,51.13
STU0490,2024,9,irregular,47.47,7.8,,,,0.4359,100,51.39,87.85,43.72,45.24,61.35,35.84,26.42,18.45,45.93,53.3
STU0490,2025,10,irregular,51.81,7.8,,,,0.4387,100,51.35,87.84,44.26,47.49,64.31,37.97,29.17,19.99,48.89,51.91
STU0491,2023,8,excellent,85.5,20.1,,,,0.8033,4.94,12.08,27.19,97.65,97.48,97.72,97.89,97.65,97.95,97.31,96.21
STU0491,2024,9,excellent,90.4,20.1,,,,0.7949,5.06,12.01,18.99,97.48,97.99,97.79,97.43,97.67,97.92,97.71,96.75
STU0491,2025,10,excellent,86.53,20.1,,,,0.7984,4.92,12.06,26.06,98.05,97.76,98.06,97.81,97.73,97.65,97.67,97.6
STU0492,2023,8,good,76.5,14.1,,,,0.7182,31.63,14.61,47.88,77.78,69.42,80.12,65.9,76.81,66.6,66.58,80.98
STU0492,2024,9,good,74.24,14.1,,,,0.7179,31.34,14.73,46.59,78.2,70.61,80.29,64.49,77.09,68.88,68.53,81.7
STU0492,2025,10,good,75.65,14.1,,,,0.7194,23.76,14.71,44.37,80.26,71.54,82.24,66.52,77.98,68.66,71.08,83.87
STU0493,2023,8,irregular,43.5,5.2,,,,0.3333,100,48.68,87.17,75.51,50.02,30.6,56.13,18.35,20.69,28.89,46.26
STU0493,2024,9,irregular,43.94,5.2,,,,0.3333,100,48.61,87.15,77.44,52.51,34.3,55.21,20.48,22,30.63,50.23
STU0493,2025,10,irregular,39.38,5.2,,,,0.3333,100,48.62,87.15,79.28,54.47,35.69,62.35,22.94,24.31,31.21,50.39
STU0494,2023,8,good,78,14.8,,,,0.5894,55.79,20.42,53.73,64.03,68.01,63.88,60.98,46.02,47.92,60.63,59.89
STU0494,2024,9,good,86.36,14.8,,,,0.5897,47.04,20.34,39.91,66.08,69.68,66.01,63.69,49.37,50.05,61.28,62.4
STU0494,2025,10,good,76.68,14.8,,,,0.5876,54.86,20.39,52.68,67.84,69.62,67.83,63.49,49.2,49.8,62.55,62.66
STU0495,2023,8,excellent,89,20.4,,,,0.8376,4.26,11.26,18.74,97.92,97.92,98.1,97.38,97.89,95.83,97.67,97.72
STU0495,2024,9,excellent,88.89,20.4,,,,0.8462,4.07,11.31,18.69,97.49,97.61,97.81,97.68,97.84,96.53,97.95,97.53
STU0495,2025,10,excellent,87.05,20.4,,,,0.8419,4.11,11.25,19.98,97.84,97.52,97.79,97.58,97.81,96.74,98.12,97.88
STU0496,2023,8,excellent,90,20.3,,,,0.8119,6.31,12.08,16.96,95.81,86.15,95.48,96.78,90.76,94.42,96.81,92.8
STU0496,2024,9,excellent,91.41,20.3,,,,0.8205,14.46,12.16,19.45,94.31,86.52,95.36,95.42,90.62,93.53,96.75,89.91
STU0496,2025,10,excellent,92.75,20.3,,,,0.8155,6.55,12.12,15.6,94.97,85.62,94.58,95.38,90.15,94.62,96.34,90.84
STU0497,2023,8,at-risk,29,2.3,,,,0.2818,100,57.48,89.37,39.12,36.77,26.33,40.24,16.31,28.92,23.44,38.75
STU0497,2024,9,at-risk,25.76,2.3,,,,0.2821,100,57.49,89.37,39.78,38.76,25.39,38.96,16.01,30.7,25.53,37.49
STU0497,2025,10,at-risk,21.24,2.3,,,,0.2806,100,57.45,89.36,42.53,39.57,27.84,42.61,17.38,29.29,25.25,39.98
STU0498,2023,8,good,72.5,4.4,,,,0.5894,73.63,39.12,72.91,54.77,36.86,40.03,43.29,59.42,48.8,72.62,69.18
STU0498,2024,9,good,76.77,4.4,,,,0.5897,64.58,39.12,68.84,57.77,40.01,45.59,48.56,59.18,50.43,75.13,71
STU0498,2025,10,good,79.79,4.4,,,,0.5876,55.63,39.1,64.81,59.38,41.58,46.08,50.11,62.43,52.04,79.33,76.77
STU0499,2023,8,good,72.5,13.4,,,,0.8376,6.56,11.67,35.87,97.06,94,95.7,97.89,87.2,85.78,85.74,95.81
STU0499,2024,9,good,73.74,13.4,,,,0.8462,6.18,11.8,35.73,97.67,94.99,95.4,97.62,88.19,85.48,87.28,96.3
STU0499,2025,10,good,75.65,13.4,,,,0.8419,5.94,11.77,35.61,97.79,94.25,96.25,97.95,88.31,87.88,90.23,95.95
STU0500,2023,8,excellent,87.5,15.7,,,,0.8119,49.57,36.41,45.73,62.93,86.23,48.4,50.65,72.22,66.84,44.46,72.85
STU0500,2024,9,excellent,87.88,15.7,,,,0.8205,40.27,36.37,44.16,67.17,86.91,52.92,53.06,73.85,68,45.75,73.49
STU0500,2025,10,excellent,85.49,15.7,,,,0.8155,40.06,36.37,45.47,67.69,89.85,52.92,55.81,75.29,69.42,46.83,74.56
STU0501,2023,8,excellent,81.5,15.2,,,,0.7346,27.41,14.68,41.49,94.99,69.84,75.95,70.75,83.53,92.6,93.85,73.78
STU0501,2024,9,excellent,78.79,15.2,,,,0.7436,19.6,14.63,41.23,97.03,71.24,75.46,72.66,86.29,93.25,93.96,77.83
STU0501,2025,10,excellent,86.01,15.2,,,,0.7365,18.61,14.68,27.58,96.89,75,80.27,75.86,86.95,94.02,96.24,84.21
STU0502,2023,8,good,77,7.4,,,,0.7089,29.52,36.91,52.51,92.61,57.49,62.09,89.55,82.91,76.78,89.32,76.77
STU0502,2024,9,good,77.78,7.4,,,,0.7179,28.22,36.87,51.78,93.37,61.81,65.88,90.79,84.9,80.47,91.39,79.72
STU0502,2025,10,good,83.94,7.4,,,,0.7101,27.53,36.88,42.98,95.82,65.15,67.83,92.61,85.73,83.31,92.74,81.91
STU0503,2023,8,excellent,82,11.2,,,,0.7182,17.97,18.63,31.83,90.52,94.83,89.76,97.88,82.12,87.94,76.24,96.81
STU0503,2024,9,excellent,84.34,11.2,,,,0.7179,17.83,18.56,28.55,90.97,94.54,89.52,97.93,83.46,90.24,76.44,96.76
STU0503,2025,10,excellent,81.87,11.2,,,,0.7194,17.92,18.56,31.81,89.79,95.02,90.11,97.96,81.71,88.69,76.39,96.75
STU0504,2023,8,good,75.5,17.9,,,,0.8805,16.28,9.44,39.68,84.32,95.54,97.9,71.8,92.63,68.34,90.74,83.65
STU0504,2024,9,good,73.23,17.9,,,,0.8718,16.12,9.55,39.64,85.12,96.05,97.46,73.72,92.51,68.26,92.11,85.74
STU0504,2025,10,good,78.76,17.9,,,,0.8775,22.56,9.46,39.48,87.92,96.43,97.81,77.17,95.59,67.71,92.75,87.14
STU0505,2023,8,moderate,61,10.4,,,,0.6924,19.76,17.88,43.36,95.08,97.17,86.39,69.1,81.17,94.98,69.34,94.47
STU0505,2024,9,moderate,61.62,10.4,,,,0.6923,19.44,18,43.25,96.57,97.33,87.58,69.96,83.36,95.11,70.35,95.66
STU0505,2025,10,moderate,64.25,10.4,,,,0.693,19.13,17.98,43.1,96.92,97.16,89.23,73.07,82.98,95.68,71.34,95.82
STU0506,2023,8,excellent,90.5,17.6,,,,0.9743,1.96,9.4,17.83,97.66,92.37,97.17,97.79,97.37,96.6,97.12,95.64
STU0506,2024,9,excellent,92.93,17.6,,,,0.9744,1.79,9.31,13.62,97.7,93.02,97.49,97.66,97.91,96.41,97.65,97.06
STU0506,2025,10,excellent,91.71,17.6,,,,0.9736,1.65,9.36,14.72,97.62,95.15,97.47,97.79,97.72,97.26,97.66,96.94
STU0507,2023,8,moderate,72,8.6,,,,0.7261,20.75,20.54,44.47,85.1,80.71,70.59,87.73,72.23,88.48,83.47,82.61
STU0507,2024,9,moderate,67.68,8.6,,,,0.7179,20.07,20.59,44.18,87.39,83.25,70.13,85.5,75.14,91.09,87.64,86.26
STU0507,2025,10,moderate,74.61,8.6,,,,0.7194,19.44,20.56,43.89,88.74,84.76,73.76,88.96,75.24,92.57,88.89,85.83
STU0508,2023,8,moderate,71,7.1,,,,0.47,100,50.75,87.69,70,51.03,34.67,32.3,35.47,43.14,31.57,65.55
STU0508,2024,9,moderate,66.67,7.1,,,,0.4615,93.79,50.78,84.9,73.39,55.54,43.55,37.89,40.13,48.01,35.11,69.7
STU0508,2025,10,moderate,65.8,7.1,,,,0.4651,75.82,50.73,76.8,79.98,60.67,47.53,42.47,47.65,50.73,41.05,74.21
STU0509,2023,8,good,79.5,14.7,,,,0.8119,7.07,10.87,30.01,93.73,86.38,92.07,97.44,95.63,92.28,88.91,89.69
STU0509,2024,9,good,71.72,14.7,,,,0.8205,6.08,11.02,34.83,94.15,90.33,95.07,97.27,96.87,93.98,92.29,91.57
STU0509,2025,10,good,72.54,14.7,,,,0.8155,5.69,10.98,35.31,95.91,92.47,95.05,97.72,96.73,95.4,92.96,94.86
STU0510,2023,8,good,77.5,17,,,,0.6924,28.33,34.85,51.46,73.44,86.54,82.31,87.46,95.3,88.71,84.96,55.59
STU0510,2024,9,good,83.33,17,,,,0.6923,28.26,34.93,48.35,74.02,87.61,80.32,86.23,96.78,89.79,85.79,54.58
STU0510,2025,10,good,82.38,17,,,,0.693,27.94,34.88,43.89,75.32,88.02,81.58,86.64,96.13,90.84,86.3,56.87
STU0511,2023,8,good,72.5,21.1,,,,0.9228,3.17,8.75,33.61,94.29,95.97,96.27,97.18,92.65,96.89,97.08,96.19
STU0511,2024,9,good,72.73,21.1,,,,0.9231,3.1,8.84,33.6,94.82,96.11,96.94,97.02,92.1,97.31,97.03,96.75
STU0511,2025,10,good,74.61,21.1,,,,0.9209,2.92,8.83,33.52,95.57,96.34,96.44,97.4,94.31,97.33,97.38,97.6
STU0512,2023,8,moderate,72.5,6.1,,,,0.6072,100,41.57,83.67,36.09,33.86,52.16,18.84,45.69,34.55,69.72,56.91
STU0512,2024,9,moderate,71.72,6.1,,,,0.6154,100,41.59,82.94,37.7,33.94,50.89,22.18,46.73,34.77,70.6,59.16
STU0512,2025,10,moderate,66.84,6.1,,,,0.614,99.17,41.54,85.01,36.79,36.93,54.81,23.67,47.06,35.58,71.5,58.98
STU0513,2023,8,good,73.5,11.6,,,,0.6924,42.6,13.64,52.58,81.16,68.39,38.21,76.28,68.02,67.06,64.39,68.18
STU0513,2024,9,good,73.23,11.6,,,,0.6923,41.19,13.57,51.93,84.47,71.81,41.5,77.59,69.09,72.83,69.03,71.17
STU0513,2025,10,good,79.27,11.6,,,,0.693,39.89,13.58,45.5,89.23,72.57,44.4,83.5,74.34,76.01,71.92,74.94
STU0514,2023,8,moderate,70.5,12.5,,,,0.5215,64.23,21.9,64.38,82.09,68.45,67.94,69,46.19,28.98,54.06,68.11
STU0514,2024,9,moderate,71.72,12.5,,,,0.5128,63.66,21.82,64.1,82.66,69.79,69.74,72.58,48.44,28.77,56.09,70.65
STU0514,2025,10,moderate,70.47,12.5,,,,0.5178,62.61,21.9,63.65,84.06,72.56,72.52,74.03,49.43,33.31,57.27,70.96
STU0515,2023,8,moderate,66,4,,,,0.7346,20.79,39.12,49.14,86.94,61.54,90.74,84.79,85.1,92.41,81.22,68.12
STU0515,2024,9,moderate,69.7,4,,,,0.7436,26.62,39.3,51.81,87.72,64.43,92.83,87.6,85.26,93.8,85.11,72.13
STU0515,2025,10,moderate,72.54,4,,,,0.7365,19.09,39.21,48.39,90.89,67.39,94.75,87.39,88.62,95.46,88.09,72.18
STU0516,2023,8,moderate,69.5,12.7,,,,0.6152,25.23,19.38,46.2,71.95,77.03,93.59,69.33,74.51,75.18,74.7,74.28
STU0516,2024,9,moderate,67.17,12.7,,,,0.6154,23.73,19.46,45.54,75.33,80.7,93.46,74.43,79.03,78.84,78.08,79.76
STU0516,2025,10,moderate,76.17,12.7,,,,0.614,22.42,19.43,44.95,82.74,85.23,94.2,77.74,83.89,81.49,81.89,80.8
STU0517,2023,8,irregular,53.5,3.7,,,,0.3076,100,56.26,89.06,42.04,43.38,33.03,29.55,50.27,38.71,31.59,53.51
STU0517,2024,9,irregular,53.03,3.7,,,,0.3077,100,56.27,89.07,45.75,45.81,32.94,32.58,53.14,39.84,32.73,53.89
STU0517,2025,10,irregular,57.51,3.7,,,,0.307,100,56.21,89.05,45.84,47.6,35.01,32.5,53.36,41.61,35.84,54.62
STU0518,2023,8,irregular,48.5,4.8,,,,0.3591,100,46.61,86.65,43.14,49.19,37.23,31.25,47.33,50.6,63.38,17.16
STU0518,2024,9,irregular,51.01,4.8,,,,0.359,100,46.37,86.59,46.5,50.84,39.75,35.58,49.5,53.45,66.33,19.75
STU0518,2025,10,irregular,53.89,4.8,,,,0.3597,95.46,46.54,84.59,46.69,53.3,42.64,37.2,53.28,56.26,69.49,21.14
STU0519,2023,8,good,75.5,16.6,,,,0.7346,17.72,14.19,41.52,86.12,79.86,86.3,82.16,97.12,97.15,90.62,88.12
STU0519,2024,9,good,75.25,16.6,,,,0.7436,8.89,14.18,37.54,88.98,83.68,88.82,85.08,97.51,97.65,91.39,89.64
STU0519,2025,10,good,75.13,16.6,,,,0.7365,8.76,14.25,37.51,90.89,84.09,88.39,85.13,97.57,97.56,92.96,90.91
STU0520,2023,8,good,71.5,18,,,,0.7346,17.85,16.53,42.16,93.8,84.09,76.35,92.97,88.45,92.56,85.33,94.61
STU0520,2024,9,good,76.77,18,,,,0.7436,8.84,16.49,35.48,94.28,89.21,81.31,94.28,90.22,92.18,87.28,96.39
STU0520,2025,10,good,73.06,18,,,,0.7365,8.66,16.5,37.98,93.74,88.29,82.74,95.36,91.36,93.39,89.74,96.88
STU0521,2023,8,excellent,86,17,,,,0.7776,5.73,13.11,25.9,95.96,97.94,96.66,97.43,97.55,97.52,97.69,93.07
STU0521,2024,9,excellent,90.4,17,,,,0.7692,5.7,12.93,21.31,96.9,97.68,97.27,97.76,97.7,97.67,97.73,95.6
STU0521,2025,10,excellent,89.12,17,,,,0.7721,5.66,13,20.68,96.97,97.97,97.24,97.96,97.6,97.8,97.71,94.58
STU0522,2023,8,moderate,63,8.2,,,,0.6152,44.41,25.83,56.44,84.99,44.66,63.54,53.96,75.04,81.04,64.07,56.32
STU0522,2024,9,moderate,58.59,8.2,,,,0.6154,44.44,25.75,56.43,83.96,44.83,60.46,56.24,75.03,83.03,61.54,58.9
STU0522,2025,10,moderate,67.88,8.2,,,,0.614,44.28,25.8,56.37,85.98,45.82,60.71,55.03,74.17,82.36,63.03,57.68
STU0523,2023,8,moderate,66.5,12.3,,,,0.8713,14.58,12.99,39.81,97.56,97.3,89.31,97.48,87.66,89.42,84.26,80.26
STU0523,2024,9,moderate,72.22,12.3,,,,0.8718,14.06,12.99,37.91,97.52,97.98,90.58,97.77,90.04,91.43,87.41,80.84
STU0523,2025,10,moderate,70.47,12.3,,,,0.8682,5.75,12.99,35.44,97.73,97.63,92.35,97.48,91.21,92.57,88.36,83.25
STU0524,2023,8,irregular,57.5,4.7,,,,0.4785,56.8,44.35,66.65,52.78,32.54,67.52,55.19,68.17,73.41,53.06,67.06
STU0524,2024,9,irregular,53.03,4.7,,,,0.4872,48.63,44.68,63.05,55.27,35.23,71.96,57.72,69.16,75.93,56.83,66.48
STU0524,2025,10,irregular,54.92,4.7,,,,0.4822,47.9,44.47,62.67,57.75,37.9,73.94,62.27,72.9,76.31,58.72,70.51
STU0525,2023,8,irregular,54,1,,,,0.4013,100,48.16,87.04,30.55,17.92,14.16,34.61,30.62,33.42,63.01,15.65
STU0525,2024,9,irregular,58.59,1,,,,0.4103,100,48.44,87.11,32.36,18.21,14.84,34.89,31.11,35.07,63.03,14.94
STU0525,2025,10,irregular,58.55,1,,,,0.4031,100,48.28,87.07,32.76,19.41,16.34,39.54,32.75,36.81,66.06,17.12
STU0526,2023,8,excellent,88,20,,,,0.9228,16.43,8.46,28.23,92.32,85.52,64.01,97.22,63.5,85.08,85.13,92.86
STU0526,2024,9,excellent,85.86,20,,,,0.9231,22.42,8.55,35,93.82,89.68,65.62,97.84,66.33,87.14,86.2,93.51
STU0526,2025,10,excellent,88.08,20,,,,0.9209,15.11,8.52,24.93,95.6,89.53,67.62,97.53,68.6,89.39,86.16,96.35
STU0527,2023,8,excellent,83.5,16.8,,,,0.9485,2.62,8.67,25.71,91.5,93.44,97.97,96.86,95.32,96.72,97.6,97.58
STU0527,2024,9,excellent,86.87,16.8,,,,0.9487,2.5,8.57,17.73,92.27,93,97.94,97.08,95.99,97.49,97.55,97.78
STU0527,2025,10,excellent,87.56,16.8,,,,0.9473,2.31,8.64,20.21,93.95,95.36,98.01,97.33,96.66,97.53,97.76,97.56
STU0528,2023,8,good,78,16.8,,,,0.7182,21.33,14.15,34.86,83.58,70.85,77.71,74.38,78.96,91,86.28,78.76
STU0528,2024,9,good,75.25,16.8,,,,0.7179,19.27,14.08,35.39,87.15,75.88,85,79.99,84.67,93.14,91.23,87.64
STU0528,2025,10,good,74.09,16.8,,,,0.7194,9.91,14.06,33.21,90.65,81.35,86.1,84.88,89.55,95.41,93.46,88.47
STU0529,2023,8,moderate,58.5,17.8,,,,0.6924,18.56,17.37,42.69,94.42,89.43,89.76,71.76,96.51,83.25,97.39,89.85
STU0529,2024,9,moderate,74.75,17.8,,,,0.6923,10.07,17.3,35.76,95.47,92.64,90.23,75.97,96.86,82.86,97.64,89.64
STU0529,2025,10,moderate,60.62,17.8,,,,0.693,17.61,17.3,42.25,94.77,92.81,91.26,79.24,96.39,86.5,97.71,91.04
STU0530,2023,8,moderate,62,14.4,,,,0.7439,8.85,13.45,37.34,93.63,85.88,92.38,80.71,88.89,94.3,94.27,92
STU0530,2024,9,moderate,59.09,14.4,,,,0.7436,8.41,13.4,37.13,95.81,87.49,94.47,82.78,90.57,95.64,94.67,91.89
STU0530,2025,10,moderate,62.69,14.4,,,,0.7457,7.61,13.47,36.79,97.01,90.53,94.81,85.16,93.7,96.63,95.97,93.74
STU0531,2023,8,irregular,42,3.8,,,,0.4013,100,57.06,89.27,42.25,35.14,35.7,29.53,21.4,13.33,14.63,36.84
STU0531,2024,9,irregular,46.97,3.8,,,,0.4103,100,56.92,89.23,42.84,38.52,35.24,32.42,22.54,13.54,13.76,38.19
STU0531,2025,10,irregular,54.92,3.8,,,,0.4031,100,56.99,89.25,46.48,37.21,36.28,32.2,22.66,13.7,13.89,38.84
STU0532,2023,8,irregular,55.5,9.8,,,,0.5215,100,55.25,88.81,35.11,33.66,23.51,35.53,32.4,27.39,36.07,28.7
STU0532,2024,9,irregular,53.54,9.8,,,,0.5128,100,55.16,88.79,41.95,43.16,31.26,40.12,37.95,28.61,40.9,36.36
STU0532,2025,10,irregular,51.3,9.8,,,,0.5178,100,55.28,88.82,45.36,46.38,32.7,44.53,44.18,35.17,41.52,39.29
STU0533,2023,8,good,76.5,15.1,,,,0.9063,13.86,13.57,39.63,97.29,96.97,90.59,73.81,96.97,90.13,95.11,78.32
STU0533,2024,9,good,69.7,15.1,,,,0.8974,5.62,13.77,35.97,96.91,96.66,92.78,77.71,97.16,91.71,94.73,80.8
STU0533,2025,10,good,79.27,15.1,,,,0.9038,5.2,13.67,35.76,97.29,96.9,94.44,78.41,96.96,91.99,95.25,82.13
STU0534,2023,8,excellent,83,20.8,,,,0.8891,3.59,12.62,23.64,97.71,97.69,97.46,97.29,97.91,93.32,95.67,97.25
STU0534,2024,9,excellent,78.79,20.8,,,,0.8974,3.4,12.69,28.96,98.09,97.63,97.7,97.59,97.58,93.14,96.14,96.77
STU0534,2025,10,excellent,83.94,20.8,,,,0.8946,3.3,12.67,24.23,98.07,97.5,97.89,97.66,97.56,94.79,96.32,97.64
STU0535,2023,8,irregular,58.5,9.1,,,,0.427,43.51,32.28,57.65,57.39,54.13,54.72,60.6,53.57,59.66,59.18,58.83
STU0535,2024,9,irregular,50,9.1,,,,0.4359,41.75,32.26,56.85,58.15,59.02,58.41,63.86,56.49,65.27,65.09,61.41
STU0535,2025,10,irregular,46.11,9.1,,,,0.4295,40.81,32.35,56.45,62.5,59.82,61.47,67.37,58.74,67.6,65.68,66.58
STU0536,2023,8,excellent,79,16.1,,,,0.9485,2.72,10.29,28.01,97.66,97.28,97.9,97.01,97.64,94.01,89.78,97.77
STU0536,2024,9,excellent,85.35,16.1,,,,0.9487,2.68,10.19,21.23,97.54,97.53,97.53,96.36,97.79,94.21,90.43,97.57
STU0536,2025,10,excellent,81.87,16.1,,,,0.9473,2.82,10.26,22.94,96.55,97.11,97.4,96.28,97.85,93.79,90.48,97.39
STU0537,2023,8,irregular,43,6.2,,,,0.3848,100,57,89.25,65.71,52.38,34.05,28.78,37.38,30.61,20.49,67.38
STU0537,2024,9,irregular,38.89,6.2,,,,0.3846,100,56.93,89.23,69.16,54.35,39.27,34.66,39.13,33.82,23.37,71.34
STU0537,2025,10,irregular,40.93,6.2,,,,0.386,100,56.92,89.23,71.17,57.3,39.3,34.45,43.31,35.31,27.71,75.05
STU0538,2023,8,moderate,61.5,11.9,,,,0.6409,40.91,20.41,53.51,74.66,84.8,66.55,84.96,84.98,61.98,46.1,90.26
STU0538,2024,9,moderate,56.57,11.9,,,,0.641,39.95,20.34,53.06,77.27,87.79,68.96,86.19,88.52,64.18,48.3,93.67
STU0538,2025,10,moderate,62.69,11.9,,,,0.6403,31.66,20.36,49.34,77.77,89.79,70.05,88.8,89.79,64.9,50.23,94.29
STU0539,2023,8,irregular,63.5,6.3,,,,0.4957,100,54.87,88.72,25.2,20.89,38.56,26.12,59.33,31.86,53.93,36.7
STU0539,2024,9,irregular,62.12,6.3,,,,0.4872,100,54.89,88.72,28.42,22.98,38.7,27.03,60.24,31.66,55.11,38.24
STU0539,2025,10,irregular,56.48,6.3,,,,0.4915,100,54.85,88.71,27.99,23.48,39.64,28.23,61.81,33.08,56.47,39.25
STU0540,2023,8,excellent,90.5,16.9,,,,0.7776,16.69,12.52,23.43,94.35,91.81,97.48,92.26,91.21,76.21,94.03,83.48
STU0540,2024,9,excellent,90.91,16.9,,,,0.7692,8.13,12.56,19.51,95.39,92.13,97.76,92.38,93.54,80.58,93.64,89.33
STU0540,2025,10,excellent,88.08,16.9,,,,0.7721,7.33,12.5,19.73,96.66,94.33,97.57,95.08,94.91,84.23,95.56,90.56
STU0541,2023,8,moderate,64.5,18.2,,,,0.6924,40.52,17.7,52.66,89.07,69.1,63.38,91.38,71.68,43.17,72.01,88.25
STU0541,2024,9,moderate,57.07,18.2,,,,0.6923,39.72,17.7,52.3,89.12,70.23,65.48,92.09,75.69,46.64,73.22,87.36
STU0541,2025,10,moderate,59.59,18.2,,,,0.693,39.07,17.69,52,92.44,73.58,69.3,92.61,75.82,45.73,74.67,89.46
STU0542,2023,8,moderate,55,11,,,,0.5894,54.05,26.02,60.83,70.17,71.6,79.61,60.32,51.48,32.97,64.17,64.9
STU0542,2024,9,moderate,68.18,11,,,,0.5897,53.11,25.86,60.37,74.05,73.06,81.88,63.38,52.23,34.16,67.92,67.92
STU0542,2025,10,moderate,67.36,11,,,,0.5876,45,26,56.75,73.8,76.8,85.37,65.55,54.88,36.31,70.89,71.27
STU0543,2023,8,moderate,53,8.1,,,,0.5472,91.56,24.15,77.24,65.38,45.99,27.41,56.61,56.09,36.39,41.87,67.93
STU0543,2024,9,moderate,56.57,8.1,,,,0.5385,82.8,24.23,73.32,68.76,48.81,31.02,58.71,55.76,37.78,44.96,71.32
STU0543,2025,10,moderate,61.66,8.1,,,,0.5442,73.11,24.18,68.94,68.79,51.48,33.49,65.75,61.69,42.72,46.69,72.73
STU0544,2023,8,excellent,82.5,10.1,,,,0.6924,31.9,13.5,37.6,71.77,70.79,64.17,72.31,73.25,76.31,67.56,86.48
STU0544,2024,9,excellent,88.38,10.1,,,,0.6923,22.58,13.5,27.68,79.2,76.91,71.81,78.78,80.3,80.84,73.95,90.2
STU0544,2025,10,excellent,84.46,10.1,,,,0.693,20.83,13.48,32.21,86.2,80.78,76.13,82.61,84.58,86.97,76.56,93.64
STU0545,2023,8,excellent,86.5,17.1,,,,0.8033,15.68,13.9,30.46,97.71,96.74,89.58,97.26,93.46,78.48,85.14,92.62
STU0545,2024,9,excellent,88.38,17.1,,,,0.7949,15.51,13.83,28.17,97.51,97.29,91.4,97.54,94.34,80.6,85.99,94.21
STU0545,2025,10,excellent,88.08,17.1,,,,0.7984,15.12,13.87,29.87,97.63,97.36,91.65,97.55,95.38,81.18,88.35,94.99
STU0546,2023,8,moderate,69.5,8.7,,,,0.6924,28.04,17.33,46.95,85.85,93.36,69.8,92.47,57.67,84.63,89.06,87.86
STU0546,2024,9,moderate,66.67,8.7,,,,0.6923,27.3,17.19,46.58,85.34,93.2,73.24,92.97,61,87.99,91.17,88.04
STU0546,2025,10,moderate,64.25,8.7,,,,0.693,26.23,17.34,46.14,90.1,95,76.43,94.29,63.2,89.42,93.59,91.81
STU0547,2023,8,good,74,10.8,,,,0.6244,97.69,38.89,80.74,48.38,52.33,27.75,39.54,62.28,43.57,71.8,46.02
STU0547,2024,9,good,75.76,10.8,,,,0.6154,71.82,38.8,71.41,53.34,56.89,32.56,43.18,66.73,47.81,77.35,51.94
STU0547,2025,10,good,74.61,10.8,,,,0.6232,54.8,38.9,62.21,58.09,62.47,36.45,47.59,71.3,52.52,80.11,57.4
STU0548,2023,8,moderate,62,15.8,,,,0.8633,5.2,11.12,35.12,95.81,90.84,88.89,92.96,97.76,92.01,95.56,96.65
STU0548,2024,9,moderate,68.18,15.8,,,,0.8718,5.18,10.99,35.08,95.81,89.63,88.69,94.99,97.76,90.59,95.49,96.04
STU0548,2025,10,moderate,68.39,15.8,,,,0.8682,13.03,11.09,38.63,96.01,90.33,89.16,94.54,97.85,91.32,96.18,97.16
STU0549,2023,8,good,76,18.5,,,,0.8891,4.36,11.59,34.86,95.27,93.32,96.42,88.47,96.42,92.54,97.37,97.28
STU0549,2024,9,good,78.79,18.5,,,,0.8974,3.56,11.39,29.61,96.78,94.85,97.19,92.77,97.21,95.86,97.56,97.3
STU0549,2025,10,good,73.58,18.5,,,,0.8946,3.33,11.49,34.37,97.58,96.01,97.25,94.92,97.45,96.96,97.37,97.81
STU0550,2023,8,excellent,87.5,19,,,,0.8713,4.63,11.71,19.34,97.97,95.54,96.42,95.62,93.09,92.85,91.35,97.85
STU0550,2024,9,excellent,84.85,19,,,,0.8718,4.21,11.73,19.71,97.55,96.96,96.71,96.49,95.39,94.51,93.42,97.62
STU0550,2025,10,excellent,88.08,19,,,,0.8682,3.91,11.73,17.99,98.05,97.16,97.31,96.91,96.53,96.38,95.27,97.76
STU0551,2023,8,excellent,84,21.5,,,,0.9743,2.67,8.76,20.25,97.5,97.74,95.47,97.53,90.49,88.87,96.47,95.11
STU0551,2024,9,excellent,85.35,21.5,,,,0.9744,2.28,8.67,19.77,97.12,98.01,96.11,97.83,93.36,90.77,97.1,96.26
STU0551,2025,10,excellent,76.68,21.5,,,,0.9736,2.29,8.75,26.11,97.44,98.02,95.65,97.98,92.57,90.91,97.03,96.43
STU0552,2023,8,good,78,18.6,,,,0.8713,14.37,7.77,35.53,97.34,81.45,97.83,92.8,93.8,82.42,96.58,87
STU0552,2024,9,good,70.71,18.6,,,,0.8718,13.96,7.67,38.2,97.7,83.45,97.8,94.63,93.21,83.15,97,89.2
STU0552,2025,10,good,77.2,18.6,,,,0.8682,5.4,7.74,31.65,97.76,86,97.96,94.83,95.9,87.11,97.06,91.74
STU0553,2023,8,good,75,14.5,,,,0.8033,5.99,12.34,35.78,97.88,93.3,83.09,96.14,97.43,97.05,96.25,96.88
STU0553,2024,9,good,80.3,14.5,,,,0.7949,5.97,12.18,35.73,97.73,94.33,84.81,95.57,97.8,97.28,96.4,96.7
STU0553,2025,10,good,83.42,14.5,,,,0.7984,5.68,12.29,27.11,97.44,95.38,86,97.06,97.83,97.21,96.89,97.53
STU0554,2023,8,good,76,14.9,,,,0.6924,20.6,18.15,43.81,96.56,95.45,75.05,89.67,80.85,75.35,77.06,85.9
STU0554,2024,9,good,82.83,14.9,,,,0.6923,11.64,18.19,39.49,97.26,96.5,77.05,92.54,84.45,78.03,80.5,89.33
STU0554,2025,10,good,85.49,14.9,,,,0.693,10.69,18.19,34.9,97.43,96.04,80.38,95.41,88.14,81.51,82.91,92.64
STU0555,2023,8,moderate,65.5,9.2,,,,0.7346,32.13,22.13,49.99,73.86,56.69,68.72,65.55,86.21,72.09,85.32,50.26
STU0555,2024,9,moderate,64.14,9.2,,,,0.7436,31.5,22.08,49.69,75.54,58.56,71.1,67.28,86.02,74.23,88.39,51.45
STU0555,2025,10,moderate,64.77,9.2,,,,0.7365,31.19,22.13,49.57,77.94,59.57,72.51,67.08,87.9,74.27,89.83,52.58
STU0556,2023,8,moderate,67,10.4,,,,0.6667,36.61,23.49,52.35,76.49,85.61,50.31,61.53,59.64,59.9,54.94,55.26
STU0556,2024,9,moderate,61.62,10.4,,,,0.6667,35.49,23.43,51.83,79.72,88.19,53.61,61.92,63.15,63.87,55.99,58.96
STU0556,2025,10,moderate,67.36,10.4,,,,0.6667,35.01,23.51,51.63,80.45,88.09,55.27,63.1,65,65.71,59.26,60.06
STU0557,2023,8,moderate,63.5,13.4,,,,0.53,35.59,25.52,52.39,72.39,65.32,66.91,57.54,90.54,79.07,76.15,63.1
STU0557,2024,9,moderate,61.11,13.4,,,,0.5385,34.15,25.58,51.76,77.84,68.54,70.61,62.09,91.61,81.07,78.67,67.72
STU0557,2025,10,moderate,59.59,13.4,,,,0.5349,33.62,25.61,51.53,76.4,71.56,74.09,66.05,92.91,82.47,79.72,69.17
STU0558,2023,8,moderate,70,4.6,,,,0.6924,28.42,42.18,53.33,93.05,81.7,78.66,62.23,94.82,80.98,94.5,65.27
STU0558,2024,9,moderate,75.76,4.6,,,,0.6923,28.83,42.26,53.54,93.41,79.74,76.79,59.2,94.79,79.66,94.97,63.99
STU0558,2025,10,moderate,69.43,4.6,,,,0.693,29.18,42.2,53.68,93.61,79.29,75.16,58.85,94.71,78.69,93.78,62.86
STU0559,2023,8,good,78,10.7,,,,0.8713,25.6,10.57,43.08,83.83,84.64,82.97,88.63,67.43,80.75,76.31,78.23
STU0559,2024,9,good,80.3,10.7,,,,0.8718,17.08,10.66,40.35,86.09,87.99,86.3,89.3,74.1,84.01,80.82,83.44
STU0559,2025,10,good,73.58,10.7,,,,0.8682,15.59,10.64,39.68,90.46,90.87,89.88,93.5,74.8,88.73,85.58,88.32
STU0560,2023,8,excellent,84,21.4,,,,0.9743,1.96,11.44,28.7,94.3,96.07,96.18,97.62,97.57,97.45,97.68,93.53
STU0560,2024,9,excellent,84.34,21.4,,,,0.9744,1.99,11.44,29.54,94.33,96.17,96.76,97.41,97.1,97.34,97.59,93.01
STU0560,2025,10,excellent,86.01,21.4,,,,0.9736,1.92,11.42,23.75,96.12,95.43,96.32,97.91,97.56,97.76,97.87,92.79
STU0561,2023,8,moderate,63.5,2.1,,,,0.8033,18.11,34.38,46.75,97.05,84.54,80.98,85.02,89.43,89.15,84.73,67.26
STU0561,2024,9,moderate,59.6,2.1,,,,0.7949,17.42,34.2,46.39,97.18,88.13,86.46,87.08,91.61,91.01,86.14,69.14
STU0561,2025,10,moderate,61.14,2.1,,,,0.7984,16.31,34.33,45.92,97.55,89.55,86.05,92.26,92.26,93.95,89.82,73.21
STU0562,2023,8,good,80,14.9,,,,0.897,15.5,8.06,30.29,84.33,90.32,78.88,88.59,93.24,75.57,94.74,88.74
STU0562,2024,9,good,74.75,14.9,,,,0.8974,14.63,7.96,33.67,88.56,91.74,81.39,91.25,94.49,78.82,95.46,87.98
STU0562,2025,10,good,77.72,14.9,,,,0.8946,13.91,8.04,34.55,91.22,93.61,86.03,92.66,94.62,80.82,96.7,90.59
STU0563,2023,8,excellent,83,20.4,,,,0.9148,2.64,9.99,24.35,97.97,97.85,98.13,97.77,96.89,97.6,97.79,97.43
STU0563,2024,9,excellent,86.36,20.4,,,,0.9231,2.45,10.06,17.28,97.75,97.31,97.79,97.68,97.51,97.79,97.89,97.99
STU0563,2025,10,excellent,83.42,20.4,,,,0.9209,2.47,10.05,19.7,97.84,97.69,97.72,97.71,98.1,97.89,97.65,97.74
STU0564,2023,8,moderate,65.5,7.9,,,,0.5987,81.61,43.64,77.63,42.66,33.65,62.8,52.86,39.87,36.49,74.88,65.19
STU0564,2024,9,moderate,67.68,7.9,,,,0.5897,73.07,43.85,73.84,45.96,38.71,67.93,56.44,45.31,39.55,78.07,70.34
STU0564,2025,10,moderate,65.8,7.9,,,,0.5969,63.6,43.74,69.56,50.27,41.04,68.93,59.88,46.8,42.86,81.16,73.32
STU0565,2023,8,moderate,63,10.9,,,,0.7439,19.4,20.39,43.83,82.86,85.81,82.15,91.07,70.57,85.69,90.07,83.88
STU0565,2024,9,moderate,67.68,10.9,,,,0.7436,18.62,20.39,43.47,88.17,89.1,82.41,92.73,73.84,85.26,91.3,87.25
STU0565,2025,10,moderate,63.73,10.9,,,,0.7457,18.01,20.37,43.2,88.26,89.97,84.73,92.92,75.76,87.02,92.64,88.33
STU0566,2023,8,moderate,60,9.6,,,,0.6409,62.3,23.84,64,68.31,55.23,49.76,94.52,46.31,61.04,40.07,68.11
STU0566,2024,9,moderate,69.19,9.6,,,,0.641,53.5,23.77,60.01,69.67,58.9,50.64,94.48,48.66,63.11,40.7,72.6
STU0566,2025,10,moderate,61.14,9.6,,,,0.6403,44.96,23.79,56.18,70.06,55.96,52.41,96.15,51.74,66.33,42.41,74.89
STU0567,2023,8,at-risk,23.5,4.7,,,,0.3076,100,58.88,89.72,25.95,32.76,35.87,21.44,39.64,42.42,46.07,38.11
STU0567,2024,9,at-risk,20.71,4.7,,,,0.3077,100,58.89,89.72,26.27,30.65,36.13,23.56,39.71,45.81,47.05,39.51
STU0567,2025,10,at-risk,24.87,4.7,,,,0.307,100,58.82,89.71,30.84,32.76,38.76,25.19,40.03,45.74,48.47,40.77
STU0568,2023,8,good,78,16.5,,,,0.7439,10.3,12.21,33.91,92.99,94.8,79.73,87.26,86.04,85.7,85.66,85.17
STU0568,2024,9,good,74.24,16.5,,,,0.7436,10.03,12.22,37.28,93.88,93.8,83.96,84.99,88.03,87.37,85.85,85.34
STU0568,2025,10,good,83.42,16.5,,,,0.7457,9.57,12.19,24.33,93.42,95.96,84.06,86.69,87.72,88.7,87.52,85.99
STU0569,2023,8,excellent,86,19,,,,0.897,2.96,9.45,22.83,97.81,97.94,98.02,97.8,97.54,97.91,97.54,97.54
STU0569,2024,9,excellent,90.4,19,,,,0.8974,2.99,9.54,14.74,97.64,97.57,97.78,97.74,97.47,97.55,97.74,97.79
STU0569,2025,10,excellent,84.46,19,,,,0.8946,2.99,9.52,21.39,97.91,97.89,97.87,97.59,97.78,97.86,97.65,97.75
STU0570,2023,8,excellent,84.5,20.1,,,,0.9485,2.2,9.2,24.55,97.37,96.89,97.81,98.14,97.94,97.27,97.8,93.79
STU0570,2024,9,excellent,80.81,20.1,,,,0.9487,2.08,9.11,29.75,97.98,97.54,97.91,97.61,98.12,97.56,97.79,94.75
STU0570,2025,10,excellent,86.01,20.1,,,,0.9473,2.03,9.18,22.35,97.75,97.85,97.85,97.79,98.17,97.55,97.96,95.75
STU0571,2023,8,good,76.5,12.9,,,,0.538,90.17,22.5,69.14,28.69,48.06,66.01,64.19,57.61,34.33,57.46,48.8
STU0571,2024,9,good,82.32,12.9,,,,0.5385,65.94,22.57,51.63,30.94,50.84,68.99,67.4,60.78,37.22,60.03,53.11
STU0571,2025,10,good,78.76,12.9,,,,0.5349,64.88,22.54,56.39,34.48,54.99,70.64,68.35,65.58,38.99,62.77,56.26
STU0572,2023,8,irregular,47,3.9,,,,0.2818,100,57.83,89.46,43.32,39.31,19.17,23.48,28.24,16.19,34.69,38.37
STU0572,2024,9,irregular,42.93,3.9,,,,0.2821,100,57.83,89.46,46.29,40.4,18.85,24.67,30.2,17.42,34.89,40.9
STU0572,2025,10,irregular,41.97,3.9,,,,0.2806,100,57.8,89.45,47.29,43.67,22.02,24.95,33.26,17.86,35.18,43.04
STU0573,2023,8,excellent,90,17.3,,,,0.8548,16.9,14.2,24.96,92.49,71.34,94.29,67.87,96.17,87.61,92.01,78.44
STU0573,2024,9,excellent,93.94,17.3,,,,0.8462,15.84,14.31,17.38,94.41,74.56,95.35,74.63,97.46,90.38,95.15,82.77
STU0573,2025,10,excellent,90.16,17.3,,,,0.8511,14.98,14.24,21.37,94.6,79.99,96.15,76.59,97.45,91.98,95.61,87.11
STU0574,2023,8,good,70.5,17.8,,,,0.7182,9.06,12.69,37.25,97.2,85.19,89.73,84.86,97.1,93.15,97.8,86.3
STU0574,2024,9,good,73.74,17.8,,,,0.7179,8.7,12.78,37.11,97.42,86.59,92.43,86.48,97.16,94.34,97.74,86.22
STU0574,2025,10,good,65.8,17.8,,,,0.7194,8.48,12.7,36.99,97.54,86.16,94.25,88.5,97.49,93.58,97.76,87.56
STU0575,2023,8,irregular,45.5,9.6,,,,0.47,48.95,30.21,59.58,66.42,43.51,62.67,83.07,56.65,52.16,69.93,63.27
STU0575,2024,9,irregular,47.47,9.6,,,,0.4615,47.45,30.41,58.96,72.23,46.46,68.81,85.64,61.84,55.88,73.7,68
STU0575,2025,10,irregular,44.56,9.6,,,,0.4651,37.7,30.3,54.54,77.13,52.16,72.91,87.72,63.7,59.79,78.36,74.21
STU0576,2023,8,excellent,87.5,18.7,,,,0.9485,3.05,27.67,22.61,97.49,97.46,97.05,97.02,95.14,94.72,86.59,97.49
STU0576,2024,9,excellent,82.32,18.7,,,,0.9487,2.89,27.76,30.85,97.68,97.69,97.36,97.32,95.95,95.64,86.56,97.31
STU0576,2025,10,excellent,88.6,18.7,,,,0.9473,2.62,27.73,21.31,97.48,97.83,97.13,97.01,95.78,96.26,90.85,97.89
STU0577,2023,8,moderate,65,11.3,,,,0.6667,55.57,18.53,59.64,62.4,42.88,58.28,62.46,52.33,59.69,46.54,60.83
STU0577,2024,9,moderate,58.59,11.3,,,,0.6667,54.44,18.61,59.15,67.35,46.51,58.7,66.38,56.05,62.77,47.33,65.19
STU0577,2025,10,moderate,57.51,11.3,,,,0.6667,44.65,18.55,54.73,71.19,49.91,62.59,70.1,60.25,65.61,54.25,70.75
STU0578,2023,8,good,76,17.2,,,,0.7604,5.85,9.88,35.1,98.09,95.64,97.85,97.57,97.63,97.53,97.63,97.29
STU0578,2024,9,good,76.77,17.2,,,,0.7692,5.58,10.14,29.73,97.86,96.33,97.71,97.88,98.03,97.67,97.65,97.67
STU0578,2025,10,good,77.2,17.2,,,,0.7628,5.67,10.02,31.45,97.83,97.03,97.56,98.17,97.78,97.69,97.72,97.66
STU0579,2023,8,good,69.5,19.9,,,,0.7861,16.77,12.83,40.76,90.83,94.59,91.87,90.6,92.36,91.13,76.16,86.02
STU0579,2024,9,good,74.75,19.9,,,,0.7949,16.51,12.69,40.6,89.69,94.55,90.37,90.43,93.31,91.82,77.28,86.91
STU0579,2025,10,good,73.06,19.9,,,,0.7892,8.12,12.79,36.85,92.3,95.12,90.9,92.01,93.28,90.64,80.72,88.35
STU0580,2023,8,good,69,15.7,,,,0.6667,23.35,16.26,44.57,83.24,78.76,77.27,74.72,78.54,78.25,72.58,84.48
STU0580,2024,9,good,71.72,15.7,,,,0.6667,22.11,16.37,44.04,83.65,80.28,82.81,77.56,83.22,82.82,74.6,87.12
STU0580,2025,10,good,69.95,15.7,,,,0.6667,20.54,16.39,43.34,90.86,85.71,85.55,82.63,86.35,86.32,78.33,88.91
STU0581,2023,8,excellent,84.5,22.5,,,,0.9743,1.45,7.9,22.08,97.66,97.99,97.91,97.76,97.71,97.49,97.27,97.69
STU0581,2024,9,excellent,84.85,22.5,,,,0.9744,1.39,7.9,20.18,97.97,97.81,98.17,97.57,97.92,97.71,97.64,97.78
STU0581,2025,10,excellent,87.56,22.5,,,,0.9736,1.38,7.94,18.72,97.89,98.02,98.06,97.75,97.8,97.74,97.89,97.85
STU0582,2023,8,excellent,89,16.1,,,,0.9485,4.59,6.89,16.9,94.82,89.99,91.4,95.56,95.03,94.6,81.42,89.04
STU0582,2024,9,excellent,90.4,16.1,,,,0.9487,12.41,6.88,19.22,95.37,90.84,91.76,95.38,96.56,93.27,81.86,90.28
STU0582,2025,10,excellent,86.01,16.1,,,,0.9473,3.81,6.93,19.88,96.23,92.7,93.77,95.82,96.75,95.31,85.74,91.67
STU0583,2023,8,moderate,62.5,6,,,,0.5894,74.12,47.26,75.17,68.69,79.56,49.29,69.58,40.84,35.16,37.66,54.69
STU0583,2024,9,moderate,68.18,6,,,,0.5897,64.94,47.33,71.06,72.91,81.23,52.79,70.67,46.39,35.78,40.09,57.64
STU0583,2025,10,moderate,68.39,6,,,,0.5876,63.83,47.35,70.56,75.14,83.99,54.71,74.71,48.4,40.35,42.5,60.96
STU0584,2023,8,good,77.5,18.6,,,,0.8633,13.13,10.96,37.67,97.84,95.63,90.1,97.42,93.07,92,90.51,97.54
STU0584,2024,9,good,76.77,18.6,,,,0.8718,4.26,10.87,34.63,97.97,96.91,93.26,97.76,95.14,94.06,94.76,97.25
STU0584,2025,10,good,71.5,18.6,,,,0.8682,4.12,10.87,34.57,98.01,97.92,94.71,97.64,95.87,94.82,95,97.44
STU0585,2023,8,excellent,84,20.1,,,,0.8713,3.64,10.87,19.42,97.82,97.79,97.66,94.88,98.02,96.83,97.76,97.9
STU0585,2024,9,excellent,84.34,20.1,,,,0.8718,3.48,10.89,22.87,97.82,97.81,97.56,97.09,97.78,97.84,97.77,97.95
STU0585,2025,10,excellent,84.46,20.1,,,,0.8682,3.56,10.91,18.39,97.62,97.84,97.61,96.97,97.91,97.77,97.7,97.96
STU0586,2023,8,good,76,15.3,,,,0.9063,4.56,9.55,28.38,97.66,96.78,95,97.79,88.59,84,94.61,97.29
STU0586,2024,9,good,80.81,15.3,,,,0.8974,4.35,9.67,25.5,97.68,97.24,95.66,97.57,90.2,86.66,95.3,96.78
STU0586,2025,10,good,78.76,15.3,,,,0.9038,3.72,9.57,26.53,97.43,97.56,97.08,97.52,92.82,89.49,96.97,97.16
STU0587,2023,8,moderate,62.5,9.2,,,,0.7954,29.23,18.92,47.89,87.64,82.62,74.22,72.91,81.51,67.53,70.41,66.25
STU0587,2024,9,moderate,71.21,9.2,,,,0.7949,21.29,18.89,44.3,90.23,83.25,76.28,74.22,84.82,69.64,74.44,69.62
STU0587,2025,10,moderate,62.69,9.2,,,,0.7984,27.34,18.94,47.04,92.17,85.3,79.33,76.55,85.31,73.33,77.21,71.12
STU0588,2023,8,moderate,66.5,7.3,,,,0.4957,100,48.53,87.13,26.15,40.67,18.46,49.03,35.78,48.92,36.13,24.95
STU0588,2024,9,moderate,67.17,7.3,,,,0.4872,100,48.3,87.07,30.05,43.83,21.42,52.22,37.12,50.85,40.83,28.71
STU0588,2025,10,moderate,72.02,7.3,,,,0.4915,100,48.42,87.11,33.81,45.94,25.5,55.94,39.86,53.74,42.37,30.9
STU0589,2023,8,excellent,87.5,21.4,,,,0.8805,6.01,11.37,21.67,94.19,96.5,79.72,97.76,95.9,76.85,94.86,94.66
STU0589,2024,9,excellent,84.85,21.4,,,,0.8718,5.69,11.36,22.98,95.07,96.83,83.17,98.16,96.18,80.13,96.01,94.79
STU0589,2025,10,excellent,80.31,21.4,,,,0.8775,5.08,11.36,29.06,96.05,97.45,85.87,98.12,97.2,83.1,96.59,95.63
STU0590,2023,8,good,73,13.5,,,,0.8376,20.11,35.26,47.86,85.01,82.07,70.55,68.89,86.77,75.21,68.86,87.32
STU0590,2024,9,good,74.75,13.5,,,,0.8462,18.49,35.15,44.01,88.02,85.03,77.13,73.06,89.46,80.26,71.11,89.35
STU0590,2025,10,good,68.91,13.5,,,,0.8419,17.48,35.21,46.6,90.49,88.67,78.77,76,91.58,80.69,75.53,93.11
STU0591,2023,8,good,85,17,,,,0.7439,6.75,13.42,23.04,97.43,97.2,95.08,96.81,89.47,97.95,97.76,94.56
STU0591,2024,9,good,79.8,17,,,,0.7436,6.44,13.3,31.17,98.08,97.55,96,97.45,92.99,97.69,97.62,95.83
STU0591,2025,10,good,75.65,17,,,,0.7457,6.4,13.39,36.23,97.84,97.58,95.6,97.77,93.54,97.79,97.89,95.27
STU0592,2023,8,good,76,12.4,,,,0.8119,25.44,10.23,41.54,95.4,93.33,93.36,85.25,90.43,68.16,63.26,91.71
STU0592,2024,9,good,88.89,12.4,,,,0.8205,24.49,10.32,29.43,96.33,94.71,93.76,89.05,91.11,72.11,64.71,93.54
STU0592,2025,10,good,72.02,12.4,,,,0.8155,16.98,10.28,40.21,97.17,94.93,96.4,89.58,92.6,72.93,69.54,93.55
STU0593,2023,8,excellent,78,17.9,,,,0.8291,13.68,29.55,41.56,97.37,97.76,89.93,98.08,96.75,91.95,88.18,97.65
STU0593,2024,9,excellent,83.84,17.9,,,,0.8205,5.39,29.54,26.71,97.83,97.6,94.26,97.65,97.42,94.05,90.41,97.02
STU0593,2025,10,excellent,85.49,17.9,,,,0.8248,4.97,29.55,25.27,97.86,97.8,94.49,97.89,97.03,95.22,93.81,97.95
STU0594,2023,8,good,68.5,10.7,,,,0.8033,18.63,14.68,42.05,94.21,83.43,86.25,82,87.81,86.45,65.83,85.28
STU0594,2024,9,good,71.21,10.7,,,,0.7949,25.12,14.68,44.97,94.51,86.06,86.78,83.08,90.74,89.37,66.69,87.74
STU0594,2025,10,good,73.58,10.7,,,,0.7984,17.7,14.74,41.65,94.64,85.93,87.64,86.26,91.61,90.4,68.18,87.21
STU0595,2023,8,excellent,86.5,22.2,,,,0.8291,5.28,12.49,26.33,96.21,91.63,95.71,97.11,97.81,96.25,97.44,91.4
STU0595,2024,9,excellent,83.33,22.2,,,,0.8205,5.26,12.45,30.58,96.24,91.51,96.71,97.64,97.35,97.02,97.82,92.42
STU0595,2025,10,excellent,88.6,22.2,,,,0.8248,5.15,12.42,22.22,96.53,92.95,95.81,96.96,97.93,96.22,97.55,93.38
STU0596,2023,8,moderate,61.5,9.1,,,,0.6924,35.96,18.47,50.8,74.13,64.98,53.21,52.75,57.3,69.93,55.23,74.72
STU0596,2024,9,moderate,62.12,9.1,,,,0.6923,33.94,18.47,49.89,79.25,68.78,58.57,58.84,63.59,75.19,61.07,78.31
STU0596,2025,10,moderate,55.44,9.1,,,,0.693,31.72,18.47,48.89,85.86,74.61,64.62,61.91,70.05,80.08,65.43,83.84
STU0597,2023,8,excellent,83.5,16.3,,,,0.8119,7.15,14.4,27.38,96.58,96.14,90.02,86.89,91.66,90.21,89.48,91.77
STU0597,2024,9,excellent,86.36,16.3,,,,0.8205,6.59,14.39,23.83,95.82,97.15,91.87,88.65,92.84,91.1,89.79,93.51
STU0597,2025,10,excellent,82.9,16.3,,,,0.8155,6.4,14.43,28.98,96.03,97.14,93.44,90.45,92.81,91.02,91.54,94.04
STU0598,2023,8,irregular,63,6,,,,0.6409,77.22,48.25,76.81,61.31,39.62,49.25,32.02,76.16,70.54,89.28,49.76
STU0598,2024,9,irregular,59.6,6,,,,0.641,52.43,48.18,65.64,65.33,44.6,56.85,37.77,78.42,74.56,92.44,54.94
STU0598,2025,10,irregular,63.21,6,,,,0.6403,50.69,48.21,64.86,71.45,46.13,60.89,43.31,82.73,78.06,95.02,58.31
STU0599,2023,8,good,73.5,18,,,,0.8033,14.81,11.18,39.46,87.78,97,88.34,96.49,94.02,93.56,87.33,96.96
STU0599,2024,9,good,73.23,18,,,,0.7949,6.39,11.14,35.66,90.03,97.17,92.12,97.24,96.37,94.59,89.24,97.47
STU0599,2025,10,good,72.54,18,,,,0.7984,5.8,11.18,35.41,92.65,97.73,93.54,97.13,96.72,96.22,92.49,97.53
STU0600,2023,8,excellent,83,16.8,,,,0.7696,6.52,15.26,34.62,97.71,96.44,96.88,97.78,96.89,92.71,90.06,97.04
STU0600,2024,9,excellent,77.78,16.8,,,,0.7692,6.32,15.33,36.68,97.83,96.27,96.86,97.92,97.81,93.73,91.26,96.66
STU0600,2025,10,excellent,76.68,16.8,,,,0.7721,6.09,15.3,36.56,97.65,97.32,97.29,97.85,97.48,95.17,91.12,97.46
STU0601,2023,8,excellent,85.5,14.9,,,,0.8119,16.35,14.31,25.68,86.71,86.81,83.7,95.67,94.69,77.54,89.08,95.93
STU0601,2024,9,excellent,85.86,14.9,,,,0.8205,7.68,14.27,22.59,88.93,88.12,85.42,96.59,96.25,78.34,91.27,97.05
STU0601,2025,10,excellent,89.64,14.9,,,,0.8155,15.26,14.27,21.61,91.03,88.82,89.36,96.77,96.45,80.23,91.43,96.68
STU0602,2023,8,excellent,88,12.6,,,,0.9148,13.2,12.26,25.03,97.97,94.51,78.15,97.54,75.68,94.23,92.31,97.56
STU0602,2024,9,excellent,89.39,12.6,,,,0.9231,12.76,12.15,23.61,97.63,95.47,82.7,97.68,75.69,94.94,93.62,97.8
STU0602,2025,10,excellent,87.56,12.6,,,,0.9209,12.43,12.23,22.96,97.49,95.74,83.41,97.51,79.52,95.4,94.83,97.82
STU0603,2023,8,excellent,90,17.6,,,,0.9743,2.61,8.82,16.28,96.12,97,97.72,88.65,96.88,97.96,93.76,89.34
STU0603,2024,9,excellent,88.38,17.6,,,,0.9744,2.46,8.91,17.47,95.92,96.7,97.74,90.6,97.41,97.9,94.17,90.22
STU0603,2025,10,excellent,88.6,17.6,,,,0.9736,2.19,8.87,17.3,96.51,97.34,98.21,91.82,98.16,97.83,94.92,91.85
STU0604,2023,8,excellent,78.5,11.2,,,,0.8119,17.8,13.04,41.27,96.44,93.91,85.34,97.49,72.63,77.15,74.05,91.32
STU0604,2024,9,excellent,85.35,11.2,,,,0.8205,16.54,13.29,28.24,97.13,95.18,90.76,97.7,75.89,78.3,77.74,95.33
STU0604,2025,10,excellent,82.38,11.2,,,,0.8155,15.76,13.16,30.28,97.66,96.92,92.01,97.55,79.82,82.81,81.53,95.91
STU0605,2023,8,good,72,11.6,,,,0.6924,29.98,17.45,47.85,82.08,59.71,91.3,88.91,85.82,71.47,91.74,55.68
STU0605,2024,9,good,73.74,11.6,,,,0.6923,30.08,17.53,47.92,82.31,60.48,90.96,87.9,86.76,73.46,91.89,54.86
STU0605,2025,10,good,77.72,11.6,,,,0.693,29.81,17.46,45.86,87.51,59.2,91.28,86.06,86.4,75.01,92.25,55.5
STU0606,2023,8,moderate,68.5,4.6,,,,0.5894,35.1,40.49,55.92,93.09,55.5,68.45,66.62,68.19,74.04,67.04,72.53
STU0606,2024,9,moderate,74.24,4.6,,,,0.5897,34.78,40.56,55.79,95.61,58.48,70.18,68.25,67.55,73.53,66.16,75.36
STU0606,2025,10,moderate,68.39,4.6,,,,0.5876,34.48,40.57,55.66,94.83,58.21,69.66,67.86,69.63,74.65,69.59,76.41
STU0607,2023,8,moderate,63.5,10.1,,,,0.7003,19.69,15.56,42.75,92.07,72.21,87.55,94.87,78.75,82.8,91,91.25
STU0607,2024,9,moderate,62.63,10.1,,,,0.6923,18.56,15.6,42.25,91.92,77.52,90.72,96.13,83.06,86.26,92.99,94.31
STU0607,2025,10,moderate,70.47,10.1,,,,0.693,9.83,15.57,38.32,94.66,79.34,91.74,96.66,87.31,89.02,94.13,95.17
STU0608,2023,8,irregular,50,4.5,,,,0.2818,100,72.3,93.07,18.7,12.63,31.72,15.97,13,10.79,13.83,10.56
STU0608,2024,9,irregular,51.01,4.5,,,,0.2821,100,71.98,92.99,23.33,13.38,32.56,16.51,13.6,11.86,15.36,11.62
STU0608,2025,10,irregular,49.74,4.5,,,,0.2806,100,72.23,93.06,23.99,15.24,35.11,18.09,15.08,13.21,16.03,12.55
STU0609,2023,8,moderate,64,15.4,,,,0.9148,4.83,14.63,35.83,97,86.8,87.23,97.86,96.59,92.85,87.33,94.5
STU0609,2024,9,moderate,67.17,15.4,,,,0.9231,3.93,14.69,35.44,96.43,90.48,88.89,97.69,97.63,94.66,90.97,96.51
STU0609,2025,10,moderate,66.84,15.4,,,,0.9209,3.4,14.7,35.2,97.54,93.18,91.64,97.98,97.92,95.78,93.37,97.12
STU0610,2023,8,excellent,86.5,23.3,,,,0.8633,4.03,12.34,20.33,97.72,97.41,97.61,97.08,96.42,96.76,96.96,94.52
STU0610,2024,9,excellent,85.35,23.3,,,,0.8718,3.78,12.39,24.08,97.89,97.54,97.93,97.49,96.77,96.37,97.07,95.17
STU0610,2025,10,excellent,86.53,23.3,,,,0.8682,3.86,12.35,19.35,97.55,97.8,97.49,97.46,96.66,96.36,97.38,95.29
STU0611,2023,8,at-risk,28,4.7,,,,0.3928,100,60.22,90.06,51.22,43.68,48.06,57.51,33.61,41.53,52.42,43.5
STU0611,2024,9,at-risk,30.81,4.7,,,,0.3846,87.88,60.01,84.55,54.58,48.04,53.27,57.33,37.44,41.91,53.27,47.72
STU0611,2025,10,at-risk,36.27,4.7,,,,0.386,79.03,60.14,80.6,56.14,49.89,52.66,60,38.39,46.04,55.86,49.29
STU0612,2023,8,moderate,61.5,13.5,,,,0.6152,36.85,24.71,52.76,59.59,61.17,59.69,55.55,74.1,64.65,70.23,67.46
STU0612,2024,9,moderate,70.2,13.5,,,,0.6154,36.26,24.71,52.49,63.61,64.36,61.12,57.05,77.44,66.23,68.32,68.36
STU0612,2025,10,moderate,63.73,13.5,,,,0.614,35.23,24.69,52.03,65.17,66.59,64.79,58.42,79.64,68.03,72.75,70.23
STU0613,2023,8,moderate,61,5,,,,0.4185,77.24,45.23,76.06,47.37,48.66,46.69,56.45,55.05,60.51,58.56,49.37
STU0613,2024,9,moderate,59.09,5,,,,0.4103,68.88,45.29,72.32,49.51,51.51,45.93,58.13,57,62.53,60.06,48.92
STU0613,2025,10,moderate,58.55,5,,,,0.4124,52.21,45.25,64.81,50.52,50.73,49.98,62.03,60.23,60.73,61.96,51.86
STU0614,2023,8,good,81,18.2,,,,0.8548,14.7,32.25,36.67,96.34,95.57,81.89,96.3,83.51,88.11,87.58,97.26
STU0614,2024,9,good,84.34,18.2,,,,0.8462,6.25,32.09,26.72,96.54,94.79,82.2,97.39,89.05,89.56,90.3,97.18
STU0614,2025,10,good,77.2,18.2,,,,0.8511,5.99,32.21,37.14,97.26,95.91,83.25,96.97,89.12,89.88,90.36,97.22
STU0615,2023,8,moderate,64,5.8,,,,0.5894,46.45,40.05,60.91,56.2,75.27,57.02,43.93,52.06,56.03,87.16,59.61
STU0615,2024,9,moderate,64.14,5.8,,,,0.5897,45.29,39.89,60.35,58.9,77.75,59.36,45.33,52.52,60.16,89.82,62.67
STU0615,2025,10,moderate,56.99,5.8,,,,0.5876,44.27,40.03,59.93,62.52,80.42,64.62,48.53,58.24,62.45,92.1,64.37
STU0616,2023,8,moderate,70.5,15.3,,,,0.9228,5.38,12.68,35.59,97.11,84.95,89.37,94.96,84.86,88.93,88.62,96.63
STU0616,2024,9,moderate,66.67,15.3,,,,0.9231,4.5,12.59,35.17,97.52,87.07,92.84,96.57,89.1,92.21,90.32,96.97
STU0616,2025,10,moderate,74.09,15.3,,,,0.9209,4.1,12.64,33.84,97.45,89.25,93.06,97.87,89.16,93.65,92.93,97.84
STU0617,2023,8,moderate,64.5,12.7,,,,0.6924,32.22,24.65,50.66,87.87,65.25,63.73,75.1,86.13,66.48,62.27,78.82
STU0617,2024,9,moderate,63.13,12.7,,,,0.6923,31.53,24.44,50.3,89.72,68.02,67.34,77.49,87.74,66.89,64.42,79.24
STU0617,2025,10,moderate,65.8,12.7,,,,0.693,30.64,24.6,49.94,89.93,68.85,69.37,78.07,91.9,72.18,65.94,82.09
STU0618,2023,8,moderate,66,7.7,,,,0.5894,54.09,41.43,64.7,67.25,77.66,54.98,90.74,52.82,33.44,57.71,57.52
STU0618,2024,9,moderate,62.12,7.7,,,,0.5897,46.38,41.5,61.25,71.21,79.17,59.74,92.39,52.91,36.5,60.12,59.27
STU0618,2025,10,moderate,63.73,7.7,,,,0.5876,45.96,41.48,61.05,69.65,78.74,58.54,92.5,56.66,39.05,59.83,62.55
STU0619,2023,8,excellent,84.5,11.8,,,,0.9485,5.61,10.51,20.11,83.18,93.74,82.86,80.14,97.64,86.4,97.63,81.64
STU0619,2024,9,excellent,83.33,11.8,,,,0.9487,5.06,10.51,22.8,84.33,94.3,87.4,83.66,97.82,87.31,97.7,84
STU0619,2025,10,excellent,84.46,11.8,,,,0.9473,4.47,10.56,23.22,88.2,94.81,87.68,86.13,97.99,90.87,97.25,86.42
STU0620,2023,8,good,75.5,13.3,,,,0.6072,41.63,15.99,48.58,91.07,85.29,72.69,86.42,67.28,46.86,73.64,76.7
STU0620,2024,9,good,70.2,13.3,,,,0.6154,41,15.98,51.2,90.65,85.98,75.29,86.04,68.16,47.96,74.45,77.47
STU0620,2025,10,good,72.02,13.3,,,,0.614,40.84,16.02,51.66,89.89,86.15,75.75,85.28,70.52,49.33,74.29,76.68
STU0621,2023,8,good,71.5,13.8,,,,0.573,38.33,21,52.5,74.12,60.07,69.35,56.74,67.67,56.33,69.02,54.16
STU0621,2024,9,good,72.22,13.8,,,,0.5641,38.03,21.08,52.38,75.9,61.47,71.67,56.61,69.22,58.77,68.2,55.04
STU0621,2025,10,good,67.88,13.8,,,,0.5705,37.74,21.01,52.23,77.29,62.83,71.33,57.69,68.46,58.32,69.85,56.88
STU0622,2023,8,good,76.5,12.1,,,,0.8291,15,9.43,39.11,94.15,72.51,93.36,92.89,93.17,96.36,95.57,90.46
STU0622,2024,9,good,84.34,12.1,,,,0.8205,14.84,9.27,35.68,94.98,73.72,93.41,93,95.15,96.84,96.56,92.71
STU0622,2025,10,good,79.27,12.1,,,,0.8248,6.47,9.35,35.25,95.97,76.5,95.34,91.73,95.89,97.46,97.01,92.27
STU0623,2023,8,good,82,13.6,,,,0.8291,16.66,10.55,31.01,94.35,89.78,95.77,95.81,74.65,78.64,82.69,90.1
STU0623,2024,9,good,72.22,13.6,,,,0.8205,15.92,10.39,39.76,95.47,92.15,96.4,96.87,80.5,81.13,85.28,91.55
STU0623,2025,10,good,79.27,13.6,,,,0.8248,6.98,10.52,31.72,96.6,93.46,97.13,97.4,82.66,83.64,90.12,93.72
STU0624,2023,8,excellent,83.5,19.5,,,,0.9228,3.04,8.2,26.68,97.61,92.71,97.86,97.92,97.91,95.75,96.7,94.42
STU0624,2024,9,excellent,76.26,19.5,,,,0.9231,2.9,8.11,32.62,97.8,93.69,97.72,97.9,97.64,96.61,96.92,95.38
STU0624,2025,10,excellent,82.9,19.5,,,,0.9209,2.85,8.18,26.72,97.86,94.4,97.7,97.61,98.02,96.7,96.9,96.31
STU0625,2023,8,good,80.5,15.3,,,,0.8033,17.42,11.12,34.51,88.16,86.62,89.55,90.39,85.49,81.59,94.26,75.05
STU0625,2024,9,good,66.16,15.3,,,,0.7949,8.9,11.11,36.78,88.35,89.41,88.96,93.64,88.84,83.48,95.48,77.32
STU0625,2025,10,good,76.17,15.3,,,,0.7984,8.28,11.15,31.32,91.71,90.56,90.12,94.07,89.78,85.21,95.28,80.75
STU0626,2023,8,good,73.5,16.8,,,,0.9148,4.02,10.05,34.32,93.29,95.26,96.98,90.82,88.27,97.02,95.35,94.19
STU0626,2024,9,good,76.77,16.8,,,,0.9231,3.46,9.94,34.04,94.82,95.47,97.85,93.48,91.22,97.23,95.62,95.3
STU0626,2025,10,good,74.61,16.8,,,,0.9209,3.34,10,34,95.23,96.53,97.83,93.61,92.24,97.12,96.02,95.58
STU0627,2023,8,good,87,16.4,,,,0.7518,17.36,14.18,25.79,97.08,82.14,76.84,97.76,95.47,76.08,92.97,97.75
STU0627,2024,9,good,76.26,16.4,,,,0.7436,16.92,14.12,39.53,97.38,85.94,78,97.87,96.49,81.01,94.05,97.59
STU0627,2025,10,good,80.31,16.4,,,,0.7457,8.12,14.1,26.62,96.92,89.7,83.61,97.64,96.56,84.38,95.32,97.94
STU0628,2023,8,good,80,10.2,,,,0.8291,30.02,12.1,46.53,83.05,90.15,58.3,76.5,76.81,58.32,59.65,73.47
STU0628,2024,9,good,82.32,10.2,,,,0.8205,28.54,12.3,43.03,87.73,92.96,64.08,80.89,81.35,60.14,63.38,77.9
STU0628,2025,10,good,81.35,10.2,,,,0.8248,27.55,12.2,43.66,89.28,94.17,67.12,83.8,81.31,64.12,68.13,80.46
STU0629,2023,8,excellent,87.5,13.6,,,,0.8633,5.14,9.58,21.73,96.34,84.6,97.57,91.44,96.17,95.23,95.84,95.3
STU0629,2024,9,excellent,87.37,13.6,,,,0.8718,4.44,9.48,20.52,96.77,86.69,97.58,94.95,97.29,96.69,96.81,95.43
STU0629,2025,10,excellent,84.46,13.6,,,,0.8682,4.55,9.48,25.68,97.89,88.79,97.15,93.69,96.95,96.21,96.15,95.67
STU0630,2023,8,excellent,88.5,19.5,,,,0.7439,15.52,12.38,26.89,98.01,83.2,97.95,86.07,97.74,95.5,97.28,95.53
STU0630,2024,9,excellent,81.82,19.5,,,,0.7436,7.28,12.39,30.89,97.96,84.68,97.75,91.01,97.66,96,96.71,96.29
STU0630,2025,10,excellent,79.27,19.5,,,,0.7457,6.99,12.35,29.48,97.86,87.15,97.61,91.46,97.6,96.24,97.44,96.85
STU0631,2023,8,irregular,49.5,7.4,,,,0.3848,100,56.37,89.09,16.89,22.25,15.67,17.67,44.05,26.16,27.61,27.64
STU0631,2024,9,irregular,53.03,7.4,,,,0.3846,100,56.3,89.07,18.91,27.88,17.52,19.52,46.05,29.99,30.37,29.51
STU0631,2025,10,irregular,50.78,7.4,,,,0.386,100,56.3,89.08,22.77,29.67,21.3,23.31,49.82,32.54,33.13,33.45
STU0632,2023,8,good,74,15.9,,,,0.897,5.32,10.07,34.91,95.23,88.27,97.04,85.99,96.6,85.16,96.43,92.01
STU0632,2024,9,good,74.75,15.9,,,,0.8974,4.67,10.07,34.62,97.1,90.82,97.69,87.4,97.2,87.76,97.3,93.95
STU0632,2025,10,good,75.65,15.9,,,,0.8946,4.51,10.06,34.55,97.51,91.99,97.88,89.59,97.53,87.59,97.19,94.35
STU0633,2023,8,excellent,86.5,18.3,,,,0.7696,6.11,13.2,18.78,97.99,94.73,97.5,97.81,97.77,93.77,94.31,98.03
STU0633,2024,9,excellent,86.87,18.3,,,,0.7692,6.14,13.01,19.57,98.01,95.18,97.98,98,97.89,92.46,94.71,97.8
STU0633,2025,10,excellent,91.19,18.3,,,,0.7721,5.95,13.13,15.91,98.09,95.21,97.85,97.95,97.7,94.1,95,97.73
STU0634,2023,8,moderate,67,10.1,,,,0.538,56.46,23.26,61.22,54.25,58.78,47.68,47.48,63.91,54.97,72.02,70.21
STU0634,2024,9,moderate,62.63,10.1,,,,0.5385,47.38,23.17,57.11,60.05,59.92,49.62,51.86,68.06,58.34,71.55,73.18
STU0634,2025,10,moderate,59.59,10.1,,,,0.5349,38.19,23.28,53.01,62.38,63.96,52.37,53.81,69.11,62.2,77.2,75.24
STU0635,2023,8,moderate,68,5.1,,,,0.6409,88.18,41.33,80.01,60.51,29.07,50.44,29.53,50.2,62.62,70.13,42.76
STU0635,2024,9,moderate,76.26,5.1,,,,0.641,71.67,41.41,69.19,63.85,32.22,54.1,35.7,51.68,65.35,71.91,47.31
STU0635,2025,10,moderate,72.54,5.1,,,,0.6403,62.34,41.37,65.76,68.32,34.7,59.1,38.22,55.51,67.49,75.99,50.07
STU0636,2023,8,excellent,84,15.2,,,,0.9063,4.51,9.36,22.13,95.51,87.24,89.59,91.3,97.28,95.81,95.69,93.8
STU0636,2024,9,excellent,85.35,15.2,,,,0.8974,4.34,9.37,19.97,96.47,86.63,92.85,92.61,97.36,96.21,96.72,95.16
STU0636,2025,10,excellent,88.08,15.2,,,,0.9038,3.96,9.33,15.62,97.33,89.16,91.57,93.49,97.49,96.78,96.86,95.89
STU0637,2023,8,moderate,66,14.7,,,,0.6667,18.98,17.48,42.91,89.58,88.23,97.51,91.59,91.12,85.02,96.94,73.81
STU0637,2024,9,moderate,68.69,14.7,,,,0.6667,18.52,17.27,42.65,92.12,88.15,97.4,93.33,92.54,87.16,96.86,76.87
STU0637,2025,10,moderate,66.84,14.7,,,,0.6667,9.83,17.42,38.78,93.73,91.66,97.67,94.8,93.52,89.25,97.31,79.82
STU0638,2023,8,excellent,89,23,,,,0.8633,3.68,12.74,21.55,97.63,97.77,97.65,97.66,97.48,97.54,97.73,97.55
STU0638,2024,9,excellent,81.82,23,,,,0.8718,3.43,12.87,30.18,97.63,97.85,98.13,98.06,97.76,97.67,98.07,97.59
STU0638,2025,10,excellent,85.49,23,,,,0.8682,3.5,12.85,24.93,97.9,98.09,97.9,97.7,97.88,97.57,97.84,97.88
STU0639,2023,8,moderate,57.5,8,,,,0.6667,63.27,44.87,69.69,50.7,49.19,69.07,56.92,48.38,68.78,55.2,47.22
STU0639,2024,9,moderate,66.67,8,,,,0.6667,37.69,44.87,58.18,58.17,51.74,72.54,60.09,53.74,73.31,58.09,50.94
STU0639,2025,10,moderate,64.25,8,,,,0.6667,35.33,44.86,57.11,66.44,58.33,77.02,64.6,56.03,78.75,64.72,59.27
STU0640,2023,8,excellent,81,22.3,,,,0.8805,4.15,10.16,34.41,97.47,97.24,97.66,97.47,93.47,88.23,97.65,97.5
STU0640,2024,9,excellent,89.39,22.3,,,,0.8718,4.19,10.19,21.06,97.53,97.84,97.7,97.7,92.67,90.24,97.82,97.62
STU0640,2025,10,excellent,83.42,22.3,,,,0.8775,3.94,10.17,25.8,97.79,97.41,97.91,97.99,93.98,90.82,98.04,97.78
STU0641,2023,8,good,69.5,12.7,,,,0.6409,64.9,40.09,69.23,50.01,72.48,56.53,53.76,50.7,42.17,31.39,53.74
STU0641,2024,9,good,68.69,12.7,,,,0.641,63.92,40.09,68.79,53.11,74.37,58.73,56.6,52.45,45.81,33.25,57.97
STU0641,2025,10,good,70.98,12.7,,,,0.6403,55.65,40.06,65.06,57.57,77.45,61.85,58.91,55.59,46.9,39.12,61.35
STU0642,2023,8,irregular,44,8.3,,,,0.4106,100,31.63,82.91,44.67,43.19,52,48.67,53.75,56.28,47.27,29.74
STU0642,2024,9,irregular,39.9,8.3,,,,0.4103,85.99,31.72,76.63,45.82,46.94,52.43,52.77,55.75,58.23,50.22,31.58
STU0642,2025,10,irregular,45.08,8.3,,,,0.4124,85.58,31.63,76.42,47.2,46.55,55.4,55.21,55.63,60.33,49.96,33.74
STU0643,2023,8,good,85.5,8.1,,,,0.7182,46.06,17.28,43.39,53.45,50.16,63.55,58.2,60.04,48.25,61.45,57.89
STU0643,2024,9,good,75.76,8.1,,,,0.7179,36.65,17.16,50.78,58.1,53.2,66.75,62.83,64.97,52.77,64.19,59.6
STU0643,2025,10,good,77.2,8.1,,,,0.7194,35.25,17.23,50.17,61.69,56.56,71.42,65.76,67.63,54.97,66.97,66.57
STU0644,2023,8,excellent,89,20.3,,,,0.8548,3.82,12.45,17.94,97.71,97.92,97.54,97.71,97.2,97.74,97.87,97.93
STU0644,2024,9,excellent,89.39,20.3,,,,0.8462,4.02,12.37,15.23,97.63,97.62,97.41,97.74,97.42,97.45,97.76,98.07
STU0644,2025,10,excellent,83.94,20.3,,,,0.8511,3.85,12.46,23.52,97.66,97.61,98.06,97.93,97.8,97.87,97.58,98.04
STU0645,2023,8,moderate,59.5,5.8,,,,0.5637,100,47.34,86.83,49.5,30.18,46,51.01,36.45,37.03,42.74,16.02
STU0645,2024,9,moderate,64.65,5.8,,,,0.5641,100,47.34,86.83,52.45,29.99,48.87,52.65,36.78,39.27,42.85,17.04
STU0645,2025,10,moderate,56.99,5.8,,,,0.5613,100,47.34,86.84,52.83,33.74,50.62,56.21,38.51,41.24,46.22,17.99
STU0646,2023,8,moderate,65,12.9,,,,0.573,34.68,23.82,51.56,73.38,67.78,77.71,69.76,82.35,59.14,89.9,59.9
STU0646,2024,9,moderate,65.66,12.9,,,,0.5641,34.54,23.9,51.52,74.07,68.95,80.18,68.86,86.75,58.82,89.55,61.12
STU0646,2025,10,moderate,66.84,12.9,,,,0.5705,33.72,23.82,51.13,76.86,71.53,79.72,74.46,85.61,61.24,90.65,61.04
STU0647,2023,8,good,79,16.8,,,,0.8291,16.73,13.17,34.13,86.28,89.22,95.18,77.12,86.75,74.44,93.21,95.27
STU0647,2024,9,good,77.78,16.8,,,,0.8205,8.24,13.13,35.06,88.69,90.07,94.96,81.83,88.03,77.59,93.27,95.07
STU0647,2025,10,good,77.72,16.8,,,,0.8248,15.39,13.12,35.59,92.27,92.93,97.1,81.91,90.7,79.79,93.68,95.86
STU0648,2023,8,moderate,63,8.1,,,,0.5558,55.26,22.33,60.45,86.45,50.68,68.19,35.28,78.18,46.21,59.63,77.21
STU0648,2024,9,moderate,70.2,8.1,,,,0.5641,53.54,22.18,59.64,90.93,53.58,71.62,39.38,80.19,49.26,62.47,82.78
STU0648,2025,10,moderate,67.36,8.1,,,,0.5613,44.58,22.24,55.62,92.99,59.48,75.82,44.77,81.63,52.13,66.07,83.08
STU0649,2023,8,good,75,8.8,,,,0.7696,27.61,16,46.43,88.83,55.26,82.29,80.77,94.09,86.72,70.24,87.04
STU0649,2024,9,good,78.28,8.8,,,,0.7692,19.48,15.81,42.72,89.44,57.51,85.35,84.07,95.95,89.72,76.03,88.16
STU0649,2025,10,good,73.58,8.8,,,,0.7721,25.77,15.94,45.58,91.33,59.65,85.63,87.67,95.72,91.83,77.01,91.66
STU0650,2023,8,at-risk,35,4.3,,,,0.3848,86.52,54.63,82.59,78.01,61.26,47.8,38.9,42.52,49.64,60.19,38.41
STU0650,2024,9,at-risk,38.38,4.3,,,,0.3846,69.1,54.4,74.69,78.77,64.34,50.12,44.66,46.19,54.83,63.72,41.04
STU0650,2025,10,at-risk,37.31,4.3,,,,0.386,59.63,54.56,70.47,84.68,69.01,55.39,49.04,51.08,55.99,66.21,45.32
STU0651,2023,8,irregular,56,8.5,,,,0.6667,31.96,25.58,50.78,79.41,82.9,66.16,88.1,70.19,60.28,67.47,84.32
STU0651,2024,9,irregular,56.06,8.5,,,,0.6667,30.87,25.58,50.28,84.16,86.81,66.87,91.07,72.37,61.42,71.96,86.85
STU0651,2025,10,irregular,48.7,8.5,,,,0.6667,29.98,25.62,49.89,85.91,90.07,70.72,91.29,76.05,63.93,75.03,88.3
STU0652,2023,8,good,77.5,18.6,,,,0.7003,8.17,16.03,33.11,89.65,88.77,94.06,97.33,96.57,97.66,97.51,93.39
STU0652,2024,9,good,67.68,18.6,,,,0.6923,7.88,16,37.55,90.77,91.09,95.75,97.72,96.58,97.84,97.98,96.24
STU0652,2025,10,good,73.58,18.6,,,,0.693,7.57,16,37.26,93.97,92.48,96.5,97.97,97.25,97.72,98.01,96.65
STU0653,2023,8,excellent,88,19.3,,,,0.9485,3.13,13.35,18.07,97.71,94.84,96.63,91.28,94.45,93.5,93.31,97.48
STU0653,2024,9,excellent,85.35,19.3,,,,0.9487,2.9,13.36,20.32,97.47,95.83,97.48,91.54,94.73,94.49,93.52,97.67
STU0653,2025,10,excellent,92.75,19.3,,,,0.9473,2.63,13.37,13.25,97.94,96.12,97.37,94.14,95.42,95.45,95.22,97.59
STU0654,2023,8,good,82,19,,,,0.7696,15.92,10.5,36.07,97.45,96.04,93.33,97.84,96.61,69.73,93.67,96.84
STU0654,2024,9,good,80.3,19,,,,0.7692,15.93,10.6,36.46,97.83,97.29,92,97.7,95.98,70.26,93.83,96.83
STU0654,2025,10,good,74.61,19,,,,0.7721,15.66,10.57,38.42,97.15,97.49,94.14,97.85,96.26,71.08,93.73,97.79
STU0655,2023,8,at-risk,21.5,3.9,,,,0.2818,100,63.99,91,35.79,38.65,31.26,34.6,65.14,49.11,34.5,25.77
STU0655,2024,9,at-risk,26.26,3.9,,,,0.2821,100,64,91,39.17,42.95,32.4,39.71,66.72,51.88,38.95,29.48
STU0655,2025,10,at-risk,23.83,3.9,,,,0.2806,100,63.97,90.99,43.87,45.52,37.68,43.09,70.9,55.66,42.56,33.85
STU0656,2023,8,moderate,66,13.8,,,,0.8376,15.66,13.57,40.44,87.17,77.28,82.21,81.82,97.05,96.11,92.88,93.46
STU0656,2024,9,moderate,65.66,13.8,,,,0.8462,6.49,13.44,36.28,92.93,82.56,86.41,85.08,96.64,96.98,94.07,95.68
STU0656,2025,10,moderate,63.21,13.8,,,,0.8419,5.96,13.53,36.07,94.52,83.39,87.18,89.43,97.74,97.6,95.56,96.3
STU0657,2023,8,moderate,70,12.3,,,,0.5894,54.8,22.79,60.36,73.61,62.04,65.99,78.99,38.07,62.08,39.19,78.87
STU0657,2024,9,moderate,71.21,12.3,,,,0.5897,53.51,22.87,59.8,77.91,66.79,65.25,81.49,41.4,65.56,39.96,81.57
STU0657,2025,10,moderate,70.98,12.3,,,,0.5876,53.51,22.82,59.79,78.31,66.51,69.17,80.12,40.05,65.31,43.45,81.03
STU0658,2023,8,good,78.5,6.9,,,,0.6746,34.85,36.46,52.71,85.89,53.64,69.43,75.61,78.97,64.78,57.56,57.1
STU0658,2024,9,good,69.7,6.9,,,,0.6667,34.5,36.51,54.66,86.98,54.86,71.71,74.55,81.68,64.9,59.29,60.34
STU0658,2025,10,good,83.94,6.9,,,,0.6667,33.68,36.52,46.56,89.98,59.21,72.79,78.4,82.63,66.46,59.71,60.7
STU0659,2023,8,excellent,88,17.5,,,,0.7604,6.12,14.95,23.41,97.88,97.67,96.97,97.97,96.86,92.89,96.79,97.66
STU0659,2024,9,excellent,86.87,17.5,,,,0.7692,5.85,14.97,26.23,97.58,97.81,97.35,97.69,97.04,93.88,97.25,97.75
STU0659,2025,10,excellent,82.9,17.5,,,,0.7628,5.84,14.99,27.97,97.59,97.77,97.8,97.54,97.21,95.88,97.38,97.41
STU0660,2023,8,moderate,67.5,13.4,,,,0.7861,31.4,13.4,47.48,91.38,70.59,68.16,65.77,68.32,70.47,51.77,79.35
STU0660,2024,9,moderate,69.19,13.4,,,,0.7949,30.24,13.38,46.95,91.84,72.48,71.22,68.81,71.92,71.64,52.14,83.41
STU0660,2025,10,moderate,68.39,13.4,,,,0.7892,29.46,13.34,46.59,91.5,75.82,71.99,73.65,70.98,73.3,55.75,85.92
STU0661,2023,8,moderate,64.5,13.1,,,,0.6667,30.03,17.56,47.9,87.59,89.65,78.89,81.26,82.36,92.29,57.28,68.26
STU0661,2024,9,moderate,71.21,13.1,,,,0.6667,28.89,17.55,47.39,89.07,90.23,83.4,85.96,86.71,93.49,58.5,71.3
STU0661,2025,10,moderate,66.32,13.1,,,,0.6667,28.16,17.58,47.07,92.24,91.68,85.83,86.98,87.49,94.02,61.14,74.36
STU0662,2023,8,irregular,58,7.5,,,,0.5215,53.79,51.5,67.08,85.72,63.99,78.19,76.54,66.61,49.18,48.82,80.49
STU0662,2024,9,irregular,63.13,7.5,,,,0.5128,36.99,51.59,59.54,88.03,68.56,82.91,78.5,70.95,51,50.45,82.88
STU0662,2025,10,irregular,66.32,7.5,,,,0.5178,35.95,51.54,59.06,91.24,69.62,84.55,81.78,72.57,55.34,51.36,85.99
STU0663,2023,8,good,81.5,3.3,,,,0.6409,54.56,38.09,57.76,80.95,68.42,57,59.02,55.21,43.97,49.42,68.13
STU0663,2024,9,good,77.78,3.3,,,,0.641,45.44,38.01,54.42,84.98,70.62,60.37,59.95,59.74,47.21,52.54,70.96
STU0663,2025,10,good,84.97,3.3,,,,0.6403,36.2,38.05,45.16,85.89,74.39,64.59,63.96,60.42,50.49,53.53,75.65
STU0664,2023,8,good,79.5,14.2,,,,0.6667,33.76,19.35,43.24,90.59,82.99,56.2,82.05,67.36,51.01,55.93,84.26
STU0664,2024,9,good,78.28,14.2,,,,0.6667,33.12,19.27,39.58,93.02,84.95,58.76,82.76,70.83,51.78,57.88,86.32
STU0664,2025,10,good,77.2,14.2,,,,0.6667,32.55,19.3,46.76,92.67,84.17,60.53,85.15,71.3,53.21,60.24,86.43
STU0665,2023,8,at-risk,28.5,2.9,,,,0.2818,100,50,87.5,16.79,31.46,29.44,39.4,17.11,13.12,22.09,13.54
STU0665,2024,9,at-risk,20.71,2.9,,,,0.2821,100,49.68,87.42,20.96,36.65,34.81,43.93,18.7,15.87,25.28,16.79
STU0665,2025,10,at-risk,16.06,2.9,,,,0.2806,100,49.94,87.49,26.92,39.22,37.61,46.12,21.73,16.78,30.37,18.16
STU0666,2023,8,excellent,83.5,20.5,,,,0.8633,4.55,9.78,29.56,98.16,97.48,97.7,94.82,97.46,94.18,96.13,88.86
STU0666,2024,9,excellent,85.35,20.5,,,,0.8718,3.91,9.86,22.6,97.9,97.64,97.94,96.38,97.71,96.29,97.35,92.45
STU0666,2025,10,excellent,79.27,20.5,,,,0.8682,3.85,9.84,31.05,97.37,97.83,97.75,97.14,97.9,96.62,97.38,93.87
STU0667,2023,8,excellent,91.5,21.1,,,,0.9406,2.24,10.12,15.22,98.09,98.08,97.87,96.98,97.53,95.06,97.9,98.15
STU0667,2024,9,excellent,89.9,21.1,,,,0.9487,2.08,10.11,17.28,97.67,97.63,97.58,97.76,97.7,95.39,97.86,97.9
STU0667,2025,10,excellent,91.71,21.1,,,,0.9473,2.05,10.09,13.28,97.93,97.75,97.76,97.59,97.32,96.52,97.81,97.75
STU0668,2023,8,at-risk,28,6.1,,,,0.4363,100,59.24,89.81,50.56,42.38,43.42,34.05,61.78,53.3,57.44,26.92
STU0668,2024,9,at-risk,29.29,6.1,,,,0.4359,93.68,59.04,86.92,51.7,44.82,45.17,37.07,64.06,53.76,63.03,28.3
STU0668,2025,10,at-risk,30.57,6.1,,,,0.4387,84.74,59.15,82.92,56.25,47.13,46.57,37.37,65.83,56.22,63.01,33.36
STU0669,2023,8,excellent,87,18.2,,,,0.8713,24.72,15.12,32.94,96.54,83.44,83.53,88.93,84.18,70.87,65.39,95.65
STU0669,2024,9,excellent,88.89,18.2,,,,0.8718,17.23,15.05,24.65,96.37,85.19,85.46,88.49,85.66,70.92,69.12,96.02
STU0669,2025,10,excellent,89.12,18.2,,,,0.8682,16.46,15.08,23.36,96.17,88.52,87.68,90.98,88.94,73.87,70.82,96.94
STU0670,2023,8,excellent,84.5,19.2,,,,0.8455,4.83,13.01,31.18,97.82,96.22,96.15,95.87,94.19,96.12,96.55,92.51
STU0670,2024,9,excellent,84.34,19.2,,,,0.8462,4.76,12.93,29.36,97.29,96.9,96.28,95.15,93.66,96.74,96.71,93.5
STU0670,2025,10,excellent,87.56,19.2,,,,0.8419,4.6,12.98,24.13,97.42,97.35,96.87,96.61,94.08,96.65,97.63,94.55
STU0671,2023,8,good,80.5,11.9,,,,0.7696,8.69,11.37,36.75,91.95,76.23,96.33,96.05,95.31,95.24,83.03,86.75
STU0671,2024,9,good,75.25,11.9,,,,0.7692,7.61,11.48,36.3,95.28,82.98,97.96,96.28,96.1,96.18,86.76,91.74
STU0671,2025,10,good,80.31,11.9,,,,0.7721,6.9,11.42,35.29,97,85.79,97.6,97.07,96.75,96.79,89.84,93.18
STU0672,2023,8,moderate,70.5,11.4,,,,0.5894,47.03,20.95,56.4,70.34,50.68,60.65,60.98,68.78,44.37,60.97,71.97
STU0672,2024,9,moderate,71.72,11.4,,,,0.5897,46,20.95,55.94,71.06,55.85,63.52,63.55,68.82,47.23,64.37,76.69
STU0672,2025,10,moderate,70.98,11.4,,,,0.5876,44.66,20.96,55.34,75.07,58.48,66.12,69.85,74.01,48.79,67.8,77.7
STU0673,2023,8,good,80,19.4,,,,0.8376,5.25,12.62,28.62,96.98,97.52,96.52,97.58,88.76,89.02,97.46,97.15
STU0673,2024,9,good,79.8,19.4,,,,0.8462,5,12.51,24.02,96.82,97.74,96.92,97.24,89.04,90.05,97.93,97.28
STU0673,2025,10,good,70.98,19.4,,,,0.8419,5.01,12.54,35.39,97.07,97.94,97.08,97.67,89.82,89.96,97.6,97.42
STU0674,2023,8,excellent,86,21.6,,,,0.7696,5.49,13.92,20.59,97.47,97.69,97.93,98.02,97.97,97.48,97.94,97.91
STU0674,2024,9,excellent,82.32,21.6,,,,0.7692,5.5,13.95,24.97,98.02,97.7,97.82,97.8,97.77,97.94,97.76,97.56
STU0674,2025,10,excellent,88.08,21.6,,,,0.7721,5.43,13.98,17.44,97.85,97.82,97.79,97.93,98.01,97.77,97.61,97.78
STU0675,2023,8,moderate,62,13.1,,,,0.6152,55.08,22.84,60.5,78.28,74.53,60.8,64.23,53.98,44.04,48.99,56.36
STU0675,2024,9,moderate,63.64,13.1,,,,0.6154,46.06,22.76,56.42,80.35,77.4,64.85,65.98,58.26,46.07,51.83,60.08
STU0675,2025,10,moderate,60.1,13.1,,,,0.614,45.33,22.8,56.1,82.68,78.29,67.61,67.26,61.12,47.33,53.01,60.02
STU0676,2023,8,good,72.5,13.9,,,,0.7604,10.98,10.81,37.64,88.18,79.11,90.12,95.48,85.72,84.67,79.6,77.32
STU0676,2024,9,good,74.24,13.9,,,,0.7692,18.66,10.66,41.06,88.73,79.69,90.99,96.09,85.35,85.86,79.47,77.22
STU0676,2025,10,good,69.43,13.9,,,,0.7628,18.9,10.77,41.2,88.64,79.48,91.88,95.58,84.36,85.53,79.6,78.01
STU0677,2023,8,excellent,86.5,19.4,,,,0.9485,2.14,7.92,16.58,97.34,96.91,97.69,97.85,97.67,96.2,97.2,97.32
STU0677,2024,9,excellent,82.83,19.4,,,,0.9487,2.07,7.91,19.12,97.56,97.75,98.23,97.69,97.3,96.34,97.19,97.6
STU0677,2025,10,excellent,84.46,19.4,,,,0.9473,2.07,7.96,19.69,97.46,97.65,97.82,97.77,97.56,96.49,97.68,97.59
STU0678,2023,8,at-risk,34,4.3,,,,0.2818,100,64.46,91.11,25.07,31.47,41.48,15.74,25.47,23.82,18.82,13.77
STU0678,2024,9,at-risk,30.3,4.3,,,,0.2821,100,64.55,91.14,29.62,34.87,46.23,19.36,30.53,28.44,20.49,17.78
STU0678,2025,10,at-risk,35.23,4.3,,,,0.2806,100,64.43,91.11,32.93,42.01,51.61,22.48,35.1,32.23,21.71,19.81
STU0679,2023,8,moderate,74,6.7,,,,0.5987,44.8,45.3,61.49,46.8,64.8,60,81.16,81.29,56.44,71.82,63.42
STU0679,2024,9,moderate,60.1,6.7,,,,0.5897,44.02,45.38,61.15,48.73,66.58,61.54,80.87,85.22,59.96,72.09,66.52
STU0679,2025,10,moderate,66.84,6.7,,,,0.5969,35.22,45.29,57.17,53.62,66.85,61.71,82.94,84.95,63.13,74.03,68.83
STU0680,2023,8,excellent,87,20.7,,,,0.932,2.28,8.77,19.45,97.77,97.59,97.59,97.93,97.72,97.68,97.63,97.74
STU0680,2024,9,excellent,86.87,20.7,,,,0.9231,2.41,8.68,16.81,97.89,98.19,98.11,97.52,98.06,97.67,97.45,97.78
STU0680,2025,10,excellent,87.56,20.7,,,,0.9302,2.33,8.73,14.84,97.97,97.33,97.56,97.99,97.7,97.75,97.59,97.62
STU0681,2023,8,moderate,68,16,,,,0.8119,27.34,14.43,45.91,96.25,77.28,72.45,93.4,63.8,79.76,61.95,89.26
STU0681,2024,9,moderate,64.65,16,,,,0.8205,25.67,14.37,45.14,97.27,81.46,78.11,95.76,71.15,82.1,66.66,92.97
STU0681,2025,10,moderate,62.69,16,,,,0.8155,17.49,14.43,41.48,97.62,85.21,84.83,96.26,75.09,87.05,70.05,95.42
STU0682,2023,8,good,81,11.8,,,,0.6924,32.47,38.71,51.68,75.71,81.83,63.68,69.08,73.47,62.17,66.38,82.65
STU0682,2024,9,good,84.85,11.8,,,,0.6923,32.8,38.64,45.6,74.77,81.65,61.91,71.36,71.4,62.97,65.1,81.85
STU0682,2025,10,good,80.83,11.8,,,,0.693,33.09,38.66,47.48,73.07,77.74,63.13,70.16,70.76,61.15,65.14,82.55
STU0683,2023,8,moderate,69.5,9.8,,,,0.5215,65.8,24,65.61,54.42,57.08,33.91,59.08,53.32,56.04,40.83,81.33
STU0683,2024,9,moderate,69.19,9.8,,,,0.5128,57.61,24,61.93,57.58,58.8,37.65,61.61,56.15,59.31,41.9,86.75
STU0683,2025,10,moderate,72.54,9.8,,,,0.5178,56.79,24.03,61.57,60.11,61.99,38.57,65.65,58.02,61.22,45.67,87.01
STU0684,2023,8,excellent,84.5,14.2,,,,0.7604,7.04,11.38,32.67,97.63,97.59,97.93,97.72,92.97,92.28,83.97,97.72
STU0684,2024,9,excellent,87.88,14.2,,,,0.7692,6.73,11.45,25.54,97.87,97.65,97.2,97.72,93.06,93.64,86.05,97.65
STU0684,2025,10,excellent,82.9,14.2,,,,0.7628,6.73,11.42,35.58,97.62,97.4,97.98,97.59,94,94.42,87,97.52
STU0685,2023,8,good,78.5,20.2,,,,0.9663,2.93,6.14,32.57,96.53,89.11,96.62,90.58,96.68,97.05,97.34,90.34
STU0685,2024,9,good,77.78,20.2,,,,0.9744,2.48,6.21,32.67,96.88,89.94,96.51,91.45,97.19,97.72,97.49,92.97
STU0685,2025,10,good,74.61,20.2,,,,0.9736,10.39,6.18,36.22,97.01,90.12,96.73,94.14,97.54,97.48,97.18,92.29
STU0686,2023,8,excellent,87,19.7,,,,0.8633,3.66,12.78,16.57,97.96,97.74,97.34,97.82,97.83,97.81,97.5,97.54
STU0686,2024,9,excellent,90.4,19.7,,,,0.8718,3.45,12.76,15.76,97.83,97.99,97.39,97.72,97.65,97.66,97.92,98.11
STU0686,2025,10,excellent,87.05,19.7,,,,0.8682,3.56,12.8,16.52,97.6,97.63,97.79,97.74,97.57,97.68,97.7,97.85
STU0687,2023,8,excellent,88,16.9,,,,0.897,4.63,9.78,21.45,97.31,97.63,94.97,81.17,97.66,97.31,97.79,83.09
STU0687,2024,9,excellent,83.33,16.9,,,,0.8974,12.47,9.68,34.93,97.6,97.82,94.61,81.2,97.76,97.46,97.57,85.5
STU0687,2025,10,excellent,88.08,16.9,,,,0.8946,12.4,9.76,25.82,97.94,97.51,95.72,82.62,97.8,97.78,97.78,85.52
STU0688,2023,8,good,78,21.9,,,,0.9063,3.95,10.25,26.06,97.58,90.11,95.41,96.16,93.42,96.32,97.75,90.96
STU0688,2024,9,good,73.74,21.9,,,,0.8974,3.94,10.1,27.81,97.95,91.46,96.47,95.86,95.47,96.87,97.73,90.69
STU0688,2025,10,good,67.36,21.9,,,,0.9038,3.53,10.14,34.12,97.68,93.94,96.34,96.97,95.59,97.07,97.7,93.03
STU0689,2023,8,good,82,15.7,,,,0.7954,5.37,11.73,29.83,97.92,97.54,96.53,97.78,97.75,95.63,94.86,97.47
STU0689,2024,9,good,70.2,15.7,,,,0.7949,5.19,11.74,35.27,97.77,97.97,97.34,97.71,97.6,96.08,96.59,97.97
STU0689,2025,10,good,78.76,15.7,,,,0.7984,5.09,11.69,30.37,98.06,97.77,97.56,97.78,97.48,96.46,96.78,97.73
STU0690,2023,8,moderate,67,4.7,,,,0.5894,38.35,41.33,57.59,70.2,68.47,51.75,61.63,59.06,66.88,57.79,60.82
STU0690,2024,9,moderate,69.19,4.7,,,,0.5897,38.98,41.47,57.91,68.12,67.29,50.21,61.29,57.28,63.74,57.38,59.1
STU0690,2025,10,moderate,68.39,4.7,,,,0.5876,38.89,41.46,57.87,68.55,67.57,50.39,61.53,57.36,64.1,56.96,60.41
STU0691,2023,8,excellent,89.5,18.9,,,,0.8119,4.74,13.03,16.59,97.67,97.71,97.49,97.82,97.34,97.08,97.78,97.76
STU0691,2024,9,excellent,83.84,18.9,,,,0.8205,4.5,13.09,28.49,97.94,97.77,97.93,97.57,97.77,97.59,97.53,97.9
STU0691,2025,10,excellent,89.12,18.9,,,,0.8155,4.58,13.09,16.62,97.95,97.93,98.06,97.68,97.6,97.54,97.74,97.79
STU0692,2023,8,irregular,49,16.6,,,,0.5472,31.79,28.52,51.44,84.39,72.52,65.9,69.43,80.61,93.69,95.99,73.48
STU0692,2024,9,irregular,44.95,16.6,,,,0.5385,23.77,28.36,47.79,88.12,77.47,69.43,73.29,82.81,95.89,96.31,76.46
STU0692,2025,10,irregular,38.86,16.6,,,,0.5442,22.69,28.45,47.32,90.79,79.95,74.08,77.47,87.57,96.29,97.3,77.36
STU0693,2023,8,at-risk,29.5,4.3,,,,0.2818,100,63.91,90.98,27.78,41.42,13.3,30.43,15.41,28.92,16.35,19.33
STU0693,2024,9,at-risk,33.33,4.3,,,,0.2821,100,64.13,91.03,30.1,45.41,15.03,32.6,16.78,30.12,15.19,20.11
STU0693,2025,10,at-risk,35.75,4.3,,,,0.2806,100,64.1,91.02,31.62,48.31,16.05,36.67,16.31,31.7,16.45,24.31
STU0694,2023,8,good,73.5,12.8,,,,0.9228,3.56,8.69,33.77,96.58,97.67,98.14,98.06,95.14,88.96,91.2,97.85
STU0694,2024,9,good,80.81,12.8,,,,0.9231,3.2,8.78,32.86,97.01,97.64,97.79,98.16,96.87,91.51,92.81,97.62
STU0694,2025,10,good,81.35,12.8,,,,0.9209,2.91,8.67,30.79,97.65,98.05,97.56,97.86,96.82,94.32,95.02,97.8
STU0695,2023,8,irregular,56,2.3,,,,0.3076,100,59.07,89.77,45.23,27,53.9,54.06,21.34,24.67,33.55,54.55
STU0695,2024,9,irregular,51.01,2.3,,,,0.3077,100,59.26,89.82,50.02,30.03,57.79,59.92,23.91,27.58,35.1,59.2
STU0695,2025,10,irregular,50.78,2.3,,,,0.307,100,59.24,89.81,51.15,32.92,60.72,63.85,25.15,29.35,39.28,60.69
STU0696,2023,8,irregular,52.5,8.3,,,,0.4013,77.14,25.53,71.1,59.68,66.13,33.28,56.76,49.74,51.11,52.19,48.02
STU0696,2024,9,irregular,56.57,8.3,,,,0.4103,52.39,25.47,59.94,64.18,69.29,38.64,61.46,53.25,53.95,57.13,50.69
STU0696,2025,10,irregular,49.74,8.3,,,,0.4031,50.64,25.5,59.16,73.34,74.31,42.81,64.07,56.68,57.37,62.28,54.97
STU0697,2023,8,irregular,54.5,7,,,,0.4957,100,50.16,87.54,40.55,26.07,31.36,45.05,44.95,48.36,26.25,52.23
STU0697,2024,9,irregular,43.43,7,,,,0.4872,100,50.2,87.55,42.63,27.1,31,46.92,46.54,51.61,25.54,55.15
STU0697,2025,10,irregular,49.74,7,,,,0.4915,100,50.16,87.54,44.6,30.12,34.64,48.3,48.26,51.17,27.9,53.87
STU0698,2023,8,moderate,59.5,5.8,,,,0.5894,100,40.64,85.16,63.53,35.01,21.6,37.64,41.63,42.4,43.71,44.43
STU0698,2024,9,moderate,58.08,5.8,,,,0.5897,100,40.72,85.18,67.56,37,25.81,40.58,44.48,45.57,47.51,47.91
STU0698,2025,10,moderate,70.47,5.8,,,,0.5876,91.03,40.66,81.13,69.08,41.79,29.34,45.62,50.38,47.78,50.5,51.71
STU0699,2023,8,good,73,9.3,,,,0.7439,28.68,36.57,52.05,87.45,71.88,82.33,88.86,79.85,75.84,80.54,67.09
STU0699,2024,9,good,70.2,9.3,,,,0.7436,28.58,36.58,52,87.37,73.52,83.76,85.3,80.34,76.29,80.53,69.33
STU0699,2025,10,good,76.68,9.3,,,,0.7457,28.13,36.55,50.99,85.02,73.36,84.82,89.67,79.84,76.48,81.79,72.05
STU0700,2023,8,excellent,88.5,14.4,,,,0.7696,15.33,12.96,22.45,97.93,95.14,94.9,97.91,94.64,94.93,77.12,97.46
STU0700,2024,9,excellent,85.35,14.4,,,,0.7692,7.02,12.96,25.67,97.88,95.45,96.19,97.91,94.46,96.28,80.5,97.47
STU0700,2025,10,excellent,85.49,14.4,,,,0.7721,6.5,12.93,25.41,97.88,96.35,97.09,97.69,96.4,97.23,83.68,97.68
STU0701,2023,8,irregular,49.5,3.5,,,,0.5043,100,40.22,85.06,53.89,50.84,42.28,47.61,25.49,32.93,49.59,46.13
STU0701,2024,9,irregular,47.98,3.5,,,,0.5128,100,40.29,85.07,58.8,53.26,43.58,49.81,29.36,36.12,50.55,48.6
STU0701,2025,10,irregular,45.6,3.5,,,,0.5085,84.52,40.31,78.11,60.33,56.82,46.89,53.38,30.53,36.91,52.4,52.29
STU0702,2023,8,good,72.5,8.4,,,,0.6667,36.1,17.35,50.58,67.38,67.81,69.43,54.24,64.27,57.46,70.24,60.56
STU0702,2024,9,good,79.8,8.4,,,,0.6667,35.71,17.28,50.39,68.77,68.14,72.77,57.6,63.68,59.32,69.29,60.72
STU0702,2025,10,good,80.83,8.4,,,,0.6667,35.44,17.29,50.27,67.08,71.57,73.62,57.8,62.22,59.41,70.48,62.36
STU0703,2023,8,moderate,66.5,11.9,,,,0.6409,42.85,21.33,54.62,70.44,36.86,62.18,73.06,96.71,61.84,82.72,64.37
STU0703,2024,9,moderate,72.22,11.9,,,,0.641,42.46,21.38,54.45,72.91,37.76,63.98,74.06,96.59,63.12,84.45,66.51
STU0703,2025,10,moderate,67.88,11.9,,,,0.6403,41.43,21.39,53.99,76.01,38.74,65.5,76.47,97,67.67,85.4,68
STU0704,2023,8,moderate,55.5,8.4,,,,0.5894,63.94,23.65,64.69,66.76,59.43,63.71,59.96,48.32,32.06,65.92,56.99
STU0704,2024,9,moderate,61.11,8.4,,,,0.5897,63.06,23.72,64.31,70.42,63.85,66.72,61.24,49.17,34.31,69.67,58.75
STU0704,2025,10,moderate,61.14,8.4,,,,0.5876,54.44,23.71,60.43,71.14,63.14,67.14,64.09,51.79,34.77,70.56,60.75
STU0705,2023,8,moderate,68,9.7,,,,0.5558,74.8,24.13,69.69,53.17,52.88,48.31,64.67,52.79,28.25,47.38,63.33
STU0705,2024,9,moderate,64.65,9.7,,,,0.5641,57.23,24.04,61.77,55.19,56.54,50.66,65.59,56.59,32.34,50.32,68.43
STU0705,2025,10,moderate,70.98,9.7,,,,0.5613,56.67,24.07,61.52,57.79,58.69,53.91,66.31,57.75,34.22,51.3,68.88
STU0706,2023,8,moderate,64,7.4,,,,0.6667,71.89,40.61,72.5,59.57,70.86,54.35,53.38,36.13,49.6,30.09,66.78
STU0706,2024,9,moderate,58.59,7.4,,,,0.6667,62.24,40.68,68.18,65.22,72.8,57.39,62.14,43.03,51.98,34.08,69.98
STU0706,2025,10,moderate,66.32,7.4,,,,0.6667,53.59,40.65,64.28,70.67,79.3,61.5,63.67,44.36,56.67,38.05,74.85
STU0707,2023,8,moderate,61,13.5,,,,0.6152,33.81,21.99,50.71,73.31,77.48,55.94,93.87,72.92,71.37,60.58,75.13
STU0707,2024,9,moderate,72.73,13.5,,,,0.6154,33.55,21.92,50.57,73.18,78.94,55.12,93.63,71.8,73.35,60.95,79.41
STU0707,2025,10,moderate,67.36,13.5,,,,0.614,33.15,22.03,50.43,73.62,79.73,57.41,94.04,74.14,73.31,60.61,78.88
STU0708,2023,8,excellent,90.5,17.7,,,,0.897,3.03,11.2,17.86,97.65,97.18,97.92,97.96,97.74,97.8,96.87,97.72
STU0708,2024,9,excellent,93.94,17.7,,,,0.8974,3.01,11.09,12.6,97.73,97.24,97.74,98.01,97.95,97.65,97.23,97.56
STU0708,2025,10,excellent,89.12,17.7,,,,0.8946,2.99,11.2,17.23,98.11,97.84,98.22,97.51,97.73,97.83,97.8,97.45
STU0709,2023,8,at-risk,34.5,2,,,,0.2818,100,64.28,91.07,20.03,12.7,29.68,22.15,15.81,14.06,20.59,14.34
STU0709,2024,9,at-risk,30.81,2,,,,0.2821,100,64.29,91.07,24.96,16.57,35.29,25.01,20.08,15.44,24.02,17.88
STU0709,2025,10,at-risk,28.5,2,,,,0.2806,100,64.24,91.06,32.58,20.83,41.05,31.27,24.89,20.37,32.21,23.08
STU0710,2023,8,moderate,61,10.3,,,,0.8033,27.57,18.17,46.95,84.05,64.52,94.83,83.84,71.98,77.27,79.58,75.76
STU0710,2024,9,moderate,60.1,10.3,,,,0.7949,27.13,18.21,46.76,84.86,68.79,95.42,86.16,72.51,79.8,80.92,74.21
STU0710,2025,10,moderate,58.55,10.3,,,,0.7984,19.04,18.17,43.11,88.18,69.67,96.54,86.61,77.32,82.48,83.02,79.53
STU0711,2023,8,moderate,62,8.4,,,,0.5043,85.41,27.15,75.22,40.87,40.35,50.94,58.52,46.81,50.76,47.42,53.46
STU0711,2024,9,moderate,68.69,8.4,,,,0.5128,68.11,26.97,67.39,43.12,43.02,51.62,59.7,50.99,55.08,49.1,58.47
STU0711,2025,10,moderate,67.36,8.4,,,,0.5085,59.13,27.07,63.38,43.63,46.5,55.67,63.51,52.51,56.13,53.1,61.54
STU0712,2023,8,good,84,13,,,,0.8033,26.51,15.24,40.7,97.59,86.32,75.02,96.5,83.73,73.83,58.76,89.57
STU0712,2024,9,good,84.85,13,,,,0.7949,26.22,15.28,37.7,97.52,87.44,77.29,96.44,85.96,73.93,60.38,89.83
STU0712,2025,10,good,80.31,13,,,,0.7984,19.13,15.24,38.15,97.92,86.82,76.73,96.55,85.4,73.83,61.65,90.92
STU0713,2023,8,moderate,66.5,15,,,,0.7861,16.71,15.07,41.29,97.41,85.72,96.95,97.68,88.3,72.85,90.29,89.33
STU0713,2024,9,moderate,67.17,15,,,,0.7949,16.27,15.03,41.08,97.36,87.19,97.1,97.63,89.97,72.98,91.5,91.2
STU0713,2025,10,moderate,73.06,15,,,,0.7892,16.11,15.03,41.01,97.78,89.22,97.25,97.34,92.62,72.67,91.86,91.08
STU0714,2023,8,at-risk,28,1.4,,,,0.2818,100,81.03,95.26,9.84,10.7,18.85,10.38,10.16,10.28,9.95,10.06
STU0714,2024,9,at-risk,32.83,1.4,,,,0.2821,100,80.79,95.2,9.94,11.37,23.8,10.84,9.93,9.89,10.14,9.89
STU0714,2025,10,at-risk,36.79,1.4,,,,0.2806,100,80.98,95.24,10.2,12.66,24.79,11.3,10.04,10.31,10.46,10.17
STU0715,2023,8,good,72.5,17.6,,,,0.7439,8.76,15.41,37.79,83.69,88.55,95.2,90.75,94.61,91.38,90.43,92.14
STU0715,2024,9,good,74.24,17.6,,,,0.7436,8.13,15.49,37.53,84.96,89.88,95.13,93.56,95.94,93.67,92.91,92.8
STU0715,2025,10,good,69.43,17.6,,,,0.7457,7.03,15.42,37.02,90.76,93.37,96.62,96.2,97.58,95.37,95.41,95.13
STU0716,2023,8,good,82.5,17.2,,,,0.9228,14.2,7.38,38.01,93.58,82.07,83.87,91.27,89.61,90.4,96.94,78.73
STU0716,2024,9,good,82.32,17.2,,,,0.9231,5.08,7.28,34.1,95.81,86.78,85.75,92.66,92.81,92.67,97.18,84.3
STU0716,2025,10,good,80.83,17.2,,,,0.9209,4.36,7.36,33.8,96.27,88.59,89.54,94.48,95.49,94.88,97.69,87.42
STU0717,2023,8,moderate,62.5,7.8,,,,0.5215,82.34,43.67,77.97,36.48,48.54,55.31,47.84,77.04,64.77,54.31,34.19
STU0717,2024,9,moderate,58.08,7.8,,,,0.5128,74.96,43.59,74.63,38.67,49.79,58.28,47.38,78.43,66.56,54.03,36.39
STU0717,2025,10,moderate,62.69,7.8,,,,0.5178,58.12,43.69,67.07,40.08,51.13,58.7,50.82,80.87,66.99,57.83,38.01
STU0718,2023,8,moderate,65.5,8,,,,0.5558,47.55,24.24,57.46,68.29,67.4,66.64,62.58,61.75,47.91,62.46,55.05
STU0718,2024,9,moderate,63.64,8,,,,0.5641,38.47,24.24,53.37,69.11,70.99,69.11,64.16,63.82,50.7,63.86,59.6
STU0718,2025,10,moderate,68.39,8,,,,0.5613,37.31,24.23,52.85,70.78,71.98,72.41,68.34,68.73,54.22,66.2,62.91
STU0719,2023,8,irregular,47.5,1,,,,0.47,100,48.78,87.19,27.68,36.27,30.53,30.62,34.58,28.73,37.85,26.44
STU0719,2024,9,irregular,51.52,1,,,,0.4615,100,48.62,87.15,29.48,37.01,32.9,34.08,38.92,32.21,39.68,27.43
STU0719,2025,10,irregular,52.85,1,,,,0.4651,100,48.77,87.19,33.26,42.03,36.96,35.31,38.94,34.05,40.27,30.8
STU0720,2023,8,good,73.5,13.2,,,,0.8376,13.68,13.84,39.62,96.96,97.07,96.42,97.9,94.65,93.06,92.54,84.85
STU0720,2024,9,good,76.77,13.2,,,,0.8462,5.09,13.81,35.74,97.96,97.71,96.36,97.82,95,94.34,95.11,86.88
STU0720,2025,10,good,78.76,13.2,,,,0.8419,5,13.79,35.7,97.69,97.55,97.2,97.6,96.35,94.33,94.96,89.37
STU0721,2023,8,excellent,84,17.2,,,,0.7861,9.36,12.65,26.93,88.27,77.74,94.15,94.7,92.51,74.61,89.02,91.93
STU0721,2024,9,excellent,79.29,17.2,,,,0.7949,16.5,12.72,38.36,91.75,78.12,95.57,96.42,93.28,76.67,91.3,94.05
STU0721,2025,10,excellent,91.19,17.2,,,,0.7892,8.05,12.71,16.75,92.05,82.44,95.75,97.1,93.94,80.39,92.49,95.01
STU0722,2023,8,excellent,82,11.2,,,,0.5894,45.14,18.97,54.04,88.81,77,78.84,84.01,52.38,39.76,58.77,57.81
STU0722,2024,9,excellent,85.86,11.2,,,,0.5897,45.03,18.89,45.05,90.55,74.85,79.02,85.25,54.52,41.82,58.19,59.37
STU0722,2025,10,excellent,86.53,11.2,,,,0.5876,43.93,19.01,44.45,91.93,78.56,82.72,86.79,55.21,43.75,62.22,61.5
STU0723,2023,8,good,77,11.7,,,,0.7346,43.09,13.53,51.9,56.7,88.96,61.44,77.18,58.42,47.14,50.38,71.41
STU0723,2024,9,good,79.29,11.7,,,,0.7436,42.29,13.67,45.7,57.96,88.48,64.05,76.8,59.31,48.94,52.24,71.58
STU0723,2025,10,good,72.02,11.7,,,,0.7365,33.71,13.67,48.59,59.74,92.64,65.37,82.12,60.82,51.48,53.54,73.64
STU0724,2023,8,excellent,84.5,16,,,,0.8291,28.51,13.71,38.41,85.25,56.81,80.29,78.02,79.6,83.78,75.88,60.13
STU0724,2024,9,excellent,82.83,16,,,,0.8205,28.02,13.83,40.37,85.74,57.44,82.82,77.27,81.5,86.64,77.61,62.89
STU0724,2025,10,excellent,88.08,16,,,,0.8248,19.52,13.82,28.24,91.51,62.8,85.41,82.13,82.44,88.02,81.04,68.25
STU0725,2023,8,good,64,12.5,,,,0.7003,32.71,17.82,49.17,82.22,87.87,51.96,92.48,62.29,54.21,65.86,74.27
STU0725,2024,9,good,71.72,12.5,,,,0.6923,31.67,17.95,48.74,83.67,92.14,56.76,95.43,67.28,56.85,68.36,76.47
STU0725,2025,10,good,80.31,12.5,,,,0.693,29.86,17.89,42.74,87.59,93.95,61.16,96.05,73.21,63.1,74.19,81.96
STU0726,2023,8,good,79.5,23.3,,,,0.7089,18.29,12.64,40.9,96.34,95.94,74.98,79.29,94.53,84.67,87.39,96.19
STU0726,2024,9,good,72.22,23.3,,,,0.7179,9.81,12.6,37.56,97.24,94.9,79.35,81.38,94.47,85.16,87.6,96.32
STU0726,2025,10,good,73.06,23.3,,,,0.7101,9.69,12.62,37.51,97.27,94.55,78.73,83.82,94.46,88.25,88.25,96.22
STU0727,2023,8,good,82.5,8.7,,,,0.8033,18.94,13.01,31.65,97.37,77.48,94.12,83.53,80.28,70.56,81.47,82.92
STU0727,2024,9,good,75.76,8.7,,,,0.7949,9.83,12.76,37.61,96.9,81.98,95.88,87.56,85.17,74.61,84.95,86.65
STU0727,2025,10,good,78.24,8.7,,,,0.7984,16.59,12.92,38.67,97.82,82.39,95.6,89.66,88.76,80.03,87.64,91.58
STU0728,2023,8,moderate,70.5,11.6,,,,0.7604,7.49,18.17,35.71,92.05,88.38,92.06,89.8,97.68,96.65,96.3,91.22
STU0728,2024,9,moderate,73.23,11.6,,,,0.7692,6.86,18.23,37.56,93,91.23,92.37,91.89,97.56,97.14,96.77,93.02
STU0728,2025,10,moderate,68.39,11.6,,,,0.7628,6.69,18.27,37.58,94.15,92.01,94.8,93.74,97.73,97.31,97.54,92.83
STU0729,2023,8,excellent,87,21.1,,,,0.9485,2.65,9.75,18.96,97.81,97.01,95.19,97.67,97.84,95.68,90.67,97.57
STU0729,2024,9,excellent,88.89,21.1,,,,0.9487,2.33,9.74,16.62,97.54,97.85,97.29,97.6,98.09,96.28,92.7,97.61
STU0729,2025,10,excellent,88.6,21.1,,,,0.9473,2.29,9.78,14.87,97.72,97.73,96.67,97.78,97.79,96.49,93.9,98.12
STU0730,2023,8,good,74.5,17.6,,,,0.7518,33.01,32.48,48.13,77.9,55.21,70.7,75.98,81.28,50.98,63.44,73
STU0730,2024,9,good,83.33,17.6,,,,0.7436,32.37,32.4,40.57,80.99,56.83,73.45,79.08,83.8,51.8,66.58,75.02
STU0730,2025,10,good,77.2,17.6,,,,0.7457,31.73,32.48,43.39,81.86,58.57,74.11,80,83.58,53.43,67.62,77.09
STU0731,2023,8,good,80,12.2,,,,0.7439,27.39,12.98,45.57,97.19,81.38,73.37,97.41,86.77,64.38,71.23,96.22
STU0731,2024,9,good,78.28,12.2,,,,0.7436,26.34,12.91,45.08,97.65,85.75,75.89,96.89,87.55,67.9,76.68,97
STU0731,2025,10,good,77.72,12.2,,,,0.7457,18.29,12.89,41.45,97.38,89.91,82.15,97.39,91.52,71.61,80.1,97.23
STU0732,2023,8,irregular,53.5,4,,,,0.4185,100,42.84,85.71,58.98,35.51,36.51,35.62,78.31,56.4,20.74,37.92
STU0732,2024,9,irregular,55.05,4,,,,0.4103,100,43.05,85.76,56.51,33.44,38.03,37.05,81.29,57.02,21.34,38.77
STU0732,2025,10,irregular,56.99,4,,,,0.4124,100,42.91,85.73,60.44,34.44,37.34,36.26,80.72,58.43,22.49,42.01
STU0733,2023,8,moderate,68,16.8,,,,0.6667,45.03,17.99,54.76,70.27,49.32,59.63,64.03,62.32,57.4,74.78,55.34
STU0733,2024,9,moderate,60.61,16.8,,,,0.6667,44.46,17.99,54.51,73.91,49.75,59.89,65.58,62.47,59.09,77.39,57.56
STU0733,2025,10,moderate,68.39,16.8,,,,0.6667,35.62,18.01,50.53,74.63,53.36,61.48,67.62,63.38,60.33,79.66,60.4
STU0734,2023,8,moderate,63.5,4.1,,,,0.3076,100,53.3,88.32,34.36,30.72,33.9,51.78,21.75,16.68,39.74,39.39
STU0734,2024,9,moderate,54.04,4.1,,,,0.3077,100,53.3,88.33,37.12,32.13,34.73,52.8,25.77,17.71,41.31,41.27
STU0734,2025,10,moderate,65.8,4.1,,,,0.307,100,53.25,88.31,40.01,39,39.79,58.1,27.97,22.82,46.98,44.88
STU0735,2023,8,moderate,61,5.1,,,,0.7604,21.91,38.23,49.42,67.73,62.82,79.43,83.59,82.89,89.19,84.44,63.19
STU0735,2024,9,moderate,64.65,5.1,,,,0.7692,20.76,38.19,48.89,70.62,66.85,82.58,83.84,85.4,90.19,85.8,66.17
STU0735,2025,10,moderate,60.1,5.1,,,,0.7628,20.07,38.21,48.58,72.24,68.23,86.08,88.07,86.92,92.91,87.73,68.33
STU0736,2023,8,moderate,65,14.9,,,,0.6924,20.89,18.09,43.92,83.82,83.38,70.64,87.16,93.43,83.89,85.52,76.84
STU0736,2024,9,moderate,67.17,14.9,,,,0.6923,11.56,18.09,39.73,85.54,85,76.7,91.19,94.94,87.63,88.43,82.33
STU0736,2025,10,moderate,68.91,14.9,,,,0.693,18.68,18.08,42.93,88.45,87.91,78.59,92.42,95.56,89.29,90.7,84.61
STU0737,2023,8,good,85.5,14.9,,,,0.9228,3.82,9.78,27.01,96.74,97.26,97.87,97.24,96.88,91.63,85.36,95.48
STU0737,2024,9,good,80.3,14.9,,,,0.9231,3.89,9.78,30.83,96.09,97.01,97.82,96.74,96.97,90.81,85.89,95.73
STU0737,2025,10,good,78.76,14.9,,,,0.9209,3.94,9.79,32.98,96.54,97.49,97.68,97.2,96.84,90.34,85.9,95.1
STU0738,2023,8,excellent,89.5,23.3,,,,0.8548,4.4,11.15,20.47,95.25,96.19,94.95,95.04,98,97.1,97.2,95.32
STU0738,2024,9,excellent,85.86,23.3,,,,0.8462,4.58,11.35,23.17,94.72,96.47,94.24,95.33,97.16,97.47,97.72,95.54
STU0738,2025,10,excellent,84.97,23.3,,,,0.8511,4.37,11.24,26.83,94.77,96.7,94.68,96.15,97.57,97.29,97.45,96.63
STU0739,2023,8,moderate,73.5,15.5,,,,0.7954,27.33,14.67,45.97,86.28,91.4,83.25,78.99,70.87,59.4,79.08,91.31
STU0739,2024,9,moderate,70.71,15.5,,,,0.7949,19.2,14.48,42.26,90.69,91.99,88.4,82.72,74.54,61.06,83.33,94.96
STU0739,2025,10,moderate,70.47,15.5,,,,0.7984,18,14.61,41.75,92.95,93.98,89.34,87.19,78.95,66.08,84.7,95.47
STU0740,2023,8,excellent,85.5,21.3,,,,0.9148,4.46,10.48,29.27,95.48,94.13,86.75,86.4,96.59,95.83,97.14,89.51
STU0740,2024,9,excellent,81.31,21.3,,,,0.9231,4.04,10.55,34.46,96.51,95.55,89.91,87.76,96.42,96.16,97.03,88.97
STU0740,2025,10,excellent,82.38,21.3,,,,0.9209,12.2,10.51,37.92,95.79,94.2,88.7,88.33,96.92,95.68,97.32,88.71
STU0741,2023,8,moderate,66,8.6,,,,0.5815,35.23,20.37,50.95,74.41,64.89,62.85,91.92,64.54,65.47,54.78,89.41
STU0741,2024,9,moderate,58.59,8.6,,,,0.5897,34.42,20.38,50.58,73.99,68.65,68.05,92.51,62.5,69.21,55.51,91.99
STU0741,2025,10,moderate,70.47,8.6,,,,0.5876,33.59,20.35,50.2,77.4,71.87,69.15,93.45,66.24,69.58,58.96,92.62
STU0742,2023,8,good,81.5,12,,,,0.9406,4.03,7,25.45,97.94,84.6,95.09,88.74,95.15,89.33,96.47,97.4
STU0742,2024,9,good,80.3,12,,,,0.9487,3.63,6.98,25.52,97.85,87.89,94.37,90.08,94.65,89.42,96.94,97.46
STU0742,2025,10,good,82.9,12,,,,0.9473,3.43,7.03,25.79,98.05,88.48,94.66,91.78,95.03,90.71,97.33,97.55
STU0743,2023,8,good,79,11.1,,,,0.7003,95.55,37.56,82,67.75,47.31,34.43,40.63,66.87,56.43,52.64,24.85
STU0743,2024,9,good,80.81,11.1,,,,0.6923,70.69,37.61,64.14,73.6,52.98,39.4,45.33,70.2,59.16,56.38,26.94
STU0743,2025,10,good,73.06,11.1,,,,0.693,69.18,37.61,70.53,78.83,57.03,40.19,48.14,74.51,64.07,61.74,32.67
STU0744,2023,8,good,71.5,4.9,,,,0.7261,43.55,34.83,58.3,73.92,44.55,61.2,64.55,66.87,68.52,63.26,58.82
STU0744,2024,9,good,73.23,4.9,,,,0.7179,42.27,34.8,57.72,76.09,48.8,62.83,71.26,72.71,71.2,65.2,61.71
STU0744,2025,10,good,78.76,4.9,,,,0.7194,32.88,34.79,53.49,80.5,52.96,68.48,73.5,72.52,73.83,68.92,66.08
STU0745,2023,8,good,73.5,11.7,,,,0.7518,50.04,15.7,56.44,42.52,51.23,57.99,37.02,79.94,90.9,79.82,57.75
STU0745,2024,9,good,72.73,11.7,,,,0.7436,48.66,15.82,55.85,46.8,55.17,63.29,42.6,84.56,93.77,81.9,61.43
STU0745,2025,10,good,73.58,11.7,,,,0.7457,47.42,15.79,55.29,47.59,58.79,67.42,47.49,85.18,94.6,87.97,65.41
STU0746,2023,8,good,72.5,20.1,,,,0.7604,19.67,33.26,43.64,74.04,85.81,80.65,77.98,84.48,85.98,95.73,71.51
STU0746,2024,9,good,78.79,20.1,,,,0.7692,18.45,33.22,42.66,80.04,88.25,83.11,81.03,86.48,87.63,95.79,76.57
STU0746,2025,10,good,74.61,20.1,,,,0.7628,17.59,33.22,46.22,83.21,91.72,85.26,82.82,89.93,90.35,96.95,78.95
STU0747,2023,8,excellent,89,27.3,,,,0.8291,26.39,34.44,35.4,78.87,78.82,79.67,66.72,95.47,78.77,76.85,85.65
STU0747,2024,9,excellent,86.87,27.3,,,,0.8205,18.36,34.43,34.03,81.1,82.51,83.87,71.61,95.85,81.78,81.86,86.3
STU0747,2025,10,excellent,92.23,27.3,,,,0.8248,17.14,34.45,26.96,85.1,84.81,86.89,76.12,97.3,84.59,83.6,89.15
STU0748,2023,8,moderate,71,5.6,,,,0.6667,37.1,37.39,56.04,51.05,56.89,62.06,74.79,66.23,52.38,62.2,67.18
STU0748,2024,9,moderate,60.61,5.6,,,,0.6667,36.02,37.39,55.56,53.5,60.6,65.06,73.82,70.55,54.23,64.17,71.63
STU0748,2025,10,moderate,69.43,5.6,,,,0.6667,34.87,37.38,55.03,56.09,64.91,67.44,79.72,73.86,56.13,66.83,74.83
STU0749,2023,8,moderate,62.5,11.9,,,,0.7604,18.61,14.27,41.94,90.13,87.12,76.42,81.33,84.42,87.33,95.78,77.39
STU0749,2024,9,moderate,66.67,11.9,,,,0.7692,17.55,14.15,41.43,91.24,90.73,79.35,85.41,88.4,89.89,96.76,77.12
STU0749,2025,10,moderate,69.43,11.9,,,,0.7628,17.16,14.22,41.28,92.06,92.47,79.56,85.8,89.29,90.92,96.91,80.78
STU0750,2023,8,moderate,60,11,,,,0.538,46.38,21.64,56.28,60.34,69.06,36.72,58.07,91.2,66.08,66.09,61.64
STU0750,2024,9,moderate,67.17,11,,,,0.5385,44.89,21.63,55.61,62.05,73.99,43.08,59.48,91.85,70.86,71.03,65.05
STU0750,2025,10,moderate,60.1,11,,,,0.5349,43.57,21.65,55.02,68.45,78.07,44.95,64.36,93.51,74.03,74.4,70.28
STU0751,2023,8,good,77,18.4,,,,0.8548,16.6,7.3,32.13,90.24,83.37,85.43,94.47,80.38,81.84,87.65,86.19
STU0751,2024,9,good,79.8,18.4,,,,0.8462,7.83,7.35,28.5,89.78,85.34,87.74,96.97,84.04,84.53,89.84,88.91
STU0751,2025,10,good,81.87,18.4,,,,0.8511,14.91,7.33,27.65,92.71,89.6,89.11,97.16,87.3,85.68,91.58,90.97
STU0752,2023,8,moderate,52,21,,,,0.7776,6.26,13.33,36.15,97.75,97.95,97.93,97.84,96.98,93.08,89.1,97.2
STU0752,2024,9,moderate,59.6,21,,,,0.7692,6.34,13.37,36.19,98.01,98.22,97.46,97.88,97.02,92.44,90.31,97.39
STU0752,2025,10,moderate,54.92,21,,,,0.7721,6.03,13.33,36.05,97.84,97.64,97.36,97.74,97.3,95.15,92.11,97.64
STU0753,2023,8,excellent,89,12.9,,,,0.8805,15.89,14.13,23.79,82.35,76.49,89.72,85.11,90.11,96.15,94.5,71.26
STU0753,2024,9,excellent,85.35,12.9,,,,0.8718,7.33,14.14,20.71,83.75,79.36,91.31,88.65,91.38,95.9,95.8,75.61
STU0753,2025,10,excellent,86.53,12.9,,,,0.8775,14.69,14.16,25.58,87.16,78.62,93.52,89.13,94.2,96.68,95.85,77.49
STU0754,2023,8,good,76.5,7.7,,,,0.5894,47.84,42.41,62.13,61.88,74.42,56.16,47.42,63.62,58.62,51.43,55.38
STU0754,2024,9,good,79.8,7.7,,,,0.5897,38.11,42.49,50.01,68.17,79.76,59.6,52.6,65.11,62.88,55.74,59.51
STU0754,2025,10,good,74.09,7.7,,,,0.5876,36.6,42.48,56.83,72.32,83.74,61.79,56.28,72.36,65.31,59.25,62.63
STU0755,2023,8,good,79,10.6,,,,0.6667,55.16,21.06,55.2,75.43,61.22,36.37,52.49,46.64,64.73,61.65,50.24
STU0755,2024,9,good,74.24,10.6,,,,0.6667,54.67,21.06,59.87,75.33,58.87,36.5,55.46,49.33,67.09,61.98,51.65
STU0755,2025,10,good,77.72,10.6,,,,0.6667,46.11,21.07,51.39,75.9,60.43,39.25,54.76,51.07,69.99,66.51,52.43
STU0756,2023,8,moderate,59,14.1,,,,0.6152,26.04,20.07,46.74,68.67,91.73,68.85,86.24,68.75,67.62,75.91,66.2
STU0756,2024,9,moderate,69.19,14.1,,,,0.6154,31.78,20.07,49.32,72.22,94,73.36,88.51,72.73,70.79,78.54,70.01
STU0756,2025,10,moderate,61.14,14.1,,,,0.614,23.74,20.05,45.7,74.28,94.27,75.14,91.01,77.26,73.83,82.07,72.14
STU0757,2023,8,moderate,61.5,12.1,,,,0.5215,37.43,24.33,52.93,56.74,64.75,63.12,82.27,79.11,59.63,79.3,57.77
STU0757,2024,9,moderate,60.61,12.1,,,,0.5128,36.32,24.43,52.45,61.58,66.27,67.98,86.92,82.75,61.09,81.29,61.54
STU0757,2025,10,moderate,60.62,12.1,,,,0.5178,34.75,24.36,51.73,69.05,69.14,69.48,90.09,84.1,65.32,85.86,65.16
STU0758,2023,8,irregular,46.5,8.2,,,,0.4106,100,33.07,83.27,16.33,36.09,30.27,34.31,58.63,22.03,34.06,39.6
STU0758,2024,9,irregular,50.51,8.2,,,,0.4103,100,33.34,83.34,17.1,38.32,34.6,34.96,58.67,23.78,36.41,41.07
STU0758,2025,10,irregular,44.56,8.2,,,,0.4124,100,33.25,83.31,18.27,39.55,33.68,36.18,61.5,25.36,37.31,42.86
STU0759,2023,8,good,76,18.9,,,,0.9063,4.47,10.08,34.53,89.62,94.15,97.63,84.81,96.91,96.54,97.33,88.17
STU0759,2024,9,good,80.81,18.9,,,,0.8974,4.43,10.11,33.75,89.76,93.84,97.65,87.2,97.76,96.61,97.62,89.84
STU0759,2025,10,good,79.79,18.9,,,,0.9038,3.78,10.1,32.77,95.7,95.21,97.7,89.55,97.42,96.64,97.75,91.67
STU0760,2023,8,excellent,84,26.4,,,,0.8548,13.57,31.22,39.77,95.41,88.57,97.25,90.1,96.82,97.1,96.51,83.12
STU0760,2024,9,excellent,84.85,26.4,,,,0.8462,5.2,31.34,30.46,97.27,91.1,97.75,91.23,97.36,97.39,97.7,87.03
STU0760,2025,10,excellent,86.53,26.4,,,,0.8511,5.04,31.31,30.02,97.14,92.2,97.55,91.14,97.79,97.16,97.23,88.12
STU0761,2023,8,good,73.5,15.7,,,,0.7518,7.27,14.3,36.85,97.81,91.38,91.57,97.16,94.03,91.86,94.52,96.02
STU0761,2024,9,good,78.79,15.7,,,,0.7436,7.56,14.21,33.91,98.01,90.91,89.92,97.72,94.32,92.39,94.15,95.74
STU0761,2025,10,good,78.76,15.7,,,,0.7457,7.41,14.28,35.66,97.65,90.52,90.37,97.5,94.21,92.88,94.84,96.4
STU0762,2023,8,irregular,44.5,8.7,,,,0.5043,100,33.54,83.38,48.26,61.24,27.9,38.4,54.47,39.3,45.82,47.03
STU0762,2024,9,irregular,51.01,8.7,,,,0.5128,100,33.44,83.36,51.62,61.23,31.05,40.91,55.47,43.62,48.08,49.06
STU0762,2025,10,irregular,49.74,8.7,,,,0.5085,92.04,33.49,79.79,53.24,63.58,34.78,41.83,57.65,43.14,49.06,52.52
STU0763,2023,8,excellent,85,13.8,,,,0.7346,30.74,34.27,46.25,88.7,70.35,83.26,77.06,80.77,66.12,65.16,69.62
STU0763,2024,9,excellent,84.34,13.8,,,,0.7436,22.74,34.22,40.07,90.4,73.43,87.87,77.97,80.91,69.28,67.31,71.09
STU0763,2025,10,excellent,86.53,13.8,,,,0.7365,21.98,34.25,35.68,92.92,75.52,86.67,80.1,85.03,71.09,71.08,72.06
STU0764,2023,8,moderate,72,10,,,,0.6072,43.98,24.37,55.88,65.23,59.3,54.79,71.05,92.2,75.05,67.93,49.83
STU0764,2024,9,moderate,72.73,10,,,,0.6154,34.46,24.36,51.6,67.75,63.59,58.94,73.22,94.42,78.87,71.65,55.1
STU0764,2025,10,moderate,64.25,10,,,,0.614,33.55,24.41,51.2,69.99,64.45,63.05,78.26,94.93,80.94,73.95,56.52
STU0765,2023,8,excellent,86.5,22.9,,,,0.9228,2.47,13.21,19.85,97.92,98.06,97.66,97.49,97.58,97.37,97.85,97.62
STU0765,2024,9,excellent,86.36,22.9,,,,0.9231,2.45,13.21,22.57,98.03,97.61,97.55,97.66,97.51,97.7,97.79,97.87
STU0765,2025,10,excellent,90.16,22.9,,,,0.9209,2.45,13.21,15.47,97.83,97.72,98.02,97.83,97.89,97.67,97.77,97.94
STU0766,2023,8,excellent,87.5,24.5,,,,0.8291,13.36,12.12,28.77,96.97,97.71,96.95,98,94.96,96.19,85.74,97.61
STU0766,2024,9,excellent,83.33,24.5,,,,0.8205,5.17,12.24,26.89,96.74,97.73,97.48,97.76,96.05,97.03,89.39,97.74
STU0766,2025,10,excellent,84.46,24.5,,,,0.8248,4.8,12.17,27.37,97.85,98.13,97.71,97.88,96.46,97.43,91.75,97.86
STU0767,2023,8,good,77.5,14.6,,,,0.8633,6.15,7.06,25.46,93.38,84.79,89.88,89.05,92.71,94.31,90.83,95.75
STU0767,2024,9,good,78.79,14.6,,,,0.8718,5.46,6.92,25.74,94.32,86.34,90.63,88.61,94.91,95.7,93.45,96.76
STU0767,2025,10,good,77.2,14.6,,,,0.8682,4.99,7.03,25.89,94.89,88.82,92.04,92.22,95.36,96.59,95.03,97.03
STU0768,2023,8,good,78,19,,,,0.7518,23.9,13.84,44.21,91.23,88.63,93.75,80.33,91.57,86.89,96.65,91.69
STU0768,2024,9,good,75.25,19,,,,0.7436,16.54,13.88,40.91,92.77,91.95,94.31,80.1,92.2,89.36,96.95,93.59
STU0768,2025,10,good,74.09,19,,,,0.7457,8.17,13.84,37.14,93.06,92.16,94.59,82.02,93.29,91.1,96.82,93.5
STU0769,2023,8,excellent,93,21.2,,,,0.8376,4.62,13.74,16.88,97.45,97.81,97.39,96.43,93.71,96.66,95.76,97.56
STU0769,2024,9,excellent,85.35,21.2,,,,0.8462,4.31,13.73,29.15,97.88,97.3,97.29,96.96,94.65,97.07,96.48,97.77
STU0769,2025,10,excellent,80.83,21.2,,,,0.8419,4.42,13.75,35.43,97.28,97.61,97.55,97.15,94.47,96.74,96.55,97.74
STU0770,2023,8,moderate,67.5,2,,,,0.7003,63.03,40.63,68.52,56.23,50,54.22,39.32,61.8,75.92,58.18,35.94
STU0770,2024,9,moderate,69.19,2,,,,0.6923,53.43,40.68,64.21,58.04,53.37,58.13,43.98,65.85,80.39,63.37,40.93
STU0770,2025,10,moderate,70.47,2,,,,0.693,52.12,40.68,63.62,62.36,57.97,61.24,46.84,69.67,84.45,66.46,43.08
STU0771,2023,8,moderate,69.5,14.9,,,,0.8548,6.31,11.74,35.77,97.7,97.81,85.67,97.62,89.92,87.24,84.94,93.93
STU0771,2024,9,moderate,70.71,14.9,,,,0.8462,6.07,11.59,35.63,97.66,97.9,86.89,97.84,91.27,89.77,86.44,95.02
STU0771,2025,10,moderate,69.43,14.9,,,,0.8511,5.63,11.67,35.45,97.77,98.04,90.79,97.97,91.89,89.57,88.2,95.36
STU0772,2023,8,good,81.5,17.3,,,,0.897,4.64,11.37,30.41,89.89,96.73,93.15,94.03,92.34,93.47,95.5,92.33
STU0772,2024,9,good,76.77,17.3,,,,0.8974,3.91,11.19,34.56,93.4,96.88,95.28,96.66,93.32,95.33,96.53,94.81
STU0772,2025,10,good,78.76,17.3,,,,0.8946,3.49,11.3,27.76,95.04,97.54,96.41,96.76,95.41,96.48,97.46,96.6
STU0773,2023,8,irregular,38.5,11.4,,,,0.4106,100,37.11,84.28,50.89,35.86,38.67,41.15,33.95,37.82,40.02,55.57
STU0773,2024,9,irregular,41.41,11.4,,,,0.4103,100,37.12,84.28,53.17,37.23,41.37,43.92,37.17,39.82,43.98,57.05
STU0773,2025,10,irregular,40.41,11.4,,,,0.4124,100,37.09,84.27,56.58,42.93,43.59,46.54,39.39,41.37,46.4,59.16
STU0774,2023,8,excellent,84,16.7,,,,0.8455,5.14,10.69,20.94,96.54,95.63,97.31,92.81,96.75,90.45,97.36,93.63
STU0774,2024,9,excellent,81.31,16.7,,,,0.8462,4.52,10.51,22.99,97.42,96.21,97.54,94.69,96.86,94.3,97.68,96.69
STU0774,2025,10,excellent,84.97,16.7,,,,0.8419,4.44,10.61,21.31,97.91,96.44,97.71,95.26,97.51,95.49,97.7,97.01
STU0775,2023,8,excellent,77,23.6,,,,0.9485,13.64,31.07,43.91,94.44,74.38,94.74,88.5,84.56,93.31,86.45,92.84
STU0775,2024,9,excellent,77.78,23.6,,,,0.9487,4.78,31.08,39.92,96.46,79.44,93.87,92.26,85,94.48,89.53,93.87
STU0775,2025,10,excellent,84.97,23.6,,,,0.9473,4.04,31.06,34.34,96.6,82.63,96.38,93.26,89.5,95.29,91.73,96.16
STU0776,2023,8,irregular,44,10.5,,,,0.2818,100,37.84,84.46,23.7,27.31,25.65,19.41,43.86,35.29,54.31,25.08
STU0776,2024,9,irregular,45.45,10.5,,,,0.2821,100,38.12,84.53,25.32,28.75,25.88,17.22,45.79,37,55.95,26.92
STU0776,2025,10,irregular,43.01,10.5,,,,0.2806,100,38.08,84.52,22.7,29.08,26.16,17.69,44.52,36.9,54.98,26.79
STU0777,2023,8,good,80.5,17.5,,,,0.7861,6.4,11.74,26.11,90.91,96.61,93.21,95.81,94.58,93.33,97.74,94.16
STU0777,2024,9,good,80.81,17.5,,,,0.7949,5.91,11.8,28.54,91.6,97.03,94.21,94.81,96.4,94.83,97.75,95.93
STU0777,2025,10,good,73.06,17.5,,,,0.7892,5.86,11.81,30.15,92.49,97.21,96.12,95.59,96.06,95,97.95,95.92
STU0778,2023,8,good,79,9.9,,,,0.6667,72.34,41.48,68.93,60.46,39.52,34.17,51.72,42.6,50.87,65.14,58.88
STU0778,2024,9,good,89.9,9.9,,,,0.6667,63.78,41.42,52.88,65.15,43.43,38.47,56.26,46.47,53.74,69.08,60.46
STU0778,2025,10,good,87.56,9.9,,,,0.6667,54.38,41.51,50.96,68.37,46.86,40.42,60.75,50.94,56.5,73.67,64.7
STU0779,2023,8,good,73.5,12.3,,,,0.7182,35.1,34.24,54.35,77.84,53.3,57.5,74.36,50.67,66.9,58,76.46
STU0779,2024,9,good,80.81,12.3,,,,0.7179,34.26,34.24,50.51,82.96,57.05,58.95,77.59,50.79,66.64,59.45,77.8
STU0779,2025,10,good,74.61,12.3,,,,0.7194,33.37,34.22,53.2,83.55,58.65,59.64,80.24,55,67.83,62.75,80.75
STU0780,2023,8,at-risk,20,6.7,,,,0.2818,100,60.01,90,27.18,11.46,23.91,12.51,13.3,12.32,13.44,22.17
STU0780,2024,9,at-risk,27.27,6.7,,,,0.2821,100,60.1,90.02,31.13,13.47,26.42,14.84,14.35,13.06,15.46,22.59
STU0780,2025,10,at-risk,20.21,6.7,,,,0.2806,100,59.99,90,35.48,15.98,27.26,17.22,14.99,14.04,17.21,27.45
STU0781,2023,8,good,75,20.9,,,,0.7861,6.16,12.58,35.92,96.67,90.74,95.55,95.94,97.9,94.95,97.54,93.43
STU0781,2024,9,good,75.25,20.9,,,,0.7949,5.8,12.56,35.75,96.71,91.84,96.02,95.36,97.85,95.14,97.53,96.03
STU0781,2025,10,good,81.35,20.9,,,,0.7892,5.64,12.64,29.42,97.54,94.4,96.43,96.85,97.72,96.07,96.76,96.07
STU0782,2023,8,good,82,12.8,,,,0.7861,28.65,13.73,44.41,90.13,77.04,93.45,69.21,75.23,54.13,90.44,68.91
STU0782,2024,9,good,80.3,12.8,,,,0.7949,28.65,13.8,46.34,89.89,74.75,93.21,69.37,75.42,53.29,89.84,71
STU0782,2025,10,good,71.5,12.8,,,,0.7892,28.61,13.8,46.32,89.25,77.25,93.57,70.71,74.94,54.53,90.54,68.73
STU0783,2023,8,excellent,84.5,13.7,,,,0.9578,13.68,10.02,35.32,92.06,93.35,84.33,83.21,95.81,89.01,83.21,84.81
STU0783,2024,9,excellent,89.39,13.7,,,,0.9487,5.52,9.94,22.5,92.77,94,85.38,82.43,94.98,90.38,82.86,86.37
STU0783,2025,10,excellent,91.71,13.7,,,,0.9566,5.35,9.97,19.24,92.04,92.99,84.62,85.54,95.59,90.19,84.02,86.58
STU0784,2023,8,good,72.5,19.3,,,,0.9228,4.54,6.82,33.75,97.74,96.3,96.84,97.15,97.08,86.18,78.49,97.83
STU0784,2024,9,good,75.25,19.3,,,,0.9231,4.28,6.73,33.61,97.58,96.46,97.29,97.36,97.93,88.29,81.08,97.14
STU0784,2025,10,good,76.68,19.3,,,,0.9209,12.1,6.79,36.34,97.77,96.7,97.47,97.68,97.89,90.01,81.53,97.78
STU0785,2023,8,irregular,54.5,8.9,,,,0.5558,82.66,27.9,74.17,68.44,56.38,55.02,36.24,36.05,46.52,71.99,31.88
STU0785,2024,9,irregular,57.07,8.9,,,,0.5641,82.34,27.82,74.01,67.16,57.13,57.09,35.64,38.32,46.92,70.93,31.33
STU0785,2025,10,irregular,58.55,8.9,,,,0.5613,90.79,27.84,77.82,67.48,57.43,57.21,36.98,36.41,46.82,71.21,29.2
STU0786,2023,8,moderate,59.5,11.6,,,,0.5122,73.56,42.99,73.85,72.31,60.29,45.01,80.01,34.35,43.03,58.83,59.98
STU0786,2024,9,moderate,63.13,11.6,,,,0.5128,73.47,42.98,73.81,72.31,59.93,45.67,79.45,31.97,45.12,56.64,61.59
STU0786,2025,10,moderate,63.73,11.6,,,,0.5085,66.1,43.01,70.5,74.86,61.75,46.6,80.93,35.85,43.54,58,64.2
STU0787,2023,8,good,78,15.8,,,,0.8119,4.85,12.76,35.37,97.86,97.81,97.11,98.16,96.5,96.63,97.53,96.87
STU0787,2024,9,good,81.82,15.8,,,,0.8205,4.56,12.8,26.17,97.65,97.53,97.84,98.03,97.37,97.04,97.98,97.29
STU0787,2025,10,good,79.27,15.8,,,,0.8155,4.66,12.77,29.44,97.79,97.79,97.51,97.84,97.15,97.59,97.65,97.41
STU0788,2023,8,excellent,83.5,18.2,,,,0.9063,16.32,9.88,29.48,91.09,72.1,85.61,80.16,94.29,91.4,75.77,81.89
STU0788,2024,9,excellent,92.93,18.2,,,,0.8974,15.79,9.8,17.34,92.77,76.79,87.02,82.32,93.65,92.13,78.11,83.65
STU0788,2025,10,excellent,94.82,18.2,,,,0.9038,15.01,9.87,15.71,92.4,76.94,88.64,84.88,95.13,92.95,81.24,86.58
STU0789,2023,8,at-risk,26,5.9,,,,0.2818,100,85.19,96.3,21.05,24.87,11.25,12.37,10.17,10.43,10.23,15.47
STU0789,2024,9,at-risk,29.29,5.9,,,,0.2821,100,85.47,96.37,18.6,24.12,10.95,12.49,10.17,10.8,11.03,14.51
STU0789,2025,10,at-risk,32.12,5.9,,,,0.2806,100,85.43,96.36,19.92,24.32,11.28,13.45,10.45,10.89,10.66,13.58
STU0790,2023,8,good,78.5,14.9,,,,0.8891,25.03,9.89,41.65,77.49,89.45,91.94,92.31,74.71,68.14,75.63,79.82
STU0790,2024,9,good,86.87,14.9,,,,0.8974,17.59,9.76,25.71,78.4,90.67,93.02,92.54,76.2,69.52,75.75,80.8
STU0790,2025,10,good,81.87,14.9,,,,0.8946,17.6,9.89,32.2,79.02,92.14,89.62,92.85,75.76,69.65,75.73,81.02
STU0791,2023,8,good,72.5,1,,,,0.5472,67.56,45.05,71.66,56.24,41.6,47.8,59.31,51.54,43.6,53.02,60.84
STU0791,2024,9,good,73.74,1,,,,0.5385,59.45,45.15,64.25,55.83,41.03,50.86,59.06,51.64,44.26,53.8,63.1
STU0791,2025,10,good,69.43,1,,,,0.5442,67.08,45.08,71.46,57.69,44.22,49.48,59.04,52.76,44.05,53.43,64.9
STU0792,2023,8,excellent,90.5,17.5,,,,0.7861,5.58,12.52,20.24,98.08,97.46,93.23,97.75,95.22,96.55,97.15,98.14
STU0792,2024,9,excellent,84.34,17.5,,,,0.7949,5.34,12.59,30.44,97.81,97.52,93.26,97.58,96.01,96.93,97.43,97.91
STU0792,2025,10,excellent,88.6,17.5,,,,0.7892,5.27,12.59,20.51,97.8,97.74,95.91,97.98,97.12,97.03,97.46,97.81
STU0793,2023,8,excellent,89,20.4,,,,0.9485,3.43,12.16,17.69,97.48,90.59,91.44,85.62,97.25,93.92,97.27,97.01
STU0793,2024,9,excellent,78.79,20.4,,,,0.9487,3.09,12.16,27.79,97.77,92.21,92.05,87.21,97.86,95.43,97.59,97.36
STU0793,2025,10,excellent,91.19,20.4,,,,0.9473,2.81,12.14,12.45,97.6,94.04,93.52,90.29,97.82,95.97,97.02,97.51
STU0794,2023,8,irregular,44.5,3.5,,,,0.4013,61.62,43,68.48,62.16,52.44,57.21,50.39,43.73,43.05,62.7,56.63
STU0794,2024,9,irregular,39.9,3.5,,,,0.4103,59.97,42.85,67.7,68.59,59.12,61.45,57.34,44.38,45.98,62.69,61.15
STU0794,2025,10,irregular,54.4,3.5,,,,0.4031,59,42.93,67.28,69.87,61.64,64.8,59.47,46.59,49.48,66.13,63.2
STU0795,2023,8,good,74,14.8,,,,0.8376,7.69,11.82,36.41,96.84,96.74,86.65,92.78,81.68,81.53,84.57,96.04
STU0795,2024,9,good,73.23,14.8,,,,0.8462,15.17,11.77,39.77,97.49,97.78,87.61,94.17,83.85,80.91,85.35,97.06
STU0795,2025,10,good,77.2,14.8,,,,0.8419,6.8,11.79,36.01,96.9,97.96,87.95,94.22,86.86,83.13,87.06,97.34
STU0796,2023,8,excellent,81,16.7,,,,0.7346,18.22,14.65,35.65,72.41,87.65,86.56,80.13,97.1,94.58,97.8,77.69
STU0796,2024,9,excellent,80.81,16.7,,,,0.7436,17.02,14.52,34.22,80.7,90.67,88.89,85.89,96.6,95.64,97.61,79.64
STU0796,2025,10,excellent,84.46,16.7,,,,0.7365,8.45,14.57,25.11,81.01,92.07,91.92,88.44,97.13,97.45,97.82,84.26
STU0797,2023,8,good,76.5,14.9,,,,0.7182,25.1,14.36,44.88,66.71,59.37,67.66,81.51,77.7,75.29,64.24,79.72
STU0797,2024,9,good,83.84,14.9,,,,0.7179,24.33,14.36,44.03,66.07,62.64,71.48,80.74,80.97,77.81,65.29,79.77
STU0797,2025,10,good,77.72,14.9,,,,0.7194,30.34,14.35,47.24,69.63,64.56,75.44,84.29,81.24,77.25,67.71,84.89
STU0798,2023,8,moderate,67,8.9,,,,0.7182,33.64,20.53,50.27,83.11,55.14,61.93,64.24,62.81,75.48,55.05,86.79
STU0798,2024,9,moderate,63.13,8.9,,,,0.7179,33.03,20.54,50,84.36,57.03,64.21,67.7,62.13,74.85,55.79,88.98
STU0798,2025,10,moderate,60.1,8.9,,,,0.7194,25.07,20.49,46.4,84.82,60.02,66.49,70.79,65.94,76.08,57.97,91.94
STU0799,2023,8,excellent,83.5,9.5,,,,0.7776,51.13,17.25,47.89,64.39,64.12,49.52,46.31,70.46,72.44,58.58,54.71
STU0799,2024,9,excellent,83.33,9.5,,,,0.7692,42.82,17.36,46.01,63.95,64.54,50.54,49.17,70.55,72.59,61.71,57.77
STU0799,2025,10,excellent,82.38,9.5,,,,0.7721,34.15,17.32,42.3,68.39,65.92,53.31,50.35,71.98,73.41,62.21,59.6
STU0800,2023,8,excellent,86.5,17.1,,,,0.9485,13.64,10.09,24.1,80.24,77.89,93.85,97.42,83.12,88.65,92.01,93.49
STU0800,2024,9,excellent,84.85,17.1,,,,0.9487,13.07,10.18,26.01,82,79.73,93.91,97.66,84.69,91.1,93.07,94.79
STU0800,2025,10,excellent,78.76,17.1,,,,0.9473,13.21,10.13,36.34,83.2,80.15,92.71,97.55,86.75,90.5,92.88,93.53
STU0801,2023,8,excellent,90.5,20.1,,,,0.9228,2.67,8.16,12.44,97.84,94.66,97.69,97.87,96.89,97.63,97.56,97.41
STU0801,2024,9,excellent,86.87,20.1,,,,0.9231,2.56,8.17,18.55,97.74,96.32,97.55,98.28,97.14,97.69,97.46,97.51
STU0801,2025,10,excellent,90.67,20.1,,,,0.9209,2.62,8.14,12.37,97.55,95.82,97.78,97.75,97.52,97.74,97.53,97.62
STU0802,2023,8,at-risk,26,5,,,,0.2818,100,60.44,90.11,17.82,11.59,11.9,14.27,11.91,26.13,23.19,12.54
STU0802,2024,9,at-risk,26.77,5,,,,0.2821,100,60.12,90.03,20.03,12.41,12.74,15.52,12.54,29.28,22.27,12.64
STU0802,2025,10,at-risk,21.24,5,,,,0.2806,100,60.38,90.09,21.62,12.54,13.71,15.92,12.65,29.32,24.42,14.49
STU0803,2023,8,moderate,62.5,5.4,,,,0.4363,100,49.32,87.33,38.74,45.62,32.91,44.61,45.44,20.12,34.32,41.1
STU0803,2024,9,moderate,59.09,5.4,,,,0.4359,100,49.44,87.36,42.6,49.42,37.78,47.83,48.96,22.99,38.68,43.53
STU0803,2025,10,moderate,60.1,5.4,,,,0.4387,100,49.4,87.35,45.07,55.97,41.48,50.03,53.07,26.52,42.49,48.91
STU0804,2023,8,good,80.5,9.3,,,,0.6667,30.72,17.93,39.5,88.65,54.22,89.48,93.96,76.31,66.67,78.39,83.19
STU0804,2024,9,good,74.75,9.3,,,,0.6667,30.33,18.01,48.15,87.58,54.82,90.58,93.27,76.83,68.76,80.94,83.73
STU0804,2025,10,good,76.17,9.3,,,,0.6667,22.52,17.95,43.03,88.38,58.42,94.05,94.88,80.27,70.41,80.78,85.37
STU0805,2023,8,good,81.5,9.4,,,,0.7261,10.28,16.97,35.25,88.49,95.04,83.17,73.09,96.32,77.04,97.65,91.49
STU0805,2024,9,good,75.76,9.4,,,,0.7179,17.78,17.02,42.26,93.1,96.17,86.74,75.95,96.75,78.42,97.81,94.66
STU0805,2025,10,good,76.17,9.4,,,,0.7194,17.12,17.01,41.96,92.61,96.77,89.47,80.41,97.36,81.53,97.57,95.41
STU0806,2023,8,moderate,70.5,7.9,,,,0.7604,19.27,35.4,47.52,90.16,96.24,84.52,91.4,71.27,72,75.87,95.75
STU0806,2024,9,moderate,73.23,7.9,,,,0.7692,25.7,35.35,50.4,92.64,97.37,86.63,91.03,72.15,74.44,76.26,95.08
STU0806,2025,10,moderate,71.5,7.9,,,,0.7628,18.5,35.39,47.17,92.94,96.58,86.78,92.85,74.17,75.13,77.89,96.3
STU0807,2023,8,good,75.5,10.8,,,,0.6409,32.28,13.35,44.61,79.42,69.8,83.21,61.05,91.02,73.23,89.44,50.89
STU0807,2024,9,good,76.26,10.8,,,,0.641,31.24,13.43,45.8,83.21,72.11,84.88,68.5,92.28,75.44,91.48,52.19
STU0807,2025,10,good,73.58,10.8,,,,0.6403,30.23,13.37,43.19,85.23,73.56,86.1,70.59,94.35,78.78,92.79,57.56
STU0808,2023,8,at-risk,32.5,5.5,,,,0.2818,100,59.8,89.95,12.76,29.6,42.63,29.25,52.11,33.62,29.28,31.89
STU0808,2024,9,at-risk,28.28,5.5,,,,0.2821,100,59.81,89.95,15.64,31.58,45.22,29.56,55.87,36.37,30.33,34.56
STU0808,2025,10,at-risk,31.09,5.5,,,,0.2806,100,59.77,89.94,15.63,32.93,48.74,31.93,58.28,39.02,34.34,39.34
STU0809,2023,8,moderate,67.5,10.2,,,,0.6244,32.02,20.18,49.45,89.83,56.69,77.72,73.83,87.14,68.84,90.43,67.91
STU0809,2024,9,moderate,58.59,10.2,,,,0.6154,24.35,20.18,46,92.02,60.6,80.93,77.02,87.22,69.85,93.4,69.95
STU0809,2025,10,moderate,66.32,10.2,,,,0.6232,29.95,20.17,48.52,93.88,63.67,84.63,81.22,91.06,73.57,94.3,74.76
STU0810,2023,8,moderate,64,9.9,,,,0.5558,54.99,25.47,61.11,59.14,44.27,78.46,79.36,61.53,56.49,76.76,42.5
STU0810,2024,9,moderate,74.24,9.9,,,,0.5641,53.88,25.54,60.63,62.98,46.57,80.69,83.68,62.63,59.62,78.19,46.71
STU0810,2025,10,moderate,66.84,9.9,,,,0.5613,36.3,25.54,52.72,67.23,53.56,85.29,86,67.61,61.16,81.47,51.97
STU0811,2023,8,moderate,74,7.8,,,,0.6152,37.23,41.52,55.99,67.45,67.23,55.36,66.86,62.51,62.07,63.4,64.85
STU0811,2024,9,moderate,67.17,7.8,,,,0.6154,36.07,41.44,56.59,70.94,71.15,61.82,68.39,65.05,65.26,65.06,66.32
STU0811,2025,10,moderate,62.18,7.8,,,,0.614,27.42,41.48,52.71,77.37,73.29,64.45,74.07,68.3,69.86,68.45,71.78
STU0812,2023,8,good,73.5,17.7,,,,0.8455,22.8,11.17,43.05,97.76,96.66,95.2,94.04,55.55,73.26,97.38,96.97
STU0812,2024,9,good,75.25,17.7,,,,0.8462,22.71,11.25,43.03,97.43,96.96,95.5,95.4,57.12,73.93,96.98,97.63
STU0812,2025,10,good,79.27,17.7,,,,0.8419,22.66,11.21,43,97.41,97.08,96.66,95.68,57.26,73.28,96.9,97.28
STU0813,2023,8,moderate,60.5,11,,,,0.7776,29.6,16.65,47.48,97.58,62.49,88.06,80.45,77.3,60.42,53.57,94.07
STU0813,2024,9,moderate,72.22,11,,,,0.7692,29.25,16.69,47.34,97.47,63.72,87.92,82.03,77.25,63.65,57.05,93.07
STU0813,2025,10,moderate,66.84,11,,,,0.7721,29.15,16.65,47.28,97.35,64.06,88.29,83.53,78.3,62.46,57.68,93.4
STU0814,2023,8,moderate,63.5,7.3,,,,0.6072,57.24,40.87,65.97,55.73,60.94,40.91,71.31,50.69,48.78,50.2,54.52
STU0814,2024,9,moderate,72.73,7.3,,,,0.6154,48.07,40.72,61.81,56.37,63.55,44.33,74.43,53.57,50.88,52.55,59.76
STU0814,2025,10,moderate,68.91,7.3,,,,0.614,46.43,40.8,61.1,61.46,69.8,47.06,79.41,54.49,57.42,55.46,62.15
STU0815,2023,8,excellent,84.5,23.2,,,,0.9228,3.38,13.08,27.84,97.56,95.89,96.41,98,97.34,91.35,93.79,95.51
STU0815,2024,9,excellent,85.86,23.2,,,,0.9231,3.2,13.08,26.58,97.96,96.89,96.79,97.46,97.65,91.99,94.25,96.18
STU0815,2025,10,excellent,81.87,23.2,,,,0.9209,3.14,13.07,28.29,98.3,96.21,96.89,97.76,97.19,92.82,95.07,96.59
STU0816,2023,8,good,68,13.2,,,,0.6667,30.58,15.14,47.55,71.42,76.35,76.32,57.44,87.98,86.94,82.99,73.24
STU0816,2024,9,good,71.72,13.2,,,,0.6667,29.94,15.15,47.26,75.84,78.47,77.73,59.94,89.64,87.66,84.34,75.57
STU0816,2025,10,good,78.24,13.2,,,,0.6667,29.21,15.11,46.92,75.73,78.98,79.4,63.26,90.91,89.84,86.7,77.47
STU0817,2023,8,excellent,85,18.7,,,,0.8548,27.26,35,39.46,89.93,69.99,83.6,81.73,71.06,56.87,82.62,86.86
STU0817,2024,9,excellent,86.36,18.7,,,,0.8462,26.14,35.11,36,91.19,73.22,85.92,84.85,76.11,59.6,85.94,90.03
STU0817,2025,10,excellent,82.38,18.7,,,,0.8511,25.55,35.04,41.96,92.66,75.93,87.3,85.81,77.61,61.87,87.68,89.3
STU0818,2023,8,at-risk,34.5,3.4,,,,0.3076,100,64.64,91.16,30.49,32.52,32.94,41.54,27.59,27.08,21.28,34.27
STU0818,2024,9,at-risk,25.76,3.4,,,,0.3077,100,64.73,91.18,32.69,32.99,35.83,44.15,28.92,30.41,23.8,36.86
STU0818,2025,10,at-risk,27.46,3.4,,,,0.307,100,64.61,91.15,35.49,35.24,38.33,45.86,31.56,32.31,26.87,37.61
STU0819,2023,8,good,81,10.9,,,,0.8291,25.72,14.34,40.75,84.21,73.4,89.05,78.66,96.29,84.13,93.55,56.23
STU0819,2024,9,good,74.24,10.9,,,,0.8205,25.6,14.34,45.11,86.28,73.66,89.5,77.56,95.57,84.27,94.78,56.83
STU0819,2025,10,good,80.31,10.9,,,,0.8248,25.36,14.36,42.54,87.27,72.45,89.54,79.63,96.69,84.66,94.57,55.49
STU0820,2023,8,good,77.5,18.3,,,,0.897,14.5,8.05,32.16,97.4,88.96,96.32,93.32,87.99,69.82,92.68,94.21
STU0820,2024,9,good,78.28,18.3,,,,0.8974,14.33,8.07,30.13,97.57,88.13,96.35,93.14,88.86,69.22,93.44,95.09
STU0820,2025,10,good,78.24,18.3,,,,0.8946,14.77,8.05,35.73,97.2,85.16,96.58,93.5,86.35,68.78,93.38,93.93
STU0821,2023,8,irregular,40.5,2.6,,,,0.4442,94.2,52.7,85.56,56.17,37.95,69.33,45.51,53.34,39.7,34.55,52.92
STU0821,2024,9,irregular,43.43,2.6,,,,0.4359,77.75,52.44,78.1,62.45,44.78,73.5,49.38,57.49,40.99,39.3,56.34
STU0821,2025,10,irregular,58.55,2.6,,,,0.4387,67.96,52.6,73.73,66.74,47.19,78.46,54.75,59.39,46.62,41.09,61.51
STU0822,2023,8,excellent,83.5,22.7,,,,0.8713,3.65,11.72,29.64,97.66,96.3,96.07,98.21,98.08,97.46,97.45,97.53
STU0822,2024,9,excellent,84.34,22.7,,,,0.8718,3.48,11.72,27.58,97.97,97.4,96.85,98,97.86,97.69,97.92,97.87
STU0822,2025,10,excellent,79.79,22.7,,,,0.8682,3.6,11.74,34,97.7,96.92,97.11,97.65,97.71,97.75,97.82,97.95
STU0823,2023,8,good,76,19.6,,,,0.9485,2.04,11.64,28.67,97.98,97.94,97.91,97.67,94.46,97.63,97.98,97.92
STU0823,2024,9,good,78.79,19.6,,,,0.9487,2,11.65,25.37,98,98.03,97.83,98.31,94.89,97.64,97.84,97.88
STU0823,2025,10,good,78.24,19.6,,,,0.9473,2.03,11.63,29.99,97.77,97.84,98.22,97.79,95.23,97.7,97.99,97.77
STU0824,2023,8,at-risk,25,8.6,,,,0.3333,100,40.95,85.24,41.85,33.48,47.87,50.18,36.43,48.74,63.85,41.21
STU0824,2024,9,at-risk,31.82,8.6,,,,0.3333,100,41.13,85.28,43.26,34.48,48.22,52.9,36.9,51.63,65.47,44.46
STU0824,2025,10,at-risk,29.02,8.6,,,,0.3333,96.4,41.08,83.65,44.88,36.55,48.81,53.79,41.43,53.23,67.54,47.44
STU0825,2023,8,good,77,13.8,,,,0.7861,20.12,17.96,43.55,89.76,94.31,79.15,92.13,70.64,63.83,70.13,92.21
STU0825,2024,9,good,68.18,13.8,,,,0.7949,25.88,18.06,46.16,92.29,96.79,84.05,94.39,72.17,68.79,71.9,94.53
STU0825,2025,10,good,72.02,13.8,,,,0.7892,17.66,18.02,42.45,93.78,97.07,86.63,95.29,78.64,72.46,77.62,96.01
STU0826,2023,8,excellent,82.5,21.1,,,,0.8713,3.48,13.98,33.03,97.62,97.8,97.5,97.84,97.41,98.03,97.83,97.73
STU0826,2024,9,excellent,86.36,21.1,,,,0.8718,3.43,13.8,29.46,97.86,97.79,97.9,97.78,97.76,97.96,97.73,97.88
STU0826,2025,10,excellent,83.94,21.1,,,,0.8682,3.53,13.9,29.13,97.96,97.83,97.36,98.06,97.63,97.63,97.75,97.98
STU0827,2023,8,irregular,45,10.5,,,,0.6152,20.44,17.71,43.62,94.98,73.39,91.33,74.2,95.13,92.88,96.31,84.85
STU0827,2024,9,irregular,44.95,10.5,,,,0.6154,19.96,17.71,43.41,94.68,76.15,91.27,78.09,95.67,94.24,96,87.1
STU0827,2025,10,irregular,44.56,10.5,,,,0.614,19.71,17.7,43.3,95.14,75.68,93.16,80.7,97.06,94.2,96.56,86.75
STU0828,2023,8,good,76,21.2,,,,0.7776,17.39,31.74,42.4,93.72,94.35,88.5,88.69,84.24,76.36,85.75,94.52
STU0828,2024,9,good,81.82,21.2,,,,0.7692,17.34,31.79,41.17,93.75,94.68,88.61,92.32,85.87,77.65,85.47,93.51
STU0828,2025,10,good,79.79,21.2,,,,0.7721,16.72,31.73,39.5,94.11,94.8,89.7,92.46,86.46,81.22,87.69,94.21
STU0829,2023,8,excellent,86.5,15.5,,,,0.9485,3.13,9.98,18.44,97.67,97.37,85.55,97.78,93.21,97.76,90.57,97.33
STU0829,2024,9,excellent,87.88,15.5,,,,0.9487,2.76,9.98,16.18,97.77,98.1,89.08,97.61,95.18,97.79,92.41,97.37
STU0829,2025,10,excellent,91.19,15.5,,,,0.9473,2.44,9.97,12.64,97.95,98.01,91.82,97.96,96.73,97.8,94,97.27
STU0830,2023,8,excellent,78.5,16,,,,0.8376,14.7,12.79,34.13,96.82,88.97,84.63,95.52,97.02,82.34,94.91,92.77
STU0830,2024,9,excellent,83.84,16,,,,0.8462,14.31,12.88,25.66,96.66,88.69,84.81,95.83,97.57,84.18,95.54,94.9
STU0830,2025,10,excellent,81.87,16,,,,0.8419,14.35,12.82,26.97,96.66,88.87,86.32,96.59,97.17,84.09,94.67,94.46
STU0831,2023,8,excellent,88.5,19.6,,,,0.9148,2.6,10.58,23.33,97.84,97.67,97.84,97.59,97.63,97.82,97.93,97.75
STU0831,2024,9,excellent,89.39,19.6,,,,0.9231,2.45,10.48,19.45,98.12,97.6,97.83,97.58,97.59,97.74,97.83,97.67
STU0831,2025,10,excellent,87.05,19.6,,,,0.9209,2.46,10.48,22.65,97.97,97.68,97.94,97.89,97.77,97.65,97.88,97.77
STU0832,2023,8,at-risk,35,3.2,,,,0.3333,100,62,90.5,15.72,36.91,31.6,33.58,28.83,18,35.11,23.69
STU0832,2024,9,at-risk,29.8,3.2,,,,0.3333,100,62.25,90.56,15.78,33.1,31.18,34.64,29.26,17.38,38.42,21.87
STU0832,2025,10,at-risk,31.61,3.2,,,,0.3333,100,62.19,90.55,15.59,34.98,32.07,34.03,30.46,16.58,38.06,24.87
STU0833,2023,8,moderate,73,8.9,,,,0.5987,34.35,17.36,49.8,55.29,83.03,59.05,77.53,75.96,76.01,62.03,79.68
STU0833,2024,9,moderate,71.72,8.9,,,,0.5897,33.93,17.35,49.61,56.49,82.57,62.71,77.61,80.36,76.61,63.36,81.47
STU0833,2025,10,moderate,71.5,8.9,,,,0.5969,32.91,17.4,49.16,60.18,85.1,63.95,82.79,78.49,78.09,66.25,83.1
STU0834,2023,8,excellent,84.5,12.1,,,,0.7696,15.85,12.46,30.6,90.21,85.95,97.2,94.72,95.26,87.06,91.84,95.27
STU0834,2024,9,excellent,81.31,12.1,,,,0.7692,15.45,12.53,33.81,92.02,86.38,97.88,95.05,96.51,88.75,92.73,96.28
STU0834,2025,10,excellent,87.05,12.1,,,,0.7721,7.38,12.49,21.77,92.63,88.73,97.78,95.12,96.52,88.83,92.76,94.74
STU0835,2023,8,moderate,66.5,8.7,,,,0.7604,32.06,15.42,48.28,71.83,67.49,85.26,78.52,71.86,61.9,62.71,64
STU0835,2024,9,moderate,71.72,8.7,,,,0.7692,30.98,15.5,47.82,74.69,70.8,86.94,81.34,72.89,64,64.54,66.91
STU0835,2025,10,moderate,61.14,8.7,,,,0.7628,23.11,15.48,44.27,74.08,72.88,89.33,84.06,75.58,65.95,68.34,70.75
STU0836,2023,8,good,79.5,17,,,,0.932,3.39,10.24,28.19,95.94,95.82,97.84,85.8,95.68,96.89,97.17,92.21
STU0836,2024,9,good,73.23,17,,,,0.9231,3.29,10.16,34.02,96.15,96.32,97.95,88.27,96.74,96.97,97.54,93.68
STU0836,2025,10,good,70.98,17,,,,0.9302,2.81,10.22,31.51,96.82,97.51,97.88,91.53,97.44,97.17,97.76,94.93
STU0837,2023,8,good,76,20.3,,,,0.8033,15.95,32.92,45.41,97.9,92.82,81.89,96.59,92.26,84.63,81.26,97.05
STU0837,2024,9,good,74.75,20.3,,,,0.7949,15.68,32.96,45.3,97.7,94.33,83.15,97.1,93.95,85.59,83.73,97.03
STU0837,2025,10,good,78.24,20.3,,,,0.7984,7.2,32.9,41.47,97.9,94.61,83.4,97.32,94.69,88.3,85.2,96.81
STU0838,2023,8,good,76.5,17.8,,,,0.7604,17.82,13.11,40.53,74.65,96.89,86.17,97.68,71.47,86.22,88.62,94.4
STU0838,2024,9,good,77.27,17.8,,,,0.7692,16.85,12.98,37.2,78.68,97.46,90.25,97.6,72.75,88.31,90.43,96.13
STU0838,2025,10,good,78.76,17.8,,,,0.7628,8.57,13.08,29.59,80.67,97.64,90.11,97.5,75.31,91.21,91.25,95.87
STU0839,2023,8,moderate,64.5,3.4,,,,0.5815,100,68.34,92.09,60.99,28.63,31,30.03,42.49,35.72,26.14,50.19
STU0839,2024,9,moderate,70.2,3.4,,,,0.5897,100,68.41,92.1,63.71,30.97,33.82,32.15,44.28,37.72,26.44,55.49
STU0839,2025,10,moderate,70.47,3.4,,,,0.5876,100,68.42,92.11,65.72,34.04,37.83,35.98,47.26,39.14,30.17,59.49
STU0840,2023,8,excellent,80.5,14.6,,,,0.8891,14.78,12.56,33.69,85.39,70.38,91.41,92.85,96.59,94.08,88.3,88.65
STU0840,2024,9,excellent,84.85,14.6,,,,0.8974,14.23,12.52,25.32,88.04,72.86,91.58,91.73,96.58,94.14,90.06,90.73
STU0840,2025,10,excellent,88.08,14.6,,,,0.8946,5.56,12.54,18.94,90.97,76.7,93.36,94.19,97.4,95.16,92.98,90.52
STU0841,2023,8,irregular,43.5,8.3,,,,0.7182,28.82,27.83,49.92,88.6,55.72,81.65,79.13,93.92,84.32,79.9,77
STU0841,2024,9,irregular,41.92,8.3,,,,0.7179,27.58,27.82,49.37,92.79,57.82,83.94,83.21,94.89,87.55,82.47,80.82
STU0841,2025,10,irregular,48.19,8.3,,,,0.7194,19.25,27.83,45.62,94.61,64.42,87.43,86.79,96.59,90.67,86.26,83.55
STU0842,2023,8,good,79.5,17.3,,,,0.9228,15.51,9.57,33.48,97.4,91.48,84.03,87.37,78.73,71.83,79.96,97.46
STU0842,2024,9,good,78.79,17.3,,,,0.9231,14.8,9.47,36.88,97.29,93.09,88.14,88.69,79.52,74.6,82.18,97.66
STU0842,2025,10,good,85.49,17.3,,,,0.9209,14.06,9.55,28.86,97.96,93.97,89.23,90.53,83.88,78.44,84.04,97.85
STU0843,2023,8,irregular,49,4.7,,,,0.4528,76.03,54.82,77.92,49.42,49.49,49.86,74.44,61.27,50.63,65.98,40.12
STU0843,2024,9,irregular,54.55,4.7,,,,0.4615,50.25,54.79,66.31,56.76,52.66,54.09,77.7,65.88,53.52,68.22,43.82
STU0843,2025,10,irregular,54.4,4.7,,,,0.4558,40.31,54.79,61.84,60.68,58.77,57.9,82.53,71.41,58.27,73.91,50.16
STU0844,2023,8,moderate,64,8.5,,,,0.5637,38.43,21.61,52.7,51.89,51.62,61.91,63.4,70.39,67.4,59.11,76.81
STU0844,2024,9,moderate,65.15,8.5,,,,0.5641,36.98,21.61,52.04,56.46,51.94,64.27,65.7,74.89,70.58,63.79,82.28
STU0844,2025,10,moderate,64.25,8.5,,,,0.5613,35.87,21.59,51.54,59.81,56.85,67.88,70.16,77.14,72.81,65.91,84.79
STU0845,2023,8,moderate,69,8.5,,,,0.6924,53.52,21.25,59.4,49.96,61.66,54.98,71.2,49.34,55.77,61.98,66.2
STU0845,2024,9,moderate,67.17,8.5,,,,0.6923,36.34,21.25,51.67,54.26,66.38,58.53,74.97,52.11,58.87,62.67,68.01
STU0845,2025,10,moderate,75.13,8.5,,,,0.693,35.02,21.27,51.07,58.33,68.59,62.33,76.16,56.21,60.08,68.88,71.85
STU0846,2023,8,moderate,66,10.5,,,,0.6409,34.48,21.26,50.83,67.54,75.16,79.37,60.11,70.87,70.51,61.13,69.88
STU0846,2024,9,moderate,64.65,10.5,,,,0.641,32.8,21.34,50.09,76.11,77.05,84.07,65.78,74.79,74.81,63.92,73.87
STU0846,2025,10,moderate,69.43,10.5,,,,0.6403,24.56,21.31,46.38,78.54,78.36,85.06,69.37,77.36,79.01,66.27,79.39
STU0847,2023,8,at-risk,34.5,1,,,,0.2818,100,51.25,87.81,29.62,20.67,41.04,68.66,23.11,21.99,27.95,40.47
STU0847,2024,9,at-risk,28.79,1,,,,0.2821,100,50.86,87.71,32.07,18.2,39.27,68.3,24.91,20.87,26.92,43.02
STU0847,2025,10,at-risk,33.16,1,,,,0.2806,100,51.12,87.78,31.35,20.3,41.45,71.69,24.28,22.39,28.63,41.65
STU0848,2023,8,moderate,63,14.6,,,,0.6667,9.22,15.63,38.06,95.36,93.88,89.76,93.77,96.54,94.94,95.76,88.49
STU0848,2024,9,moderate,66.16,14.6,,,,0.6667,8.81,15.72,37.89,96.91,94.1,92.36,95.36,96.74,95.77,95.69,90.41
STU0848,2025,10,moderate,59.59,14.6,,,,0.6667,8.75,15.63,37.84,96.15,94.9,92.14,95.03,96.88,96.21,95.92,91
STU0849,2023,8,excellent,88.5,20,,,,0.9743,1.81,8.06,19.65,98.02,97.84,97.15,95.59,97.86,97.58,92.97,97.9
STU0849,2024,9,excellent,92.93,20,,,,0.9744,1.71,8.15,12.39,97.49,97.88,97.18,95.78,97.97,97.79,94.26,98.01
STU0849,2025,10,excellent,88.08,20,,,,0.9736,1.58,8.12,22.35,97.63,98.01,97.06,97.55,97.81,97.76,95.38,97.89
STU0850,2023,8,good,78,18.3,,,,0.897,13.55,10.44,34.92,96.6,84.28,92.93,73.09,97.95,92.97,97.09,93.36
STU0850,2024,9,good,77.27,18.3,,,,0.8974,13.58,10.42,38.71,95,85.35,92.5,75.21,97.66,92.26,97.5,92.86
STU0850,2025,10,good,72.54,18.3,,,,0.8946,5.3,10.41,34.99,95.93,86.82,93.78,75,97.76,93.22,96.83,94.1
STU0851,2023,8,moderate,77.5,8,,,,0.47,68.35,45.29,67.5,73.79,51.41,45.25,60.02,66.3,40.18,46.68,50.92
STU0851,2024,9,moderate,66.67,8,,,,0.4615,68,45.33,71.93,76.62,53.26,44.59,59.49,66.67,42.94,46.24,53.92
STU0851,2025,10,moderate,71.5,8,,,,0.4651,67.38,45.31,71.65,78.13,55.03,44.6,61.39,68.11,44.89,48.18,55.22
STU0852,2023,8,moderate,73,7.8,,,,0.6409,71.84,63.04,78.09,47.37,68.77,68.7,40.73,61.7,37.29,75.04,45.25
STU0852,2024,9,moderate,68.69,7.8,,,,0.641,71.92,63.04,78.12,45.84,69.47,68.19,39.97,63,37.38,74.64,43.58
STU0852,2025,10,moderate,66.32,7.8,,,,0.6403,71.74,63.04,78.04,48.26,67.63,69.56,41.03,62.5,37.07,77.71,44.71
STU0853,2023,8,good,75,11.3,,,,0.6924,29.02,15.2,45.51,82.12,74.19,83.01,76.34,86.66,84.07,89.49,64.56
STU0853,2024,9,good,70.2,11.3,,,,0.6923,20.84,15.12,43.16,85.39,77.36,89.01,78.74,88.95,87.57,91.69,68.25
STU0853,2025,10,good,72.54,11.3,,,,0.693,19.65,15.16,42.63,90.1,79.77,89.72,82.21,91.88,90.46,94.26,70.9
STU0854,2023,8,good,75.5,19.8,,,,0.6667,21.01,16.44,43.56,96.06,85.21,87.98,89.83,79.73,76.99,76.9,87.32
STU0854,2024,9,good,74.24,19.8,,,,0.6667,19.99,16.44,43.1,97.36,88.74,89.62,91.9,80.91,80.28,81.03,89.75
STU0854,2025,10,good,72.54,19.8,,,,0.6667,10.72,16.46,38.94,97.66,92.14,91.88,95.09,87.03,85.17,83.17,91.98
STU0855,2023,8,good,74,2.4,,,,0.53,92.99,42.17,82.39,52.29,49.11,72.01,46.43,39.07,40.49,42.81,52.23
STU0855,2024,9,good,82.32,2.4,,,,0.5385,75.77,42.09,70.83,54.54,48.51,76.66,51.52,41.9,42.95,45.73,55.54
STU0855,2025,10,good,79.79,2.4,,,,0.5349,67.5,42.12,70.91,58.59,51.22,75.48,50.57,44.76,42.78,44.59,54.21
STU0856,2023,8,moderate,68,11.7,,,,0.7439,31.44,16.42,48.25,58.23,68.35,75.7,72.19,64.37,76.81,75.92,77.59
STU0856,2024,9,moderate,71.72,11.7,,,,0.7436,30.35,16.29,47.73,60.66,70.41,77.47,74.14,67.57,81.28,80.22,79.52
STU0856,2025,10,moderate,65.8,11.7,,,,0.7457,29.92,16.4,47.56,62.39,73.14,77.47,73.8,68.61,81.57,78.22,82.85
STU0857,2023,8,good,76.5,15.2,,,,0.8548,19.34,12.82,40.24,72.38,80.07,75.11,89.48,87.76,79.03,81.93,66.32
STU0857,2024,9,good,83.84,15.2,,,,0.8462,18.48,12.74,30.2,73.21,82.91,77.22,93.02,90.23,83.22,81.56,69.97
STU0857,2025,10,good,82.38,15.2,,,,0.8511,17.55,12.83,31.9,76.66,85.06,80.62,93.9,92.53,84.22,84.08,71.07
STU0858,2023,8,irregular,46,7.2,,,,0.6667,42.48,35.18,57.91,83.06,71.41,53.9,78.03,47.95,67.03,54.92,88.73
STU0858,2024,9,irregular,52.02,7.2,,,,0.6667,34.27,35.18,54.22,83.89,72.79,54.54,77.52,52.08,65.15,56.6,90.03
STU0858,2025,10,irregular,51.81,7.2,,,,0.6667,33.48,35.18,53.86,87.39,73.4,56.34,80.63,52.58,68.66,57.19,90.86
STU0859,2023,8,good,73.5,7.2,,,,0.7439,40.98,33.68,56.86,73.32,51.61,48.06,75.53,80.41,73.15,84.94,50.85
STU0859,2024,9,good,69.7,7.2,,,,0.7436,31.6,33.68,52.64,77.04,55.44,54.91,79.47,84.78,75.67,87.72,54.48
STU0859,2025,10,good,72.02,7.2,,,,0.7457,29.91,33.66,51.87,80.66,58.51,59.11,84.29,90.16,80.42,91.75,58.99
STU0860,2023,8,excellent,77.5,14.7,,,,0.7776,15.89,12.6,40.23,96.64,85.65,97.45,97.75,97.54,81.35,85.7,97.58
STU0860,2024,9,excellent,85.86,14.7,,,,0.7692,15.54,12.56,25.71,96.64,87.54,97.19,97.23,97.51,82.88,90.09,97.35
STU0860,2025,10,excellent,81.35,14.7,,,,0.7721,7.02,12.58,28.22,97.17,90.15,97.53,97.71,97.62,85.95,90.69,98.01
STU0861,2023,8,good,75.5,7.3,,,,0.5637,64.53,40.17,65.82,63.42,49.37,53.2,31.79,67.33,55.62,65.63,54.56
STU0861,2024,9,good,79.8,7.3,,,,0.5641,56.07,40.09,63.79,65.29,50.95,52.72,32.5,68.13,57.21,66.6,57.49
STU0861,2025,10,good,72.02,7.3,,,,0.5613,48.35,40.15,61.8,68.04,50.99,56.38,35.35,69.21,59.07,69.86,57.2
STU0862,2023,8,moderate,73,4.2,,,,0.8805,25.15,30.63,48.98,78.34,72.25,95.35,78.42,85.92,75.31,73.25,89.15
STU0862,2024,9,moderate,74.75,4.2,,,,0.8718,17.31,30.75,45.47,82.88,76.31,96.32,81.45,89.9,78.84,75.39,90.88
STU0862,2025,10,moderate,76.68,4.2,,,,0.8775,7.87,30.71,41.22,86.94,79.72,96.85,83.55,92.23,82.91,79.66,93.4
STU0863,2023,8,at-risk,23,2.9,,,,0.2818,100,62.92,90.73,48.69,15.62,27.39,27.05,28.57,13.7,20.37,25.24
STU0863,2024,9,at-risk,22.22,2.9,,,,0.2821,100,63.01,90.75,52.08,16.55,31.73,30.22,31.56,18.22,22.83,29.47
STU0863,2025,10,at-risk,23.32,2.9,,,,0.2806,100,62.89,90.72,57.29,20.73,35,33.46,33.78,18.93,27.73,31.37
STU0864,2023,8,good,81.5,14.2,,,,0.897,4.26,9.3,34.22,97.19,97.5,92.34,90.32,97.65,92.13,93.95,95.21
STU0864,2024,9,good,72.22,14.2,,,,0.8974,3.74,9.12,33.96,97.6,97.81,94.1,93.67,97.94,94.21,94.34,96.99
STU0864,2025,10,good,81.87,14.2,,,,0.8946,3.47,9.23,33.87,97.9,98.26,96.7,94.25,97.68,95,96.32,97.01
STU0865,2023,8,moderate,64,8.2,,,,0.3591,100,30.16,82.54,43.98,29.07,17.44,17.95,36.81,19.67,27.79,17.17
STU0865,2024,9,moderate,59.6,8.2,,,,0.359,100,30.46,82.62,46.88,30.88,19.62,18,40.27,22.1,28.39,17.97
STU0865,2025,10,moderate,58.03,8.2,,,,0.3597,100,30.38,82.59,49.04,30.02,19.24,19.97,42.32,22.02,29.28,17.56
STU0866,2023,8,excellent,83.5,14,,,,0.7954,6.82,12.73,30.42,83.58,92.63,97.77,94.69,97.33,87.65,95.91,95.57
STU0866,2024,9,excellent,79.29,14,,,,0.7949,6.39,12.74,36.06,85.48,93.25,98.17,96.65,97.07,89.89,97.29,96.32
STU0866,2025,10,excellent,80.31,14,,,,0.7984,5.87,12.69,35.81,88.29,95.56,98,96.92,97.77,91.37,97.27,97.22
STU0867,2023,8,moderate,69.5,9.2,,,,0.7261,15.52,18.42,41.59,96.1,82.34,97.33,96.39,97.51,97.04,97.4,94.76
STU0867,2024,9,moderate,67.68,9.2,,,,0.7179,7.56,18.46,38.02,96.35,84.41,97.42,96.71,97.52,96.79,96.61,96.01
STU0867,2025,10,moderate,68.39,9.2,,,,0.7194,7.41,18.43,37.94,96.72,85.74,97.08,97.58,97.09,97.24,97.07,95.94
STU0868,2023,8,good,80.5,21.1,,,,0.897,5.84,13.17,29.81,96.93,82.18,94.61,96.32,94.55,85.93,85.57,92.58
STU0868,2024,9,good,76.26,21.1,,,,0.8974,5.33,13.07,33.15,96.68,85.36,96.17,96.29,94.69,86.78,88.39,94.15
STU0868,2025,10,good,72.54,21.1,,,,0.8946,5.03,13.17,35.56,97.74,88.42,96.35,97.53,94.85,87.2,89.45,94.86
STU0869,2023,8,excellent,87,18.6,,,,0.9228,3.44,7.52,23.26,97.96,93.98,97.52,94.28,92.5,96.25,97.3,92.29
STU0869,2024,9,excellent,85.35,18.6,,,,0.9231,3.04,7.61,24.35,97.62,95.93,97.33,95.66,93.96,97.09,97.73,94.45
STU0869,2025,10,excellent,92.75,18.6,,,,0.9209,2.71,7.57,13.64,97.81,96.3,98,97.06,96.67,97.76,97.73,95.93
STU0870,2023,8,excellent,85,17,,,,0.9743,1.74,10.22,23.59,97.85,95.47,96.23,97.02,97.89,97.63,97.71,95.61
STU0870,2024,9,excellent,89.9,17,,,,0.9744,1.65,10.13,14.4,97.16,96.1,96.21,97.46,97.72,97.49,97.87,97.18
STU0870,2025,10,excellent,87.05,17,,,,0.9736,1.54,10.19,19.46,97.63,97.15,96.79,97.16,97.78,97.88,97.78,97.22
STU0871,2023,8,at-risk,23.5,6.2,,,,0.2818,100,84.19,96.05,17.38,10.78,9.87,10.5,27.64,23.21,18.52,9.88
STU0871,2024,9,at-risk,23.74,6.2,,,,0.2821,100,84.47,96.12,17.54,10.76,10.25,11.45,28.21,24.05,16.99,10.24
STU0871,2025,10,at-risk,27.46,6.2,,,,0.2806,100,84.42,96.11,17.19,11.1,10.62,12.98,28.68,23.75,17.9,10.06
STU0872,2023,8,good,78,19.8,,,,0.8713,12.82,10.94,37.42,97.16,90.69,96.92,77.77,98.1,97.58,97.64,97.16
STU0872,2024,9,good,79.29,19.8,,,,0.8718,4.51,10.91,34.76,97.28,91.97,97.18,81.46,97.88,97.58,97.64,97.72
STU0872,2025,10,good,80.83,19.8,,,,0.8682,4.57,10.95,30.42,96.94,93.17,97.72,82.31,97.68,97.25,97.99,97.31
STU0873,2023,8,good,80.5,14,,,,0.7439,7.38,12.21,33.87,97.83,96.15,94.49,95.89,95.37,93.29,89.19,95.21
STU0873,2024,9,good,79.8,14,,,,0.7436,6.97,12.09,28.4,97.96,97.06,96.1,96.15,95.51,94.03,92.43,95.81
STU0873,2025,10,good,81.35,14,,,,0.7457,6.48,12.19,29.68,97.79,97.55,96.85,97.33,96.85,95.4,94.08,97.3
STU0874,2023,8,good,78,15.8,,,,0.897,7.41,6.81,33.96,95.07,78.04,91.86,81.23,86.16,81.06,95.94,85.97
STU0874,2024,9,good,78.28,15.8,,,,0.8974,6.66,6.99,30.91,95.52,80.1,92.83,85.48,88.82,83.27,96.22,88.59
STU0874,2025,10,good,80.83,15.8,,,,0.8946,14.11,6.88,29.2,96.43,83.9,93.71,86.52,88.35,84.66,96.68,90.53
STU0875,2023,8,good,72,12,,,,0.8291,27.53,11.86,45.35,84.89,87.73,66.3,80.7,66.61,75.14,69.51,88.47
STU0875,2024,9,good,71.72,12,,,,0.8205,19.96,11.98,41.98,86.57,89.5,67.76,81.27,68.04,76.72,72.65,92.45
STU0875,2025,10,good,80.83,12,,,,0.8248,18.88,11.96,31.71,90.05,91.92,71.41,85.14,71.73,79.16,72.97,93.03
STU0876,2023,8,good,77,10.1,,,,0.6409,35.91,19.4,51.01,52.8,57.43,62.41,74.44,83.17,58.43,77.93,57.29
STU0876,2024,9,good,72.22,10.1,,,,0.641,34.23,19.32,50.23,57.91,63.81,66.26,79.3,85.42,62.36,81.3,62.7
STU0876,2025,10,good,78.76,10.1,,,,0.6403,25.45,19.37,46.3,62.9,66.88,71.45,85.32,89.64,66.62,85.37,65.56
STU0877,2023,8,moderate,68.5,15,,,,0.8119,20.29,16.32,43.21,76.57,80.14,68.16,85,82.3,74.55,81.08,81.83
STU0877,2024,9,moderate,61.62,15,,,,0.8205,26.26,16.26,45.88,81.16,81.34,70.13,83.66,85.85,77.72,83.51,82.92
STU0877,2025,10,moderate,72.02,15,,,,0.8155,18.85,16.33,42.56,82.06,84.08,71.3,86.6,85.35,76.92,85.36,85.21
STU0878,2023,8,moderate,79,9.1,,,,0.8291,19.12,18.05,41.82,71.12,74.64,91.56,77.2,92.26,71.32,90.74,75.25
STU0878,2024,9,moderate,65.66,9.1,,,,0.8205,18.64,18.01,42.89,74.25,76.77,92,79.38,94.12,71.39,92.68,80.3
STU0878,2025,10,moderate,67.36,9.1,,,,0.8248,24.57,18.04,45.57,77.61,80.66,93.92,83.12,94.74,75.25,93.27,81.41
STU0879,2023,8,irregular,39.5,6.2,,,,0.3848,100,66.48,91.62,28.2,10.86,20.92,13.81,18.21,17.87,32.54,12.15
STU0879,2024,9,irregular,44.44,6.2,,,,0.3846,100,66.57,91.64,34.72,11.42,21.73,17.42,20.56,20.51,37.74,13.16
STU0879,2025,10,irregular,42.49,6.2,,,,0.386,100,66.46,91.61,40.2,12.82,28.46,20.89,26.44,23.2,42.23,15.95
STU0880,2023,8,moderate,55,12,,,,0.3928,86.23,52.02,81.81,69.31,13.86,55.7,58.83,48.79,65.83,54.43,38.47
STU0880,2024,9,moderate,55.05,12,,,,0.3846,77.14,51.8,77.66,72.54,13.97,57.72,65.27,49.68,68.47,56.6,40.53
STU0880,2025,10,moderate,56.99,12,,,,0.386,68.21,51.95,73.68,76.68,16.9,57.76,67.25,54.97,71.34,58.84,43.79
STU0881,2023,8,good,72.5,15.8,,,,0.6152,35.32,40.63,56.05,79.05,75.76,79.93,66.65,72.87,54.56,62.79,61.88
STU0881,2024,9,good,72.73,15.8,,,,0.6154,34.37,40.63,55.62,80.95,78.85,84.34,69.42,74.85,56.93,65.88,65.83
STU0881,2025,10,good,77.72,15.8,,,,0.614,25.78,40.62,51.64,82.36,83.2,86.18,73.48,79.94,62.96,67.93,70.13
STU0882,2023,8,excellent,89,23,,,,0.7518,18.32,16.33,26.34,94.72,86.91,79.37,80.12,85.23,90.23,96.7,77.8
STU0882,2024,9,excellent,81.82,23,,,,0.7436,9.43,16.38,31.06,95.93,89.12,82.6,84.36,87.16,92.64,97.62,80.43
STU0882,2025,10,excellent,82.9,23,,,,0.7457,8.67,16.35,29.58,96.75,91.38,85.49,87.22,88.81,93.81,97.49,84.53
STU0883,2023,8,good,80,16.2,,,,0.9743,2.65,9.88,31.27,96.87,96.31,97.11,91.33,96.05,91.98,96.13,92.32
STU0883,2024,9,good,76.26,16.2,,,,0.9744,2.24,9.79,31.84,97.36,96.83,97.03,93.44,96.73,93.53,96.79,94.53
STU0883,2025,10,good,81.87,16.2,,,,0.9736,1.99,9.85,25.17,98.1,97.56,97.37,95.2,96.46,94.66,97.18,94.79
STU0884,2023,8,at-risk,41,5.6,,,,0.3333,100,63.43,90.86,42.74,24.18,31.03,42.96,48.01,55.05,29.89,28.9
STU0884,2024,9,at-risk,39.9,5.6,,,,0.3333,100,63.43,90.86,48.19,32.05,38.37,47.92,55.61,59.64,35.6,32.89
STU0884,2025,10,at-risk,35.75,5.6,,,,0.3333,88.62,63.39,85.73,58.29,38.61,44.56,52.77,59.22,64.31,39.61,38.87
STU0885,2023,8,excellent,84,14,,,,0.8119,5.54,12.48,20.67,96.89,96.11,95.4,87.73,95.31,96.4,97.93,97.65
STU0885,2024,9,excellent,83.33,14,,,,0.8205,5.06,12.54,22.41,97.38,96.49,96.17,92.44,96.59,95.92,97.52,97.73
STU0885,2025,10,excellent,84.97,14,,,,0.8155,5.11,12.53,22.99,98,96.06,96.88,90.07,97.03,96.55,98.16,97.65
STU0886,2023,8,irregular,54,5,,,,0.47,58.78,50.61,69.1,50.4,46.71,63.62,65.11,70.54,54.57,59.41,48.31
STU0886,2024,9,irregular,52.02,5,,,,0.4615,41.91,50.72,61.54,53.04,50.18,66.52,66.87,71.52,56.68,63.55,52.26
STU0886,2025,10,irregular,59.59,5,,,,0.4651,40.88,50.68,61.07,56.15,51.76,67.85,69.08,74.8,60.04,65.5,53.74
STU0887,2023,8,moderate,64,15,,,,0.7776,29.43,19.2,48.04,86.54,78.37,66.38,57.62,72.19,68.99,93.04,72.9
STU0887,2024,9,moderate,59.6,15,,,,0.7692,28.35,19.25,47.57,89.33,79.92,69.74,62.27,77.13,73,94.85,76.69
STU0887,2025,10,moderate,67.36,15,,,,0.7721,20.03,19.21,43.82,91.91,85.34,69.18,67.37,79.16,77.1,96.64,80.55
STU0888,2023,8,good,77.5,16.4,,,,0.7604,8.31,11.69,31.19,97.76,97.49,86.87,96.78,90.14,82.39,88.95,93.33
STU0888,2024,9,good,70.71,16.4,,,,0.7692,16.24,11.84,40.27,97.8,97.15,85.06,96.76,91.82,80.86,89.19,92.84
STU0888,2025,10,good,75.13,16.4,,,,0.7628,8.32,11.78,36.69,97.48,96.94,86.78,96.38,90.95,81.29,89.81,92.62
STU0889,2023,8,excellent,88.5,13.9,,,,0.897,5.21,12.4,15.96,93.58,96.79,94.05,90.32,93.4,90.57,88.51,91.45
STU0889,2024,9,excellent,86.87,13.9,,,,0.8974,4.26,12.22,21.23,95.73,97.59,95.47,93.82,95.7,93.28,91.68,94.07
STU0889,2025,10,excellent,86.53,13.9,,,,0.8946,3.99,12.31,19.4,96.8,97.58,96.41,94.41,96.38,93.49,93.45,95.5
STU0890,2023,8,good,71,14.6,,,,0.6924,22.95,16.75,44.52,88.48,89.66,70.69,90.44,65.25,62.91,70.29,93.74
STU0890,2024,9,good,74.24,14.6,,,,0.6923,29.23,16.79,47.35,91.65,89.58,72.23,91.61,66.69,65.61,72.43,95.37
STU0890,2025,10,good,78.76,14.6,,,,0.693,21.55,16.8,43.9,93.53,89.25,74.42,92.21,66.97,68.7,73.93,95.8
STU0891,2023,8,excellent,84,21,,,,0.8119,15.75,32.15,37.38,97.81,95.08,92.25,95.99,91.69,86.58,70.19,97.66
STU0891,2024,9,excellent,90.91,21,,,,0.8205,15.11,31.93,29.29,97.26,95.27,93.19,96.92,91.68,89.32,74.28,97.35
STU0891,2025,10,excellent,88.08,21,,,,0.8155,14.87,32.08,31.61,97.78,96.55,93.95,97.19,93.3,90.28,75.3,97.46
STU0892,2023,8,irregular,59.5,6.4,,,,0.5637,37.9,37.6,56.45,80.25,87.75,58.09,61.45,69.43,54.63,56.45,51.8
STU0892,2024,9,irregular,44.44,6.4,,,,0.5641,36.71,37.52,55.9,83.79,90.71,60.44,68.41,72.07,57.37,58.37,56.63
STU0892,2025,10,irregular,54.92,6.4,,,,0.5613,35.71,37.58,55.46,85.56,92.69,62.95,68.25,75.79,60.83,63.59,58.53
STU0893,2023,8,moderate,63,7.4,,,,0.6667,45.83,44.86,61.84,52.31,58.84,44.42,53.59,63.83,72.43,57.82,65.33
STU0893,2024,9,moderate,69.7,7.4,,,,0.6667,45.27,44.81,61.57,52.14,59.84,47.32,53.15,66.33,73.03,59.14,67.36
STU0893,2025,10,moderate,59.07,7.4,,,,0.6667,44.5,44.87,61.24,55.38,62.75,46.99,55.59,69.71,74.03,61.86,70.61
STU0894,2023,8,moderate,61.5,13.9,,,,0.6924,43.04,20.08,54.39,58.94,60.38,63.38,48.4,77.63,70.32,76.03,57.51
STU0894,2024,9,moderate,57.58,13.9,,,,0.6923,33.6,19.95,50.11,63.72,65.76,69.32,51.36,79.64,75.44,78.94,60.69
STU0894,2025,10,moderate,60.1,13.9,,,,0.693,32.68,20.06,49.72,66.2,67.25,71.03,54.58,82.79,77.44,80.94,63.08
STU0895,2023,8,irregular,48,10.7,,,,0.3591,96.63,29.12,80.77,47.38,44.67,57.03,48.09,53.67,54.09,41.62,38.15
STU0895,2024,9,irregular,44.95,10.7,,,,0.359,88.56,29.13,77.13,47.96,46.58,57.36,51.4,54.49,51.41,41.31,38.48
STU0895,2025,10,irregular,47.67,10.7,,,,0.3597,71.81,29.05,69.58,50.73,47.11,57.25,51.44,57.25,55.22,44.57,38.48
STU0896,2023,8,good,71.5,13.7,,,,0.8119,7.62,8.15,35.47,93.24,97.71,94.33,95.19,83.57,85.56,82.27,95.5
STU0896,2024,9,good,81.31,13.7,,,,0.8205,7.21,7.93,28.95,94.45,97.77,94.6,95.62,83.56,86.18,84.02,95.04
STU0896,2025,10,good,79.27,13.7,,,,0.8155,7.09,8.06,31.16,93.98,97.93,96.62,95.47,85.21,86.6,84.8,94.98
STU0897,2023,8,excellent,89,17.7,,,,0.8548,13.91,11.93,23.25,96.34,85.74,93.83,95.06,96.98,91.69,96.52,83.75
STU0897,2024,9,excellent,86.87,17.7,,,,0.8462,5.76,11.94,24.54,96.51,87.25,94.92,95.81,96.77,92.48,96.9,86.65
STU0897,2025,10,excellent,87.05,17.7,,,,0.8511,5.41,11.95,21.64,97.04,89.12,95.62,96.62,97.19,93.2,97.17,86.67
STU0898,2023,8,moderate,73.5,9,,,,0.5558,46,25.76,57.14,49.94,62.54,61.85,58.16,92.54,68.42,60.36,61.81
STU0898,2024,9,moderate,70.71,9,,,,0.5641,36.78,25.9,53.03,55.1,65.92,63.67,60.06,94.42,69.75,62.76,65.82
STU0898,2025,10,moderate,65.8,9,,,,0.5613,35.75,25.86,52.55,56.34,70.17,65.75,62.07,95.4,74.29,67.24,66.47
STU0899,2023,8,excellent,91.5,23.1,,,,0.9228,2.45,10.96,19.13,97.92,97.58,97.79,97.75,97.56,97.55,97.81,97.96
STU0899,2024,9,excellent,89.9,23.1,,,,0.9231,2.4,10.87,22.12,97.97,97.91,97.83,98.03,97.91,97.53,97.73,97.94
STU0899,2025,10,excellent,89.12,23.1,,,,0.9209,2.46,10.93,22.33,97.75,97.97,97.92,97.98,97.84,97.76,97.66,97.61
STU0900,2023,8,moderate,64.5,12.7,,,,0.6667,22.85,16.39,44.38,87.36,76.59,84.01,70.06,84.45,81.29,74.99,79.72
STU0900,2024,9,moderate,67.17,12.7,,,,0.6667,21.64,16.59,43.89,91.21,79.77,85.8,74.21,87.12,84.35,77.81,83.24
STU0900,2025,10,moderate,68.91,12.7,,,,0.6667,12.56,16.53,39.79,93.72,83.9,89.09,76.13,91.18,85.55,79.55,84.92
STU0901,2023,8,excellent,88.5,14.6,,,,0.7861,7.25,11.76,23.92,97.9,96.81,90.83,89.14,96.22,92.47,93.24,84.69
STU0901,2024,9,excellent,85.35,14.6,,,,0.7949,6.57,11.8,26.08,97.93,96.42,93.1,90.56,96.64,93.08,94.79,88.62
STU0901,2025,10,excellent,91.19,14.6,,,,0.7892,5.99,11.79,16.49,97.82,97.45,94.74,92.88,97.53,95.6,95.62,92.96
STU0902,2023,8,excellent,88.5,18.6,,,,0.8291,4.96,12.82,18.65,97.91,97.71,97.44,97.17,97.63,92.8,94.45,96.2
STU0902,2024,9,excellent,84.34,18.6,,,,0.8205,4.89,12.78,24.89,97.72,97.61,97.53,98.18,97.57,94.26,95.72,96.98
STU0902,2025,10,excellent,89.12,18.6,,,,0.8248,4.72,12.81,17.51,97.61,98.03,97.57,97.9,97.78,94.42,96.2,97.35
STU0903,2023,8,excellent,78.5,20.1,,,,0.9663,10.72,8.39,36.64,97.57,97.96,96.81,97.52,94.07,85.34,95.34,98.05
STU0903,2024,9,excellent,79.29,20.1,,,,0.9744,2.31,8.48,30.91,97.72,97.8,97.03,97.74,95.06,87.49,96.56,97.93
STU0903,2025,10,excellent,82.38,20.1,,,,0.9736,2.12,8.42,26.56,97.96,97.75,97.27,97.23,96.12,90.07,96.4,98.01
STU0904,2023,8,good,71.5,22.7,,,,0.8119,5.2,10.66,35.01,97.95,97.38,96.9,97.45,97.8,96.57,96.52,91.34
STU0904,2024,9,good,79.29,22.7,,,,0.8205,5.05,10.53,34.9,97.98,97.07,96.65,97.45,97.71,97.14,96.72,91.09
STU0904,2025,10,good,81.35,22.7,,,,0.8155,4.94,10.6,34.88,97.91,96.76,97.69,97.18,97.5,97.66,97.41,93.07
STU0905,2023,8,good,78.5,14.8,,,,0.6667,45.12,17.27,51.64,76.52,45.51,60.02,71.52,54.52,55.25,67.55,66.06
STU0905,2024,9,good,75.25,14.8,,,,0.6667,44.12,17.06,54.12,81.68,46.77,62.22,71.94,58.29,57.51,68.71,68.98
STU0905,2025,10,good,77.72,14.8,,,,0.6667,43.65,17.21,52.03,81.74,47.97,66.25,74.44,58.4,58.95,70.6,69.05
STU0906,2023,8,excellent,80,20.7,,,,0.8548,17.27,10.78,34.47,93.56,75.01,85.84,95.3,84.3,86.88,79.3,76.7
STU0906,2024,9,excellent,86.36,20.7,,,,0.8462,8.79,10.81,23.02,93.61,79.54,87.11,95.01,85.7,87.68,82.58,77.58
STU0906,2025,10,excellent,81.35,20.7,,,,0.8511,8.25,10.8,31.93,93.3,80.14,87.72,95.95,86.61,90.47,84.01,81.03
STU0907,2023,8,excellent,83.5,25.9,,,,0.8033,5.24,11.36,28.46,97.34,97.31,97.79,90.39,97.69,97.52,97.83,96.97
STU0907,2024,9,excellent,83.33,25.9,,,,0.7949,5.48,11.48,27.74,97.44,96.99,97.85,89.81,97.84,97.27,97.64,96.56
STU0907,2025,10,excellent,77.72,25.9,,,,0.7984,5.25,11.41,33.29,97.38,97.63,97.92,91.14,97.8,97.76,97.85,97.1
STU0908,2023,8,good,69,14.1,,,,0.7604,31.42,18.39,48.65,76.74,69.32,82.49,60.62,58.17,61.58,77.42,84
STU0908,2024,9,good,72.73,14.1,,,,0.7692,30.64,18.35,48.38,82.61,70.71,84.57,60.09,58.19,61.65,79.49,84.96
STU0908,2025,10,good,77.2,14.1,,,,0.7628,30.52,18.36,39.31,80.91,69.59,85.02,63.27,60.38,63.73,77.59,86.86
STU0909,2023,8,moderate,70,10.8,,,,0.6152,53.31,24.92,60.22,51.87,38.98,72.27,45.42,78.98,55.05,84.43,73.31
STU0909,2024,9,moderate,64.14,10.8,,,,0.6154,44.23,24.92,56.14,56.38,45.2,73.65,50.02,80.38,55.64,86.6,79.15
STU0909,2025,10,moderate,70.47,10.8,,,,0.614,43.02,24.89,55.58,58.32,47.69,76.64,54.11,84.45,58.94,89.21,80.21
STU0910,2023,8,good,76.5,16.3,,,,0.897,23.47,10.31,43.14,86.68,65.02,71.22,82.76,90.82,83.15,96.81,92.45
STU0910,2024,9,good,80.81,16.3,,,,0.8974,15.58,10.13,36.07,89.57,68.11,74.02,85.95,91.27,86.11,96.83,94.21
STU0910,2025,10,good,74.09,16.3,,,,0.8946,14.88,10.27,39.26,92.08,70.57,74.97,89.03,94.1,87.99,97.82,94.91
STU0911,2023,8,moderate,66,9.6,,,,0.538,47.86,25.28,57.86,52.06,63.74,69.4,52.4,72.64,55.75,78.62,41.67
STU0911,2024,9,moderate,58.59,9.6,,,,0.5385,46.82,25.28,57.39,55.8,65.7,69.96,54.95,73.42,57.53,81.12,44.79
STU0911,2025,10,moderate,70.47,9.6,,,,0.5349,46.24,25.3,57.13,56.32,68.95,73.04,52.65,75.57,60.17,84.9,45.27
STU0912,2023,8,moderate,66.5,19.9,,,,0.8033,18.81,15.04,42.23,94.3,89.12,95.63,85.66,80.48,62.73,87.81,76.43
STU0912,2024,9,moderate,62.63,19.9,,,,0.7949,17.52,15,41.63,96.09,92.76,97.02,91.86,84.4,67.24,92.83,81.99
STU0912,2025,10,moderate,66.32,19.9,,,,0.7984,16.1,15.03,41,97.49,94.76,97.65,93.14,88.32,72.6,93.88,86.8
STU0913,2023,8,excellent,89.5,10.1,,,,0.8891,14.57,8.58,19.91,96.47,96.7,94.42,95.82,85.18,72.91,82.47,96.15
STU0913,2024,9,excellent,87.37,10.1,,,,0.8974,13.46,8.59,23.45,96.81,97.5,95.91,97.56,89.55,78.64,85.87,97.29
STU0913,2025,10,excellent,87.05,10.1,,,,0.8946,4.65,8.56,17.76,97.51,97.89,96.41,97.81,93.22,83.87,90.34,97.7
STU0914,2023,8,good,75.5,19.3,,,,0.9148,4.21,9.5,34.27,93.16,87.75,88.33,93.03,96.24,97.19,97.88,93.02
STU0914,2024,9,good,75.76,19.3,,,,0.9231,3.96,9.37,34.12,94.01,87.94,90.27,93.71,97.07,97.18,97.81,92.42
STU0914,2025,10,good,77.2,19.3,,,,0.9209,3.84,9.48,34.1,93.52,88.19,91.23,95,96.46,97.18,97.77,93.09
STU0915,2023,8,good,79.5,16,,,,0.6152,46.03,36.39,49.41,64.81,38.32,55.87,60.53,73.82,63.43,78.94,55.2
STU0915,2024,9,good,75.25,16,,,,0.6154,44.68,36.47,52.42,69.39,42.16,57.32,65.77,78.18,67.19,81.19,58.08
STU0915,2025,10,good,75.65,16,,,,0.614,43.8,36.42,54.63,70.58,43.87,60.25,64.05,82.14,69.77,82.73,61.52
STU0916,2023,8,excellent,81.5,16.7,,,,0.8376,15.65,13.27,31.34,95.9,90.18,97.51,86.46,97.67,76.43,93.17,80.56
STU0916,2024,9,excellent,85.86,16.7,,,,0.8462,14.99,13.41,25.67,96.93,92.1,97.68,88,97.45,77.71,95.47,81.61
STU0916,2025,10,excellent,85.49,16.7,,,,0.8419,6.74,13.38,22.92,96.85,92.44,97.56,89.83,97.68,79.66,94.6,84.62
STU0917,2023,8,good,74.5,9.5,,,,0.6667,50.23,15.5,56.48,85.8,48.86,77.14,49.67,81.22,66.52,65.67,78.42
STU0917,2024,9,good,63.13,9.5,,,,0.6667,33.35,15.7,48.93,87.95,51.75,80.65,51.14,82.58,67.87,68.97,79.95
STU0917,2025,10,good,69.95,9.5,,,,0.6667,32.72,15.65,48.64,87.87,52.53,81.45,52.27,83.75,69.21,71.02,84.42
STU0918,2023,8,good,81.5,15.4,,,,0.6409,31.12,15.57,43.38,92.67,62.31,75.89,87.97,84.74,82.83,65.56,73.21
STU0918,2024,9,good,83.33,15.4,,,,0.641,23.15,15.65,33.13,93.29,63.63,80.16,89.77,86.92,85.03,68.19,78.3
STU0918,2025,10,good,73.58,15.4,,,,0.6403,22.25,15.62,43.92,96.2,68.29,80.81,92.53,88.74,87.79,72.23,79.7
STU0919,2023,8,irregular,53,9.1,,,,0.5894,64.66,27.32,65.93,83.73,46.73,64.52,74.99,62.12,38.76,43.3,53
STU0919,2024,9,irregular,47.47,9.1,,,,0.5897,54.74,27.32,61.46,86.44,51.59,69.31,80.71,66.01,44.5,48.25,60.45
STU0919,2025,10,irregular,55.96,9.1,,,,0.5876,45.19,27.33,57.17,91.3,55.78,73.68,85.64,72.74,46.75,52.69,63.28
STU0920,2023,8,irregular,41,1.2,,,,0.2818,100,59.78,89.95,36.72,27.41,33.99,29.55,29.44,48.29,51.88,20.58
STU0920,2024,9,irregular,50.51,1.2,,,,0.2821,100,59.72,89.93,39.66,29.01,36.32,29.97,33.79,50.37,55.48,22.2
STU0920,2025,10,irregular,44.04,1.2,,,,0.2806,100,59.68,89.92,41.12,31.64,38.3,34.09,35.32,51.29,56.67,23.76
STU0921,2023,8,excellent,82,12.2,,,,0.8119,28.6,13.01,41.5,76.89,51.97,81.31,73.51,92.64,85.11,73.73,67.94
STU0921,2024,9,excellent,86.87,12.2,,,,0.8205,28.17,12.89,31.26,79.42,54.16,82.42,74.53,94.01,84.22,74.16,70.6
STU0921,2025,10,excellent,78.76,12.2,,,,0.8155,27.78,12.97,44.5,79.4,55.52,83.51,73.26,94.31,87.43,76.7,69.61
STU0922,2023,8,irregular,56.5,1,,,,0.3848,100,50.84,87.71,15.28,25.7,34.42,36.43,32.91,18.46,12.71,36.8
STU0922,2024,9,irregular,53.54,1,,,,0.3846,100,50.61,87.65,15.47,27.23,35.8,37.35,33.4,19.53,13.92,36.55
STU0922,2025,10,irregular,53.89,1,,,,0.386,100,50.76,87.69,17.29,26.48,38.89,38.26,34.26,19.56,14.13,35.81
STU0923,2023,8,good,68.5,13.5,,,,0.6924,9.81,12.53,37.55,97.4,89.45,93.01,87.49,92.38,87.47,91.9,90.06
STU0923,2024,9,good,73.74,13.5,,,,0.6923,9.16,12.53,37.25,97.28,91.59,94.34,89.72,94.01,89.09,93.92,91.49
STU0923,2025,10,good,73.58,13.5,,,,0.693,8.48,12.54,36.95,98.29,93.19,96.22,92.05,95.34,90.86,95.54,93.75
STU0924,2023,8,excellent,81.5,18.4,,,,0.9485,1.92,8.54,27.58,97.94,97.94,97.71,98.07,97.4,97.64,97.63,97.94
STU0924,2024,9,excellent,86.36,18.4,,,,0.9487,1.88,8.54,20.25,97.96,97.69,97.6,98.32,97.45,98.02,97.81,97.96
STU0924,2025,10,excellent,87.05,18.4,,,,0.9473,1.95,8.52,21.03,97.65,97.55,97.92,97.89,97.79,97.72,97.8,97.77
STU0925,2023,8,moderate,58,14.6,,,,0.7604,38.69,19.29,52.23,90.36,82.74,85.75,70.58,63.31,48.55,61.64,90.39
STU0925,2024,9,moderate,60.61,14.6,,,,0.7692,29.82,19.25,48.23,91.59,83.15,88.94,72.48,65.68,50.73,63.59,92.03
STU0925,2025,10,moderate,60.62,14.6,,,,0.7628,29.09,19.25,47.9,92.66,86.45,90.54,75.56,68.54,52.45,65.16,94.63
STU0926,2023,8,good,72.5,17.2,,,,0.8119,8.47,11.69,36.73,89.04,90.23,86.45,93.96,93.46,88.78,87.76,77.38
STU0926,2024,9,good,74.24,17.2,,,,0.8205,7.9,11.59,36.45,88.72,90.85,88.43,93.32,95.3,89.62,89.38,79.5
STU0926,2025,10,good,70.47,17.2,,,,0.8155,7.41,11.61,36.24,91.34,93.27,87.94,94.65,94.34,91.38,90.28,82.66
STU0927,2023,8,moderate,57.5,15.8,,,,0.7861,21.31,19.03,44.35,93.61,74.51,86.42,70.52,72.03,75.44,70.25,82.89
STU0927,2024,9,moderate,59.09,15.8,,,,0.7949,20.15,18.81,43.77,94.41,76.95,89.3,72.26,74.1,77.21,72.92,85.42
STU0927,2025,10,moderate,61.66,15.8,,,,0.7892,19.26,18.97,43.41,95.38,81.14,92.52,74.99,76.35,79.51,76.63,88.25
STU0928,2023,8,excellent,83,10.2,,,,0.6832,41.13,17.55,42.67,71.2,66.28,68.47,67.52,84.81,75.08,79.69,49.94
STU0928,2024,9,excellent,88.89,10.2,,,,0.6923,40.49,17.51,33.03,72.06,68.83,67.8,70,85.43,77.18,78.15,49.8
STU0928,2025,10,excellent,87.56,10.2,,,,0.6838,32.67,17.54,30.7,71.54,68.44,69.24,66.89,85.47,76.82,78.5,53.67
STU0929,2023,8,good,78.5,14.9,,,,0.8119,19.9,14.01,34.07,81.72,83.34,73.12,92.92,65.48,78.81,79.86,83.76
STU0929,2024,9,good,74.75,14.9,,,,0.8205,18.95,13.94,35.32,82.86,85.45,72.7,95.1,68.04,81.11,82.6,85.81
STU0929,2025,10,good,79.27,14.9,,,,0.8155,18.05,14.02,33.08,85.78,86.85,77.03,95.86,71.47,81.94,84.79,90.14
STU0930,2023,8,excellent,82.5,24,,,,0.8291,13.47,12.77,29.13,96.74,92.56,96.53,97.49,93.31,92.23,96.43,95.04
STU0930,2024,9,excellent,80.81,24,,,,0.8205,5.46,12.81,28.59,97.47,94.19,97.28,97.6,92.17,92.9,96.75,95.63
STU0930,2025,10,excellent,87.56,24,,,,0.8248,5.32,12.76,18.99,96.55,93.4,97.69,97.73,93.57,93.66,97.17,94.82
STU0931,2023,8,moderate,66,5.1,,,,0.4957,68.53,44.56,71.98,55.43,52.56,51.53,70.45,40.98,49.89,37.17,57.67
STU0931,2024,9,moderate,58.59,5.1,,,,0.4872,59.38,44.59,67.87,55.78,57.2,54.78,74.36,47.12,53.26,40.85,60.02
STU0931,2025,10,moderate,60.1,5.1,,,,0.4915,58.17,44.54,67.31,62.23,61.24,57.94,78.85,47.37,56.7,40.5,62.75
STU0932,2023,8,irregular,50.5,4.4,,,,0.3848,100,44.1,86.02,41.08,55.4,44.92,37.26,38.75,30.78,40.66,25.37
STU0932,2024,9,irregular,55.56,4.4,,,,0.3846,100,44.11,86.03,42.26,55.22,47.92,36.02,41.48,32.41,42.85,25.77
STU0932,2025,10,irregular,53.89,4.4,,,,0.386,100,44.03,86.01,45.43,57.94,47.12,38.15,42.15,34.12,42.96,27.77
STU0933,2023,8,moderate,69,16,,,,0.6152,33.37,22.9,50.74,85.07,78.02,74.36,93.57,70.14,69.68,54.4,71.62
STU0933,2024,9,moderate,67.17,16,,,,0.6154,24.64,22.9,46.81,90.54,82.84,79.7,94.88,71.24,75.48,60.02,76.79
STU0933,2025,10,moderate,73.58,16,,,,0.614,30.73,22.92,49.56,90.68,85.1,81.84,96.12,75.69,77.57,63.15,78.87
STU0934,2023,8,good,86,11.7,,,,0.7518,29.76,13.43,37.69,89.57,60.09,72.11,76,78.78,86.24,81.71,59.58
STU0934,2024,9,good,81.82,11.7,,,,0.7436,28.97,13.47,43.62,93.06,64.39,73.9,77.59,82.21,88.82,83.35,60.07
STU0934,2025,10,good,82.9,11.7,,,,0.7457,27.76,13.44,38.34,92.82,68.86,75.91,82.04,85.87,89.16,86.14,64.45
STU0935,2023,8,good,78.5,19.5,,,,0.897,12.37,7.73,28.21,97.49,97.72,89.1,96.86,96.36,91.71,88.93,97.73
STU0935,2024,9,good,80.3,19.5,,,,0.8974,3.87,7.91,21.35,97.46,97.73,93.99,96.25,96.74,93.19,91.98,97.86
STU0935,2025,10,good,84.46,19.5,,,,0.8946,3.78,7.8,17.71,97.68,97.46,94.82,97.41,96.66,92.41,94.22,97.98
STU0936,2023,8,moderate,58.5,10.9,,,,0.7261,40.35,16.46,52.27,79.46,49.93,79.62,72.3,66.67,69.05,81.87,64.56
STU0936,2024,9,moderate,55.05,10.9,,,,0.7179,31.85,16.5,48.46,82.57,51.92,82.1,75.31,69.54,68.7,84.59,64.52
STU0936,2025,10,moderate,62.18,10.9,,,,0.7194,31.25,16.49,48.18,84.15,53.46,83.06,74.88,70.68,71.59,84.79,67.45
STU0937,2023,8,excellent,84,17.8,,,,0.6409,32.15,22.61,39.68,91.26,93.02,74.73,92.59,60.36,70.42,57.42,71.24
STU0937,2024,9,excellent,82.83,17.8,,,,0.641,31.33,22.68,41.37,91.76,93.86,78.77,94.34,63.05,72.49,59.07,74.68
STU0937,2025,10,excellent,83.94,17.8,,,,0.6403,30.51,22.66,40.77,94.71,95.01,80.55,94.9,64.15,75.37,61.87,75.21
STU0938,2023,8,irregular,51.5,7.2,,,,0.4106,100,54.66,88.67,31.51,21.79,47.13,59.2,44.59,30.48,55.19,49.42
STU0938,2024,9,irregular,45.45,7.2,,,,0.4103,100,54.37,88.59,33.33,26.86,49.84,62.93,47.49,33.91,57.02,50.7
STU0938,2025,10,irregular,51.3,7.2,,,,0.4124,93.61,54.55,85.76,34.63,30.34,51.81,62.1,50.54,36.53,61.99,53.04
STU0939,2023,8,moderate,72,12.1,,,,0.6409,31.65,22.02,49.75,76.64,61.55,74.75,80.41,75.95,80.01,84.79,75.06
STU0939,2024,9,moderate,63.64,12.1,,,,0.641,23.89,21.95,46.24,78.28,63,77.91,83.42,80.63,81.07,83.27,76.72
STU0939,2025,10,moderate,65.28,12.1,,,,0.6403,30.55,21.98,49.24,80.27,62.71,79.25,83.02,79.62,83.27,85.82,77.74
STU0940,2023,8,at-risk,33,1.5,,,,0.2818,100,60.87,90.22,32.52,34.82,30.12,47.43,37.1,29.99,42.51,54.78
STU0940,2024,9,at-risk,33.84,1.5,,,,0.2821,100,60.88,90.22,35.87,35.77,31.24,47.38,38.16,31.18,43.47,55.36
STU0940,2025,10,at-risk,29.53,1.5,,,,0.2806,100,60.83,90.21,34.28,36.25,34.97,51.94,40.53,33.17,44.76,56.88
STU0941,2023,8,excellent,86,14.6,,,,0.7439,17.35,12.75,29.24,95.82,70.71,92.11,82.56,97.54,95.25,86.46,96.7
STU0941,2024,9,excellent,83.84,14.6,,,,0.7436,17.14,12.76,33.2,95.65,73.58,92.84,82.19,97.35,95.24,87.35,97.03
STU0941,2025,10,excellent,78.76,14.6,,,,0.7457,16.41,12.73,36.63,96.89,76.17,95.5,85.09,98,95.93,90.02,96.92
STU0942,2023,8,moderate,62,13.1,,,,0.6409,34.06,22.53,50.96,55.54,69.32,85.37,57.72,74.84,74.47,82.74,57.09
STU0942,2024,9,moderate,64.14,13.1,,,,0.641,32.89,22.61,50.45,59.66,73.68,84.56,62.07,77.3,78.76,84.24,59.9
STU0942,2025,10,moderate,60.1,13.1,,,,0.6403,24.95,22.57,46.87,62.33,74.89,90.11,65.31,79.54,79.02,85.81,63.19
STU0943,2023,8,good,80.5,14.6,,,,0.7776,15.26,12.59,38.41,97.99,96.21,97.41,91.05,96.41,94.59,94.94,76.34
STU0943,2024,9,good,82.32,14.6,,,,0.7692,6.87,12.56,28.84,97.42,96.73,97.68,94.12,97.21,96.3,96.3,80.33
STU0943,2025,10,good,86.01,14.6,,,,0.7721,6.31,12.59,24.23,97.75,97.46,97.45,96.58,97.07,96.91,97.13,84.97
STU0944,2023,8,moderate,71.5,12.6,,,,0.6667,33.36,20.63,50.17,79.73,53.16,50.25,70.55,88.58,74.28,77.87,71.46
STU0944,2024,9,moderate,74.24,12.6,,,,0.6667,31.77,20.71,49.47,84.12,56.39,52.97,76.45,90.76,78.29,80.55,75.2
STU0944,2025,10,moderate,74.09,12.6,,,,0.6667,30.78,20.62,49.01,85.77,59.66,54.65,76.61,94.37,79.34,85.5,78.94
STU0945,2023,8,excellent,82,13.9,,,,0.9485,4.75,7.87,26.78,95.8,93.01,95.88,91.09,89.53,84.52,90.98,88.55
STU0945,2024,9,excellent,85.35,13.9,,,,0.9487,3.96,7.87,23.93,97.42,94.56,95.55,92.76,93.51,86.95,92.75,91.28
STU0945,2025,10,excellent,90.67,13.9,,,,0.9473,3.13,7.84,15.23,97.63,96.84,97.08,95.52,95.28,89.43,94.7,94.69
STU0946,2023,8,irregular,56,12,,,,0.4957,75.36,30.9,71.64,41.48,41.73,81.25,49.6,66.64,42.66,61.29,54.91
STU0946,2024,9,irregular,53.03,12,,,,0.4872,65.68,31.01,67.31,45.64,46.32,84.2,57.55,67.67,45.7,66.22,61.36
STU0946,2025,10,irregular,48.19,12,,,,0.4915,47.83,30.95,59.26,50.65,51.31,86.23,63.24,72.69,49.72,68.79,65.64
STU0947,2023,8,moderate,55,11.2,,,,0.6072,56.36,22.2,60.91,61.69,42.96,83.74,52.74,59.83,40.78,61.5,53.96
STU0947,2024,9,moderate,58.08,11.2,,,,0.6154,55.87,22.04,60.65,61.55,44.31,86.64,53.64,59.05,42.86,63.31,54.12
STU0947,2025,10,moderate,54.92,11.2,,,,0.614,55.26,22.11,60.4,65.78,45.93,86.47,57.54,61.56,43.74,62.36,56.18
STU0948,2023,8,irregular,59.5,8.1,,,,0.4013,69.22,26.3,67.72,48.28,55.86,22.56,69.61,60.42,54.21,50.68,51.68
STU0948,2024,9,irregular,43.94,8.1,,,,0.4103,60.16,26.17,63.61,51.28,57.97,23.2,71.95,63.08,55.73,53.34,52.71
STU0948,2025,10,irregular,53.37,8.1,,,,0.4031,59.37,26.22,63.27,54.19,59.97,23.84,75.89,63.8,59.08,54.62,56.06
STU0949,2023,8,moderate,65.5,6.8,,,,0.5637,58.6,40.3,66.45,58.53,52.54,58.97,53.21,54.41,47.24,59.8,39.92
STU0949,2024,9,moderate,66.16,6.8,,,,0.5641,58.49,40.37,66.41,58.25,51.72,58.08,52.95,56.48,48.48,60.37,41.1
STU0949,2025,10,moderate,63.21,6.8,,,,0.5613,58.01,40.36,66.19,59.06,54.92,60.85,57.09,55.14,47.65,62.22,41.35
STU0950,2023,8,moderate,63.5,7.6,,,,0.6409,45.3,41.11,60.66,67.18,48.08,53.64,67.82,74.26,56.93,68.26,64.74
STU0950,2024,9,moderate,73.23,7.6,,,,0.641,36.33,41.04,56.61,68.38,50.64,57.08,70.17,74.86,60.34,70.13,67.01
STU0950,2025,10,moderate,74.61,7.6,,,,0.6403,35.36,41.08,56.18,71.65,54.42,58.1,72.5,77,63.84,70.38,71.69
STU0951,2023,8,irregular,47.5,7,,,,0.3591,100,55.8,88.95,39.98,59.43,45.28,41.48,41.98,25.12,31.38,49.89
STU0951,2024,9,irregular,46.46,7,,,,0.359,100,55.95,88.99,45.66,61.54,49.32,43.88,43.39,28.3,35.09,52.28
STU0951,2025,10,irregular,49.22,7,,,,0.3597,95.56,55.93,86.99,48.85,66.31,53.32,50.31,46.72,30.88,39.42,56.64
STU0952,2023,8,good,72.5,13.2,,,,0.7439,24.87,10.77,43.89,97.85,78.08,96.01,84.59,94.67,92.98,97.82,63.14
STU0952,2024,9,good,75.76,13.2,,,,0.7436,17.06,10.89,40.4,97.43,83.78,96.99,86.87,95.61,94.68,97.73,68.49
STU0952,2025,10,good,76.17,13.2,,,,0.7457,16.52,10.84,40.14,97.77,84.28,97.69,90.07,95.95,95.99,98.02,72.06
STU0953,2023,8,good,81.5,8,,,,0.6152,33.19,17.81,45.77,59.58,63.35,84.24,63.61,90.06,77.12,79.51,68.18
STU0953,2024,9,good,77.27,8,,,,0.6154,32.35,17.73,45.36,59.9,65.83,85.79,63.45,90.61,80.11,81.97,73.18
STU0953,2025,10,good,81.35,8,,,,0.614,31.96,17.79,39.85,61.28,68.91,86.96,66.87,91.5,79.99,81.1,74.93
STU0954,2023,8,good,72.5,15.3,,,,0.6409,33.05,16.93,49.11,81.43,84.59,85.63,95.47,51.04,56.71,62.79,77.2
STU0954,2024,9,good,75.25,15.3,,,,0.641,31.84,16.93,48.56,85.4,87.65,86.85,95.62,54.23,60.21,64.9,82.22
STU0954,2025,10,good,76.17,15.3,,,,0.6403,31.02,16.95,44.8,87.05,89.82,88.8,96.5,56.89,63.33,66.98,83.42
STU0955,2023,8,good,75.5,3.8,,,,0.47,100,45.77,86.44,56.38,48.04,37.54,41.27,34.63,36.94,42.09,38.31
STU0955,2024,9,good,64.65,3.8,,,,0.4615,100,45.88,86.47,56.92,48.83,38.51,42.34,37.09,36.85,42.58,38.77
STU0955,2025,10,good,74.61,3.8,,,,0.4651,100,45.84,86.09,61.18,50.67,40.03,44.04,40,39.34,42.56,42.67
STU0956,2023,8,moderate,69,10,,,,0.5043,93.52,28.39,79.18,44.14,55.39,51.19,44.94,46.35,47.18,40.26,58.32
STU0956,2024,9,moderate,70.71,10,,,,0.5128,76.66,28.37,71.59,47.2,57.37,51.41,47.78,51.34,48.86,40.56,56.41
STU0956,2025,10,moderate,69.95,10,,,,0.5085,68.1,28.35,67.73,49.81,58.2,54.75,50.39,49.75,50.97,43.26,59.49
STU0957,2023,8,excellent,87.5,22.3,,,,0.8033,5.57,14.75,25.92,97.49,97.56,97.37,96.4,92.95,95.83,92.73,97.48
STU0957,2024,9,excellent,80.3,22.3,,,,0.7949,5.69,14.86,36.27,97.59,97.82,97.75,95.53,93.28,96.49,92.79,97.71
STU0957,2025,10,excellent,81.35,22.3,,,,0.7984,5.51,14.82,31.7,97.82,97.73,97.68,96.12,92.36,96.99,94.52,97.5
STU0958,2023,8,excellent,89,13.9,,,,0.9485,4.11,9.22,16.36,90.88,90.99,97.5,83.9,93.58,87.87,97.2,95.31
STU0958,2024,9,excellent,83.33,13.9,,,,0.9487,3.61,9.22,25.43,93.65,92.46,97.57,86.94,95.13,89.34,97.56,96.24
STU0958,2025,10,excellent,87.56,13.9,,,,0.9473,3.35,9.2,19.02,95.24,93.98,97.43,86.94,96.64,90.41,97.74,96.09
STU0959,2023,8,excellent,84,19.8,,,,0.9228,12.98,8.01,25.61,72.93,97.18,92.81,97.52,86.27,88.87,94.11,97.44
STU0959,2024,9,excellent,86.87,19.8,,,,0.9231,12.84,7.92,22.21,73.05,97.48,93.63,97.41,86.37,90.32,95.19,97.2
STU0959,2025,10,excellent,82.38,19.8,,,,0.9209,19.7,8,31.66,75.38,97.42,95.04,97.36,86.54,90.7,94.89,97.45
STU0960,2023,8,irregular,47.5,2.5,,,,0.5472,100,55.25,88.81,41.69,18.04,41.07,32.83,60.41,45.58,49.72,62.38
STU0960,2024,9,irregular,48.48,2.5,,,,0.5385,100,55.1,88.78,43.64,16.94,44.14,34.54,63.4,47.88,52.67,61.67
STU0960,2025,10,irregular,54.92,2.5,,,,0.5442,100,55.19,88.8,44.63,20.02,44.83,36.08,65.63,49.02,53.9,64.83
STU0961,2023,8,good,80,7.8,,,,0.573,67.04,42.49,64.79,73.3,46.06,52.96,36.37,50.68,40.7,57.65,55.27
STU0961,2024,9,good,74.75,7.8,,,,0.5641,67.18,42.66,70.5,73.45,46.44,53.12,38.36,50.62,42.6,55.85,54.77
STU0961,2025,10,good,67.88,7.8,,,,0.5705,66.78,42.58,70.7,74.45,45.96,53.38,37.86,53.06,43.14,56.79,55.83
STU0962,2023,8,moderate,58,7.3,,,,0.3333,100,54.24,88.56,49.1,31.58,32.22,31.2,36.87,23.65,31.69,29.79
STU0962,2024,9,moderate,55.05,7.3,,,,0.3333,100,54.49,88.62,51.58,35.12,32.04,34.04,41.8,24.94,33.78,31.34
STU0962,2025,10,moderate,67.36,7.3,,,,0.3333,100,54.43,88.61,54.53,35.05,33.17,35.86,41.44,25.1,35.93,33.34
STU0963,2023,8,moderate,72.5,13.5,,,,0.7182,40.63,21.41,53.64,94.65,80.86,68.79,77.66,45.03,71.73,57.37,72.14
STU0963,2024,9,moderate,59.09,13.5,,,,0.7179,39.12,21.49,52.98,96.32,84.43,72.26,84,48.34,75.19,61.36,74.8
STU0963,2025,10,moderate,59.07,13.5,,,,0.7194,29.98,21.43,48.85,96.82,86.66,76,85.25,51.2,78.73,65.06,81.2
STU0964,2023,8,excellent,86.5,19.1,,,,0.9148,3.44,8.95,20.12,97.75,92.57,96.66,96.14,96.99,96.2,97.87,91.6
STU0964,2024,9,excellent,84.34,19.1,,,,0.9231,3.39,8.84,25.93,97.62,92.21,96.28,95.21,97.7,96.5,97.73,89.89
STU0964,2025,10,excellent,90.16,19.1,,,,0.9209,3.27,8.91,13.87,97.89,92.67,96.11,95.59,97.05,96.91,97.58,92.64
STU0965,2023,8,excellent,81,12.4,,,,0.6409,35.71,16.44,46.67,56.62,76.89,53.29,67.26,79.23,62.92,67.43,63.53
STU0965,2024,9,excellent,80.81,12.4,,,,0.641,35.36,16.44,49.25,58.78,73.82,54.88,67.45,80.95,65.7,66.97,65.52
STU0965,2025,10,excellent,80.31,12.4,,,,0.6403,34.49,16.44,47.17,59,79.53,56.04,68.96,83.16,67.18,68.83,67.52
STU0966,2023,8,excellent,85.5,10.6,,,,0.8376,36.99,14.95,42.33,70.17,82.23,90.98,45.06,76.41,78.42,69.23,68.46
STU0966,2024,9,excellent,83.84,10.6,,,,0.8462,27.34,14.94,41.93,73.35,85.18,91.33,51.14,78.65,82.38,74.82,72.59
STU0966,2025,10,excellent,87.05,10.6,,,,0.8419,26.1,14.97,34.41,77.84,88.72,93.61,55.81,82.6,84.74,79.67,77.4
STU0967,2023,8,excellent,88,13.8,,,,0.8033,5.28,12.08,22.32,97.83,90.51,97.22,97.89,97.78,97.82,97.43,97.08
STU0967,2024,9,excellent,91.41,13.8,,,,0.7949,5.2,12.04,16.15,97.69,94.08,97.8,97.56,97.86,97.56,97.84,97.88
STU0967,2025,10,excellent,86.01,13.8,,,,0.7984,5.04,12.06,26.22,98.1,95.53,97.68,97.87,98.04,97.75,97.49,97.64
STU0968,2023,8,at-risk,30,3.2,,,,0.2818,100,63.5,90.88,29.17,38.32,30.09,23.63,27.11,14.19,16.02,20.85
STU0968,2024,9,at-risk,34.34,3.2,,,,0.2821,100,63.59,90.9,29.5,40.59,30.36,24.46,29.72,15.73,17.2,21.56
STU0968,2025,10,at-risk,30.57,3.2,,,,0.2806,100,63.48,90.87,30.87,41.99,32.46,26.29,29.67,14.46,18.83,24.29
STU0969,2023,8,irregular,44,9.3,,,,0.3333,96.79,26.53,80.19,62.74,51.63,55.78,29.87,46.5,35.04,52.54,42.15
STU0969,2024,9,irregular,40.91,9.3,,,,0.3333,96.19,26.27,79.85,65.64,52.15,58.98,29.07,46.79,36.58,55.7,43.4
STU0969,2025,10,irregular,39.9,9.3,,,,0.3333,79.3,26.46,72.3,66.58,54.35,60,32.34,50.7,39.42,56.49,44.68
STU0970,2023,8,good,74.5,14.7,,,,0.7182,19.08,15.58,35.84,91.84,96.27,92.68,94.05,77.23,71.02,80.84,95.13
STU0970,2024,9,good,77.27,14.7,,,,0.7179,18.31,15.78,38.55,91.81,96.5,94.85,95.04,83.5,72.77,83.14,96.4
STU0970,2025,10,good,77.72,14.7,,,,0.7194,9.69,15.68,35.46,94.97,96.75,96.02,96.54,83.28,76.58,84.94,96.19
STU0971,2023,8,moderate,68.5,10.6,,,,0.5558,81.48,27.16,73.45,24.82,33.9,50.27,64.55,71.75,57.03,62.41,39.95
STU0971,2024,9,moderate,68.69,10.6,,,,0.5641,73.3,27.09,68.83,28.53,35.31,50.97,64.66,75.28,59.16,63.14,44.63
STU0971,2025,10,moderate,68.39,10.6,,,,0.5613,72.69,27.09,69.49,30.24,38.85,53.4,68.15,75.63,60.97,65.59,44.54
STU0972,2023,8,moderate,60.5,10.8,,,,0.6667,54.59,19.26,59.38,62.25,73.41,67.8,51.99,54.25,48.17,41.03,68.7
STU0972,2024,9,moderate,64.65,10.8,,,,0.6667,53.84,19.26,59.04,63.69,76.32,69.89,54.55,54.9,49.76,43.58,69.79
STU0972,2025,10,moderate,64.77,10.8,,,,0.6667,45.05,19.26,55.09,68.81,78.06,69.19,55.36,58.53,51.53,46.05,71.67
STU0973,2023,8,moderate,68.5,9.5,,,,0.7696,19.25,17.86,43.13,81.73,82.34,76.24,97.84,90.85,84.76,68.12,87.3
STU0973,2024,9,moderate,62.63,9.5,,,,0.7692,25.21,17.86,45.81,86.97,84.1,82,97.84,93.3,89.24,69.03,89.94
STU0973,2025,10,moderate,66.32,9.5,,,,0.7721,9.43,17.82,38.7,88.23,86.81,85.45,97.82,95.19,89.33,73.49,91.6
STU0974,2023,8,moderate,73.5,9.5,,,,0.53,100,25.22,81.3,28.53,45.26,41.44,34.76,44.32,39.99,47.34,33.7
STU0974,2024,9,moderate,59.09,9.5,,,,0.5385,100,25.28,81.32,31.9,47.55,43.7,39.72,47.79,42.03,48.61,38.01
STU0974,2025,10,moderate,69.43,9.5,,,,0.5349,100,25.3,81.14,34.24,50.13,45.81,39.05,50.4,45.33,50.56,39.46
STU0975,2023,8,good,73,14.7,,,,0.6667,22.16,17.29,44.29,92.56,66.42,80.36,90.23,89.1,76.22,78.52,81.57
STU0975,2024,9,good,74.75,14.7,,,,0.6667,20.95,17.15,43.71,94.06,70.73,85.78,93,91.37,78.8,82.44,85.1
STU0975,2025,10,good,66.32,14.7,,,,0.6667,20.15,17.28,43.39,96.04,72,88.35,94.53,93.48,80.78,84.94,86.62
STU0976,2023,8,good,75,15.7,,,,0.8033,14.79,10.33,34.29,97.62,97.56,95.44,96.71,81.18,90.7,93.96,92.57
STU0976,2024,9,good,72.73,15.7,,,,0.7949,6.56,10.54,34.71,97.84,97.62,96.18,96.95,83.42,91.68,94.39,93.3
STU0976,2025,10,good,76.68,15.7,,,,0.7984,6.05,10.49,28.24,97.54,97.78,97.05,97.68,87.05,93.83,94.25,95.5
STU0977,2023,8,good,73.5,16.1,,,,0.9228,3.31,12.6,34.64,97.85,88.71,96.78,96.86,96.83,94.86,96.17,97.65
STU0977,2024,9,good,73.23,16.1,,,,0.9231,3.22,12.69,34.62,97.74,89.99,96.53,97.28,96.78,94.84,96.7,97.46
STU0977,2025,10,good,78.24,16.1,,,,0.9209,3.06,12.59,30.69,97.65,91.41,97.41,97.3,97.4,95.88,96.77,97.61
STU0978,2023,8,good,73,14,,,,0.8291,15.61,10.42,39.63,97.26,83.52,93.76,90.12,93.81,92.73,93.88,71.68
STU0978,2024,9,good,74.75,14,,,,0.8205,15.29,10.46,39.5,97.89,85.43,94.45,92.14,94.79,93.03,94.23,76.36
STU0978,2025,10,good,78.24,14,,,,0.8248,6.58,10.4,35.56,97.62,87.81,95.62,94.02,96.6,94.51,96.08,76.79
STU0979,2023,8,good,73,13.2,,,,0.6667,19.89,13.52,42.3,85.05,82.85,95.88,79.7,78.87,85.58,95.64,89.51
STU0979,2024,9,good,79.8,13.2,,,,0.6667,11.7,13.72,33.64,86.44,81.29,96.47,80.88,80.67,85.87,95.22,90.42
STU0979,2025,10,good,74.61,13.2,,,,0.6667,11.29,13.65,38.49,86.04,85.42,96.49,82.01,82.79,85.95,96.07,91.67
STU0980,2023,8,excellent,87,17.8,,,,0.9228,3.22,9.13,20.86,97.59,94.8,96.83,97.43,92.69,96.51,93.94,97.61
STU0980,2024,9,excellent,78.28,17.8,,,,0.9231,3.08,9.22,33.45,97.28,95.51,96.9,97.61,92.99,96.87,94.91,97.79
STU0980,2025,10,excellent,86.01,17.8,,,,0.9209,2.93,9.2,20.95,97.71,96.83,97.15,98.07,94.71,97.09,94.81,97.46
STU0981,2023,8,irregular,58,8.4,,,,0.7182,41.93,25.91,55.35,76.28,69.28,81.58,80.84,69.48,56.9,42.85,72.03
STU0981,2024,9,irregular,58.59,8.4,,,,0.7179,40.74,25.95,54.82,79.63,71.43,84.25,81.85,73.05,59.83,44.7,76.82
STU0981,2025,10,irregular,54.4,8.4,,,,0.7194,40.2,25.95,54.58,81.51,72.05,86.9,83.01,74.8,62.36,46.92,77.03
STU0982,2023,8,good,83.5,17.6,,,,0.9743,3.84,8.95,26.33,94.53,77.83,97.47,94.2,92.37,91.52,97.99,89.57
STU0982,2024,9,good,84.34,17.6,,,,0.9744,3.47,8.96,25.99,94.5,81.11,97.41,94.66,93.7,92.02,98.1,90.91
STU0982,2025,10,good,82.38,17.6,,,,0.9736,3.07,8.94,30.72,95.65,82.92,97.73,95.26,94.66,94.36,97.64,91.28
STU0983,2023,8,good,76,7.9,,,,0.897,3.16,28.81,36.17,97.64,96.79,96.56,97.52,97.94,96.18,97.79,97.85
STU0983,2024,9,good,78.28,7.9,,,,0.8974,3.1,28.89,30.28,97.52,97.27,95.99,97.62,97.89,96.76,98.1,97.9
STU0983,2025,10,good,77.72,7.9,,,,0.8946,3.12,28.83,32.19,98.14,96.85,96.77,97.72,97.5,97.15,97.76,97.91
STU0984,2023,8,moderate,58.5,1,,,,0.53,100,44.6,86.15,20.56,47.99,40.32,48.35,35.97,55.94,41.02,54.99
STU0984,2024,9,moderate,63.13,1,,,,0.5385,100,44.51,86.13,23.03,51.83,42.63,48.92,41.85,57.41,43.98,56.94
STU0984,2025,10,moderate,73.06,1,,,,0.5349,91.61,44.54,82.36,27.98,53.31,46.75,51.59,43.35,59.41,44.25,60.89
STU0985,2023,8,good,76,10.9,,,,0.7261,21.75,16.89,44.01,97.16,97.26,78.12,92.3,61.31,68.76,62.64,87.49
STU0985,2024,9,good,73.74,10.9,,,,0.7179,21.53,16.83,41.91,96.58,97.41,78.38,92.57,60.45,69.82,65.05,89.51
STU0985,2025,10,good,78.24,10.9,,,,0.7194,21.45,16.82,40.93,97,97.14,80,94.35,61.37,69.88,62.12,88.42
STU0986,2023,8,irregular,49.5,1.7,,,,0.4442,100,67.43,91.86,36.05,45.11,23.81,43.21,39.48,20.85,36.79,37.17
STU0986,2024,9,irregular,48.48,1.7,,,,0.4359,100,67.26,91.82,38.21,44.98,26.02,40.68,42.3,20.72,36.65,38.99
STU0986,2025,10,irregular,53.89,1.7,,,,0.4387,100,67.43,91.86,39.15,47.66,28.28,46.14,42.52,22.54,37.1,39.72
STU0987,2023,8,excellent,86.5,15.9,,,,0.7861,5.39,14.11,22.29,97.47,97.06,98.04,97.96,97.21,95.86,97,97.82
STU0987,2024,9,excellent,85.86,15.9,,,,0.7949,5.22,13.98,22.31,97.38,97.53,97.63,97.67,97.5,95.52,97.37,97.67
STU0987,2025,10,excellent,86.01,15.9,,,,0.7892,5.28,14.07,22.33,97.7,97.47,97.53,97.91,97.17,96.22,97.42,97.83
STU0988,2023,8,irregular,44,10.9,,,,0.5815,22.35,22.34,45.64,97.83,63.71,96.16,81.63,89.17,81.66,94.84,79.1
STU0988,2024,9,irregular,42.93,10.9,,,,0.5897,21.62,22.47,45.35,97.78,67.07,95.83,82.53,89.18,83.94,95.27,81.59
STU0988,2025,10,irregular,51.81,10.9,,,,0.5876,28.51,22.46,48.44,97.63,66.64,95.95,84.31,90.63,85,95.81,81.58
STU0989,2023,8,moderate,59.5,5.6,,,,0.6924,52.19,43.86,64.45,59.86,68.58,63.96,83.56,58.56,31,50.29,76.77
STU0989,2024,9,moderate,58.59,5.6,,,,0.6923,51.58,43.86,64.18,63.39,68.89,64.02,84.61,58.97,33.75,51.37,81.32
STU0989,2025,10,moderate,62.18,5.6,,,,0.693,43.47,43.86,60.53,65.2,71.12,67.45,86.65,62.93,35.89,53.35,80.87
STU0990,2023,8,moderate,79,10.2,,,,0.897,15.21,32.67,39.22,96.22,96.88,85.85,96.41,72.97,80.46,80.26,93.57
STU0990,2024,9,moderate,69.7,10.2,,,,0.8974,14.54,32.59,44.69,96.45,96.71,87.85,97.54,74.5,84.16,83.15,94.3
STU0990,2025,10,moderate,70.98,10.2,,,,0.8946,6.16,32.61,40.92,97.72,97.45,89.89,96.77,77.48,86.08,82.55,96.05
STU0991,2023,8,moderate,57,13.9,,,,0.7954,7.22,14.19,36.79,96.99,84.78,95.97,97.25,93.91,83.05,92.44,97.67
STU0991,2024,9,moderate,66.67,13.9,,,,0.7949,6.65,14.21,36.54,98.08,88.36,96.77,97.13,94.88,87,93.75,97.7
STU0991,2025,10,moderate,65.28,13.9,,,,0.7984,14.14,14.24,39.92,97.9,89.71,96.76,97.45,95.85,89.39,95.41,97.85
STU0992,2023,8,excellent,86.5,28.4,,,,0.7518,7.36,13.94,24.03,96.5,88.1,97.73,97.52,97.37,83.21,97.29,97.88
STU0992,2024,9,excellent,84.34,28.4,,,,0.7436,7.21,13.93,24.42,97.17,89.72,97.93,97.93,97.15,87.1,97.01,97.75
STU0992,2025,10,excellent,87.05,28.4,,,,0.7457,7.02,13.95,22.87,97.71,91.52,97.59,97.67,97.68,87.74,97.08,97.59
STU0993,2023,8,good,78,10.8,,,,0.8455,5.11,13.91,33.8,96.6,90.18,96.48,95.41,97,92.1,95.97,97.09
STU0993,2024,9,good,66.67,10.8,,,,0.8462,4.84,13.84,35.64,97.29,92.11,97.29,95.78,97.8,92.76,96.4,97.23
STU0993,2025,10,good,72.02,10.8,,,,0.8419,4.75,13.87,35.6,97.41,92.12,97.21,96.66,97.54,94.53,96.99,96.89
STU0994,2023,8,good,75,18.4,,,,0.6667,30.81,12.93,47.1,74.46,68.72,61.29,87.81,79.63,79.07,86.14,76.79
STU0994,2024,9,good,66.67,18.4,,,,0.6667,22.57,13.05,43.42,77.91,71.51,63.36,91.62,85.42,81.75,88.59,77.33
STU0994,2025,10,good,76.68,18.4,,,,0.6667,21.65,13.04,43,80.52,73.07,67.76,92.88,86.08,84.31,90.49,81.5
STU0995,2023,8,moderate,70,10.8,,,,0.6409,33.72,21.59,50.57,83.65,90.28,60.91,73.45,65.58,51.08,65.99,84.56
STU0995,2024,9,moderate,68.18,10.8,,,,0.641,33.23,21.37,50.3,85.2,90.32,62.34,73.09,66.54,52.79,66.83,86
STU0995,2025,10,moderate,69.43,10.8,,,,0.6403,32.92,21.54,49.12,84.46,91.27,62.25,78.38,66.89,54.65,69.87,86.54
STU0996,2023,8,excellent,79.5,22.7,,,,0.9663,2.52,9.86,33.6,91.07,97.52,96.87,96.74,90.34,96.07,95.46,97.66
STU0996,2024,9,excellent,87.37,22.7,,,,0.9744,2.23,9.93,24.14,91.75,97.35,97.17,97.08,91.4,96.72,95.65,97.73
STU0996,2025,10,excellent,89.64,22.7,,,,0.9736,1.82,9.88,20.77,94.3,97.76,97.85,97.58,95.04,96.66,96.63,97.79
STU0997,2023,8,moderate,68.5,5.3,,,,0.6667,69.75,42.05,71.9,91.96,78.61,61.52,85.09,45.95,30.49,35.59,53.96
STU0997,2024,9,moderate,72.73,5.3,,,,0.6667,69.53,42.13,71.82,92.13,79,59.77,86.83,46.07,32.09,35.61,55.8
STU0997,2025,10,moderate,64.77,5.3,,,,0.6667,69,42.05,71.56,93.4,78.7,62.28,87.02,47.35,33.86,36.94,55.03
STU0998,2023,8,excellent,86.5,18.8,,,,0.7954,17.13,12.09,25.26,94.84,77.98,95.95,70.5,94.76,94.24,93.35,75.47
STU0998,2024,9,excellent,83.84,18.8,,,,0.7949,16.48,12.05,30.02,95.16,81.54,96.57,73.45,95.95,95.04,94.98,77.46
STU0998,2025,10,excellent,85.49,18.8,,,,0.7984,16.14,12.1,27.74,95.87,84.97,96.74,72.26,96.2,95.49,95.55,79.12
STU0999,2023,8,moderate,64,11.3,,,,0.8033,19.01,15.49,42.43,90.43,72.66,91.38,69.49,95.69,77.11,82.7,82.68
STU0999,2024,9,moderate,64.14,11.3,,,,0.7949,18.06,15.42,41.98,90.38,74.82,94.86,75.63,96.19,79.89,86.02,86.15
STU0999,2025,10,moderate,68.91,11.3,,,,0.7984,16.68,15.49,41.38,93.81,80.2,96.37,79,96.67,84.08,89.09,89.8
STU1000,2023,8,moderate,68.5,10.4,,,,0.6152,43.88,21.83,55.2,76.77,43.39,59.53,71.74,74.26,64.99,91.26,52.22
STU1000,2024,9,moderate,70.71,10.4,,,,0.6154,42.57,21.83,54.61,80.45,47.34,63.08,72.13,79.28,66.77,92.58,55.12
STU1000,2025,10,moderate,65.8,10.4,,,,0.614,41.92,21.82,54.32,83.11,49.66,63.92,76.65,80.33,71.61,92.91,57.02
