attendance,avg_marks,study_hours,homework_rate,screen_time,study_consistency,recommendation_1,recommendation_2,recommendation_3
88.5,37.0,5.4,60.4,5.5,14.0,Combo_LowStudy_LowConsistency,Combo_HighScreen_LowHomework,StudyHours_Critical
99.0,77.3,16.3,67.1,1.4,97.4,Attendance_Success,StudyHours_Success,Consistency_Success
84.7,66.0,9.5,95.1,5.8,91.2,Attendance_Warning,ScreenTime_Critical,Consistency_Success
65.3,55.2,12.0,85.7,2.0,79.5,Attendance_Critical,General_Balanced,General_Balanced
62.7,31.6,15.8,54.7,4.2,53.1,Combo_HighStudy_LowMarks,Combo_HighScreen_LowHomework,Attendance_Critical
63.9,52.3,7.5,37.4,3.6,87.6,Attendance_Critical,StudyHours_Critical,ScreenTime_Warning
92.8,38.2,5.3,47.4,4.3,99.1,Combo_HighScreen_LowHomework,StudyHours_Critical,Marks_Critical
82.2,25.0,16.1,83.2,5.8,10.4,Combo_HighStudy_LowMarks,Attendance_Warning,Marks_Critical
68.5,50.6,8.6,62.0,1.2,34.8,Combo_LowStudy_LowConsistency,Attendance_Critical,Consistency_Warning
52.3,29.3,6.6,78.9,3.1,36.9,Combo_LowStudy_LowConsistency,Attendance_Critical,StudyHours_Critical
70.6,30.4,19.0,63.2,3.7,50.5,Combo_HighStudy_LowMarks,Attendance_Critical,Marks_Critical
69.8,70.8,8.2,96.4,6.7,22.4,Combo_LowStudy_LowConsistency,Attendance_Critical,ScreenTime_Critical
97.5,47.0,8.3,35.7,4.6,82.1,Combo_HighScreen_LowHomework,ScreenTime_Warning,Attendance_Success
61.4,35.7,5.9,51.2,3.8,52.9,Attendance_Critical,StudyHours_Critical,Marks_Critical
70.8,82.2,18.2,85.3,5.4,75.4,Attendance_Critical,ScreenTime_Critical,StudyHours_Success
69.9,74.2,5.8,35.0,4.0,32.4,Combo_LowStudy_LowConsistency,Combo_HighScreen_LowHomework,Attendance_Critical
67.1,62.6,10.8,62.8,3.0,63.2,Attendance_Critical,General_Balanced,General_Balanced
82.5,92.3,10.7,79.5,4.7,92.9,Attendance_Warning,ScreenTime_Warning,Marks_Success
97.5,25.4,9.1,65.1,7.8,78.9,Combo_HighScreen_LowHomework,Marks_Critical,ScreenTime_Critical
98.4,21.4,18.2,99.9,8.0,44.9,Combo_HighStudy_LowMarks,Marks_Critical,ScreenTime_Critical
89.8,27.3,11.7,38.6,2.7,32.1,Marks_Critical,Consistency_Warning,General_Balanced
52.0,59.4,10.7,52.4,4.4,53.3,Combo_HighScreen_LowHomework,Attendance_Critical,ScreenTime_Warning
55.1,52.6,2.5,99.8,4.1,71.5,Attendance_Critical,StudyHours_Critical,ScreenTime_Warning
97.4,71.4,9.6,47.3,6.5,14.2,Combo_LowStudy_LowConsistency,Combo_HighScreen_LowHomework,ScreenTime_Critical
96.4,63.5,10.9,61.1,7.8,78.7,Combo_HighScreen_LowHomework,ScreenTime_Critical,Attendance_Success
69.6,48.2,5.3,97.9,6.6,42.0,Attendance_Critical,StudyHours_Critical,ScreenTime_Critical
71.6,52.1,17.2,87.4,6.4,38.3,Attendance_Critical,ScreenTime_Critical,Consistency_Warning
72.2,88.2,9.8,31.1,2.0,20.4,Combo_LowStudy_LowConsistency,Attendance_Critical,Consistency_Warning
55.4,79.1,5.8,95.8,5.2,57.7,Attendance_Critical,StudyHours_Critical,ScreenTime_Critical
70.5,48.4,18.7,75.5,3.1,18.8,Combo_HighStudy_LowMarks,Attendance_Critical,ScreenTime_Warning
64.0,27.4,6.1,86.4,6.9,48.9,Attendance_Critical,StudyHours_Critical,Marks_Critical
55.9,88.3,18.0,93.3,1.8,58.5,Attendance_Critical,StudyHours_Success,Marks_Success
87.7,88.9,5.7,57.1,2.2,57.4,StudyHours_Critical,Marks_Success,General_Balanced
73.7,48.8,16.7,88.3,6.7,29.8,Combo_HighStudy_LowMarks,Attendance_Critical,ScreenTime_Critical
77.3,48.8,11.5,88.0,6.2,49.5,Attendance_Warning,ScreenTime_Critical,General_Balanced
94.3,46.5,3.0,78.7,4.0,25.6,Combo_LowStudy_LowConsistency,StudyHours_Critical,ScreenTime_Warning
61.8,40.3,19.6,87.6,7.6,66.5,Combo_HighStudy_LowMarks,Attendance_Critical,ScreenTime_Critical
85.3,78.1,8.8,37.8,2.0,43.2,General_Balanced,General_Balanced,General_Balanced
83.9,31.6,12.7,53.2,5.4,77.5,Combo_HighStudy_LowMarks,Combo_HighScreen_LowHomework,Attendance_Warning
65.7,39.3,7.8,96.2,5.6,28.0,Combo_LowStudy_LowConsistency,Attendance_Critical,StudyHours_Critical
74.4,44.0,2.9,96.1,2.2,63.6,Attendance_Critical,StudyHours_Critical,General_Balanced
56.5,57.5,6.5,83.4,1.1,83.3,Attendance_Critical,StudyHours_Critical,Consistency_Success
92.2,59.7,14.7,77.3,5.0,60.7,ScreenTime_Critical,General_Balanced,General_Balanced
78.5,30.0,6.4,34.1,6.0,80.2,Combo_HighScreen_LowHomework,Attendance_Warning,StudyHours_Critical
59.5,89.4,16.5,98.6,5.8,78.7,Attendance_Critical,ScreenTime_Critical,StudyHours_Success
94.9,64.0,17.5,84.0,1.2,70.3,StudyHours_Success,General_Balanced,General_Balanced
85.3,75.4,16.3,67.3,3.0,69.5,StudyHours_Success,General_Balanced,General_Balanced
57.9,80.9,3.5,62.6,3.0,51.0,Attendance_Critical,StudyHours_Critical,ScreenTime_Warning
66.3,26.5,14.9,78.7,5.8,55.4,Combo_HighStudy_LowMarks,Attendance_Critical,Marks_Critical
60.6,32.2,9.5,64.3,5.2,97.8,Combo_HighScreen_LowHomework,Attendance_Critical,Marks_Critical
95.0,65.5,9.5,41.3,4.6,50.9,Combo_HighScreen_LowHomework,ScreenTime_Warning,Attendance_Success
67.5,86.4,8.0,44.1,2.6,21.2,Combo_LowStudy_LowConsistency,Attendance_Critical,Consistency_Warning
61.9,89.9,2.5,52.2,5.2,77.5,Combo_HighScreen_LowHomework,Attendance_Critical,StudyHours_Critical
70.0,36.0,5.9,36.3,1.3,39.9,Combo_LowStudy_LowConsistency,Attendance_Critical,StudyHours_Critical
90.0,51.4,12.4,73.2,3.6,92.6,ScreenTime_Warning,Consistency_Success,General_Balanced
81.6,59.3,19.8,62.6,4.1,23.6,Combo_HighScreen_LowHomework,Attendance_Warning,ScreenTime_Warning
52.2,82.3,10.9,45.9,3.9,14.0,Attendance_Critical,ScreenTime_Warning,Consistency_Warning
90.9,76.3,18.9,43.2,7.6,45.6,Combo_HighScreen_LowHomework,ScreenTime_Critical,StudyHours_Success
53.5,95.0,12.2,70.1,6.4,59.3,Attendance_Critical,ScreenTime_Critical,Marks_Success
83.4,66.7,12.2,77.3,3.8,99.0,Attendance_Warning,ScreenTime_Warning,Consistency_Success
72.2,93.3,7.2,87.4,1.7,27.1,Combo_LowStudy_LowConsistency,Attendance_Critical,StudyHours_Critical
90.7,72.4,17.2,83.9,5.0,94.7,ScreenTime_Warning,StudyHours_Success,Consistency_Success
70.4,31.6,14.9,58.3,6.8,60.5,Combo_HighStudy_LowMarks,Combo_HighScreen_LowHomework,Attendance_Critical
57.7,35.5,5.3,59.1,5.0,39.7,Combo_LowStudy_LowConsistency,Combo_HighScreen_LowHomework,Attendance_Critical
50.8,71.0,6.7,48.4,4.5,65.7,Combo_HighScreen_LowHomework,Attendance_Critical,StudyHours_Critical
75.8,75.7,19.0,83.4,5.8,44.6,Attendance_Warning,ScreenTime_Critical,StudyHours_Success
81.1,39.2,14.0,33.8,4.4,91.7,Combo_HighStudy_LowMarks,Combo_HighScreen_LowHomework,Attendance_Warning
78.4,45.3,14.2,85.4,3.9,31.3,Combo_HighStudy_LowMarks,Attendance_Warning,ScreenTime_Warning
70.4,51.5,10.9,30.6,6.5,39.0,Combo_HighScreen_LowHomework,Attendance_Critical,ScreenTime_Critical
72.4,73.5,7.3,93.9,4.4,19.3,Combo_LowStudy_LowConsistency,Attendance_Critical,StudyHours_Critical
51.9,26.3,8.0,49.8,6.4,92.4,Combo_HighScreen_LowHomework,Attendance_Critical,StudyHours_Critical
78.7,60.1,14.9,43.5,7.4,89.5,Combo_HighScreen_LowHomework,Attendance_Warning,ScreenTime_Critical
95.2,21.5,18.4,61.5,6.3,72.7,Combo_HighStudy_LowMarks,Combo_HighScreen_LowHomework,Marks_Critical
77.7,61.4,6.7,44.2,5.9,79.7,Combo_HighScreen_LowHomework,Attendance_Warning,StudyHours_Critical
85.1,50.0,19.3,54.4,1.1,23.7,Consistency_Warning,StudyHours_Success,General_Balanced
86.5,79.2,7.6,76.6,5.2,33.4,Combo_LowStudy_LowConsistency,StudyHours_Critical,ScreenTime_Critical
91.0,49.1,14.3,74.2,1.2,62.9,Combo_HighStudy_LowMarks,General_Balanced,General_Balanced
53.4,51.8,10.6,85.7,7.9,50.9,Attendance_Critical,ScreenTime_Critical,General_Balanced
70.6,67.0,9.1,82.1,6.0,42.0,Attendance_Critical,ScreenTime_Critical,General_Balanced
56.0,24.7,17.0,73.3,3.9,18.9,Combo_HighStudy_LowMarks,Attendance_Critical,Marks_Critical
91.4,24.3,7.7,82.6,2.5,61.8,StudyHours_Critical,Marks_Critical,General_Balanced
90.6,40.6,3.9,40.7,1.1,86.3,StudyHours_Critical,Consistency_Success,General_Balanced
66.9,75.3,14.3,78.4,4.2,23.9,Attendance_Critical,ScreenTime_Warning,Consistency_Warning
66.3,43.9,7.0,48.5,7.4,78.1,Combo_HighScreen_LowHomework,Attendance_Critical,StudyHours_Critical
78.4,74.0,13.4,97.4,6.2,29.9,Attendance_Warning,ScreenTime_Critical,Consistency_Warning
92.0,62.5,8.5,77.2,6.0,49.0,ScreenTime_Critical,General_Balanced,General_Balanced
93.1,32.1,10.7,53.8,5.4,45.0,Combo_HighScreen_LowHomework,Marks_Critical,ScreenTime_Critical
95.4,85.8,14.5,58.2,5.4,57.1,Combo_HighScreen_LowHomework,ScreenTime_Critical,Attendance_Success
60.1,90.2,10.5,66.7,5.2,26.8,Combo_HighScreen_LowHomework,Attendance_Critical,ScreenTime_Critical
85.7,57.5,12.8,93.1,3.3,20.4,ScreenTime_Warning,Consistency_Warning,General_Balanced
99.1,21.0,11.3,83.5,1.6,71.3,Marks_Critical,Attendance_Success,General_Balanced
51.4,59.1,6.6,66.7,7.6,26.9,Combo_LowStudy_LowConsistency,Combo_HighScreen_LowHomework,Attendance_Critical
93.4,41.9,13.2,93.5,2.2,59.9,Combo_HighStudy_LowMarks,General_Balanced,General_Balanced
85.2,58.2,14.0,47.5,5.5,97.2,Combo_HighScreen_LowHomework,ScreenTime_Critical,Consistency_Success
99.9,36.6,16.4,79.9,2.6,89.2,Combo_HighStudy_LowMarks,Marks_Critical,Attendance_Success
95.3,75.0,10.1,55.1,6.8,71.0,Combo_HighScreen_LowHomework,ScreenTime_Critical,Attendance_Success
63.2,84.6,14.8,89.1,1.9,16.2,Attendance_Critical,Consistency_Warning,Marks_Success
93.6,67.0,14.0,72.9,3.1,57.2,ScreenTime_Warning,General_Balanced,General_Balanced
52.9,25.2,5.8,55.8,1.1,12.8,Combo_LowStudy_LowConsistency,Attendance_Critical,StudyHours_Critical
51.2,88.3,14.1,88.5,2.6,65.3,Attendance_Critical,Marks_Success,General_Balanced
76.8,68.6,14.4,37.5,4.5,84.5,Combo_HighScreen_LowHomework,Attendance_Warning,ScreenTime_Warning
62.5,58.6,16.1,84.7,1.8,69.7,Attendance_Critical,StudyHours_Success,General_Balanced
96.7,79.2,7.5,84.3,5.5,10.2,Combo_LowStudy_LowConsistency,StudyHours_Critical,ScreenTime_Critical
86.8,83.7,18.0,83.9,4.5,47.5,ScreenTime_Warning,StudyHours_Success,Marks_Success
78.9,89.9,15.0,55.2,7.2,31.1,Combo_HighScreen_LowHomework,Attendance_Warning,ScreenTime_Critical
78.4,89.9,3.8,74.5,3.5,20.1,Combo_LowStudy_LowConsistency,Attendance_Warning,StudyHours_Critical
72.3,53.1,7.5,96.8,1.5,17.2,Combo_LowStudy_LowConsistency,Attendance_Critical,StudyHours_Critical
68.1,84.6,8.2,68.6,3.6,13.4,Combo_LowStudy_LowConsistency,Attendance_Critical,ScreenTime_Warning
86.8,22.6,18.6,77.6,7.0,83.7,Combo_HighStudy_LowMarks,Marks_Critical,ScreenTime_Critical
92.5,46.3,19.1,57.4,1.9,55.7,Combo_HighStudy_LowMarks,StudyHours_Success,General_Balanced
74.1,67.6,17.4,78.8,1.7,13.2,Attendance_Critical,Consistency_Warning,StudyHours_Success
53.3,35.5,10.0,76.1,6.1,29.3,Attendance_Critical,Marks_Critical,ScreenTime_Critical
53.4,88.5,4.4,54.9,5.4,52.6,Combo_HighScreen_LowHomework,Attendance_Critical,StudyHours_Critical
81.2,84.3,17.1,59.9,2.6,12.1,Attendance_Warning,Consistency_Warning,StudyHours_Success
88.6,66.8,11.8,46.0,6.0,97.7,Combo_HighScreen_LowHomework,ScreenTime_Critical,Consistency_Success
56.4,78.2,14.0,62.0,7.0,43.9,Combo_HighScreen_LowHomework,Attendance_Critical,ScreenTime_Critical
51.6,84.9,14.9,52.7,1.6,99.3,Attendance_Critical,Marks_Success,Consistency_Success
93.7,48.8,17.1,57.6,1.7,85.8,Combo_HighStudy_LowMarks,StudyHours_Success,Consistency_Success
97.6,54.9,8.6,67.5,5.5,99.2,Combo_HighScreen_LowHomework,ScreenTime_Critical,Attendance_Success
69.6,47.7,15.7,77.0,6.8,23.6,Combo_HighStudy_LowMarks,Attendance_Critical,ScreenTime_Critical
92.2,74.0,13.8,90.2,7.0,93.3,ScreenTime_Critical,Consistency_Success,General_Balanced
71.8,32.0,8.6,75.7,3.1,76.5,Attendance_Critical,Marks_Critical,ScreenTime_Warning
56.4,57.9,11.0,65.3,3.6,10.2,Attendance_Critical,ScreenTime_Warning,Consistency_Warning
55.0,57.4,16.1,40.3,6.8,57.6,Combo_HighScreen_LowHomework,Attendance_Critical,ScreenTime_Critical
91.6,93.6,16.4,59.0,3.0,77.8,ScreenTime_Warning,StudyHours_Success,Marks_Success
69.6,41.1,16.5,33.2,2.2,56.8,Combo_HighStudy_LowMarks,Attendance_Critical,StudyHours_Success
55.4,38.3,15.3,99.4,5.9,20.4,Combo_HighStudy_LowMarks,Attendance_Critical,Marks_Critical
98.4,53.9,4.3,39.7,4.8,78.0,Combo_HighScreen_LowHomework,StudyHours_Critical,ScreenTime_Warning
52.1,35.2,6.6,58.8,6.4,55.3,Combo_HighScreen_LowHomework,Attendance_Critical,StudyHours_Critical
84.0,23.6,12.3,91.7,5.7,80.4,Combo_HighStudy_LowMarks,Attendance_Warning,Marks_Critical
51.4,22.9,15.0,33.7,6.4,56.8,Combo_HighStudy_LowMarks,Combo_HighScreen_LowHomework,Attendance_Critical
62.8,36.4,19.2,85.7,2.6,70.1,Combo_HighStudy_LowMarks,Attendance_Critical,Marks_Critical
79.3,21.4,4.3,86.0,1.5,32.2,Combo_LowStudy_LowConsistency,Attendance_Warning,StudyHours_Critical
83.6,51.2,7.0,47.1,2.0,68.0,Attendance_Warning,StudyHours_Critical,General_Balanced
59.8,71.0,15.2,50.7,3.2,37.3,Attendance_Critical,ScreenTime_Warning,Consistency_Warning
52.5,91.0,12.6,88.5,6.2,56.8,Attendance_Critical,ScreenTime_Critical,Marks_Success
95.7,73.3,5.4,98.7,1.0,72.3,StudyHours_Critical,Attendance_Success,General_Balanced
70.9,25.7,7.4,70.0,1.4,84.2,Attendance_Critical,StudyHours_Critical,Marks_Critical
94.0,22.1,7.3,72.0,4.8,68.5,StudyHours_Critical,Marks_Critical,ScreenTime_Warning
81.5,24.5,8.5,34.9,5.8,78.3,Combo_HighScreen_LowHomework,Attendance_Warning,Marks_Critical
83.7,64.0,7.3,88.5,6.7,13.4,Combo_LowStudy_LowConsistency,Attendance_Warning,StudyHours_Critical
53.8,30.2,4.9,99.8,6.5,61.3,Attendance_Critical,StudyHours_Critical,Marks_Critical
58.9,23.1,13.6,39.7,1.6,12.7,Combo_HighStudy_LowMarks,Attendance_Critical,Marks_Critical
94.7,90.2,15.8,88.4,1.9,66.1,StudyHours_Success,Marks_Success,General_Balanced
50.3,48.5,10.6,31.9,4.3,87.0,Combo_HighScreen_LowHomework,Attendance_Critical,ScreenTime_Warning
73.7,30.1,2.8,81.9,5.8,15.8,Combo_LowStudy_LowConsistency,Attendance_Critical,StudyHours_Critical
74.2,32.1,5.3,42.3,2.5,54.5,Attendance_Critical,StudyHours_Critical,Marks_Critical
94.3,71.9,16.2,36.1,1.5,66.8,StudyHours_Success,General_Balanced,General_Balanced
80.1,72.3,18.0,89.2,2.7,14.9,Attendance_Warning,Consistency_Warning,StudyHours_Success
53.3,35.2,19.4,96.6,6.6,51.5,Combo_HighStudy_LowMarks,Attendance_Critical,Marks_Critical
86.6,66.1,12.3,39.8,7.4,36.1,Combo_HighScreen_LowHomework,ScreenTime_Critical,Consistency_Warning
53.5,26.8,5.9,80.3,1.5,39.1,Combo_LowStudy_LowConsistency,Attendance_Critical,StudyHours_Critical
77.9,64.7,3.6,73.6,2.3,25.3,Combo_LowStudy_LowConsistency,Attendance_Warning,StudyHours_Critical
86.5,39.2,13.7,53.1,2.2,28.1,Combo_HighStudy_LowMarks,Marks_Critical,Consistency_Warning
63.5,87.3,8.9,54.6,6.9,49.6,Combo_HighScreen_LowHomework,Attendance_Critical,ScreenTime_Critical
59.9,83.1,11.7,36.0,2.2,87.0,Attendance_Critical,Marks_Success,Consistency_Success
80.9,24.6,2.4,35.1,3.2,67.8,Attendance_Warning,StudyHours_Critical,Marks_Critical
55.3,38.2,12.9,72.0,4.2,39.3,Combo_HighStudy_LowMarks,Attendance_Critical,Marks_Critical
54.2,70.9,3.3,57.3,2.7,36.0,Combo_LowStudy_LowConsistency,Attendance_Critical,StudyHours_Critical
93.6,50.2,12.9,46.4,3.2,72.9,ScreenTime_Warning,General_Balanced,General_Balanced
52.1,32.1,5.4,69.2,4.2,62.0,Combo_HighScreen_LowHomework,Attendance_Critical,StudyHours_Critical
94.8,71.4,11.8,43.5,1.9,82.2,Consistency_Success,General_Balanced,General_Balanced
53.5,54.7,10.2,62.4,2.5,97.8,Attendance_Critical,Consistency_Success,General_Balanced
60.9,37.4,9.0,98.4,2.9,29.3,Combo_LowStudy_LowConsistency,Attendance_Critical,Marks_Critical
60.4,40.9,16.2,97.4,4.4,84.8,Combo_HighStudy_LowMarks,Attendance_Critical,ScreenTime_Warning
74.2,50.4,14.5,50.6,4.0,75.7,Attendance_Critical,ScreenTime_Warning,General_Balanced
95.0,43.3,6.3,80.8,2.8,70.4,StudyHours_Critical,Attendance_Success,General_Balanced
86.8,42.5,19.7,58.5,5.2,82.6,Combo_HighStudy_LowMarks,Combo_HighScreen_LowHomework,ScreenTime_Critical
88.5,83.0,14.0,89.2,6.8,56.0,ScreenTime_Critical,Marks_Success,General_Balanced
93.5,89.6,3.8,55.2,2.5,73.4,StudyHours_Critical,Marks_Success,General_Balanced
77.8,33.6,17.7,93.2,3.8,34.7,Combo_HighStudy_LowMarks,Attendance_Warning,Marks_Critical
82.0,22.8,14.4,85.9,2.5,88.8,Combo_HighStudy_LowMarks,Attendance_Warning,Marks_Critical
61.6,25.7,19.6,93.9,4.9,67.8,Combo_HighStudy_LowMarks,Attendance_Critical,Marks_Critical
52.5,79.6,7.6,90.0,2.7,12.7,Combo_LowStudy_LowConsistency,Attendance_Critical,StudyHours_Critical
59.2,59.4,15.9,54.4,4.3,40.2,Combo_HighScreen_LowHomework,Attendance_Critical,ScreenTime_Warning
89.5,83.3,12.8,60.4,8.0,13.1,Combo_HighScreen_LowHomework,ScreenTime_Critical,Consistency_Warning
98.0,54.8,13.3,82.4,6.8,12.9,ScreenTime_Critical,Consistency_Warning,Attendance_Success
89.7,27.3,12.9,92.8,3.2,74.4,Combo_HighStudy_LowMarks,Marks_Critical,ScreenTime_Warning
67.9,90.5,14.9,30.1,1.8,16.8,Attendance_Critical,Consistency_Warning,Marks_Success
62.3,81.7,18.7,99.4,3.6,33.2,Attendance_Critical,ScreenTime_Warning,Consistency_Warning
58.2,25.2,17.7,59.2,7.8,98.9,Combo_HighStudy_LowMarks,Combo_HighScreen_LowHomework,Attendance_Critical
86.6,76.6,16.7,44.1,1.7,54.8,StudyHours_Success,General_Balanced,General_Balanced
87.7,58.7,13.4,65.6,3.4,32.2,ScreenTime_Warning,Consistency_Warning,General_Balanced
86.9,29.1,16.8,76.2,6.2,50.1,Combo_HighStudy_LowMarks,Marks_Critical,ScreenTime_Critical
67.7,77.8,12.7,82.1,1.6,32.5,Attendance_Critical,Consistency_Warning,General_Balanced
88.4,34.1,14.5,33.6,7.4,16.9,Combo_HighStudy_LowMarks,Combo_HighScreen_LowHomework,Marks_Critical
58.4,30.0,15.2,91.9,5.5,79.0,Combo_HighStudy_LowMarks,Attendance_Critical,Marks_Critical
62.7,53.6,11.3,58.0,2.1,52.7,Attendance_Critical,General_Balanced,General_Balanced
98.9,28.4,10.4,73.9,3.5,42.6,Marks_Critical,ScreenTime_Warning,Attendance_Success
63.7,23.9,9.4,37.2,5.3,43.0,Combo_HighScreen_LowHomework,Attendance_Critical,Marks_Critical
84.6,59.1,7.2,84.3,7.2,92.6,Attendance_Warning,StudyHours_Critical,ScreenTime_Critical
56.3,80.3,2.6,75.3,7.2,20.6,Combo_LowStudy_LowConsistency,Attendance_Critical,StudyHours_Critical
96.8,85.0,11.9,31.3,4.0,87.9,Combo_HighScreen_LowHomework,ScreenTime_Warning,Attendance_Success
51.4,94.4,17.6,58.4,2.6,97.6,Attendance_Critical,StudyHours_Success,Marks_Success
86.0,56.0,4.2,43.2,7.6,86.8,Combo_HighScreen_LowHomework,StudyHours_Critical,ScreenTime_Critical
61.2,45.7,5.5,66.8,5.1,99.4,Combo_HighScreen_LowHomework,Attendance_Critical,StudyHours_Critical
83.8,73.4,8.3,89.7,5.7,37.3,Combo_LowStudy_LowConsistency,Attendance_Warning,ScreenTime_Critical
89.7,89.0,3.3,96.7,3.8,25.6,Combo_LowStudy_LowConsistency,StudyHours_Critical,ScreenTime_Warning
87.6,80.8,18.0,76.5,4.1,31.9,ScreenTime_Warning,Consistency_Warning,StudyHours_Success
87.1,46.1,2.4,67.6,5.9,98.8,Combo_HighScreen_LowHomework,StudyHours_Critical,ScreenTime_Critical
74.5,62.1,14.4,87.2,5.7,24.5,Attendance_Critical,ScreenTime_Critical,Consistency_Warning
59.2,54.6,9.9,94.1,1.4,72.3,Attendance_Critical,General_Balanced,General_Balanced
62.8,91.8,10.2,71.9,5.9,36.4,Attendance_Critical,ScreenTime_Critical,Consistency_Warning
60.6,59.5,6.5,85.2,4.9,69.3,Attendance_Critical,StudyHours_Critical,ScreenTime_Warning
67.5,81.5,7.4,90.1,7.1,39.8,Combo_LowStudy_LowConsistency,Attendance_Critical,StudyHours_Critical
89.8,84.5,5.4,51.1,4.7,11.9,Combo_LowStudy_LowConsistency,Combo_HighScreen_LowHomework,StudyHours_Critical
80.3,70.4,17.4,83.1,6.8,22.6,Attendance_Warning,ScreenTime_Critical,Consistency_Warning
51.3,26.2,11.5,83.5,3.4,46.3,Attendance_Critical,Marks_Critical,ScreenTime_Warning
51.1,58.7,9.6,75.0,6.7,23.2,Combo_LowStudy_LowConsistency,Attendance_Critical,ScreenTime_Critical
83.9,26.8,6.9,35.8,7.3,24.0,Combo_LowStudy_LowConsistency,Combo_HighScreen_LowHomework,Attendance_Warning
93.2,36.7,15.2,32.7,7.5,90.4,Combo_HighStudy_LowMarks,Combo_HighScreen_LowHomework,Marks_Critical
70.3,79.5,5.4,72.7,5.9,49.5,Attendance_Critical,StudyHours_Critical,ScreenTime_Critical
68.4,58.5,3.4,77.6,1.5,57.5,Attendance_Critical,StudyHours_Critical,General_Balanced
80.9,28.5,14.9,35.2,3.8,67.1,Combo_HighStudy_LowMarks,Attendance_Warning,Marks_Critical
59.3,87.7,4.3,33.0,4.8,70.7,Combo_HighScreen_LowHomework,Attendance_Critical,StudyHours_Critical
73.4,60.7,7.2,100.0,5.4,20.0,Combo_LowStudy_LowConsistency,Attendance_Critical,StudyHours_Critical
62.0,87.0,6.5,45.1,6.2,23.3,Combo_LowStudy_LowConsistency,Combo_HighScreen_LowHomework,Attendance_Critical
52.7,22.5,17.4,63.4,2.6,96.3,Combo_HighStudy_LowMarks,Attendance_Critical,Marks_Critical
53.3,90.6,16.9,61.3,5.9,88.4,Combo_HighScreen_LowHomework,Attendance_Critical,ScreenTime_Critical
50.3,23.3,5.9,60.1,6.3,42.0,Combo_HighScreen_LowHomework,Attendance_Critical,StudyHours_Critical
54.9,76.2,16.4,65.3,1.1,53.6,Attendance_Critical,StudyHours_Success,General_Balanced
65.4,75.3,17.4,72.0,4.0,47.9,Attendance_Critical,ScreenTime_Warning,StudyHours_Success
56.3,49.0,12.1,42.2,5.8,62.3,Combo_HighStudy_LowMarks,Combo_HighScreen_LowHomework,Attendance_Critical
69.8,61.3,9.1,78.1,6.4,12.7,Combo_LowStudy_LowConsistency,Attendance_Critical,ScreenTime_Critical
88.7,92.4,14.9,90.3,7.8,35.3,ScreenTime_Critical,Consistency_Warning,Marks_Success
87.1,81.9,13.4,36.1,2.7,96.2,Marks_Success,Consistency_Success,General_Balanced
54.3,66.6,9.8,87.7,7.4,43.6,Attendance_Critical,ScreenTime_Critical,General_Balanced
77.4,81.2,11.4,70.3,3.8,50.6,Attendance_Warning,ScreenTime_Warning,Marks_Success
86.0,45.2,15.3,53.0,2.7,37.0,Combo_HighStudy_LowMarks,Consistency_Warning,StudyHours_Success
54.6,20.1,7.0,82.9,7.4,41.5,Attendance_Critical,StudyHours_Critical,Marks_Critical
50.9,82.2,15.4,87.2,1.7,27.1,Attendance_Critical,Consistency_Warning,StudyHours_Success
78.7,33.3,17.8,86.0,1.2,11.7,Combo_HighStudy_LowMarks,Attendance_Warning,Marks_Critical
96.3,39.5,8.2,77.3,1.3,23.5,Combo_LowStudy_LowConsistency,Marks_Critical,Consistency_Warning
70.1,59.5,14.0,36.5,7.1,15.4,Combo_HighScreen_LowHomework,Attendance_Critical,ScreenTime_Critical
60.5,90.9,4.8,79.5,5.8,96.4,Attendance_Critical,StudyHours_Critical,ScreenTime_Critical
94.1,63.9,8.8,99.0,6.3,33.8,Combo_LowStudy_LowConsistency,ScreenTime_Critical,Consistency_Warning
70.1,93.4,3.9,86.7,3.0,24.3,Combo_LowStudy_LowConsistency,Attendance_Critical,StudyHours_Critical
84.0,52.2,6.6,52.1,5.9,61.8,Combo_HighScreen_LowHomework,Attendance_Warning,StudyHours_Critical
66.3,40.9,12.1,51.4,4.4,67.0,Combo_HighStudy_LowMarks,Combo_HighScreen_LowHomework,Attendance_Critical
89.7,76.2,8.4,69.9,1.2,30.1,Combo_LowStudy_LowConsistency,Consistency_Warning,General_Balanced
67.6,79.3,14.7,93.9,5.7,14.2,Attendance_Critical,ScreenTime_Critical,Consistency_Warning
85.6,22.7,19.9,81.6,6.8,63.4,Combo_HighStudy_LowMarks,Marks_Critical,ScreenTime_Critical
69.3,53.5,13.7,51.4,4.7,91.1,Combo_HighScreen_LowHomework,Attendance_Critical,ScreenTime_Warning
85.5,88.4,4.6,70.8,1.4,67.8,StudyHours_Critical,Marks_Success,General_Balanced
99.8,93.8,3.1,35.1,4.1,13.2,Combo_LowStudy_LowConsistency,Combo_HighScreen_LowHomework,StudyHours_Critical
73.7,63.0,11.0,77.8,2.0,55.4,Attendance_Critical,General_Balanced,General_Balanced
73.3,22.8,7.1,78.8,6.7,21.0,Combo_LowStudy_LowConsistency,Attendance_Critical,StudyHours_Critical
54.7,84.6,17.6,83.5,7.7,18.8,Attendance_Critical,ScreenTime_Critical,Consistency_Warning
66.5,66.3,18.4,51.2,6.6,16.5,Combo_HighScreen_LowHomework,Attendance_Critical,ScreenTime_Critical
54.6,59.3,9.2,89.1,5.4,34.2,Combo_LowStudy_LowConsistency,Attendance_Critical,ScreenTime_Critical
55.8,62.2,4.3,44.8,2.2,49.0,Attendance_Critical,StudyHours_Critical,General_Balanced
97.5,78.9,19.5,95.8,7.1,41.1,ScreenTime_Critical,Attendance_Success,StudyHours_Success
58.8,24.7,13.5,90.9,6.3,72.3,Combo_HighStudy_LowMarks,Attendance_Critical,Marks_Critical
81.3,62.6,6.1,46.2,1.5,34.7,Combo_LowStudy_LowConsistency,Attendance_Warning,StudyHours_Critical
80.7,69.2,14.0,72.8,8.0,47.3,Attendance_Warning,ScreenTime_Critical,General_Balanced
68.6,72.8,2.3,95.6,4.1,77.8,Attendance_Critical,StudyHours_Critical,ScreenTime_Warning
52.3,48.1,8.5,58.6,2.1,76.9,Attendance_Critical,General_Balanced,General_Balanced
92.8,35.5,17.0,30.7,7.8,76.3,Combo_HighStudy_LowMarks,Combo_HighScreen_LowHomework,Marks_Critical
77.9,68.3,6.6,83.4,4.9,70.2,Attendance_Warning,StudyHours_Critical,ScreenTime_Warning
93.7,47.3,10.8,67.8,7.5,57.4,Combo_HighScreen_LowHomework,ScreenTime_Critical,General_Balanced
95.3,32.5,7.6,30.2,2.0,15.9,Combo_LowStudy_LowConsistency,StudyHours_Critical,Marks_Critical
85.3,81.4,15.0,54.3,4.4,19.1,Combo_HighScreen_LowHomework,ScreenTime_Warning,Consistency_Warning
72.4,42.9,11.5,98.1,5.5,57.0,Attendance_Critical,ScreenTime_Critical,General_Balanced
87.7,74.7,7.2,91.6,3.2,26.8,Combo_LowStudy_LowConsistency,StudyHours_Critical,ScreenTime_Warning
91.2,86.4,7.1,91.5,5.0,96.2,StudyHours_Critical,ScreenTime_Critical,Marks_Success
58.7,50.5,6.7,63.2,2.6,45.1,Attendance_Critical,StudyHours_Critical,General_Balanced
58.5,31.2,6.5,54.5,7.8,89.0,Combo_HighScreen_LowHomework,Attendance_Critical,StudyHours_Critical
93.3,89.1,18.2,39.6,4.0,87.7,Combo_HighScreen_LowHomework,ScreenTime_Warning,StudyHours_Success
60.1,67.9,16.9,80.7,2.1,61.2,Attendance_Critical,StudyHours_Success,General_Balanced
91.4,67.2,12.8,54.9,4.9,99.9,Combo_HighScreen_LowHomework,ScreenTime_Warning,Consistency_Success
94.4,70.9,12.0,52.0,1.3,87.6,Consistency_Success,General_Balanced,General_Balanced
96.8,79.6,2.1,87.4,4.9,77.0,StudyHours_Critical,ScreenTime_Warning,Attendance_Success
84.7,42.6,18.5,64.3,5.2,19.5,Combo_HighStudy_LowMarks,Combo_HighScreen_LowHomework,Attendance_Warning
84.7,69.4,14.7,87.4,5.2,29.6,Attendance_Warning,ScreenTime_Critical,Consistency_Warning
90.2,89.2,17.8,82.0,7.9,41.4,ScreenTime_Critical,StudyHours_Success,Marks_Success
84.2,23.0,11.7,83.0,3.5,26.9,Attendance_Warning,Marks_Critical,ScreenTime_Warning
72.4,69.4,11.5,60.9,5.0,68.2,Combo_HighScreen_LowHomework,Attendance_Critical,ScreenTime_Critical
84.8,51.3,9.8,71.4,3.2,24.6,Combo_LowStudy_LowConsistency,Attendance_Warning,ScreenTime_Warning
84.5,50.0,8.8,64.2,5.0,23.5,Combo_LowStudy_LowConsistency,Combo_HighScreen_LowHomework,Attendance_Warning
64.3,77.5,4.1,53.7,1.7,29.1,Combo_LowStudy_LowConsistency,Attendance_Critical,StudyHours_Critical
81.0,57.8,8.1,79.4,3.2,35.1,Combo_LowStudy_LowConsistency,Attendance_Warning,ScreenTime_Warning
79.0,81.0,3.0,40.2,1.6,64.6,Attendance_Warning,StudyHours_Critical,Marks_Success
84.6,47.4,8.1,31.5,2.6,98.6,Attendance_Warning,Consistency_Success,General_Balanced
96.2,54.0,9.1,73.8,4.9,64.2,ScreenTime_Warning,Attendance_Success,General_Balanced
51.1,48.8,13.9,75.2,2.5,23.9,Combo_HighStudy_LowMarks,Attendance_Critical,Consistency_Warning
63.3,74.3,5.3,66.0,4.7,76.2,Combo_HighScreen_LowHomework,Attendance_Critical,StudyHours_Critical
60.4,25.8,16.8,89.2,5.6,46.5,Combo_HighStudy_LowMarks,Attendance_Critical,Marks_Critical
52.0,30.6,13.8,87.4,4.5,43.0,Combo_HighStudy_LowMarks,Attendance_Critical,Marks_Critical
77.7,42.7,10.2,38.7,5.1,75.5,Combo_HighScreen_LowHomework,Attendance_Warning,ScreenTime_Critical
58.2,92.1,18.9,34.0,5.8,29.8,Combo_HighScreen_LowHomework,Attendance_Critical,ScreenTime_Critical
71.8,51.8,12.8,30.5,4.0,51.8,Attendance_Critical,ScreenTime_Warning,General_Balanced
80.5,41.8,12.5,50.2,4.2,68.0,Combo_HighStudy_LowMarks,Combo_HighScreen_LowHomework,Attendance_Warning
78.2,72.7,3.6,87.0,7.0,88.5,Attendance_Warning,StudyHours_Critical,ScreenTime_Critical
91.1,80.2,14.8,39.1,2.6,60.6,Marks_Success,General_Balanced,General_Balanced
77.7,50.2,12.8,57.0,5.0,92.7,Combo_HighScreen_LowHomework,Attendance_Warning,ScreenTime_Warning
59.5,35.5,14.0,58.5,1.1,19.7,Combo_HighStudy_LowMarks,Attendance_Critical,Marks_Critical
66.8,32.2,13.6,52.9,2.9,28.9,Combo_HighStudy_LowMarks,Attendance_Critical,Marks_Critical
63.9,75.3,4.0,60.7,3.6,27.6,Combo_LowStudy_LowConsistency,Attendance_Critical,StudyHours_Critical
61.8,35.3,5.8,40.4,1.8,46.0,Attendance_Critical,StudyHours_Critical,Marks_Critical
89.7,71.5,8.4,87.8,1.7,99.9,Consistency_Success,General_Balanced,General_Balanced
51.7,20.2,3.9,34.2,6.8,77.6,Combo_HighScreen_LowHomework,Attendance_Critical,StudyHours_Critical
59.6,23.1,2.3,66.7,2.5,51.8,Attendance_Critical,StudyHours_Critical,Marks_Critical
97.5,94.7,2.5,43.5,4.0,25.0,Combo_LowStudy_LowConsistency,Combo_HighScreen_LowHomework,StudyHours_Critical
79.3,43.8,16.7,43.2,1.0,22.6,Combo_HighStudy_LowMarks,Attendance_Warning,Consistency_Warning
97.9,94.8,3.5,47.9,6.2,72.4,Combo_HighScreen_LowHomework,StudyHours_Critical,ScreenTime_Critical
67.7,41.7,7.2,95.2,6.0,46.2,Attendance_Critical,StudyHours_Critical,ScreenTime_Critical
99.9,74.0,19.4,83.8,1.5,72.9,Attendance_Success,StudyHours_Success,General_Balanced
71.3,34.2,3.7,84.7,1.4,60.2,Attendance_Critical,StudyHours_Critical,Marks_Critical
79.1,86.3,3.8,68.8,6.1,86.4,Combo_HighScreen_LowHomework,Attendance_Warning,StudyHours_Critical
71.5,44.5,7.1,81.1,2.4,24.0,Combo_LowStudy_LowConsistency,Attendance_Critical,StudyHours_Critical
52.1,76.3,13.2,76.7,5.8,71.9,Attendance_Critical,ScreenTime_Critical,General_Balanced
77.7,88.1,2.2,84.0,1.3,65.2,Attendance_Warning,StudyHours_Critical,Marks_Success
81.2,41.7,17.4,86.7,6.4,66.7,Combo_HighStudy_LowMarks,Attendance_Warning,ScreenTime_Critical
78.2,35.3,4.0,39.5,3.3,24.8,Combo_LowStudy_LowConsistency,Attendance_Warning,StudyHours_Critical
99.5,31.4,14.4,39.5,1.3,52.6,Combo_HighStudy_LowMarks,Marks_Critical,Attendance_Success
63.7,78.5,3.2,42.5,5.8,59.9,Combo_HighScreen_LowHomework,Attendance_Critical,StudyHours_Critical
93.4,92.6,7.9,91.1,5.7,67.5,StudyHours_Critical,ScreenTime_Critical,Marks_Success
84.1,88.8,2.3,30.7,1.9,53.2,Attendance_Warning,StudyHours_Critical,Marks_Success
99.2,57.7,13.5,64.3,2.9,65.0,Attendance_Success,General_Balanced,General_Balanced
86.5,92.1,16.1,66.4,7.4,22.7,Combo_HighScreen_LowHomework,ScreenTime_Critical,Consistency_Warning
62.0,87.7,5.5,66.3,3.4,70.2,Attendance_Critical,StudyHours_Critical,ScreenTime_Warning
69.4,66.0,11.2,65.5,7.6,96.6,Combo_HighScreen_LowHomework,Attendance_Critical,ScreenTime_Critical
61.9,80.4,10.3,36.1,2.2,46.5,Attendance_Critical,Marks_Success,General_Balanced
62.5,94.1,6.0,62.2,3.3,82.6,Attendance_Critical,StudyHours_Critical,ScreenTime_Warning
63.8,87.8,5.3,57.5,3.5,52.9,Attendance_Critical,StudyHours_Critical,ScreenTime_Warning
95.7,42.9,2.5,31.5,6.0,22.5,Combo_LowStudy_LowConsistency,Combo_HighScreen_LowHomework,StudyHours_Critical
91.4,48.2,5.0,40.0,3.1,52.4,StudyHours_Critical,ScreenTime_Warning,General_Balanced
52.6,43.8,2.8,95.3,2.6,64.6,Attendance_Critical,StudyHours_Critical,General_Balanced
68.1,72.9,9.5,75.3,2.8,34.1,Combo_LowStudy_LowConsistency,Attendance_Critical,Consistency_Warning
92.5,94.2,9.0,75.4,1.1,17.2,Combo_LowStudy_LowConsistency,Consistency_Warning,Marks_Success
64.4,75.5,14.5,65.7,2.2,44.5,Attendance_Critical,General_Balanced,General_Balanced
67.2,42.2,6.1,98.6,2.0,67.7,Attendance_Critical,StudyHours_Critical,General_Balanced
64.1,58.9,9.5,46.0,2.8,61.7,Attendance_Critical,General_Balanced,General_Balanced
62.3,50.7,4.6,81.8,3.8,92.9,Attendance_Critical,StudyHours_Critical,ScreenTime_Warning
72.2,41.3,19.5,46.5,2.1,93.2,Combo_HighStudy_LowMarks,Attendance_Critical,StudyHours_Success
74.7,35.8,17.6,89.2,6.8,71.9,Combo_HighStudy_LowMarks,Attendance_Critical,Marks_Critical
91.9,25.7,12.7,32.1,4.9,91.3,Combo_HighStudy_LowMarks,Combo_HighScreen_LowHomework,Marks_Critical
91.5,91.9,7.3,97.7,4.1,53.1,StudyHours_Critical,ScreenTime_Warning,Marks_Success
92.5,25.1,12.6,36.6,3.3,88.8,Combo_HighStudy_LowMarks,Marks_Critical,ScreenTime_Warning
96.2,30.6,19.0,61.2,7.7,49.9,Combo_HighStudy_LowMarks,Combo_HighScreen_LowHomework,Marks_Critical
61.2,83.3,6.8,76.8,2.9,76.8,Attendance_Critical,StudyHours_Critical,Marks_Success
69.0,66.8,8.2,92.9,2.6,15.1,Combo_LowStudy_LowConsistency,Attendance_Critical,Consistency_Warning
83.6,77.9,18.1,57.3,4.0,67.3,Combo_HighScreen_LowHomework,Attendance_Warning,ScreenTime_Warning
84.1,83.1,8.4,34.2,7.9,17.4,Combo_LowStudy_LowConsistency,Combo_HighScreen_LowHomework,Attendance_Warning
89.6,91.2,17.0,44.9,3.3,62.5,ScreenTime_Warning,StudyHours_Success,Marks_Success
81.2,26.2,5.9,59.4,3.2,14.9,Combo_LowStudy_LowConsistency,Attendance_Warning,StudyHours_Critical
76.3,73.3,11.6,84.8,5.1,55.9,Attendance_Warning,ScreenTime_Critical,General_Balanced
58.6,52.0,4.3,58.6,1.1,32.9,Combo_LowStudy_LowConsistency,Attendance_Critical,StudyHours_Critical
99.6,92.2,19.2,51.3,5.2,49.1,Combo_HighScreen_LowHomework,ScreenTime_Critical,Attendance_Success
92.2,45.8,18.7,83.5,4.0,83.0,Combo_HighStudy_LowMarks,ScreenTime_Warning,StudyHours_Success
60.1,82.7,18.0,64.1,5.4,54.9,Combo_HighScreen_LowHomework,Attendance_Critical,ScreenTime_Critical
78.9,50.7,8.6,85.6,2.8,48.2,Attendance_Warning,General_Balanced,General_Balanced
54.5,55.8,14.3,75.5,3.3,84.5,Attendance_Critical,ScreenTime_Warning,Consistency_Success
95.1,79.8,9.8,87.6,4.6,69.8,ScreenTime_Warning,Attendance_Success,General_Balanced
50.6,88.0,8.4,39.2,2.8,68.3,Attendance_Critical,Marks_Success,General_Balanced
96.4,86.7,4.3,77.5,3.8,59.7,StudyHours_Critical,ScreenTime_Warning,Attendance_Success
55.5,86.0,17.0,38.6,4.3,17.1,Combo_HighScreen_LowHomework,Attendance_Critical,ScreenTime_Warning
87.8,82.0,2.8,62.8,5.0,81.7,Combo_HighScreen_LowHomework,StudyHours_Critical,ScreenTime_Warning
65.0,30.1,6.7,90.8,6.8,84.8,Attendance_Critical,StudyHours_Critical,Marks_Critical
83.2,27.5,12.0,44.1,6.7,99.0,Combo_HighStudy_LowMarks,Combo_HighScreen_LowHomework,Attendance_Warning
76.4,35.4,14.6,97.7,6.4,99.5,Combo_HighStudy_LowMarks,Attendance_Warning,Marks_Critical
85.9,40.3,2.7,92.9,5.7,52.7,StudyHours_Critical,ScreenTime_Critical,General_Balanced
78.1,47.1,11.8,64.5,5.9,51.0,Combo_HighScreen_LowHomework,Attendance_Warning,ScreenTime_Critical
63.5,26.6,11.3,91.3,1.8,73.3,Attendance_Critical,Marks_Critical,General_Balanced
63.0,34.6,17.7,31.1,7.9,78.8,Combo_HighStudy_LowMarks,Combo_HighScreen_LowHomework,Attendance_Critical
65.0,44.0,10.5,100.0,6.5,45.8,Attendance_Critical,ScreenTime_Critical,General_Balanced
87.6,40.7,11.4,63.3,2.5,63.9,General_Balanced,General_Balanced,General_Balanced
69.3,23.1,19.0,70.5,1.2,34.3,Combo_HighStudy_LowMarks,Attendance_Critical,Marks_Critical
90.8,26.0,15.6,56.8,7.8,77.9,Combo_HighStudy_LowMarks,Combo_HighScreen_LowHomework,Marks_Critical
79.8,21.0,8.8,64.4,3.3,96.2,Attendance_Warning,Marks_Critical,ScreenTime_Warning
82.0,33.8,11.1,51.3,4.7,31.6,Combo_HighScreen_LowHomework,Attendance_Warning,Marks_Critical
63.4,74.8,13.8,56.4,6.1,18.5,Combo_HighScreen_LowHomework,Attendance_Critical,ScreenTime_Critical
65.3,26.2,12.1,91.3,2.7,40.7,Combo_HighStudy_LowMarks,Attendance_Critical,Marks_Critical
75.8,80.3,17.8,85.0,8.0,31.6,Attendance_Warning,ScreenTime_Critical,Consistency_Warning
87.1,57.3,7.5,83.4,5.0,55.4,StudyHours_Critical,ScreenTime_Critical,General_Balanced
63.2,92.9,5.9,41.1,1.7,26.2,Combo_LowStudy_LowConsistency,Attendance_Critical,StudyHours_Critical
72.9,75.6,10.4,54.7,4.5,67.3,Combo_HighScreen_LowHomework,Attendance_Critical,ScreenTime_Warning
63.9,51.9,16.1,87.6,5.0,11.4,Attendance_Critical,ScreenTime_Warning,Consistency_Warning
88.3,82.6,14.4,39.6,7.1,84.6,Combo_HighScreen_LowHomework,ScreenTime_Critical,Marks_Success
69.7,89.9,9.9,32.2,4.5,77.4,Combo_HighScreen_LowHomework,Attendance_Critical,ScreenTime_Warning
82.3,91.3,13.9,88.5,3.6,74.8,Attendance_Warning,ScreenTime_Warning,Marks_Success
97.8,80.9,15.1,97.1,3.8,85.4,ScreenTime_Warning,Attendance_Success,StudyHours_Success
73.5,45.7,19.5,47.7,7.7,23.7,Combo_HighStudy_LowMarks,Combo_HighScreen_LowHomework,Attendance_Critical
84.7,56.3,3.0,96.5,1.1,42.6,Attendance_Warning,StudyHours_Critical,General_Balanced
75.0,50.7,14.4,89.9,5.9,27.2,Attendance_Warning,ScreenTime_Critical,Consistency_Warning
72.9,64.5,2.8,68.3,5.5,77.5,Combo_HighScreen_LowHomework,Attendance_Critical,StudyHours_Critical
89.3,66.5,16.8,34.9,2.7,56.6,StudyHours_Success,General_Balanced,General_Balanced
97.6,22.2,7.7,60.6,6.4,97.1,Combo_HighScreen_LowHomework,StudyHours_Critical,Marks_Critical
77.1,84.5,6.6,63.4,1.5,15.6,Combo_LowStudy_LowConsistency,Attendance_Warning,StudyHours_Critical
83.9,21.7,15.6,86.0,3.0,41.8,Combo_HighStudy_LowMarks,Attendance_Warning,Marks_Critical
75.3,53.4,16.8,92.1,1.7,41.2,Attendance_Warning,StudyHours_Success,General_Balanced
68.0,69.0,5.9,85.5,2.4,98.1,Attendance_Critical,StudyHours_Critical,Consistency_Success
86.8,36.0,18.2,94.6,2.6,65.4,Combo_HighStudy_LowMarks,Marks_Critical,StudyHours_Success
89.0,51.2,14.6,87.9,5.5,38.0,ScreenTime_Critical,Consistency_Warning,General_Balanced
68.1,66.5,19.5,64.9,5.7,77.3,Combo_HighScreen_LowHomework,Attendance_Critical,ScreenTime_Critical
61.0,52.8,3.9,36.3,1.1,26.2,Combo_LowStudy_LowConsistency,Attendance_Critical,StudyHours_Critical
98.4,86.5,8.7,69.2,5.1,52.0,Combo_HighScreen_LowHomework,ScreenTime_Critical,Attendance_Success
71.6,43.0,11.0,82.7,1.1,52.6,Attendance_Critical,General_Balanced,General_Balanced
85.4,36.6,13.5,91.8,2.8,88.9,Combo_HighStudy_LowMarks,Marks_Critical,Consistency_Success
69.8,90.3,3.3,87.6,2.6,32.4,Combo_LowStudy_LowConsistency,Attendance_Critical,StudyHours_Critical
78.5,66.8,10.0,94.8,6.0,77.2,Attendance_Warning,ScreenTime_Critical,General_Balanced
76.7,29.7,8.7,69.2,1.2,59.3,Attendance_Warning,Marks_Critical,General_Balanced
88.5,55.8,8.8,66.7,5.7,68.6,Combo_HighScreen_LowHomework,ScreenTime_Critical,General_Balanced
89.5,68.0,18.8,99.4,5.3,45.6,ScreenTime_Critical,StudyHours_Success,General_Balanced
73.6,77.5,19.7,93.2,4.1,13.8,Attendance_Critical,ScreenTime_Warning,Consistency_Warning
56.3,62.9,13.0,83.2,2.0,68.3,Attendance_Critical,General_Balanced,General_Balanced
68.5,91.6,8.9,80.5,4.2,50.6,Attendance_Critical,ScreenTime_Warning,Marks_Success
56.5,85.3,5.0,77.6,7.0,21.0,Combo_LowStudy_LowConsistency,Attendance_Critical,StudyHours_Critical
80.5,61.8,17.9,70.4,1.4,43.9,Attendance_Warning,StudyHours_Success,General_Balanced
99.5,47.6,19.0,30.7,3.4,33.3,Combo_HighStudy_LowMarks,ScreenTime_Warning,Consistency_Warning
76.5,40.1,14.5,53.6,3.4,73.0,Combo_HighStudy_LowMarks,Attendance_Warning,ScreenTime_Warning
99.4,37.5,10.7,85.8,3.9,68.0,Marks_Critical,ScreenTime_Warning,Attendance_Success
80.7,52.6,5.0,91.4,3.3,91.3,Attendance_Warning,StudyHours_Critical,ScreenTime_Warning
75.8,92.2,5.0,93.4,5.2,91.6,Attendance_Warning,StudyHours_Critical,ScreenTime_Critical
99.1,72.2,14.6,79.4,7.3,91.4,ScreenTime_Critical,Attendance_Success,Consistency_Success
90.3,40.0,10.3,58.5,6.8,33.9,Combo_HighScreen_LowHomework,ScreenTime_Critical,Consistency_Warning
87.5,38.7,7.7,33.6,3.0,69.2,StudyHours_Critical,Marks_Critical,General_Balanced
76.2,54.3,14.1,63.2,3.3,23.9,Attendance_Warning,ScreenTime_Warning,Consistency_Warning
74.1,48.3,15.8,86.6,1.4,61.2,Combo_HighStudy_LowMarks,Attendance_Critical,StudyHours_Success
91.8,26.7,8.2,52.2,7.8,16.5,Combo_LowStudy_LowConsistency,Combo_HighScreen_LowHomework,Marks_Critical
84.0,89.7,10.0,48.3,7.4,83.0,Combo_HighScreen_LowHomework,Attendance_Warning,ScreenTime_Critical
64.6,42.5,11.0,78.1,1.2,31.5,Attendance_Critical,Consistency_Warning,General_Balanced
98.8,27.9,13.5,97.8,6.8,44.9,Combo_HighStudy_LowMarks,Marks_Critical,ScreenTime_Critical
83.1,67.4,17.9,74.0,2.1,82.9,Attendance_Warning,StudyHours_Success,Consistency_Success
87.7,89.2,6.1,34.7,8.0,10.1,Combo_LowStudy_LowConsistency,Combo_HighScreen_LowHomework,StudyHours_Critical
84.3,83.8,13.3,90.0,5.6,28.3,Attendance_Warning,ScreenTime_Critical,Consistency_Warning
79.9,82.3,9.5,49.1,5.6,33.7,Combo_LowStudy_LowConsistency,Combo_HighScreen_LowHomework,Attendance_Warning
74.4,65.4,7.3,77.1,3.4,76.3,Attendance_Critical,StudyHours_Critical,ScreenTime_Warning
68.4,64.0,14.4,64.0,7.4,28.3,Combo_HighScreen_LowHomework,Attendance_Critical,ScreenTime_Critical
74.2,48.6,14.4,36.3,2.4,67.6,Combo_HighStudy_LowMarks,Attendance_Critical,General_Balanced
61.2,79.6,12.0,31.9,2.7,84.1,Attendance_Critical,Consistency_Success,General_Balanced
69.4,32.0,17.5,82.5,3.7,92.4,Combo_HighStudy_LowMarks,Attendance_Critical,Marks_Critical
70.0,31.1,10.8,87.4,5.4,43.5,Attendance_Critical,Marks_Critical,ScreenTime_Critical
74.5,87.0,19.4,77.3,3.6,36.8,Attendance_Critical,ScreenTime_Warning,Consistency_Warning
74.9,33.8,2.1,45.3,4.7,64.8,Combo_HighScreen_LowHomework,Attendance_Critical,StudyHours_Critical
50.1,53.6,14.8,91.8,7.3,62.3,Attendance_Critical,ScreenTime_Critical,General_Balanced
79.4,84.5,12.4,35.0,3.7,48.2,Attendance_Warning,ScreenTime_Warning,Marks_Success
60.5,38.9,13.9,98.5,2.1,99.0,Combo_HighStudy_LowMarks,Attendance_Critical,Marks_Critical
90.1,41.9,6.4,96.1,6.9,69.5,StudyHours_Critical,ScreenTime_Critical,General_Balanced
76.8,51.1,5.5,46.4,2.1,83.5,Attendance_Warning,StudyHours_Critical,Consistency_Success
54.1,29.7,7.8,52.9,1.9,70.0,Attendance_Critical,StudyHours_Critical,Marks_Critical
84.3,81.9,11.3,48.9,3.0,41.9,Attendance_Warning,ScreenTime_Warning,Marks_Success
59.4,46.7,10.5,98.1,7.2,34.3,Attendance_Critical,ScreenTime_Critical,Consistency_Warning
87.3,78.4,10.4,88.5,5.3,67.6,ScreenTime_Critical,General_Balanced,General_Balanced
54.7,38.0,16.7,80.8,3.7,58.0,Combo_HighStudy_LowMarks,Attendance_Critical,Marks_Critical
85.3,58.5,15.8,35.6,7.0,38.0,Combo_HighScreen_LowHomework,ScreenTime_Critical,Consistency_Warning
78.3,62.2,7.9,49.6,4.8,45.5,Combo_HighScreen_LowHomework,Attendance_Warning,StudyHours_Critical
58.9,42.9,15.0,90.7,7.6,62.7,Combo_HighStudy_LowMarks,Attendance_Critical,ScreenTime_Critical
68.3,82.9,14.1,77.0,2.9,36.2,Attendance_Critical,Consistency_Warning,Marks_Success
84.1,81.9,6.7,80.6,2.1,82.5,Attendance_Warning,StudyHours_Critical,Marks_Success
89.1,36.6,4.5,67.3,7.4,85.5,Combo_HighScreen_LowHomework,StudyHours_Critical,Marks_Critical
54.2,56.4,12.0,37.9,1.2,56.1,Attendance_Critical,General_Balanced,General_Balanced
86.9,49.0,9.0,44.1,7.2,26.6,Combo_LowStudy_LowConsistency,Combo_HighScreen_LowHomework,ScreenTime_Critical
57.9,26.4,16.0,53.6,2.5,28.8,Combo_HighStudy_LowMarks,Attendance_Critical,Marks_Critical
97.3,24.6,7.7,83.9,4.7,26.6,Combo_LowStudy_LowConsistency,StudyHours_Critical,Marks_Critical
85.3,54.8,6.6,34.9,6.2,52.2,Combo_HighScreen_LowHomework,StudyHours_Critical,ScreenTime_Critical
98.1,22.4,9.5,51.7,2.1,62.2,Marks_Critical,Attendance_Success,General_Balanced
79.1,45.0,2.4,96.3,7.9,66.6,Attendance_Warning,StudyHours_Critical,ScreenTime_Critical
99.3,79.0,8.2,39.2,2.5,84.1,Attendance_Success,Consistency_Success,General_Balanced
83.0,27.9,17.9,85.3,3.7,56.2,Combo_HighStudy_LowMarks,Attendance_Warning,Marks_Critical
80.6,34.8,12.4,63.8,3.6,55.8,Combo_HighStudy_LowMarks,Attendance_Warning,Marks_Critical
78.1,88.9,8.4,95.3,1.9,37.2,Combo_LowStudy_LowConsistency,Attendance_Warning,Consistency_Warning
65.4,23.8,8.6,81.5,1.3,51.5,Attendance_Critical,Marks_Critical,General_Balanced
75.7,79.9,9.8,66.9,3.7,34.5,Combo_LowStudy_LowConsistency,Attendance_Warning,ScreenTime_Warning
67.1,65.7,18.9,94.5,4.2,42.7,Attendance_Critical,ScreenTime_Warning,StudyHours_Success
90.3,44.3,10.3,87.4,5.1,25.7,ScreenTime_Critical,Consistency_Warning,General_Balanced
56.5,67.8,13.9,84.5,6.0,88.6,Attendance_Critical,ScreenTime_Critical,Consistency_Success
81.7,57.1,3.0,33.1,6.1,39.5,Combo_LowStudy_LowConsistency,Combo_HighScreen_LowHomework,Attendance_Warning
73.8,53.4,7.8,88.4,6.3,85.8,Attendance_Critical,StudyHours_Critical,ScreenTime_Critical
59.2,89.1,12.2,57.2,1.6,77.7,Attendance_Critical,Marks_Success,General_Balanced
76.2,42.9,16.3,98.6,7.8,38.3,Combo_HighStudy_LowMarks,Attendance_Warning,ScreenTime_Critical
78.6,48.9,4.3,86.6,5.9,38.4,Combo_LowStudy_LowConsistency,Attendance_Warning,StudyHours_Critical
85.1,72.1,18.5,56.1,5.6,71.0,Combo_HighScreen_LowHomework,ScreenTime_Critical,StudyHours_Success
93.8,36.8,8.2,54.7,1.9,88.2,Marks_Critical,Consistency_Success,General_Balanced
58.5,67.8,13.7,55.7,3.1,42.8,Attendance_Critical,ScreenTime_Warning,General_Balanced
87.7,82.1,10.5,69.0,3.7,73.2,ScreenTime_Warning,Marks_Success,General_Balanced
60.4,61.4,7.4,89.4,5.6,72.8,Attendance_Critical,StudyHours_Critical,ScreenTime_Critical
98.0,67.0,8.8,88.6,7.5,63.1,ScreenTime_Critical,Attendance_Success,General_Balanced
52.6,79.6,2.4,86.5,7.4,93.6,Attendance_Critical,StudyHours_Critical,ScreenTime_Critical
53.5,81.7,8.5,59.2,1.9,49.0,Attendance_Critical,Marks_Success,General_Balanced
83.8,88.2,5.7,35.3,2.8,36.4,Combo_LowStudy_LowConsistency,Attendance_Warning,StudyHours_Critical
71.8,39.3,10.8,45.4,6.9,44.5,Combo_HighScreen_LowHomework,Attendance_Critical,Marks_Critical
76.5,66.6,4.1,48.1,2.2,54.3,Attendance_Warning,StudyHours_Critical,General_Balanced
97.0,39.0,7.2,83.2,2.7,81.2,StudyHours_Critical,Marks_Critical,Attendance_Success
59.6,67.6,3.4,51.1,3.9,67.8,Attendance_Critical,StudyHours_Critical,ScreenTime_Warning
54.3,73.5,16.5,81.8,5.6,63.5,Attendance_Critical,ScreenTime_Critical,StudyHours_Success
74.0,89.9,14.5,55.9,2.8,14.2,Attendance_Critical,Consistency_Warning,Marks_Success
88.2,50.2,4.9,35.1,2.5,26.3,Combo_LowStudy_LowConsistency,StudyHours_Critical,Consistency_Warning
85.5,87.2,6.5,80.3,7.7,96.6,StudyHours_Critical,ScreenTime_Critical,Marks_Success
75.7,68.8,9.8,80.2,7.0,58.9,Attendance_Warning,ScreenTime_Critical,General_Balanced
70.9,85.2,18.7,70.1,5.3,15.2,Attendance_Critical,ScreenTime_Critical,Consistency_Warning
82.8,63.1,18.7,31.3,2.3,20.4,Attendance_Warning,Consistency_Warning,StudyHours_Success
55.8,49.4,14.5,37.8,2.6,40.5,Combo_HighStudy_LowMarks,Attendance_Critical,General_Balanced
92.2,57.1,13.2,32.7,2.4,77.2,General_Balanced,General_Balanced,General_Balanced
63.3,71.4,16.4,95.1,2.8,41.4,Attendance_Critical,StudyHours_Success,General_Balanced
67.2,93.2,6.7,80.6,4.7,98.0,Attendance_Critical,StudyHours_Critical,ScreenTime_Warning
82.7,28.0,18.7,36.3,5.0,68.4,Combo_HighStudy_LowMarks,Combo_HighScreen_LowHomework,Attendance_Warning
73.8,22.1,10.3,63.3,4.7,62.6,Combo_HighScreen_LowHomework,Attendance_Critical,Marks_Critical
83.3,49.7,19.9,53.3,4.7,36.8,Combo_HighStudy_LowMarks,Combo_HighScreen_LowHomework,Attendance_Warning
56.2,39.9,9.2,67.7,4.2,92.4,Combo_HighScreen_LowHomework,Attendance_Critical,Marks_Critical
67.6,38.9,18.5,89.5,7.5,14.2,Combo_HighStudy_LowMarks,Attendance_Critical,Marks_Critical
56.9,25.1,14.5,74.6,3.1,98.8,Combo_HighStudy_LowMarks,Attendance_Critical,Marks_Critical
58.3,94.5,10.0,54.7,4.9,32.0,Combo_HighScreen_LowHomework,Attendance_Critical,ScreenTime_Warning
71.2,63.7,6.3,68.4,3.0,82.6,Attendance_Critical,StudyHours_Critical,ScreenTime_Warning
50.1,27.3,17.5,76.0,5.7,76.6,Combo_HighStudy_LowMarks,Attendance_Critical,Marks_Critical
57.1,49.6,4.6,36.2,5.6,57.8,Combo_HighScreen_LowHomework,Attendance_Critical,StudyHours_Critical
87.5,74.3,11.7,85.7,6.8,52.6,ScreenTime_Critical,General_Balanced,General_Balanced
82.7,22.9,9.9,89.2,4.0,44.4,Attendance_Warning,Marks_Critical,ScreenTime_Warning
80.6,29.5,5.9,46.2,3.9,89.6,Attendance_Warning,StudyHours_Critical,Marks_Critical
80.7,32.1,8.2,94.4,1.6,33.9,Combo_LowStudy_LowConsistency,Attendance_Warning,Marks_Critical
81.4,50.2,9.3,51.5,2.9,81.0,Attendance_Warning,Consistency_Success,General_Balanced
89.1,22.7,9.1,98.0,1.8,12.9,Combo_LowStudy_LowConsistency,Marks_Critical,Consistency_Warning
74.1,48.7,6.1,90.7,4.5,74.9,Attendance_Critical,StudyHours_Critical,ScreenTime_Warning
98.8,90.8,8.8,38.7,4.1,17.0,Combo_LowStudy_LowConsistency,Combo_HighScreen_LowHomework,ScreenTime_Warning
88.6,72.6,5.7,75.2,5.8,37.2,Combo_LowStudy_LowConsistency,StudyHours_Critical,ScreenTime_Critical
76.8,45.7,2.2,91.5,7.4,17.1,Combo_LowStudy_LowConsistency,Attendance_Warning,StudyHours_Critical
53.8,45.2,6.2,93.8,5.9,97.1,Attendance_Critical,StudyHours_Critical,ScreenTime_Critical
55.5,49.4,7.1,84.9,3.1,89.9,Attendance_Critical,StudyHours_Critical,ScreenTime_Warning
91.3,80.0,11.7,61.2,1.6,40.5,General_Balanced,General_Balanced,General_Balanced
88.4,65.8,16.7,33.2,7.9,80.3,Combo_HighScreen_LowHomework,ScreenTime_Critical,StudyHours_Success
99.3,49.5,10.3,30.1,1.1,12.7,Consistency_Warning,Attendance_Success,General_Balanced
83.0,88.9,5.5,80.8,1.3,86.2,Attendance_Warning,StudyHours_Critical,Marks_Success
57.0,48.9,16.2,92.9,2.2,43.0,Combo_HighStudy_LowMarks,Attendance_Critical,StudyHours_Success
90.9,46.5,17.1,78.9,5.5,97.3,Combo_HighStudy_LowMarks,ScreenTime_Critical,StudyHours_Success
86.8,28.2,8.9,78.0,1.3,77.5,Marks_Critical,General_Balanced,General_Balanced
54.8,23.2,2.3,81.1,1.0,96.6,Attendance_Critical,StudyHours_Critical,Marks_Critical
50.7,87.4,5.7,48.7,5.5,35.3,Combo_LowStudy_LowConsistency,Combo_HighScreen_LowHomework,Attendance_Critical
50.1,29.5,17.5,71.7,3.1,68.6,Combo_HighStudy_LowMarks,Attendance_Critical,Marks_Critical
83.2,84.1,18.2,48.8,6.1,52.8,Combo_HighScreen_LowHomework,Attendance_Warning,ScreenTime_Critical
87.4,76.7,7.0,86.1,3.7,73.6,StudyHours_Critical,ScreenTime_Warning,General_Balanced
95.0,30.5,19.5,47.9,6.2,41.1,Combo_HighStudy_LowMarks,Combo_HighScreen_LowHomework,Marks_Critical
60.7,30.7,7.9,39.0,1.1,62.6,Attendance_Critical,StudyHours_Critical,Marks_Critical
62.8,39.2,19.8,46.3,4.9,57.7,Combo_HighStudy_LowMarks,Combo_HighScreen_LowHomework,Attendance_Critical
84.5,94.1,11.8,80.3,4.7,71.8,Attendance_Warning,ScreenTime_Warning,Marks_Success
68.1,72.2,11.6,72.3,6.1,59.9,Attendance_Critical,ScreenTime_Critical,General_Balanced
66.7,45.9,15.8,31.9,7.4,99.8,Combo_HighStudy_LowMarks,Combo_HighScreen_LowHomework,Attendance_Critical
54.7,74.3,13.7,89.5,5.2,32.5,Attendance_Critical,ScreenTime_Critical,Consistency_Warning
74.3,92.8,7.5,49.5,3.9,81.0,Attendance_Critical,StudyHours_Critical,ScreenTime_Warning
98.5,62.7,11.4,35.1,5.9,82.5,Combo_HighScreen_LowHomework,ScreenTime_Critical,Attendance_Success
70.3,74.6,14.9,94.7,4.5,33.2,Attendance_Critical,ScreenTime_Warning,Consistency_Warning
71.0,29.3,16.6,67.7,7.8,13.8,Combo_HighStudy_LowMarks,Combo_HighScreen_LowHomework,Attendance_Critical
88.1,75.5,14.8,82.0,4.6,34.3,ScreenTime_Warning,Consistency_Warning,General_Balanced
99.6,22.6,13.2,47.3,2.6,75.2,Combo_HighStudy_LowMarks,Marks_Critical,Attendance_Success
97.1,26.9,8.9,38.4,7.3,51.9,Combo_HighScreen_LowHomework,Marks_Critical,ScreenTime_Critical
54.5,92.4,11.1,50.6,6.6,32.4,Combo_HighScreen_LowHomework,Attendance_Critical,ScreenTime_Critical
61.5,72.7,3.7,32.7,1.7,61.5,Attendance_Critical,StudyHours_Critical,General_Balanced
53.1,22.0,16.3,44.4,4.2,16.0,Combo_HighStudy_LowMarks,Combo_HighScreen_LowHomework,Attendance_Critical
78.1,83.0,5.8,45.7,7.7,73.9,Combo_HighScreen_LowHomework,Attendance_Warning,StudyHours_Critical
93.1,75.2,14.0,51.9,4.5,36.9,Combo_HighScreen_LowHomework,ScreenTime_Warning,Consistency_Warning
56.8,56.0,19.1,35.1,6.6,98.8,Combo_HighScreen_LowHomework,Attendance_Critical,ScreenTime_Critical
65.2,44.4,3.3,36.3,2.9,42.3,Attendance_Critical,StudyHours_Critical,General_Balanced
73.9,22.1,10.5,77.9,1.2,63.5,Attendance_Critical,Marks_Critical,General_Balanced
62.1,47.8,10.8,47.0,1.2,80.5,Attendance_Critical,Consistency_Success,General_Balanced
50.8,25.1,10.1,98.6,2.2,23.7,Attendance_Critical,Marks_Critical,Consistency_Warning
99.7,35.7,18.9,34.4,6.7,90.3,Combo_HighStudy_LowMarks,Combo_HighScreen_LowHomework,Marks_Critical
66.4,26.1,13.4,40.5,1.2,22.6,Combo_HighStudy_LowMarks,Attendance_Critical,Marks_Critical
83.2,53.8,12.6,38.8,3.1,43.3,Attendance_Warning,ScreenTime_Warning,General_Balanced
83.3,71.3,14.9,93.6,7.8,53.4,Attendance_Warning,ScreenTime_Critical,General_Balanced
87.7,52.4,10.2,39.9,4.9,10.9,Combo_HighScreen_LowHomework,ScreenTime_Warning,Consistency_Warning
53.4,55.1,9.1,51.4,3.3,92.2,Attendance_Critical,ScreenTime_Warning,Consistency_Success
70.9,65.3,17.3,68.8,2.6,86.3,Attendance_Critical,StudyHours_Success,Consistency_Success
98.0,82.0,19.1,78.6,5.1,45.3,ScreenTime_Critical,Attendance_Success,StudyHours_Success
65.8,50.6,12.5,58.0,2.4,40.7,Attendance_Critical,General_Balanced,General_Balanced
91.2,60.8,6.4,58.9,3.8,76.1,StudyHours_Critical,ScreenTime_Warning,General_Balanced
84.5,32.0,11.0,35.5,3.5,92.3,Attendance_Warning,Marks_Critical,ScreenTime_Warning
67.9,35.9,3.7,37.9,1.0,73.4,Attendance_Critical,StudyHours_Critical,Marks_Critical
68.3,29.2,13.4,83.9,6.4,21.8,Combo_HighStudy_LowMarks,Attendance_Critical,Marks_Critical
95.3,47.0,19.6,57.1,1.0,60.6,Combo_HighStudy_LowMarks,Attendance_Success,StudyHours_Success
53.2,93.8,13.0,65.6,1.9,12.2,Attendance_Critical,Consistency_Warning,Marks_Success
79.3,86.3,12.9,76.6,5.0,42.4,Attendance_Warning,ScreenTime_Critical,Marks_Success
72.8,20.1,18.8,56.1,7.2,58.7,Combo_HighStudy_LowMarks,Combo_HighScreen_LowHomework,Attendance_Critical
71.3,90.4,7.3,65.5,3.8,25.3,Combo_LowStudy_LowConsistency,Attendance_Critical,StudyHours_Critical
84.7,53.7,8.1,74.9,7.2,25.8,Combo_LowStudy_LowConsistency,Attendance_Warning,ScreenTime_Critical
97.2,26.4,19.6,63.9,3.0,61.2,Combo_HighStudy_LowMarks,Marks_Critical,ScreenTime_Warning
59.7,24.8,11.0,39.6,6.0,68.2,Combo_HighScreen_LowHomework,Attendance_Critical,Marks_Critical
86.6,44.9,10.3,62.5,3.1,21.0,ScreenTime_Warning,Consistency_Warning,General_Balanced
57.5,54.2,15.0,53.9,5.1,78.4,Combo_HighScreen_LowHomework,Attendance_Critical,ScreenTime_Critical
87.3,50.0,9.7,75.1,5.8,84.1,ScreenTime_Critical,Consistency_Success,General_Balanced
71.9,39.8,9.8,95.2,4.5,80.1,Attendance_Critical,Marks_Critical,ScreenTime_Warning
57.3,82.3,13.7,64.6,2.2,88.9,Attendance_Critical,Marks_Success,Consistency_Success
69.2,57.7,4.6,58.4,3.7,38.0,Combo_LowStudy_LowConsistency,Attendance_Critical,StudyHours_Critical
57.9,74.5,7.7,66.3,2.1,96.8,Attendance_Critical,StudyHours_Critical,Consistency_Success
96.7,79.8,3.4,49.4,3.5,22.3,Combo_LowStudy_LowConsistency,StudyHours_Critical,ScreenTime_Warning
67.5,52.5,9.7,55.3,5.1,13.2,Combo_LowStudy_LowConsistency,Combo_HighScreen_LowHomework,Attendance_Critical
53.8,72.5,13.4,64.2,3.1,63.9,Attendance_Critical,ScreenTime_Warning,General_Balanced
62.5,33.4,19.9,39.9,1.3,83.8,Combo_HighStudy_LowMarks,Attendance_Critical,Marks_Critical
96.8,25.0,19.1,71.8,6.9,73.8,Combo_HighStudy_LowMarks,Marks_Critical,ScreenTime_Critical
82.5,64.6,9.3,35.2,5.8,75.1,Combo_HighScreen_LowHomework,Attendance_Warning,ScreenTime_Critical
91.9,55.6,6.2,58.1,2.0,17.2,Combo_LowStudy_LowConsistency,StudyHours_Critical,Consistency_Warning
76.1,46.5,9.4,72.0,4.5,33.8,Combo_LowStudy_LowConsistency,Attendance_Warning,ScreenTime_Warning
52.7,71.3,7.4,48.9,2.7,45.4,Attendance_Critical,StudyHours_Critical,General_Balanced
98.6,40.8,16.8,84.1,7.5,30.5,Combo_HighStudy_LowMarks,ScreenTime_Critical,Consistency_Warning
87.9,25.7,4.4,51.3,5.3,73.6,Combo_HighScreen_LowHomework,StudyHours_Critical,Marks_Critical
57.7,84.9,7.8,92.9,4.1,93.7,Attendance_Critical,StudyHours_Critical,ScreenTime_Warning
94.7,37.7,9.1,55.0,2.5,95.4,Marks_Critical,Consistency_Success,General_Balanced
57.2,93.6,8.1,52.3,4.4,44.2,Combo_HighScreen_LowHomework,Attendance_Critical,ScreenTime_Warning
80.3,31.1,6.8,56.7,3.8,36.0,Combo_LowStudy_LowConsistency,Attendance_Warning,StudyHours_Critical
56.8,28.6,17.4,39.0,6.4,30.0,Combo_HighStudy_LowMarks,Combo_HighScreen_LowHomework,Attendance_Critical
81.2,83.8,7.3,65.9,6.4,16.0,Combo_LowStudy_LowConsistency,Combo_HighScreen_LowHomework,Attendance_Warning
81.3,40.4,4.4,48.0,5.5,68.1,Combo_HighScreen_LowHomework,Attendance_Warning,StudyHours_Critical
66.0,54.9,14.8,52.0,5.0,13.5,Combo_HighScreen_LowHomework,Attendance_Critical,ScreenTime_Warning
88.7,58.1,17.7,67.2,1.2,72.3,StudyHours_Success,General_Balanced,General_Balanced
64.0,39.7,12.3,95.0,1.1,76.3,Combo_HighStudy_LowMarks,Attendance_Critical,Marks_Critical
96.2,87.7,4.3,64.0,1.9,37.6,Combo_LowStudy_LowConsistency,StudyHours_Critical,Consistency_Warning
95.2,69.8,15.8,79.5,5.3,27.8,ScreenTime_Critical,Consistency_Warning,Attendance_Success
99.6,67.6,9.1,99.4,5.8,68.7,ScreenTime_Critical,Attendance_Success,General_Balanced
66.2,73.2,17.0,91.7,8.0,48.0,Attendance_Critical,ScreenTime_Critical,StudyHours_Success
57.5,39.6,18.2,40.4,6.3,29.8,Combo_HighStudy_LowMarks,Combo_HighScreen_LowHomework,Attendance_Critical
88.2,40.8,19.6,97.3,3.2,74.1,Combo_HighStudy_LowMarks,ScreenTime_Warning,StudyHours_Success
54.9,38.5,16.6,60.2,7.6,80.1,Combo_HighStudy_LowMarks,Combo_HighScreen_LowHomework,Attendance_Critical
68.4,23.6,16.9,34.2,2.1,95.0,Combo_HighStudy_LowMarks,Attendance_Critical,Marks_Critical
96.2,31.3,19.9,62.9,6.6,95.9,Combo_HighStudy_LowMarks,Combo_HighScreen_LowHomework,Marks_Critical
92.7,20.7,4.2,52.1,1.4,35.0,Combo_LowStudy_LowConsistency,StudyHours_Critical,Marks_Critical
57.1,80.6,17.9,66.5,1.0,14.1,Attendance_Critical,Consistency_Warning,StudyHours_Success
51.0,25.3,10.2,31.6,5.8,52.6,Combo_HighScreen_LowHomework,Attendance_Critical,Marks_Critical
86.3,47.3,15.4,51.1,5.6,82.4,Combo_HighStudy_LowMarks,Combo_HighScreen_LowHomework,ScreenTime_Critical
66.4,83.7,15.0,47.2,4.2,38.2,Combo_HighScreen_LowHomework,Attendance_Critical,ScreenTime_Warning
76.8,56.8,16.9,60.8,4.8,33.8,Combo_HighScreen_LowHomework,Attendance_Warning,ScreenTime_Warning
87.6,51.7,2.9,41.4,3.2,90.2,StudyHours_Critical,ScreenTime_Warning,Consistency_Success
64.2,37.5,3.1,36.6,1.5,69.8,Attendance_Critical,StudyHours_Critical,Marks_Critical
61.5,92.3,4.4,45.4,5.5,22.8,Combo_LowStudy_LowConsistency,Combo_HighScreen_LowHomework,Attendance_Critical
89.9,73.8,12.4,47.4,7.0,83.7,Combo_HighScreen_LowHomework,ScreenTime_Critical,Consistency_Success
74.2,83.3,3.8,55.4,2.9,69.5,Attendance_Critical,StudyHours_Critical,Marks_Success
93.2,22.4,19.8,51.7,4.7,45.9,Combo_HighStudy_LowMarks,Combo_HighScreen_LowHomework,Marks_Critical
56.3,55.2,2.8,74.6,7.8,88.7,Attendance_Critical,StudyHours_Critical,ScreenTime_Critical
66.7,23.6,7.4,96.6,2.9,52.1,Attendance_Critical,StudyHours_Critical,Marks_Critical
72.1,60.3,7.6,48.6,4.3,20.6,Combo_LowStudy_LowConsistency,Combo_HighScreen_LowHomework,Attendance_Critical
65.3,23.5,13.4,67.5,6.7,94.1,Combo_HighStudy_LowMarks,Combo_HighScreen_LowHomework,Attendance_Critical
87.3,72.9,2.1,57.7,1.4,44.8,StudyHours_Critical,General_Balanced,General_Balanced
52.8,40.8,8.1,62.6,6.2,27.2,Combo_LowStudy_LowConsistency,Combo_HighScreen_LowHomework,Attendance_Critical
71.9,32.7,19.6,92.1,5.8,37.3,Combo_HighStudy_LowMarks,Attendance_Critical,Marks_Critical
68.9,62.2,7.4,30.2,3.4,86.2,Attendance_Critical,StudyHours_Critical,ScreenTime_Warning
94.3,35.3,19.3,80.1,3.6,55.3,Combo_HighStudy_LowMarks,Marks_Critical,ScreenTime_Warning
68.1,26.5,16.2,56.7,2.7,81.0,Combo_HighStudy_LowMarks,Attendance_Critical,Marks_Critical
51.7,49.7,17.7,41.1,2.4,95.4,Combo_HighStudy_LowMarks,Attendance_Critical,StudyHours_Success
82.3,82.6,12.5,53.9,3.9,87.6,Attendance_Warning,ScreenTime_Warning,Marks_Success
70.2,85.2,15.8,52.2,7.9,90.7,Combo_HighScreen_LowHomework,Attendance_Critical,ScreenTime_Critical
53.9,36.8,13.8,62.6,4.6,33.8,Combo_HighStudy_LowMarks,Combo_HighScreen_LowHomework,Attendance_Critical
66.9,76.6,13.6,85.9,3.3,36.2,Attendance_Critical,ScreenTime_Warning,Consistency_Warning
87.0,20.3,8.9,54.0,8.0,15.4,Combo_LowStudy_LowConsistency,Combo_HighScreen_LowHomework,Marks_Critical
99.2,45.8,2.8,37.6,3.9,26.8,Combo_LowStudy_LowConsistency,StudyHours_Critical,ScreenTime_Warning
99.8,34.0,17.9,30.8,7.6,88.0,Combo_HighStudy_LowMarks,Combo_HighScreen_LowHomework,Marks_Critical
53.9,70.2,2.4,61.5,3.1,56.9,Attendance_Critical,StudyHours_Critical,ScreenTime_Warning
73.9,32.8,15.1,78.3,2.1,89.5,Combo_HighStudy_LowMarks,Attendance_Critical,Marks_Critical
55.9,74.3,2.2,98.4,6.4,16.0,Combo_LowStudy_LowConsistency,Attendance_Critical,StudyHours_Critical
65.2,42.5,16.1,42.0,7.7,17.9,Combo_HighStudy_LowMarks,Combo_HighScreen_LowHomework,Attendance_Critical
99.4,61.7,13.6,45.0,5.7,36.4,Combo_HighScreen_LowHomework,ScreenTime_Critical,Consistency_Warning
58.9,63.3,2.4,77.6,2.0,13.8,Combo_LowStudy_LowConsistency,Attendance_Critical,StudyHours_Critical
60.2,90.8,20.0,42.8,5.6,15.3,Combo_HighScreen_LowHomework,Attendance_Critical,ScreenTime_Critical
72.8,44.2,8.8,64.2,3.7,99.2,Attendance_Critical,ScreenTime_Warning,Consistency_Success
67.6,24.9,10.7,85.0,2.0,26.3,Attendance_Critical,Marks_Critical,Consistency_Warning
83.5,49.9,8.0,48.6,8.0,63.3,Combo_HighScreen_LowHomework,Attendance_Warning,StudyHours_Critical
80.3,27.8,17.2,96.2,1.9,15.4,Combo_HighStudy_LowMarks,Attendance_Warning,Marks_Critical
71.8,85.9,4.4,62.6,4.4,22.8,Combo_LowStudy_LowConsistency,Combo_HighScreen_LowHomework,Attendance_Critical
98.9,38.2,13.7,37.4,4.7,54.6,Combo_HighStudy_LowMarks,Combo_HighScreen_LowHomework,Marks_Critical
65.4,91.5,7.1,35.6,5.3,89.8,Combo_HighScreen_LowHomework,Attendance_Critical,StudyHours_Critical
78.4,80.1,4.6,83.9,1.2,10.7,Combo_LowStudy_LowConsistency,Attendance_Warning,StudyHours_Critical
90.2,61.2,16.5,44.5,2.3,71.2,StudyHours_Success,General_Balanced,General_Balanced
81.9,24.5,5.4,88.2,6.1,54.3,Attendance_Warning,StudyHours_Critical,Marks_Critical
55.2,69.7,12.6,50.1,7.6,60.9,Combo_HighScreen_LowHomework,Attendance_Critical,ScreenTime_Critical
91.2,63.7,16.1,99.9,5.7,65.6,ScreenTime_Critical,StudyHours_Success,General_Balanced
70.4,32.5,15.3,74.0,7.1,85.3,Combo_HighStudy_LowMarks,Attendance_Critical,Marks_Critical
74.6,74.3,3.2,91.3,5.3,10.0,Combo_LowStudy_LowConsistency,Attendance_Critical,StudyHours_Critical
57.8,78.6,14.1,62.9,2.2,70.7,Attendance_Critical,General_Balanced,General_Balanced
94.8,58.4,9.7,98.3,6.9,95.7,ScreenTime_Critical,Consistency_Success,General_Balanced
77.7,45.2,14.2,80.6,5.3,99.1,Combo_HighStudy_LowMarks,Attendance_Warning,ScreenTime_Critical
88.8,83.6,10.7,55.5,4.7,66.2,Combo_HighScreen_LowHomework,ScreenTime_Warning,Marks_Success
69.6,72.6,19.9,57.2,4.5,36.4,Combo_HighScreen_LowHomework,Attendance_Critical,ScreenTime_Warning
85.1,28.1,15.7,93.3,1.5,68.1,Combo_HighStudy_LowMarks,Marks_Critical,StudyHours_Success
55.7,29.8,5.5,45.1,2.8,20.1,Combo_LowStudy_LowConsistency,Attendance_Critical,StudyHours_Critical
59.4,75.7,13.6,52.7,6.0,32.5,Combo_HighScreen_LowHomework,Attendance_Critical,ScreenTime_Critical
68.0,89.4,10.0,44.4,3.4,87.3,Attendance_Critical,ScreenTime_Warning,Marks_Success
65.9,36.8,13.3,69.7,1.6,11.6,Combo_HighStudy_LowMarks,Attendance_Critical,Marks_Critical
70.7,46.2,10.8,39.5,6.7,31.7,Combo_HighScreen_LowHomework,Attendance_Critical,ScreenTime_Critical
60.5,50.1,15.0,46.9,1.2,30.8,Attendance_Critical,Consistency_Warning,StudyHours_Success
89.9,92.4,19.4,72.7,3.2,92.7,ScreenTime_Warning,StudyHours_Success,Marks_Success
58.7,81.0,5.6,96.0,4.2,45.6,Attendance_Critical,StudyHours_Critical,ScreenTime_Warning
60.5,91.4,16.9,31.7,1.2,36.9,Attendance_Critical,Consistency_Warning,StudyHours_Success
77.2,54.8,14.5,49.8,4.8,16.2,Combo_HighScreen_LowHomework,Attendance_Warning,ScreenTime_Warning
70.4,36.1,6.7,72.7,7.1,35.1,Combo_LowStudy_LowConsistency,Attendance_Critical,StudyHours_Critical
61.1,49.4,3.5,51.1,6.2,55.6,Combo_HighScreen_LowHomework,Attendance_Critical,StudyHours_Critical
92.9,72.0,18.7,55.9,2.4,86.4,StudyHours_Success,Consistency_Success,General_Balanced
92.9,86.6,14.2,49.4,7.1,79.2,Combo_HighScreen_LowHomework,ScreenTime_Critical,Marks_Success
56.4,75.3,19.8,81.3,3.6,84.1,Attendance_Critical,ScreenTime_Warning,StudyHours_Success
87.4,59.5,19.8,38.3,3.2,64.7,ScreenTime_Warning,StudyHours_Success,General_Balanced
81.6,28.0,18.8,69.4,1.1,88.3,Combo_HighStudy_LowMarks,Attendance_Warning,Marks_Critical
55.5,79.1,6.3,76.3,7.4,60.6,Attendance_Critical,StudyHours_Critical,ScreenTime_Critical
70.9,64.9,4.1,46.0,2.5,92.2,Attendance_Critical,StudyHours_Critical,Consistency_Success
84.2,27.0,7.5,72.6,8.0,60.1,Attendance_Warning,StudyHours_Critical,Marks_Critical
97.5,23.7,10.0,49.4,2.2,82.8,Marks_Critical,Attendance_Success,Consistency_Success
77.5,80.3,2.5,54.9,2.6,30.9,Combo_LowStudy_LowConsistency,Attendance_Warning,StudyHours_Critical
78.8,25.6,5.4,83.4,3.9,37.3,Combo_LowStudy_LowConsistency,Attendance_Warning,StudyHours_Critical
73.1,76.3,2.4,77.8,1.7,17.9,Combo_LowStudy_LowConsistency,Attendance_Critical,StudyHours_Critical
61.5,70.1,8.9,32.6,7.2,24.7,Combo_LowStudy_LowConsistency,Combo_HighScreen_LowHomework,Attendance_Critical
51.2,74.6,4.2,95.1,1.4,91.2,Attendance_Critical,StudyHours_Critical,Consistency_Success
72.8,25.4,4.1,58.7,7.2,51.3,Combo_HighScreen_LowHomework,Attendance_Critical,StudyHours_Critical
59.8,70.8,18.5,78.4,1.0,63.0,Attendance_Critical,StudyHours_Success,General_Balanced
90.6,39.5,11.6,78.0,6.6,82.4,Marks_Critical,ScreenTime_Critical,Consistency_Success
89.9,29.8,5.9,37.7,2.5,34.9,Combo_LowStudy_LowConsistency,StudyHours_Critical,Marks_Critical
99.5,52.5,11.7,89.8,4.3,98.9,ScreenTime_Warning,Attendance_Success,Consistency_Success
82.7,78.5,14.1,48.6,5.7,22.1,Combo_HighScreen_LowHomework,Attendance_Warning,ScreenTime_Critical
96.8,40.9,14.4,81.1,4.7,59.1,Combo_HighStudy_LowMarks,ScreenTime_Warning,Attendance_Success
70.1,23.7,14.0,97.4,1.2,63.9,Combo_HighStudy_LowMarks,Attendance_Critical,Marks_Critical
60.9,88.1,5.7,95.7,6.0,76.5,Attendance_Critical,StudyHours_Critical,ScreenTime_Critical
88.9,22.0,14.7,37.0,2.7,10.6,Combo_HighStudy_LowMarks,Marks_Critical,Consistency_Warning
71.5,36.5,10.5,79.7,7.8,99.4,Attendance_Critical,Marks_Critical,ScreenTime_Critical
66.5,54.4,5.6,85.8,7.0,25.1,Combo_LowStudy_LowConsistency,Attendance_Critical,StudyHours_Critical
68.5,67.7,5.6,39.3,7.6,31.8,Combo_LowStudy_LowConsistency,Combo_HighScreen_LowHomework,Attendance_Critical
62.7,80.7,2.5,79.8,4.8,50.1,Attendance_Critical,StudyHours_Critical,ScreenTime_Warning
98.9,64.4,7.1,92.7,4.0,25.1,Combo_LowStudy_LowConsistency,StudyHours_Critical,ScreenTime_Warning
58.6,52.6,14.5,90.3,2.0,65.7,Attendance_Critical,General_Balanced,General_Balanced
60.8,51.3,13.4,75.3,5.8,21.5,Attendance_Critical,ScreenTime_Critical,Consistency_Warning
89.7,68.1,14.2,91.9,7.2,25.3,ScreenTime_Critical,Consistency_Warning,General_Balanced
65.5,56.9,16.0,53.4,1.9,10.4,Attendance_Critical,Consistency_Warning,StudyHours_Success
79.3,68.3,10.2,49.1,1.3,42.0,Attendance_Warning,General_Balanced,General_Balanced
96.6,77.7,9.2,83.3,2.6,16.4,Combo_LowStudy_LowConsistency,Consistency_Warning,Attendance_Success
61.7,82.0,3.3,77.4,4.6,82.5,Attendance_Critical,StudyHours_Critical,ScreenTime_Warning
81.5,33.8,7.7,58.6,7.5,34.5,Combo_LowStudy_LowConsistency,Combo_HighScreen_LowHomework,Attendance_Warning
71.4,63.3,2.6,48.7,3.4,96.2,Attendance_Critical,StudyHours_Critical,ScreenTime_Warning
97.1,50.4,9.0,49.3,3.0,71.2,ScreenTime_Warning,Attendance_Success,General_Balanced
89.7,72.9,11.8,69.2,2.4,39.7,Consistency_Warning,General_Balanced,General_Balanced
68.5,37.8,14.7,68.2,7.3,98.1,Combo_HighStudy_LowMarks,Combo_HighScreen_LowHomework,Attendance_Critical
72.0,34.0,18.5,95.9,5.5,21.6,Combo_HighStudy_LowMarks,Attendance_Critical,Marks_Critical
97.6,85.5,15.5,95.3,7.2,80.2,ScreenTime_Critical,Attendance_Success,StudyHours_Success
75.0,88.4,15.2,48.1,5.8,65.3,Combo_HighScreen_LowHomework,Attendance_Critical,ScreenTime_Critical
72.2,45.6,9.4,88.8,4.1,35.4,Combo_LowStudy_LowConsistency,Attendance_Critical,ScreenTime_Warning
67.6,69.1,5.1,59.0,5.0,95.4,Combo_HighScreen_LowHomework,Attendance_Critical,StudyHours_Critical
63.3,88.1,18.0,49.2,1.2,62.5,Attendance_Critical,StudyHours_Success,Marks_Success
98.1,77.7,9.2,43.3,6.4,93.0,Combo_HighScreen_LowHomework,ScreenTime_Critical,Attendance_Success
66.9,48.0,3.7,85.9,4.1,44.9,Attendance_Critical,StudyHours_Critical,ScreenTime_Warning
71.4,74.6,6.1,83.5,4.0,19.3,Combo_LowStudy_LowConsistency,Attendance_Critical,StudyHours_Critical
77.6,90.3,4.8,86.1,2.0,30.6,Combo_LowStudy_LowConsistency,Attendance_Warning,StudyHours_Critical
65.3,68.5,10.4,57.4,6.7,68.4,Combo_HighScreen_LowHomework,Attendance_Critical,ScreenTime_Critical
61.6,48.5,15.4,59.7,6.1,56.2,Combo_HighStudy_LowMarks,Combo_HighScreen_LowHomework,Attendance_Critical
73.0,60.9,6.1,78.1,6.5,88.1,Attendance_Critical,StudyHours_Critical,ScreenTime_Critical
87.9,90.2,20.0,45.1,7.3,60.7,Combo_HighScreen_LowHomework,ScreenTime_Critical,StudyHours_Success
85.9,47.0,5.2,76.7,2.4,80.2,StudyHours_Critical,Consistency_Success,General_Balanced
97.0,22.6,7.0,56.5,1.5,63.5,StudyHours_Critical,Marks_Critical,Attendance_Success
78.3,94.1,15.7,72.7,7.3,15.5,Attendance_Warning,ScreenTime_Critical,Consistency_Warning
67.6,66.9,11.7,36.9,1.1,40.4,Attendance_Critical,General_Balanced,General_Balanced
81.8,83.4,19.0,94.2,2.8,82.9,Attendance_Warning,StudyHours_Success,Marks_Success
95.7,21.2,6.6,69.7,2.6,70.4,StudyHours_Critical,Marks_Critical,Attendance_Success
52.9,70.5,17.0,34.2,3.5,28.3,Attendance_Critical,ScreenTime_Warning,Consistency_Warning
53.9,81.7,2.6,53.9,1.2,55.7,Attendance_Critical,StudyHours_Critical,Marks_Success
76.5,94.7,10.8,31.9,1.2,51.5,Attendance_Warning,Marks_Success,General_Balanced
90.1,66.7,6.6,92.9,1.0,56.4,StudyHours_Critical,General_Balanced,General_Balanced
71.4,68.9,3.0,35.5,7.5,81.4,Combo_HighScreen_LowHomework,Attendance_Critical,StudyHours_Critical
69.0,51.1,18.1,86.9,4.6,49.4,Attendance_Critical,ScreenTime_Warning,StudyHours_Success
83.7,82.8,19.3,81.6,3.8,12.9,Attendance_Warning,ScreenTime_Warning,Consistency_Warning
82.6,37.5,16.6,81.2,3.3,22.2,Combo_HighStudy_LowMarks,Attendance_Warning,Marks_Critical
60.4,55.6,3.0,46.7,7.1,13.7,Combo_LowStudy_LowConsistency,Combo_HighScreen_LowHomework,Attendance_Critical
97.1,53.1,19.8,89.5,2.8,87.3,Attendance_Success,StudyHours_Success,Consistency_Success
99.9,55.2,10.8,67.3,2.1,61.9,Attendance_Success,General_Balanced,General_Balanced
94.5,81.6,11.0,73.8,4.4,85.9,ScreenTime_Warning,Marks_Success,Consistency_Success
92.7,46.6,9.7,80.3,1.5,12.7,Combo_LowStudy_LowConsistency,Consistency_Warning,General_Balanced
71.3,20.9,12.1,49.8,6.4,41.5,Combo_HighStudy_LowMarks,Combo_HighScreen_LowHomework,Attendance_Critical
85.3,81.7,2.7,92.0,2.1,12.0,Combo_LowStudy_LowConsistency,StudyHours_Critical,Consistency_Warning
69.5,22.8,19.9,61.9,3.7,27.7,Combo_HighStudy_LowMarks,Attendance_Critical,Marks_Critical
65.4,53.4,7.2,35.4,4.1,68.2,Combo_HighScreen_LowHomework,Attendance_Critical,StudyHours_Critical
57.5,62.1,17.0,41.6,2.2,81.5,Attendance_Critical,StudyHours_Success,Consistency_Success
55.8,92.6,18.0,37.7,5.8,71.1,Combo_HighScreen_LowHomework,Attendance_Critical,ScreenTime_Critical
96.6,63.7,6.9,91.0,3.0,58.0,StudyHours_Critical,Attendance_Success,General_Balanced
86.7,79.1,18.3,76.5,1.0,44.2,StudyHours_Success,General_Balanced,General_Balanced
69.0,33.0,2.4,49.9,1.2,82.4,Attendance_Critical,StudyHours_Critical,Marks_Critical
86.8,83.3,5.8,52.2,6.8,74.0,Combo_HighScreen_LowHomework,StudyHours_Critical,ScreenTime_Critical
76.6,83.6,3.2,71.5,4.5,30.8,Combo_LowStudy_LowConsistency,Attendance_Warning,StudyHours_Critical
58.6,78.1,15.4,77.9,1.9,40.6,Attendance_Critical,StudyHours_Success,General_Balanced
90.5,88.6,3.9,46.0,6.6,70.2,Combo_HighScreen_LowHomework,StudyHours_Critical,ScreenTime_Critical
97.2,88.1,14.4,97.2,5.1,97.1,ScreenTime_Critical,Attendance_Success,Marks_Success
81.6,69.1,15.2,96.6,5.1,15.3,Attendance_Warning,ScreenTime_Critical,Consistency_Warning
53.3,91.7,4.0,81.8,6.1,89.4,Attendance_Critical,StudyHours_Critical,ScreenTime_Critical
53.1,90.9,14.8,47.7,5.1,37.0,Combo_HighScreen_LowHomework,Attendance_Critical,ScreenTime_Critical
88.1,92.2,8.0,96.2,1.3,89.0,StudyHours_Critical,Marks_Success,Consistency_Success
90.8,20.6,6.1,94.0,6.8,12.0,Combo_LowStudy_LowConsistency,StudyHours_Critical,Marks_Critical
94.2,39.3,17.6,73.5,7.6,17.8,Combo_HighStudy_LowMarks,Marks_Critical,ScreenTime_Critical
82.1,21.2,10.7,41.9,3.7,49.3,Attendance_Warning,Marks_Critical,ScreenTime_Warning
72.4,66.0,7.1,42.0,6.9,27.4,Combo_LowStudy_LowConsistency,Combo_HighScreen_LowHomework,Attendance_Critical
80.1,40.3,18.1,41.5,1.6,31.0,Combo_HighStudy_LowMarks,Attendance_Warning,Consistency_Warning
81.1,41.1,8.0,78.9,5.4,57.6,Attendance_Warning,ScreenTime_Critical,General_Balanced
55.5,55.7,14.8,52.3,6.4,73.1,Combo_HighScreen_LowHomework,Attendance_Critical,ScreenTime_Critical
57.0,62.7,7.8,33.5,4.7,31.1,Combo_LowStudy_LowConsistency,Combo_HighScreen_LowHomework,Attendance_Critical
80.1,25.1,7.4,97.5,4.6,55.8,Attendance_Warning,StudyHours_Critical,Marks_Critical
53.1,88.7,16.2,98.8,1.0,57.3,Attendance_Critical,StudyHours_Success,Marks_Success
90.3,74.6,18.8,75.8,6.1,12.1,ScreenTime_Critical,Consistency_Warning,StudyHours_Success
83.3,46.5,14.7,92.2,3.8,87.2,Combo_HighStudy_LowMarks,Attendance_Warning,ScreenTime_Warning
93.7,20.6,3.6,49.0,6.7,97.2,Combo_HighScreen_LowHomework,StudyHours_Critical,Marks_Critical
86.5,69.2,5.7,43.7,1.2,48.2,StudyHours_Critical,General_Balanced,General_Balanced
60.9,55.5,18.4,90.6,7.6,19.6,Attendance_Critical,ScreenTime_Critical,Consistency_Warning
76.3,86.8,6.7,57.5,5.8,81.2,Combo_HighScreen_LowHomework,Attendance_Warning,StudyHours_Critical
93.9,66.7,6.6,78.5,8.0,53.4,StudyHours_Critical,ScreenTime_Critical,General_Balanced
56.0,45.6,10.2,78.2,7.5,34.9,Attendance_Critical,ScreenTime_Critical,Consistency_Warning
57.5,71.7,17.6,72.0,2.4,91.8,Attendance_Critical,StudyHours_Success,Consistency_Success
81.8,52.6,7.8,87.0,7.5,25.9,Combo_LowStudy_LowConsistency,Attendance_Warning,StudyHours_Critical
53.0,64.0,13.6,39.8,7.1,62.5,Combo_HighScreen_LowHomework,Attendance_Critical,ScreenTime_Critical
73.7,64.1,2.5,44.8,4.4,67.9,Combo_HighScreen_LowHomework,Attendance_Critical,StudyHours_Critical
81.3,33.8,5.1,90.0,1.5,62.8,Attendance_Warning,StudyHours_Critical,Marks_Critical
54.9,60.3,14.4,35.0,6.7,99.2,Combo_HighScreen_LowHomework,Attendance_Critical,ScreenTime_Critical
82.1,52.6,9.6,82.0,3.7,25.3,Combo_LowStudy_LowConsistency,Attendance_Warning,ScreenTime_Warning
88.4,67.2,17.9,32.2,2.7,71.7,StudyHours_Success,General_Balanced,General_Balanced
93.5,44.7,6.7,49.9,3.5,61.7,StudyHours_Critical,ScreenTime_Warning,General_Balanced
90.6,52.0,3.7,73.4,7.6,52.0,StudyHours_Critical,ScreenTime_Critical,General_Balanced
94.2,61.4,3.7,42.7,2.7,21.0,Combo_LowStudy_LowConsistency,StudyHours_Critical,Consistency_Warning
75.9,66.2,4.7,76.8,6.1,57.4,Attendance_Warning,StudyHours_Critical,ScreenTime_Critical
73.4,70.1,2.7,98.9,2.9,30.5,Combo_LowStudy_LowConsistency,Attendance_Critical,StudyHours_Critical
87.4,57.5,11.8,35.1,6.6,65.2,Combo_HighScreen_LowHomework,ScreenTime_Critical,General_Balanced
65.8,46.4,18.4,99.5,4.3,85.1,Combo_HighStudy_LowMarks,Attendance_Critical,ScreenTime_Warning
97.0,42.7,8.7,73.4,2.2,89.1,Attendance_Success,Consistency_Success,General_Balanced
66.3,52.4,9.7,48.2,7.7,94.4,Combo_HighScreen_LowHomework,Attendance_Critical,ScreenTime_Critical
58.7,37.4,5.1,33.3,3.9,22.9,Combo_LowStudy_LowConsistency,Attendance_Critical,StudyHours_Critical
87.1,55.8,13.2,31.2,2.8,22.8,Consistency_Warning,General_Balanced,General_Balanced
80.8,26.0,15.3,79.6,5.8,43.7,Combo_HighStudy_LowMarks,Attendance_Warning,Marks_Critical
84.4,54.4,8.4,79.5,3.9,20.5,Combo_LowStudy_LowConsistency,Attendance_Warning,ScreenTime_Warning
66.8,89.7,13.6,96.8,4.6,17.6,Attendance_Critical,ScreenTime_Warning,Consistency_Warning
72.3,56.1,3.5,35.4,4.4,28.0,Combo_LowStudy_LowConsistency,Combo_HighScreen_LowHomework,Attendance_Critical
87.2,81.8,6.8,31.6,7.2,20.6,Combo_LowStudy_LowConsistency,Combo_HighScreen_LowHomework,StudyHours_Critical
81.9,23.4,11.0,82.8,1.1,74.1,Attendance_Warning,Marks_Critical,General_Balanced
64.6,31.3,9.8,59.7,7.3,68.9,Combo_HighScreen_LowHomework,Attendance_Critical,Marks_Critical
66.1,56.5,17.6,90.6,5.5,62.3,Attendance_Critical,ScreenTime_Critical,StudyHours_Success
52.4,59.1,18.2,79.2,7.6,18.0,Attendance_Critical,ScreenTime_Critical,Consistency_Warning
74.2,76.0,2.2,79.0,7.1,80.9,Attendance_Critical,StudyHours_Critical,ScreenTime_Critical
77.0,75.3,16.3,89.0,4.5,49.2,Attendance_Warning,ScreenTime_Warning,StudyHours_Success
77.1,77.8,19.7,35.6,5.2,44.7,Combo_HighScreen_LowHomework,Attendance_Warning,ScreenTime_Critical
84.5,34.6,7.0,36.5,3.3,55.6,Attendance_Warning,StudyHours_Critical,Marks_Critical
60.7,93.2,19.4,81.6,1.9,99.3,Attendance_Critical,StudyHours_Success,Marks_Success
78.9,51.1,8.4,64.5,3.5,53.1,Attendance_Warning,ScreenTime_Warning,General_Balanced
81.1,66.4,5.9,93.1,2.4,92.6,Attendance_Warning,StudyHours_Critical,Consistency_Success
78.3,46.8,15.8,92.4,5.2,79.5,Combo_HighStudy_LowMarks,Attendance_Warning,ScreenTime_Critical
58.8,64.9,2.8,62.0,6.6,41.2,Combo_HighScreen_LowHomework,Attendance_Critical,StudyHours_Critical
82.3,55.3,7.8,97.7,5.7,87.6,Attendance_Warning,StudyHours_Critical,ScreenTime_Critical
90.9,75.2,4.2,98.8,3.6,42.5,StudyHours_Critical,ScreenTime_Warning,General_Balanced
76.1,36.1,19.4,41.2,1.1,56.8,Combo_HighStudy_LowMarks,Attendance_Warning,Marks_Critical
50.4,89.6,8.1,91.0,4.2,23.0,Combo_LowStudy_LowConsistency,Attendance_Critical,ScreenTime_Warning
50.8,32.2,17.0,58.2,3.8,89.1,Combo_HighStudy_LowMarks,Attendance_Critical,Marks_Critical
93.3,24.6,13.9,73.4,2.0,85.0,Combo_HighStudy_LowMarks,Marks_Critical,Consistency_Success
70.0,21.3,18.5,95.0,1.5,67.4,Combo_HighStudy_LowMarks,Attendance_Critical,Marks_Critical
84.2,36.3,8.5,45.8,3.8,68.7,Attendance_Warning,Marks_Critical,ScreenTime_Warning
71.3,82.7,11.4,34.1,1.8,61.0,Attendance_Critical,Marks_Success,General_Balanced
55.8,88.5,15.9,61.9,3.5,72.0,Attendance_Critical,ScreenTime_Warning,StudyHours_Success
76.1,22.7,7.0,44.4,3.9,16.2,Combo_LowStudy_LowConsistency,Attendance_Warning,StudyHours_Critical
75.1,23.8,12.6,69.0,2.7,96.8,Combo_HighStudy_LowMarks,Attendance_Warning,Marks_Critical
85.8,67.3,17.4,73.1,3.3,94.2,ScreenTime_Warning,StudyHours_Success,Consistency_Success
98.4,45.8,2.8,66.4,4.4,15.3,Combo_LowStudy_LowConsistency,Combo_HighScreen_LowHomework,StudyHours_Critical
86.5,46.1,6.6,55.9,5.2,14.4,Combo_LowStudy_LowConsistency,Combo_HighScreen_LowHomework,StudyHours_Critical
86.3,78.5,19.0,66.4,5.9,84.4,Combo_HighScreen_LowHomework,ScreenTime_Critical,StudyHours_Success
73.3,70.1,11.2,99.5,4.2,76.4,Attendance_Critical,ScreenTime_Warning,General_Balanced
66.1,77.3,11.1,33.6,6.7,82.3,Combo_HighScreen_LowHomework,Attendance_Critical,ScreenTime_Critical
72.3,52.9,12.9,68.7,2.5,25.2,Attendance_Critical,Consistency_Warning,General_Balanced
83.9,61.9,4.5,41.5,2.1,28.2,Combo_LowStudy_LowConsistency,Attendance_Warning,StudyHours_Critical
67.6,64.0,4.4,90.1,3.2,50.1,Attendance_Critical,StudyHours_Critical,ScreenTime_Warning
58.8,89.5,2.2,69.6,1.6,12.4,Combo_LowStudy_LowConsistency,Attendance_Critical,StudyHours_Critical
54.4,32.4,3.7,87.6,7.2,92.8,Attendance_Critical,StudyHours_Critical,Marks_Critical
88.0,74.8,4.2,76.3,1.7,93.7,StudyHours_Critical,Consistency_Success,General_Balanced
57.7,90.7,3.2,58.5,6.9,15.6,Combo_LowStudy_LowConsistency,Combo_HighScreen_LowHomework,Attendance_Critical
91.2,81.2,13.8,59.7,1.2,11.3,Consistency_Warning,Marks_Success,General_Balanced
67.3,45.6,3.5,46.2,4.6,73.7,Combo_HighScreen_LowHomework,Attendance_Critical,StudyHours_Critical
77.4,21.3,17.1,65.7,2.5,84.0,Combo_HighStudy_LowMarks,Attendance_Warning,Marks_Critical
100.0,36.7,14.5,76.6,5.2,23.8,Combo_HighStudy_LowMarks,Marks_Critical,ScreenTime_Critical
58.7,36.8,5.6,69.7,1.9,60.3,Attendance_Critical,StudyHours_Critical,Marks_Critical
91.5,40.2,14.0,82.4,7.8,69.9,Combo_HighStudy_LowMarks,ScreenTime_Critical,General_Balanced
61.7,30.9,2.6,65.4,1.5,59.3,Attendance_Critical,StudyHours_Critical,Marks_Critical
52.2,80.2,6.5,58.2,5.1,25.9,Combo_LowStudy_LowConsistency,Combo_HighScreen_LowHomework,Attendance_Critical
86.0,89.6,9.9,61.5,4.7,10.8,Combo_LowStudy_LowConsistency,Combo_HighScreen_LowHomework,ScreenTime_Warning
57.8,40.7,4.3,38.8,1.5,15.1,Combo_LowStudy_LowConsistency,Attendance_Critical,StudyHours_Critical
79.0,57.2,16.8,61.3,7.8,55.5,Combo_HighScreen_LowHomework,Attendance_Warning,ScreenTime_Critical
91.7,87.6,6.9,47.6,7.0,48.1,Combo_HighScreen_LowHomework,StudyHours_Critical,ScreenTime_Critical
66.2,78.3,3.5,92.6,7.0,42.4,Attendance_Critical,StudyHours_Critical,ScreenTime_Critical
53.8,79.1,7.5,31.7,1.5,55.5,Attendance_Critical,StudyHours_Critical,General_Balanced
85.8,43.9,15.1,69.9,1.9,61.6,Combo_HighStudy_LowMarks,StudyHours_Success,General_Balanced
70.3,35.5,17.1,57.6,2.1,14.9,Combo_HighStudy_LowMarks,Attendance_Critical,Marks_Critical
70.9,63.6,2.2,71.2,2.3,34.7,Combo_LowStudy_LowConsistency,Attendance_Critical,StudyHours_Critical
71.0,62.3,4.3,77.4,6.3,74.9,Attendance_Critical,StudyHours_Critical,ScreenTime_Critical
57.5,82.9,6.9,77.3,4.1,15.0,Combo_LowStudy_LowConsistency,Attendance_Critical,StudyHours_Critical
68.2,94.9,18.1,43.5,6.0,91.0,Combo_HighScreen_LowHomework,Attendance_Critical,ScreenTime_Critical
88.9,52.8,10.9,59.6,3.5,20.4,ScreenTime_Warning,Consistency_Warning,General_Balanced
56.0,91.0,9.1,47.2,3.1,77.4,Attendance_Critical,ScreenTime_Warning,Marks_Success
64.7,88.0,14.8,99.5,7.2,91.0,Attendance_Critical,ScreenTime_Critical,Marks_Success
66.5,76.5,15.3,49.6,5.8,25.4,Combo_HighScreen_LowHomework,Attendance_Critical,ScreenTime_Critical
63.6,47.9,11.7,81.4,3.1,15.1,Attendance_Critical,ScreenTime_Warning,Consistency_Warning
72.5,33.4,13.3,46.5,6.9,10.9,Combo_HighStudy_LowMarks,Combo_HighScreen_LowHomework,Attendance_Critical
61.1,66.3,5.8,39.5,1.7,81.8,Attendance_Critical,StudyHours_Critical,Consistency_Success
54.2,37.4,5.9,99.1,1.4,12.5,Combo_LowStudy_LowConsistency,Attendance_Critical,StudyHours_Critical
50.4,75.8,8.0,59.7,7.3,78.1,Combo_HighScreen_LowHomework,Attendance_Critical,StudyHours_Critical
75.1,53.6,6.6,70.5,7.6,21.8,Combo_LowStudy_LowConsistency,Attendance_Warning,StudyHours_Critical
51.9,87.8,8.0,45.9,6.5,94.5,Combo_HighScreen_LowHomework,Attendance_Critical,StudyHours_Critical
91.1,34.4,13.0,72.3,3.7,68.0,Combo_HighStudy_LowMarks,Marks_Critical,ScreenTime_Warning
79.1,72.4,12.0,93.5,6.5,16.0,Attendance_Warning,ScreenTime_Critical,Consistency_Warning
87.3,54.6,16.8,94.0,4.3,46.2,ScreenTime_Warning,StudyHours_Success,General_Balanced
96.5,81.5,18.8,69.1,2.0,41.8,Attendance_Success,StudyHours_Success,Marks_Success
93.7,75.4,14.7,76.3,1.4,49.5,General_Balanced,General_Balanced,General_Balanced
68.3,25.2,4.1,53.8,6.0,97.1,Combo_HighScreen_LowHomework,Attendance_Critical,StudyHours_Critical
89.6,47.8,12.1,51.5,7.6,96.6,Combo_HighStudy_LowMarks,Combo_HighScreen_LowHomework,ScreenTime_Critical
84.1,80.0,15.8,63.0,1.3,27.7,Attendance_Warning,Consistency_Warning,StudyHours_Success
84.0,69.5,13.5,34.3,5.7,56.9,Combo_HighScreen_LowHomework,Attendance_Warning,ScreenTime_Critical
63.4,28.5,17.5,56.6,7.2,45.1,Combo_HighStudy_LowMarks,Combo_HighScreen_LowHomework,Attendance_Critical
67.0,51.6,12.5,83.7,2.7,12.3,Attendance_Critical,Consistency_Warning,General_Balanced
56.3,41.7,19.8,98.2,1.6,57.9,Combo_HighStudy_LowMarks,Attendance_Critical,StudyHours_Success
59.2,84.3,7.7,35.8,2.9,91.8,Attendance_Critical,StudyHours_Critical,Marks_Success
57.9,30.6,17.7,85.5,5.2,55.2,Combo_HighStudy_LowMarks,Attendance_Critical,Marks_Critical
60.9,74.2,13.5,92.0,7.6,42.0,Attendance_Critical,ScreenTime_Critical,General_Balanced
50.9,53.4,16.6,33.6,5.7,87.8,Combo_HighScreen_LowHomework,Attendance_Critical,ScreenTime_Critical
62.9,34.1,9.3,68.4,4.8,69.8,Combo_HighScreen_LowHomework,Attendance_Critical,Marks_Critical
51.9,71.9,6.3,46.0,4.9,41.5,Combo_HighScreen_LowHomework,Attendance_Critical,StudyHours_Critical
67.0,61.0,3.4,44.6,5.7,22.3,Combo_LowStudy_LowConsistency,Combo_HighScreen_LowHomework,Attendance_Critical
61.4,44.6,10.8,50.7,5.5,74.4,Combo_HighScreen_LowHomework,Attendance_Critical,ScreenTime_Critical
53.0,32.6,2.1,67.7,1.4,58.5,Attendance_Critical,StudyHours_Critical,Marks_Critical
59.8,80.9,2.7,92.1,6.8,35.2,Combo_LowStudy_LowConsistency,Attendance_Critical,StudyHours_Critical
64.5,25.0,18.8,86.3,5.5,38.6,Combo_HighStudy_LowMarks,Attendance_Critical,Marks_Critical
96.2,55.5,16.1,45.8,6.7,48.6,Combo_HighScreen_LowHomework,ScreenTime_Critical,Attendance_Success
93.7,93.2,7.9,65.0,7.0,45.6,Combo_HighScreen_LowHomework,StudyHours_Critical,ScreenTime_Critical
93.1,74.2,16.8,56.8,6.5,68.3,Combo_HighScreen_LowHomework,ScreenTime_Critical,StudyHours_Success
82.7,36.6,7.8,46.2,1.5,97.7,Attendance_Warning,StudyHours_Critical,Marks_Critical
91.8,91.7,5.3,34.7,3.5,97.6,StudyHours_Critical,ScreenTime_Warning,Marks_Success
94.4,64.9,3.7,38.5,1.7,39.7,Combo_LowStudy_LowConsistency,StudyHours_Critical,Consistency_Warning
86.7,93.5,7.8,50.1,6.4,16.5,Combo_LowStudy_LowConsistency,Combo_HighScreen_LowHomework,StudyHours_Critical
51.7,85.2,4.6,77.1,6.9,21.1,Combo_LowStudy_LowConsistency,Attendance_Critical,StudyHours_Critical
65.8,56.3,19.0,83.1,8.0,37.6,Attendance_Critical,ScreenTime_Critical,Consistency_Warning
98.0,89.3,19.9,98.9,6.6,48.1,ScreenTime_Critical,Attendance_Success,StudyHours_Success
75.5,40.2,8.2,99.4,6.5,68.5,Attendance_Warning,ScreenTime_Critical,General_Balanced
59.3,42.7,5.6,68.7,5.5,19.5,Combo_LowStudy_LowConsistency,Combo_HighScreen_LowHomework,Attendance_Critical
64.5,87.5,3.8,37.4,3.1,59.0,Attendance_Critical,StudyHours_Critical,ScreenTime_Warning
81.8,63.5,9.0,93.7,5.7,73.1,Attendance_Warning,ScreenTime_Critical,General_Balanced
85.4,50.4,18.6,68.9,2.4,87.8,StudyHours_Success,Consistency_Success,General_Balanced
51.5,50.3,9.8,36.9,4.8,68.6,Combo_HighScreen_LowHomework,Attendance_Critical,ScreenTime_Warning
87.0,51.4,9.0,69.9,1.6,81.8,Consistency_Success,General_Balanced,General_Balanced
97.1,46.0,2.8,91.2,3.3,91.8,StudyHours_Critical,ScreenTime_Warning,Attendance_Success
50.9,21.1,19.0,87.7,3.2,80.8,Combo_HighStudy_LowMarks,Attendance_Critical,Marks_Critical
83.2,48.5,17.5,94.3,6.8,41.2,Combo_HighStudy_LowMarks,Attendance_Warning,ScreenTime_Critical
94.3,32.9,9.8,35.5,6.5,34.2,Combo_LowStudy_LowConsistency,Combo_HighScreen_LowHomework,Marks_Critical
59.5,80.6,9.0,80.3,6.6,52.8,Attendance_Critical,ScreenTime_Critical,Marks_Success
80.9,85.9,3.3,79.6,6.4,12.4,Combo_LowStudy_LowConsistency,Attendance_Warning,StudyHours_Critical
52.5,63.3,4.2,96.9,7.5,59.2,Attendance_Critical,StudyHours_Critical,ScreenTime_Critical
95.8,44.5,18.0,55.5,3.0,14.8,Combo_HighStudy_LowMarks,Consistency_Warning,Attendance_Success
86.5,20.5,5.4,80.7,4.5,91.7,StudyHours_Critical,Marks_Critical,ScreenTime_Warning
83.5,75.4,11.0,61.3,5.1,40.9,Combo_HighScreen_LowHomework,Attendance_Warning,ScreenTime_Critical
67.2,91.4,19.0,32.1,4.7,32.6,Combo_HighScreen_LowHomework,Attendance_Critical,ScreenTime_Warning
50.4,43.3,2.8,78.2,5.3,92.1,Attendance_Critical,StudyHours_Critical,ScreenTime_Critical
63.6,25.7,16.9,51.7,6.8,16.5,Combo_HighStudy_LowMarks,Combo_HighScreen_LowHomework,Attendance_Critical
98.8,54.6,5.2,99.9,5.1,73.3,StudyHours_Critical,ScreenTime_Critical,Attendance_Success
87.9,32.5,10.4,76.7,6.8,99.1,Marks_Critical,ScreenTime_Critical,Consistency_Success
70.6,83.7,15.4,34.2,1.5,75.9,Attendance_Critical,StudyHours_Success,Marks_Success
89.9,87.6,19.5,31.8,3.7,99.1,ScreenTime_Warning,StudyHours_Success,Marks_Success
84.1,83.3,6.7,76.1,6.1,80.3,Attendance_Warning,StudyHours_Critical,ScreenTime_Critical
52.0,89.9,14.1,88.7,5.2,58.0,Attendance_Critical,ScreenTime_Critical,Marks_Success
93.0,62.5,13.7,38.0,3.6,29.9,ScreenTime_Warning,Consistency_Warning,General_Balanced
66.7,86.8,18.6,97.0,3.4,79.6,Attendance_Critical,ScreenTime_Warning,StudyHours_Success
69.5,49.2,10.4,62.4,1.8,68.0,Attendance_Critical,General_Balanced,General_Balanced
73.7,93.8,10.0,58.7,5.4,21.3,Combo_HighScreen_LowHomework,Attendance_Critical,ScreenTime_Critical
54.0,94.4,2.5,51.7,6.1,76.2,Combo_HighScreen_LowHomework,Attendance_Critical,StudyHours_Critical
65.0,70.5,13.3,73.1,1.9,72.9,Attendance_Critical,General_Balanced,General_Balanced
98.1,79.8,9.2,72.9,7.3,27.9,Combo_LowStudy_LowConsistency,ScreenTime_Critical,Consistency_Warning
68.8,59.0,17.4,39.1,5.2,10.1,Combo_HighScreen_LowHomework,Attendance_Critical,ScreenTime_Critical
52.7,51.5,13.0,40.1,6.0,10.2,Combo_HighScreen_LowHomework,Attendance_Critical,ScreenTime_Critical
60.9,83.0,9.1,38.2,3.4,34.3,Combo_LowStudy_LowConsistency,Attendance_Critical,ScreenTime_Warning
86.5,24.8,2.3,92.2,5.6,91.2,StudyHours_Critical,Marks_Critical,ScreenTime_Critical
67.2,64.0,9.2,50.9,5.8,62.5,Combo_HighScreen_LowHomework,Attendance_Critical,ScreenTime_Critical
82.8,28.7,12.6,83.0,3.0,76.0,Combo_HighStudy_LowMarks,Attendance_Warning,Marks_Critical
53.2,85.6,10.1,84.4,3.5,16.0,Attendance_Critical,ScreenTime_Warning,Consistency_Warning
63.2,69.1,18.8,93.6,1.7,58.7,Attendance_Critical,StudyHours_Success,General_Balanced
78.8,20.1,4.6,97.5,5.5,85.3,Attendance_Warning,StudyHours_Critical,Marks_Critical
86.2,70.4,13.4,65.1,4.5,43.2,Combo_HighScreen_LowHomework,ScreenTime_Warning,General_Balanced
55.3,75.6,7.1,40.5,5.6,47.3,Combo_HighScreen_LowHomework,Attendance_Critical,StudyHours_Critical
87.7,25.6,14.6,66.2,1.8,66.5,Combo_HighStudy_LowMarks,Marks_Critical,General_Balanced
96.3,45.8,4.9,32.9,5.6,82.1,Combo_HighScreen_LowHomework,StudyHours_Critical,ScreenTime_Critical
68.3,77.5,9.0,90.3,5.7,14.4,Combo_LowStudy_LowConsistency,Attendance_Critical,ScreenTime_Critical
94.7,69.8,14.4,46.4,4.2,22.2,Combo_HighScreen_LowHomework,ScreenTime_Warning,Consistency_Warning
98.1,68.3,19.8,61.0,4.9,93.1,Combo_HighScreen_LowHomework,ScreenTime_Warning,Attendance_Success
78.7,30.4,13.7,79.7,7.6,16.1,Combo_HighStudy_LowMarks,Attendance_Warning,Marks_Critical
87.2,35.2,4.2,84.8,4.6,28.9,Combo_LowStudy_LowConsistency,StudyHours_Critical,Marks_Critical
88.6,83.9,4.9,34.6,7.9,59.3,Combo_HighScreen_LowHomework,StudyHours_Critical,ScreenTime_Critical
89.9,88.7,11.2,71.3,5.4,70.0,ScreenTime_Critical,Marks_Success,General_Balanced
94.1,29.4,8.6,87.5,5.3,46.8,Marks_Critical,ScreenTime_Critical,General_Balanced
68.3,43.6,9.4,41.4,1.4,88.6,Attendance_Critical,Consistency_Success,General_Balanced
67.4,70.7,9.9,82.0,3.0,80.4,Attendance_Critical,ScreenTime_Warning,Consistency_Success
61.0,85.2,8.2,96.2,5.6,42.4,Attendance_Critical,ScreenTime_Critical,Marks_Success
99.2,78.6,3.1,64.3,6.9,24.5,Combo_LowStudy_LowConsistency,Combo_HighScreen_LowHomework,StudyHours_Critical
95.7,27.0,12.0,47.5,4.5,60.4,Combo_HighStudy_LowMarks,Combo_HighScreen_LowHomework,Marks_Critical
69.2,65.0,19.9,82.6,5.0,25.2,Attendance_Critical,ScreenTime_Warning,Consistency_Warning
81.2,28.3,18.0,55.3,5.3,16.5,Combo_HighStudy_LowMarks,Combo_HighScreen_LowHomework,Attendance_Warning
85.5,81.5,12.3,72.5,6.6,94.2,ScreenTime_Critical,Marks_Success,Consistency_Success
60.8,43.7,3.1,95.5,2.7,29.1,Combo_LowStudy_LowConsistency,Attendance_Critical,StudyHours_Critical
83.1,84.6,4.0,89.7,5.7,49.3,Attendance_Warning,StudyHours_Critical,ScreenTime_Critical
96.5,47.1,2.6,80.2,1.7,87.8,StudyHours_Critical,Attendance_Success,Consistency_Success
64.6,24.3,15.1,96.7,5.8,88.1,Combo_HighStudy_LowMarks,Attendance_Critical,Marks_Critical
51.6,29.6,7.3,32.9,4.1,55.7,Combo_HighScreen_LowHomework,Attendance_Critical,StudyHours_Critical
83.2,51.1,5.9,60.8,2.7,57.7,Attendance_Warning,StudyHours_Critical,General_Balanced
50.8,25.6,8.0,37.0,3.3,71.0,Attendance_Critical,Marks_Critical,ScreenTime_Warning
98.8,36.7,19.4,67.8,3.3,76.3,Combo_HighStudy_LowMarks,Marks_Critical,ScreenTime_Warning
80.9,53.3,5.0,48.5,4.9,45.7,Combo_HighScreen_LowHomework,Attendance_Warning,StudyHours_Critical
66.4,28.0,18.5,70.7,6.0,85.8,Combo_HighStudy_LowMarks,Attendance_Critical,Marks_Critical
84.7,85.1,13.2,40.6,3.6,70.8,Attendance_Warning,ScreenTime_Warning,Marks_Success
84.5,55.4,11.6,47.3,6.9,23.9,Combo_HighScreen_LowHomework,Attendance_Warning,ScreenTime_Critical
88.9,65.9,6.5,67.2,6.4,88.3,Combo_HighScreen_LowHomework,StudyHours_Critical,ScreenTime_Critical
50.7,65.4,6.1,89.9,7.1,57.6,Attendance_Critical,StudyHours_Critical,ScreenTime_Critical
63.0,42.5,14.9,72.3,7.3,81.8,Combo_HighStudy_LowMarks,Attendance_Critical,ScreenTime_Critical
54.2,45.3,3.0,50.6,5.8,48.8,Combo_HighScreen_LowHomework,Attendance_Critical,StudyHours_Critical
84.9,30.3,6.2,80.3,5.1,83.0,Attendance_Warning,StudyHours_Critical,Marks_Critical
56.9,34.4,14.4,72.0,3.3,42.0,Combo_HighStudy_LowMarks,Attendance_Critical,Marks_Critical
80.7,68.0,7.6,78.2,2.0,90.3,Attendance_Warning,StudyHours_Critical,Consistency_Success
65.6,89.9,12.2,97.2,6.2,46.7,Attendance_Critical,ScreenTime_Critical,Marks_Success
75.3,49.7,18.7,99.1,3.9,47.4,Combo_HighStudy_LowMarks,Attendance_Warning,ScreenTime_Warning
72.1,51.3,9.4,55.8,2.4,87.0,Attendance_Critical,Consistency_Success,General_Balanced
70.7,72.8,15.3,77.1,8.0,94.8,Attendance_Critical,ScreenTime_Critical,StudyHours_Success
69.3,71.7,18.0,33.9,2.9,90.8,Attendance_Critical,StudyHours_Success,Consistency_Success
72.6,64.0,14.3,70.9,6.7,96.6,Attendance_Critical,ScreenTime_Critical,Consistency_Success
83.6,33.4,19.9,77.5,7.5,93.6,Combo_HighStudy_LowMarks,Attendance_Warning,Marks_Critical
69.8,50.2,11.5,37.7,6.1,66.2,Combo_HighScreen_LowHomework,Attendance_Critical,ScreenTime_Critical
67.2,58.0,12.1,94.1,4.7,10.1,Attendance_Critical,ScreenTime_Warning,Consistency_Warning
51.7,26.5,16.4,92.0,7.0,90.5,Combo_HighStudy_LowMarks,Attendance_Critical,Marks_Critical
78.5,43.6,4.8,81.9,3.7,78.5,Attendance_Warning,StudyHours_Critical,ScreenTime_Warning
76.3,71.3,10.0,91.5,1.1,17.1,Combo_LowStudy_LowConsistency,Attendance_Warning,Consistency_Warning
51.2,56.1,20.0,99.6,1.6,63.2,Attendance_Critical,StudyHours_Success,General_Balanced
67.8,60.8,11.5,72.1,1.7,11.8,Attendance_Critical,Consistency_Warning,General_Balanced
85.7,28.3,11.0,99.1,5.5,23.9,Marks_Critical,ScreenTime_Critical,Consistency_Warning
77.1,24.2,9.4,63.5,3.2,43.7,Attendance_Warning,Marks_Critical,ScreenTime_Warning
61.8,22.2,3.9,41.8,3.6,35.5,Combo_LowStudy_LowConsistency,Attendance_Critical,StudyHours_Critical
67.2,55.7,9.2,64.3,4.8,17.6,Combo_LowStudy_LowConsistency,Combo_HighScreen_LowHomework,Attendance_Critical
60.2,73.3,5.5,36.1,7.0,91.7,Combo_HighScreen_LowHomework,Attendance_Critical,StudyHours_Critical
56.1,32.3,13.9,81.4,2.9,14.7,Combo_HighStudy_LowMarks,Attendance_Critical,Marks_Critical
91.3,25.4,7.7,67.0,7.1,62.8,Combo_HighScreen_LowHomework,StudyHours_Critical,Marks_Critical
51.1,39.9,4.8,51.2,2.7,18.8,Combo_LowStudy_LowConsistency,Attendance_Critical,StudyHours_Critical
96.8,22.6,3.0,39.6,4.1,32.8,Combo_LowStudy_LowConsistency,Combo_HighScreen_LowHomework,StudyHours_Critical
67.5,84.0,5.0,46.4,6.6,35.2,Combo_LowStudy_LowConsistency,Combo_HighScreen_LowHomework,Attendance_Critical
59.0,77.3,16.8,62.5,3.1,64.6,Attendance_Critical,ScreenTime_Warning,StudyHours_Success
96.4,52.3,15.9,75.9,5.3,33.8,ScreenTime_Critical,Consistency_Warning,Attendance_Success
89.4,29.3,3.9,61.1,6.2,64.9,Combo_HighScreen_LowHomework,StudyHours_Critical,Marks_Critical
99.8,36.8,5.4,78.5,3.8,52.2,StudyHours_Critical,Marks_Critical,ScreenTime_Warning
74.4,58.1,11.6,74.3,3.8,91.1,Attendance_Critical,ScreenTime_Warning,Consistency_Success
70.5,62.3,9.9,98.9,7.6,69.6,Attendance_Critical,ScreenTime_Critical,General_Balanced
93.0,56.7,14.9,82.1,5.3,78.8,ScreenTime_Critical,General_Balanced,General_Balanced
58.9,36.0,19.1,61.0,2.6,29.5,Combo_HighStudy_LowMarks,Attendance_Critical,Marks_Critical
85.4,75.6,6.6,93.3,1.3,68.4,StudyHours_Critical,General_Balanced,General_Balanced
69.1,45.1,7.0,42.8,7.2,94.9,Combo_HighScreen_LowHomework,Attendance_Critical,StudyHours_Critical
84.2,50.5,10.2,60.2,4.0,41.9,Combo_HighScreen_LowHomework,Attendance_Warning,ScreenTime_Warning
53.5,52.5,13.6,77.5,4.6,41.0,Attendance_Critical,ScreenTime_Warning,General_Balanced
77.4,89.2,5.7,49.6,1.5,15.9,Combo_LowStudy_LowConsistency,Attendance_Warning,StudyHours_Critical
62.9,69.2,6.4,41.1,3.4,79.0,Attendance_Critical,StudyHours_Critical,ScreenTime_Warning
53.4,53.4,15.6,85.6,2.3,31.2,Attendance_Critical,Consistency_Warning,StudyHours_Success
59.5,72.4,18.7,55.8,2.0,81.2,Attendance_Critical,StudyHours_Success,Consistency_Success
55.5,91.3,13.8,68.5,1.7,39.7,Attendance_Critical,Consistency_Warning,Marks_Success
56.8,57.2,6.8,47.8,1.1,38.9,Combo_LowStudy_LowConsistency,Attendance_Critical,StudyHours_Critical
56.3,94.7,9.1,44.9,6.0,33.5,Combo_LowStudy_LowConsistency,Combo_HighScreen_LowHomework,Attendance_Critical
74.3,62.6,5.0,81.9,4.6,13.3,Combo_LowStudy_LowConsistency,Attendance_Critical,StudyHours_Critical
66.1,67.3,10.0,85.1,6.2,20.6,Combo_LowStudy_LowConsistency,Attendance_Critical,ScreenTime_Critical
98.6,54.0,10.4,51.3,2.6,50.9,Attendance_Success,General_Balanced,General_Balanced
88.9,67.8,10.0,88.2,5.9,48.5,ScreenTime_Critical,General_Balanced,General_Balanced
89.6,87.0,7.3,60.3,3.2,71.3,StudyHours_Critical,ScreenTime_Warning,Marks_Success
84.5,74.8,12.7,88.0,7.0,35.5,Attendance_Warning,ScreenTime_Critical,Consistency_Warning
65.8,92.0,5.2,54.5,6.8,70.6,Combo_HighScreen_LowHomework,Attendance_Critical,StudyHours_Critical
88.0,67.8,3.4,71.6,6.6,11.2,Combo_LowStudy_LowConsistency,StudyHours_Critical,ScreenTime_Critical
76.0,52.9,7.1,97.7,1.6,69.0,Attendance_Warning,StudyHours_Critical,General_Balanced
86.8,26.8,16.2,87.3,5.5,35.4,Combo_HighStudy_LowMarks,Marks_Critical,ScreenTime_Critical
91.8,90.5,9.1,91.5,2.1,34.1,Combo_LowStudy_LowConsistency,Consistency_Warning,Marks_Success
88.7,74.8,6.8,40.9,5.5,18.8,Combo_LowStudy_LowConsistency,Combo_HighScreen_LowHomework,StudyHours_Critical
78.5,60.0,7.5,74.7,3.2,97.7,Attendance_Warning,StudyHours_Critical,ScreenTime_Warning
64.1,79.6,6.9,47.9,5.3,31.7,Combo_LowStudy_LowConsistency,Combo_HighScreen_LowHomework,Attendance_Critical
50.2,83.4,6.9,80.4,3.5,85.7,Attendance_Critical,StudyHours_Critical,ScreenTime_Warning
75.9,46.0,9.7,39.3,7.6,18.8,Combo_LowStudy_LowConsistency,Combo_HighScreen_LowHomework,Attendance_Warning
63.1,51.2,9.1,84.6,1.2,40.6,Attendance_Critical,General_Balanced,General_Balanced
68.6,26.9,9.9,66.3,7.4,21.7,Combo_LowStudy_LowConsistency,Combo_HighScreen_LowHomework,Attendance_Critical
83.5,47.3,9.5,55.5,3.7,12.5,Combo_LowStudy_LowConsistency,Attendance_Warning,ScreenTime_Warning
67.2,83.0,13.0,89.7,6.5,65.6,Attendance_Critical,ScreenTime_Critical,Marks_Success
94.6,77.3,10.5,58.4,5.8,57.4,Combo_HighScreen_LowHomework,ScreenTime_Critical,General_Balanced
75.6,65.5,17.5,80.4,4.1,53.2,Attendance_Warning,ScreenTime_Warning,StudyHours_Success
76.4,54.9,11.5,39.2,7.3,91.5,Combo_HighScreen_LowHomework,Attendance_Warning,ScreenTime_Critical
65.4,70.2,18.8,51.8,1.2,58.0,Attendance_Critical,StudyHours_Success,General_Balanced
87.9,48.5,13.3,97.5,2.8,24.6,Combo_HighStudy_LowMarks,Consistency_Warning,General_Balanced
89.5,44.9,19.2,94.9,1.8,60.9,Combo_HighStudy_LowMarks,StudyHours_Success,General_Balanced
79.5,40.1,2.8,88.2,4.7,97.5,Attendance_Warning,StudyHours_Critical,ScreenTime_Warning
82.4,25.3,14.0,65.5,3.5,30.1,Combo_HighStudy_LowMarks,Attendance_Warning,Marks_Critical
87.9,53.5,8.8,92.1,1.3,21.1,Combo_LowStudy_LowConsistency,Consistency_Warning,General_Balanced
59.7,37.4,14.4,72.0,1.4,29.6,Combo_HighStudy_LowMarks,Attendance_Critical,Marks_Critical
78.5,33.8,11.1,59.0,7.7,26.7,Combo_HighScreen_LowHomework,Attendance_Warning,Marks_Critical
64.7,80.8,7.6,39.8,7.9,58.1,Combo_HighScreen_LowHomework,Attendance_Critical,StudyHours_Critical
95.5,66.2,2.5,86.1,3.9,96.5,StudyHours_Critical,ScreenTime_Warning,Attendance_Success
99.8,75.7,16.4,93.5,5.2,41.7,ScreenTime_Critical,Attendance_Success,StudyHours_Success
64.4,54.1,19.9,64.2,2.1,58.1,Attendance_Critical,StudyHours_Success,General_Balanced
53.8,70.6,6.1,59.9,5.6,95.4,Combo_HighScreen_LowHomework,Attendance_Critical,StudyHours_Critical
51.6,66.5,19.9,30.7,1.2,22.8,Attendance_Critical,Consistency_Warning,StudyHours_Success
54.1,78.0,13.4,67.9,4.1,60.5,Combo_HighScreen_LowHomework,Attendance_Critical,ScreenTime_Warning
69.3,26.5,14.4,65.0,5.6,94.0,Combo_HighStudy_LowMarks,Combo_HighScreen_LowHomework,Attendance_Critical
87.0,80.6,19.6,76.8,5.6,42.5,ScreenTime_Critical,StudyHours_Success,Marks_Success
66.2,44.2,14.2,34.1,6.6,89.2,Combo_HighStudy_LowMarks,Combo_HighScreen_LowHomework,Attendance_Critical
53.0,80.8,13.0,52.9,5.4,48.0,Combo_HighScreen_LowHomework,Attendance_Critical,ScreenTime_Critical
55.6,82.4,17.7,43.4,4.4,19.6,Combo_HighScreen_LowHomework,Attendance_Critical,ScreenTime_Warning
92.0,72.3,18.1,80.1,7.2,73.7,ScreenTime_Critical,StudyHours_Success,General_Balanced
69.6,37.0,16.6,56.5,2.4,49.5,Combo_HighStudy_LowMarks,Attendance_Critical,Marks_Critical
92.8,55.9,8.2,38.5,1.6,18.1,Combo_LowStudy_LowConsistency,Consistency_Warning,General_Balanced
77.2,74.0,17.5,38.8,3.1,20.5,Attendance_Warning,ScreenTime_Warning,Consistency_Warning
95.8,47.6,16.4,70.3,6.2,73.8,Combo_HighStudy_LowMarks,ScreenTime_Critical,Attendance_Success
63.2,46.5,11.7,76.7,4.2,64.1,Attendance_Critical,ScreenTime_Warning,General_Balanced
91.9,72.3,18.4,44.5,3.1,88.7,ScreenTime_Warning,StudyHours_Success,Consistency_Success
86.1,60.7,20.0,78.6,1.5,90.3,StudyHours_Success,Consistency_Success,General_Balanced
69.3,30.0,16.4,56.1,4.8,54.1,Combo_HighStudy_LowMarks,Combo_HighScreen_LowHomework,Attendance_Critical
83.8,93.2,15.3,49.6,1.6,91.3,Attendance_Warning,StudyHours_Success,Marks_Success
50.8,94.7,9.6,78.8,5.6,40.3,Attendance_Critical,ScreenTime_Critical,Marks_Success
78.8,37.1,14.1,62.8,3.6,17.6,Combo_HighStudy_LowMarks,Attendance_Warning,Marks_Critical
61.0,53.3,5.1,62.4,2.5,43.1,Attendance_Critical,StudyHours_Critical,General_Balanced
91.1,43.6,2.5,81.0,2.6,83.2,StudyHours_Critical,Consistency_Success,General_Balanced
82.3,86.5,10.0,52.1,4.6,45.2,Combo_HighScreen_LowHomework,Attendance_Warning,ScreenTime_Warning
62.6,36.1,12.1,64.0,5.2,64.4,Combo_HighStudy_LowMarks,Combo_HighScreen_LowHomework,Attendance_Critical
70.7,46.9,15.6,64.9,2.9,80.7,Combo_HighStudy_LowMarks,Attendance_Critical,StudyHours_Success
87.3,73.1,4.4,59.9,6.4,65.8,Combo_HighScreen_LowHomework,StudyHours_Critical,ScreenTime_Critical
87.5,91.7,8.9,39.1,1.0,95.6,Marks_Success,Consistency_Success,General_Balanced
82.2,69.0,2.8,70.1,3.8,84.8,Attendance_Warning,StudyHours_Critical,ScreenTime_Warning
73.0,29.3,9.9,36.7,2.0,57.1,Attendance_Critical,Marks_Critical,General_Balanced
77.7,47.2,6.6,75.3,2.6,48.5,Attendance_Warning,StudyHours_Critical,General_Balanced
63.9,31.4,16.4,68.7,1.6,75.1,Combo_HighStudy_LowMarks,Attendance_Critical,Marks_Critical
68.1,36.4,18.8,48.9,7.3,75.8,Combo_HighStudy_LowMarks,Combo_HighScreen_LowHomework,Attendance_Critical
64.7,69.0,18.4,69.5,5.2,60.4,Combo_HighScreen_LowHomework,Attendance_Critical,ScreenTime_Critical
86.6,87.1,4.4,77.0,2.6,17.4,Combo_LowStudy_LowConsistency,StudyHours_Critical,Consistency_Warning
88.5,71.3,6.9,58.0,2.7,37.4,Combo_LowStudy_LowConsistency,StudyHours_Critical,Consistency_Warning
98.4,73.8,5.9,93.2,5.1,77.0,StudyHours_Critical,ScreenTime_Critical,Attendance_Success
72.7,53.2,5.1,41.7,2.4,50.0,Attendance_Critical,StudyHours_Critical,General_Balanced
86.8,94.3,17.9,47.3,7.6,83.1,Combo_HighScreen_LowHomework,ScreenTime_Critical,StudyHours_Success
83.9,37.7,16.1,63.4,5.7,43.9,Combo_HighStudy_LowMarks,Combo_HighScreen_LowHomework,Attendance_Warning
60.4,50.6,19.0,84.3,4.4,99.4,Attendance_Critical,ScreenTime_Warning,StudyHours_Success
77.2,28.0,17.7,86.5,5.2,11.2,Combo_HighStudy_LowMarks,Attendance_Warning,Marks_Critical
87.0,51.0,14.6,54.6,5.1,62.1,Combo_HighScreen_LowHomework,ScreenTime_Critical,General_Balanced
56.5,35.9,9.4,60.9,7.0,31.1,Combo_LowStudy_LowConsistency,Combo_HighScreen_LowHomework,Attendance_Critical
50.2,37.4,9.2,80.7,3.0,79.8,Attendance_Critical,Marks_Critical,ScreenTime_Warning
83.4,43.5,14.0,50.7,6.0,50.2,Combo_HighStudy_LowMarks,Combo_HighScreen_LowHomework,Attendance_Warning
97.1,21.2,11.9,76.9,2.9,18.9,Marks_Critical,Consistency_Warning,Attendance_Success
73.7,77.2,16.0,52.8,3.6,40.1,Attendance_Critical,ScreenTime_Warning,StudyHours_Success
97.1,86.7,18.7,72.5,3.2,19.7,ScreenTime_Warning,Consistency_Warning,Attendance_Success
66.8,47.4,6.5,85.1,5.1,65.7,Attendance_Critical,StudyHours_Critical,ScreenTime_Critical
84.0,36.4,12.3,97.6,1.0,46.9,Combo_HighStudy_LowMarks,Attendance_Warning,Marks_Critical
70.2,22.1,5.0,54.5,3.5,91.9,Attendance_Critical,StudyHours_Critical,Marks_Critical
93.0,29.9,14.8,96.1,5.3,71.4,Combo_HighStudy_LowMarks,Marks_Critical,ScreenTime_Critical
78.1,85.0,15.0,93.2,5.9,30.6,Attendance_Warning,ScreenTime_Critical,Consistency_Warning
68.3,41.8,4.3,48.8,7.0,89.2,Combo_HighScreen_LowHomework,Attendance_Critical,StudyHours_Critical
99.3,29.1,12.8,32.7,1.6,89.3,Combo_HighStudy_LowMarks,Marks_Critical,Attendance_Success
65.1,78.3,7.1,94.8,2.0,52.1,Attendance_Critical,StudyHours_Critical,General_Balanced
98.4,74.6,3.3,83.6,1.2,31.4,Combo_LowStudy_LowConsistency,StudyHours_Critical,Consistency_Warning
67.1,87.8,15.8,93.2,7.2,49.0,Attendance_Critical,ScreenTime_Critical,StudyHours_Success
95.9,70.8,9.3,66.5,4.6,77.0,Combo_HighScreen_LowHomework,ScreenTime_Warning,Attendance_Success
62.4,52.3,12.0,80.4,4.4,23.8,Attendance_Critical,ScreenTime_Warning,Consistency_Warning
77.3,93.3,3.5,73.7,6.1,29.3,Combo_LowStudy_LowConsistency,Attendance_Warning,StudyHours_Critical
51.7,45.5,4.1,62.8,4.3,51.7,Combo_HighScreen_LowHomework,Attendance_Critical,StudyHours_Critical
95.0,35.2,19.9,51.1,1.2,23.7,Combo_HighStudy_LowMarks,Marks_Critical,Consistency_Warning
89.1,29.8,3.1,92.9,2.1,26.4,Combo_LowStudy_LowConsistency,StudyHours_Critical,Marks_Critical
67.0,61.9,16.1,75.8,3.1,21.9,Attendance_Critical,ScreenTime_Warning,Consistency_Warning
87.6,69.3,10.4,51.4,4.0,14.5,Combo_HighScreen_LowHomework,ScreenTime_Warning,Consistency_Warning
53.9,33.1,6.6,77.6,4.6,36.0,Combo_LowStudy_LowConsistency,Attendance_Critical,StudyHours_Critical
73.4,79.8,12.9,94.5,3.5,46.7,Attendance_Critical,ScreenTime_Warning,General_Balanced
84.1,66.5,11.0,74.1,4.9,84.9,Attendance_Warning,ScreenTime_Warning,Consistency_Success
88.4,24.1,15.3,64.6,4.5,42.3,Combo_HighStudy_LowMarks,Combo_HighScreen_LowHomework,Marks_Critical
96.1,89.5,18.2,70.6,5.3,96.7,ScreenTime_Critical,Attendance_Success,StudyHours_Success
92.4,87.0,15.5,64.5,4.1,89.1,Combo_HighScreen_LowHomework,ScreenTime_Warning,StudyHours_Success
67.5,64.5,16.8,57.6,7.1,27.9,Combo_HighScreen_LowHomework,Attendance_Critical,ScreenTime_Critical
62.7,65.8,13.9,72.2,3.6,49.8,Attendance_Critical,ScreenTime_Warning,General_Balanced
90.8,67.6,8.8,50.2,7.7,58.0,Combo_HighScreen_LowHomework,ScreenTime_Critical,General_Balanced
91.7,71.3,4.5,51.4,7.8,90.0,Combo_HighScreen_LowHomework,StudyHours_Critical,ScreenTime_Critical
67.4,70.0,14.9,71.2,1.3,65.2,Attendance_Critical,General_Balanced,General_Balanced
50.4,87.7,13.5,36.2,2.5,38.7,Attendance_Critical,Consistency_Warning,Marks_Success
79.5,95.0,6.3,53.3,4.0,21.0,Combo_LowStudy_LowConsistency,Attendance_Warning,StudyHours_Critical
52.8,49.0,12.6,77.0,3.8,80.2,Combo_HighStudy_LowMarks,Attendance_Critical,ScreenTime_Warning
73.8,85.6,18.3,49.7,2.5,23.8,Attendance_Critical,Consistency_Warning,StudyHours_Success
68.5,94.9,4.1,58.3,6.2,79.7,Combo_HighScreen_LowHomework,Attendance_Critical,StudyHours_Critical
58.8,30.1,13.6,71.7,2.0,42.4,Combo_HighStudy_LowMarks,Attendance_Critical,Marks_Critical
83.3,75.8,12.9,95.1,2.5,87.1,Attendance_Warning,Consistency_Success,General_Balanced
91.3,49.6,8.6,72.9,5.0,17.6,Combo_LowStudy_LowConsistency,ScreenTime_Warning,Consistency_Warning
55.0,23.7,12.0,46.1,6.8,42.5,Combo_HighStudy_LowMarks,Combo_HighScreen_LowHomework,Attendance_Critical
66.4,84.0,11.5,61.4,3.4,36.8,Attendance_Critical,ScreenTime_Warning,Consistency_Warning
91.8,34.3,3.0,81.1,4.5,91.1,StudyHours_Critical,Marks_Critical,ScreenTime_Warning
58.7,45.2,19.4,69.4,5.1,65.1,Combo_HighStudy_LowMarks,Combo_HighScreen_LowHomework,Attendance_Critical
58.7,27.4,6.4,64.7,6.4,52.1,Combo_HighScreen_LowHomework,Attendance_Critical,StudyHours_Critical
54.2,82.6,18.1,96.6,4.4,97.4,Attendance_Critical,ScreenTime_Warning,StudyHours_Success
85.6,58.1,6.0,91.6,7.8,96.8,StudyHours_Critical,ScreenTime_Critical,Consistency_Success
99.9,71.7,16.3,83.2,1.8,56.1,Attendance_Success,StudyHours_Success,General_Balanced
95.3,72.3,9.9,48.3,7.9,86.1,Combo_HighScreen_LowHomework,ScreenTime_Critical,Attendance_Success
64.1,59.3,11.9,47.8,7.8,40.9,Combo_HighScreen_LowHomework,Attendance_Critical,ScreenTime_Critical
79.2,87.2,13.7,91.0,7.5,28.0,Attendance_Warning,ScreenTime_Critical,Consistency_Warning
72.5,50.7,3.4,46.8,5.4,29.1,Combo_LowStudy_LowConsistency,Combo_HighScreen_LowHomework,Attendance_Critical
82.0,37.4,12.7,94.8,7.4,22.3,Combo_HighStudy_LowMarks,Attendance_Warning,Marks_Critical
65.7,58.8,15.4,69.3,1.7,36.6,Attendance_Critical,Consistency_Warning,StudyHours_Success
76.6,86.8,4.3,74.8,4.6,61.6,Attendance_Warning,StudyHours_Critical,ScreenTime_Warning
88.0,88.7,18.1,64.7,8.0,28.0,Combo_HighScreen_LowHomework,ScreenTime_Critical,Consistency_Warning
89.1,77.3,13.0,69.2,2.9,82.9,Consistency_Success,General_Balanced,General_Balanced
70.1,68.5,8.3,92.6,4.2,40.9,Attendance_Critical,ScreenTime_Warning,General_Balanced
85.7,58.6,11.6,31.2,5.4,66.1,Combo_HighScreen_LowHomework,ScreenTime_Critical,General_Balanced
66.2,75.6,19.2,90.1,8.0,86.8,Attendance_Critical,ScreenTime_Critical,StudyHours_Success
50.2,87.5,19.3,96.0,5.1,89.0,Attendance_Critical,ScreenTime_Critical,StudyHours_Success
64.4,25.7,8.6,41.2,3.1,68.4,Attendance_Critical,Marks_Critical,ScreenTime_Warning
91.8,22.8,16.6,98.9,6.5,83.8,Combo_HighStudy_LowMarks,Marks_Critical,ScreenTime_Critical
84.9,84.0,11.0,65.4,1.8,15.3,Attendance_Warning,Consistency_Warning,Marks_Success
86.3,45.3,7.6,95.4,3.9,16.8,Combo_LowStudy_LowConsistency,StudyHours_Critical,ScreenTime_Warning
51.8,56.2,8.3,59.2,2.6,73.0,Attendance_Critical,General_Balanced,General_Balanced
62.8,56.6,3.0,49.7,3.8,16.3,Combo_LowStudy_LowConsistency,Attendance_Critical,StudyHours_Critical
74.3,73.1,3.1,40.8,7.7,21.3,Combo_LowStudy_LowConsistency,Combo_HighScreen_LowHomework,Attendance_Critical
92.1,59.1,7.2,81.3,6.7,94.3,StudyHours_Critical,ScreenTime_Critical,Consistency_Success
67.9,24.7,18.8,87.2,3.9,77.2,Combo_HighStudy_LowMarks,Attendance_Critical,Marks_Critical
66.7,88.7,14.5,78.9,5.0,42.4,Attendance_Critical,ScreenTime_Warning,Marks_Success
88.4,59.9,8.7,38.9,7.1,51.8,Combo_HighScreen_LowHomework,ScreenTime_Critical,General_Balanced
91.5,21.8,16.1,40.6,6.6,56.8,Combo_HighStudy_LowMarks,Combo_HighScreen_LowHomework,Marks_Critical
63.6,69.5,6.1,51.3,4.9,63.8,Combo_HighScreen_LowHomework,Attendance_Critical,StudyHours_Critical
51.9,78.7,17.2,61.5,4.6,67.2,Combo_HighScreen_LowHomework,Attendance_Critical,ScreenTime_Warning
94.3,73.6,9.7,63.3,5.0,84.0,Combo_HighScreen_LowHomework,ScreenTime_Critical,Consistency_Success
97.6,94.9,17.3,99.7,3.7,30.8,ScreenTime_Warning,Consistency_Warning,Attendance_Success
73.9,24.6,11.6,78.5,5.3,39.6,Attendance_Critical,Marks_Critical,ScreenTime_Critical
59.1,35.6,2.5,90.9,1.4,63.9,Attendance_Critical,StudyHours_Critical,Marks_Critical
80.3,59.6,3.1,82.4,5.3,14.8,Combo_LowStudy_LowConsistency,Attendance_Warning,StudyHours_Critical
66.1,43.2,6.3,40.2,4.1,65.1,Combo_HighScreen_LowHomework,Attendance_Critical,StudyHours_Critical
51.5,31.9,12.1,42.0,4.7,96.0,Combo_HighStudy_LowMarks,Combo_HighScreen_LowHomework,Attendance_Critical
84.9,84.7,2.5,85.2,2.6,95.7,Attendance_Warning,StudyHours_Critical,Marks_Success
56.7,25.6,3.3,52.8,4.8,82.8,Combo_HighScreen_LowHomework,Attendance_Critical,StudyHours_Critical
84.5,55.3,15.7,61.1,2.5,46.1,Attendance_Warning,StudyHours_Success,General_Balanced
95.7,35.7,8.7,31.0,1.3,46.5,Marks_Critical,Attendance_Success,General_Balanced
85.1,74.1,15.4,50.4,4.8,36.7,Combo_HighScreen_LowHomework,ScreenTime_Warning,Consistency_Warning
74.2,58.8,14.0,51.4,4.8,64.9,Combo_HighScreen_LowHomework,Attendance_Critical,ScreenTime_Warning
83.2,86.2,11.4,54.4,1.2,41.1,Attendance_Warning,Marks_Success,General_Balanced
70.0,60.4,13.8,77.6,5.9,97.1,Attendance_Critical,ScreenTime_Critical,Consistency_Success
53.4,27.6,4.8,34.0,2.9,19.8,Combo_LowStudy_LowConsistency,Attendance_Critical,StudyHours_Critical
98.2,27.0,12.9,33.6,3.7,70.8,Combo_HighStudy_LowMarks,Marks_Critical,ScreenTime_Warning
90.4,93.5,12.8,33.5,1.4,66.8,Marks_Success,General_Balanced,General_Balanced
59.4,82.1,18.3,80.0,3.9,41.2,Attendance_Critical,ScreenTime_Warning,StudyHours_Success
60.8,56.4,13.3,88.8,2.8,61.4,Attendance_Critical,General_Balanced,General_Balanced
95.1,63.1,15.6,89.3,1.8,44.2,Attendance_Success,StudyHours_Success,General_Balanced
58.0,81.1,15.5,78.5,6.1,31.9,Attendance_Critical,ScreenTime_Critical,Consistency_Warning
95.8,52.7,13.1,92.8,1.1,96.5,Attendance_Success,Consistency_Success,General_Balanced
81.7,90.9,8.3,62.9,5.8,21.9,Combo_LowStudy_LowConsistency,Combo_HighScreen_LowHomework,Attendance_Warning
66.2,93.7,7.8,44.7,4.3,69.0,Combo_HighScreen_LowHomework,Attendance_Critical,StudyHours_Critical
96.9,90.2,6.2,92.6,4.9,73.1,StudyHours_Critical,ScreenTime_Warning,Attendance_Success
52.2,74.7,19.0,50.1,5.5,56.0,Combo_HighScreen_LowHomework,Attendance_Critical,ScreenTime_Critical
72.0,50.9,5.9,40.6,4.4,24.0,Combo_LowStudy_LowConsistency,Combo_HighScreen_LowHomework,Attendance_Critical
64.7,52.2,14.6,66.9,3.1,20.0,Attendance_Critical,ScreenTime_Warning,Consistency_Warning
98.9,50.7,17.7,52.6,7.1,33.9,Combo_HighScreen_LowHomework,ScreenTime_Critical,Consistency_Warning
86.0,43.4,18.0,58.9,7.6,88.9,Combo_HighStudy_LowMarks,Combo_HighScreen_LowHomework,ScreenTime_Critical
77.2,35.2,11.9,73.8,3.3,96.2,Attendance_Warning,Marks_Critical,ScreenTime_Warning
82.9,72.9,12.1,70.0,2.0,11.6,Attendance_Warning,Consistency_Warning,General_Balanced
69.0,84.2,18.8,68.6,2.9,61.0,Attendance_Critical,StudyHours_Success,Marks_Success
82.6,72.6,13.5,32.2,3.8,88.1,Attendance_Warning,ScreenTime_Warning,Consistency_Success
92.8,35.1,8.4,95.5,7.2,18.3,Combo_LowStudy_LowConsistency,Marks_Critical,ScreenTime_Critical
52.7,43.3,2.6,61.8,5.0,50.4,Combo_HighScreen_LowHomework,Attendance_Critical,StudyHours_Critical
91.7,95.0,2.8,30.8,3.3,69.8,StudyHours_Critical,ScreenTime_Warning,Marks_Success
51.4,92.9,3.3,68.3,6.9,52.3,Combo_HighScreen_LowHomework,Attendance_Critical,StudyHours_Critical
55.6,46.5,14.9,74.1,1.6,44.1,Combo_HighStudy_LowMarks,Attendance_Critical,General_Balanced
55.0,26.2,9.7,55.6,4.8,68.1,Combo_HighScreen_LowHomework,Attendance_Critical,Marks_Critical
82.1,31.5,8.8,96.1,1.6,90.5,Attendance_Warning,Marks_Critical,Consistency_Success
58.9,73.3,15.4,57.5,5.0,47.7,Combo_HighScreen_LowHomework,Attendance_Critical,ScreenTime_Critical
78.7,57.8,10.7,42.0,6.1,32.3,Combo_HighScreen_LowHomework,Attendance_Warning,ScreenTime_Critical
54.9,20.2,2.4,83.9,6.6,80.3,Attendance_Critical,StudyHours_Critical,Marks_Critical
96.6,77.4,19.7,93.9,3.6,53.3,ScreenTime_Warning,Attendance_Success,StudyHours_Success
81.3,39.2,8.2,84.5,4.2,12.4,Combo_LowStudy_LowConsistency,Attendance_Warning,Marks_Critical
63.3,28.8,17.9,79.6,1.3,57.1,Combo_HighStudy_LowMarks,Attendance_Critical,Marks_Critical
56.3,60.9,2.1,89.4,5.6,69.8,Attendance_Critical,StudyHours_Critical,ScreenTime_Critical
74.8,25.2,2.2,65.9,6.2,81.3,Combo_HighScreen_LowHomework,Attendance_Critical,StudyHours_Critical
75.7,48.2,18.3,38.9,6.3,97.4,Combo_HighStudy_LowMarks,Combo_HighScreen_LowHomework,Attendance_Warning
96.4,85.7,8.1,80.4,1.1,81.0,Attendance_Success,Marks_Success,Consistency_Success
78.2,47.4,8.9,86.8,5.3,33.8,Combo_LowStudy_LowConsistency,Attendance_Warning,ScreenTime_Critical
92.7,21.2,14.1,59.6,1.2,78.6,Combo_HighStudy_LowMarks,Marks_Critical,General_Balanced
61.0,87.2,15.8,80.4,4.8,58.6,Attendance_Critical,ScreenTime_Warning,StudyHours_Success
81.6,55.7,14.4,39.8,1.3,89.7,Attendance_Warning,Consistency_Success,General_Balanced
100.0,49.4,10.6,81.2,1.6,18.3,Consistency_Warning,Attendance_Success,General_Balanced
67.8,20.5,14.5,38.1,7.7,68.6,Combo_HighStudy_LowMarks,Combo_HighScreen_LowHomework,Attendance_Critical
94.5,30.9,14.2,94.8,1.1,87.7,Combo_HighStudy_LowMarks,Marks_Critical,Consistency_Success
55.8,74.3,15.3,53.0,4.7,10.1,Combo_HighScreen_LowHomework,Attendance_Critical,ScreenTime_Warning
94.7,38.9,9.0,42.7,6.7,77.8,Combo_HighScreen_LowHomework,Marks_Critical,ScreenTime_Critical
65.5,79.3,13.0,78.3,4.4,20.4,Attendance_Critical,ScreenTime_Warning,Consistency_Warning
67.5,53.7,16.3,60.8,1.6,59.5,Attendance_Critical,StudyHours_Success,General_Balanced
75.2,30.5,7.2,35.9,3.3,24.0,Combo_LowStudy_LowConsistency,Attendance_Warning,StudyHours_Critical
68.6,60.3,4.3,54.5,1.2,18.1,Combo_LowStudy_LowConsistency,Attendance_Critical,StudyHours_Critical
77.0,37.4,15.9,80.6,6.9,68.3,Combo_HighStudy_LowMarks,Attendance_Warning,Marks_Critical
81.6,29.5,6.2,66.7,3.3,44.2,Attendance_Warning,StudyHours_Critical,Marks_Critical
55.9,25.5,14.9,75.3,5.1,59.8,Combo_HighStudy_LowMarks,Attendance_Critical,Marks_Critical
68.2,65.5,17.7,95.6,5.4,92.8,Attendance_Critical,ScreenTime_Critical,StudyHours_Success
56.9,48.1,10.2,46.6,5.4,24.3,Combo_HighScreen_LowHomework,Attendance_Critical,ScreenTime_Critical
62.1,67.0,4.6,50.0,3.2,64.3,Attendance_Critical,StudyHours_Critical,ScreenTime_Warning
78.9,74.1,19.4,41.9,4.7,55.1,Combo_HighScreen_LowHomework,Attendance_Warning,ScreenTime_Warning
75.5,26.5,5.2,50.0,1.3,31.6,Combo_LowStudy_LowConsistency,Attendance_Warning,StudyHours_Critical
55.8,23.2,15.4,67.9,3.8,17.2,Combo_HighStudy_LowMarks,Attendance_Critical,Marks_Critical
90.0,44.1,2.6,61.6,3.4,29.8,Combo_LowStudy_LowConsistency,StudyHours_Critical,ScreenTime_Warning
84.9,57.2,10.0,85.1,7.7,64.0,Attendance_Warning,ScreenTime_Critical,General_Balanced
95.4,83.1,18.1,90.6,2.9,76.1,Attendance_Success,StudyHours_Success,Marks_Success
91.2,41.5,8.9,46.4,1.9,41.3,General_Balanced,General_Balanced,General_Balanced
62.8,88.1,6.8,65.1,1.2,70.8,Attendance_Critical,StudyHours_Critical,Marks_Success
88.6,86.8,17.9,41.3,5.5,48.1,Combo_HighScreen_LowHomework,ScreenTime_Critical,StudyHours_Success
59.5,49.7,14.3,38.7,1.3,40.1,Combo_HighStudy_LowMarks,Attendance_Critical,General_Balanced
63.8,73.6,6.7,89.0,2.0,22.0,Combo_LowStudy_LowConsistency,Attendance_Critical,StudyHours_Critical
63.0,58.0,13.3,48.9,5.0,73.2,Combo_HighScreen_LowHomework,Attendance_Critical,ScreenTime_Warning
50.6,28.1,10.1,77.0,6.5,91.4,Attendance_Critical,Marks_Critical,ScreenTime_Critical
94.7,61.3,15.1,36.4,1.2,95.9,StudyHours_Success,Consistency_Success,General_Balanced
61.7,28.4,15.6,68.7,3.3,69.2,Combo_HighStudy_LowMarks,Attendance_Critical,Marks_Critical
98.1,63.4,5.3,81.8,5.8,93.3,StudyHours_Critical,ScreenTime_Critical,Attendance_Success
71.3,40.7,18.5,76.1,6.8,45.9,Combo_HighStudy_LowMarks,Attendance_Critical,ScreenTime_Critical
99.6,26.3,6.8,38.7,4.1,32.2,Combo_LowStudy_LowConsistency,Combo_HighScreen_LowHomework,StudyHours_Critical
71.4,66.9,6.4,65.3,2.1,18.0,Combo_LowStudy_LowConsistency,Attendance_Critical,StudyHours_Critical
81.3,43.3,15.6,73.5,5.7,37.6,Combo_HighStudy_LowMarks,Attendance_Warning,ScreenTime_Critical
97.9,38.3,4.8,31.2,6.2,65.2,Combo_HighScreen_LowHomework,StudyHours_Critical,Marks_Critical
58.0,93.6,18.0,34.7,4.8,97.7,Combo_HighScreen_LowHomework,Attendance_Critical,ScreenTime_Warning
65.2,79.6,8.7,82.5,5.4,83.7,Attendance_Critical,ScreenTime_Critical,Consistency_Success
78.3,84.2,15.5,77.9,1.5,64.0,Attendance_Warning,StudyHours_Success,Marks_Success
88.8,79.0,14.9,79.9,7.0,64.2,ScreenTime_Critical,General_Balanced,General_Balanced
94.2,71.0,2.7,93.2,6.0,43.0,StudyHours_Critical,ScreenTime_Critical,General_Balanced
89.2,57.1,5.8,96.1,5.8,64.9,StudyHours_Critical,ScreenTime_Critical,General_Balanced
90.1,41.7,18.1,55.6,7.9,33.4,Combo_HighStudy_LowMarks,Combo_HighScreen_LowHomework,ScreenTime_Critical
73.0,71.6,12.2,71.9,5.9,37.2,Attendance_Critical,ScreenTime_Critical,Consistency_Warning
98.5,82.2,6.9,45.9,4.7,36.7,Combo_LowStudy_LowConsistency,Combo_HighScreen_LowHomework,StudyHours_Critical
80.7,85.2,12.5,60.6,5.6,96.7,Combo_HighScreen_LowHomework,Attendance_Warning,ScreenTime_Critical
98.1,81.9,19.1,95.6,6.8,35.6,ScreenTime_Critical,Consistency_Warning,Attendance_Success
50.2,37.1,10.2,83.9,2.3,51.4,Attendance_Critical,Marks_Critical,General_Balanced
83.2,39.1,2.6,70.5,5.0,22.6,Combo_LowStudy_LowConsistency,Attendance_Warning,StudyHours_Critical
78.6,50.9,18.9,49.2,2.6,22.9,Attendance_Warning,Consistency_Warning,StudyHours_Success
73.1,68.3,3.2,86.1,4.1,97.4,Attendance_Critical,StudyHours_Critical,ScreenTime_Warning
85.1,35.3,15.0,60.9,6.6,58.4,Combo_HighStudy_LowMarks,Combo_HighScreen_LowHomework,Marks_Critical
76.3,43.9,17.9,31.2,3.3,97.6,Combo_HighStudy_LowMarks,Attendance_Warning,ScreenTime_Warning
86.0,21.1,15.2,72.4,6.1,65.5,Combo_HighStudy_LowMarks,Marks_Critical,ScreenTime_Critical
70.4,40.9,8.6,40.2,2.8,76.5,Attendance_Critical,General_Balanced,General_Balanced
65.3,83.2,3.6,44.9,4.3,48.1,Combo_HighScreen_LowHomework,Attendance_Critical,StudyHours_Critical
92.8,58.6,5.7,93.2,6.9,54.8,StudyHours_Critical,ScreenTime_Critical,General_Balanced
94.8,77.3,3.3,68.8,6.1,46.5,Combo_HighScreen_LowHomework,StudyHours_Critical,ScreenTime_Critical
80.9,58.7,3.7,69.0,7.3,12.9,Combo_LowStudy_LowConsistency,Combo_HighScreen_LowHomework,Attendance_Warning
73.7,41.6,7.3,41.5,7.5,37.2,Combo_LowStudy_LowConsistency,Combo_HighScreen_LowHomework,Attendance_Critical
55.8,66.2,15.8,53.2,7.0,78.0,Combo_HighScreen_LowHomework,Attendance_Critical,ScreenTime_Critical
92.1,76.5,18.6,87.0,4.3,83.4,ScreenTime_Warning,StudyHours_Success,Consistency_Success
57.2,84.8,9.0,33.7,4.2,93.7,Combo_HighScreen_LowHomework,Attendance_Critical,ScreenTime_Warning
87.2,43.2,2.8,51.6,6.8,63.9,Combo_HighScreen_LowHomework,StudyHours_Critical,ScreenTime_Critical
71.2,46.5,12.5,70.1,3.8,31.2,Combo_HighStudy_LowMarks,Attendance_Critical,ScreenTime_Warning
99.8,89.0,19.8,45.5,2.0,60.9,Attendance_Success,StudyHours_Success,Marks_Success
87.5,78.5,3.4,57.1,2.5,55.2,StudyHours_Critical,General_Balanced,General_Balanced
64.5,41.3,16.8,59.9,3.6,27.4,Combo_HighStudy_LowMarks,Attendance_Critical,ScreenTime_Warning
72.5,81.5,16.9,33.6,2.6,87.2,Attendance_Critical,StudyHours_Success,Marks_Success
60.0,32.1,5.5,39.4,5.6,89.2,Combo_HighScreen_LowHomework,Attendance_Critical,StudyHours_Critical
88.5,88.6,14.2,96.0,2.5,27.2,Consistency_Warning,Marks_Success,General_Balanced
81.2,75.2,8.9,49.2,2.3,53.8,Attendance_Warning,General_Balanced,General_Balanced
87.0,59.0,16.4,87.1,6.6,17.0,ScreenTime_Critical,Consistency_Warning,StudyHours_Success
53.9,62.7,4.3,80.0,3.7,34.0,Combo_LowStudy_LowConsistency,Attendance_Critical,StudyHours_Critical
94.8,31.4,10.5,80.9,3.6,29.8,Marks_Critical,ScreenTime_Warning,Consistency_Warning
86.6,42.9,15.8,33.7,6.5,60.7,Combo_HighStudy_LowMarks,Combo_HighScreen_LowHomework,ScreenTime_Critical
71.3,54.5,5.0,68.3,3.0,24.3,Combo_LowStudy_LowConsistency,Attendance_Critical,StudyHours_Critical
59.4,40.0,8.7,71.6,7.5,30.3,Combo_LowStudy_LowConsistency,Attendance_Critical,ScreenTime_Critical
98.6,23.3,16.1,99.3,4.1,87.6,Combo_HighStudy_LowMarks,Marks_Critical,ScreenTime_Warning
88.7,84.1,9.3,95.2,2.8,58.6,Marks_Success,General_Balanced,General_Balanced
50.5,56.4,9.3,45.6,6.9,41.2,Combo_HighScreen_LowHomework,Attendance_Critical,ScreenTime_Critical
60.0,22.8,15.7,41.8,5.2,86.9,Combo_HighStudy_LowMarks,Combo_HighScreen_LowHomework,Attendance_Critical
62.7,55.7,3.6,96.5,2.5,74.1,Attendance_Critical,StudyHours_Critical,General_Balanced
87.5,37.9,16.5,44.2,7.5,96.0,Combo_HighStudy_LowMarks,Combo_HighScreen_LowHomework,Marks_Critical
76.5,48.4,17.1,45.4,1.2,68.9,Combo_HighStudy_LowMarks,Attendance_Warning,StudyHours_Success
73.1,54.4,2.2,43.8,6.2,95.3,Combo_HighScreen_LowHomework,Attendance_Critical,StudyHours_Critical
67.9,69.1,4.7,64.5,7.0,51.6,Combo_HighScreen_LowHomework,Attendance_Critical,StudyHours_Critical
71.0,43.1,17.1,35.2,2.9,66.6,Combo_HighStudy_LowMarks,Attendance_Critical,StudyHours_Success
82.6,51.2,16.5,46.4,7.3,45.7,Combo_HighScreen_LowHomework,Attendance_Warning,ScreenTime_Critical
84.2,45.1,3.9,98.7,2.7,66.4,Attendance_Warning,StudyHours_Critical,General_Balanced
92.7,46.0,4.0,87.9,1.2,36.0,Combo_LowStudy_LowConsistency,StudyHours_Critical,Consistency_Warning
74.3,49.4,2.3,55.6,6.0,20.6,Combo_LowStudy_LowConsistency,Combo_HighScreen_LowHomework,Attendance_Critical
80.7,51.8,2.6,89.6,2.8,72.4,Attendance_Warning,StudyHours_Critical,General_Balanced
85.8,87.9,3.1,96.3,1.2,67.6,StudyHours_Critical,Marks_Success,General_Balanced
99.5,59.0,5.5,75.4,6.5,93.2,StudyHours_Critical,ScreenTime_Critical,Attendance_Success
74.8,61.3,16.7,78.3,3.8,46.3,Attendance_Critical,ScreenTime_Warning,StudyHours_Success
90.2,67.2,6.6,59.2,7.2,61.3,Combo_HighScreen_LowHomework,StudyHours_Critical,ScreenTime_Critical
71.4,91.7,6.1,72.1,1.3,45.6,Attendance_Critical,StudyHours_Critical,Marks_Success
96.1,40.2,8.6,68.2,7.2,80.1,Combo_HighScreen_LowHomework,ScreenTime_Critical,Attendance_Success
87.2,75.8,16.6,92.9,4.1,96.0,ScreenTime_Warning,StudyHours_Success,Consistency_Success
62.5,31.0,10.3,63.3,3.7,99.3,Attendance_Critical,Marks_Critical,ScreenTime_Warning
71.8,63.0,9.6,93.7,7.9,84.9,Attendance_Critical,ScreenTime_Critical,Consistency_Success
73.0,30.2,14.2,63.5,5.8,22.1,Combo_HighStudy_LowMarks,Combo_HighScreen_LowHomework,Attendance_Critical
53.5,26.8,5.8,56.0,5.6,55.0,Combo_HighScreen_LowHomework,Attendance_Critical,StudyHours_Critical
72.1,85.1,5.5,33.3,7.0,67.7,Combo_HighScreen_LowHomework,Attendance_Critical,StudyHours_Critical
93.9,60.7,11.7,91.0,8.0,79.5,ScreenTime_Critical,General_Balanced,General_Balanced
96.5,41.9,3.3,80.5,4.5,97.5,StudyHours_Critical,ScreenTime_Warning,Attendance_Success
68.3,64.4,3.2,93.1,2.8,17.3,Combo_LowStudy_LowConsistency,Attendance_Critical,StudyHours_Critical
79.4,91.0,15.1,57.4,6.0,36.1,Combo_HighScreen_LowHomework,Attendance_Warning,ScreenTime_Critical
51.8,80.3,12.2,64.6,2.7,13.3,Attendance_Critical,Consistency_Warning,Marks_Success
77.6,55.7,2.9,30.9,6.6,48.0,Combo_HighScreen_LowHomework,Attendance_Warning,StudyHours_Critical
85.1,84.3,14.8,56.0,6.5,32.6,Combo_HighScreen_LowHomework,ScreenTime_Critical,Consistency_Warning
74.8,45.4,19.3,87.7,7.0,66.9,Combo_HighStudy_LowMarks,Attendance_Critical,ScreenTime_Critical
57.8,38.6,19.8,89.2,7.4,52.0,Combo_HighStudy_LowMarks,Attendance_Critical,Marks_Critical
96.7,70.3,7.9,87.3,7.1,41.5,StudyHours_Critical,ScreenTime_Critical,Attendance_Success
68.7,64.2,12.5,47.1,4.3,12.5,Combo_HighScreen_LowHomework,Attendance_Critical,ScreenTime_Warning
55.6,50.1,4.8,94.4,5.9,65.6,Attendance_Critical,StudyHours_Critical,ScreenTime_Critical
80.6,64.6,14.0,71.5,3.5,87.3,Attendance_Warning,ScreenTime_Warning,Consistency_Success
96.4,61.4,18.3,80.2,6.5,26.9,ScreenTime_Critical,Consistency_Warning,Attendance_Success
96.7,80.8,10.1,38.2,5.4,49.8,Combo_HighScreen_LowHomework,ScreenTime_Critical,Attendance_Success
88.1,43.3,9.9,55.6,6.5,16.4,Combo_LowStudy_LowConsistency,Combo_HighScreen_LowHomework,ScreenTime_Critical
61.1,76.0,6.8,43.8,3.3,64.6,Attendance_Critical,StudyHours_Critical,ScreenTime_Warning
64.3,61.0,13.9,56.0,7.9,16.1,Combo_HighScreen_LowHomework,Attendance_Critical,ScreenTime_Critical
91.3,53.4,9.6,63.8,5.0,33.9,Combo_LowStudy_LowConsistency,Combo_HighScreen_LowHomework,ScreenTime_Critical
53.8,22.9,13.8,61.3,3.7,54.6,Combo_HighStudy_LowMarks,Attendance_Critical,Marks_Critical
75.7,62.0,2.6,30.1,7.7,97.8,Combo_HighScreen_LowHomework,Attendance_Warning,StudyHours_Critical
93.9,24.1,17.3,52.5,4.0,75.5,Combo_HighStudy_LowMarks,Combo_HighScreen_LowHomework,Marks_Critical
86.7,32.8,11.4,33.7,5.9,49.5,Combo_HighScreen_LowHomework,Marks_Critical,ScreenTime_Critical
94.0,21.9,19.0,76.8,4.6,26.2,Combo_HighStudy_LowMarks,Marks_Critical,ScreenTime_Warning
71.9,84.8,19.0,56.7,6.0,24.7,Combo_HighScreen_LowHomework,Attendance_Critical,ScreenTime_Critical
90.8,30.1,11.4,83.3,1.3,23.7,Marks_Critical,Consistency_Warning,General_Balanced
54.6,90.8,8.6,79.0,1.9,81.6,Attendance_Critical,Marks_Success,Consistency_Success
82.6,34.7,8.6,80.6,2.7,45.8,Attendance_Warning,Marks_Critical,General_Balanced
99.9,40.4,13.0,86.6,6.4,82.7,Combo_HighStudy_LowMarks,ScreenTime_Critical,Attendance_Success
77.2,31.9,6.4,40.2,5.7,30.8,Combo_LowStudy_LowConsistency,Combo_HighScreen_LowHomework,Attendance_Warning
96.0,69.2,6.0,90.6,3.1,98.2,StudyHours_Critical,ScreenTime_Warning,Attendance_Success
78.6,84.1,14.9,84.3,6.5,40.4,Attendance_Warning,ScreenTime_Critical,Marks_Success
84.3,25.7,13.1,83.3,5.5,50.5,Combo_HighStudy_LowMarks,Attendance_Warning,Marks_Critical
58.1,30.7,15.7,81.2,5.2,46.3,Combo_HighStudy_LowMarks,Attendance_Critical,Marks_Critical
53.0,35.1,10.7,99.5,5.9,43.4,Attendance_Critical,Marks_Critical,ScreenTime_Critical
58.8,23.9,11.5,62.4,3.4,30.5,Attendance_Critical,Marks_Critical,ScreenTime_Warning
82.7,56.0,7.6,83.7,5.0,43.3,Attendance_Warning,StudyHours_Critical,ScreenTime_Warning
82.5,72.5,10.3,98.6,2.8,15.7,Attendance_Warning,Consistency_Warning,General_Balanced
92.4,44.8,16.0,89.4,2.8,49.3,Combo_HighStudy_LowMarks,StudyHours_Success,General_Balanced
98.3,67.6,14.3,47.9,4.2,85.3,Combo_HighScreen_LowHomework,ScreenTime_Warning,Attendance_Success
74.9,52.6,18.1,96.0,3.8,99.9,Attendance_Critical,ScreenTime_Warning,StudyHours_Success
76.9,91.5,17.8,66.8,4.2,58.2,Combo_HighScreen_LowHomework,Attendance_Warning,ScreenTime_Warning
62.2,34.0,18.1,62.4,2.7,47.4,Combo_HighStudy_LowMarks,Attendance_Critical,Marks_Critical
87.7,32.2,6.3,70.3,5.8,98.3,StudyHours_Critical,Marks_Critical,ScreenTime_Critical
50.4,85.1,16.0,59.0,6.8,40.2,Combo_HighScreen_LowHomework,Attendance_Critical,ScreenTime_Critical
90.4,75.5,9.8,58.4,4.9,52.7,Combo_HighScreen_LowHomework,ScreenTime_Warning,General_Balanced
63.5,63.1,17.2,59.1,6.5,76.6,Combo_HighScreen_LowHomework,Attendance_Critical,ScreenTime_Critical
51.3,90.4,11.7,78.7,3.1,36.2,Attendance_Critical,ScreenTime_Warning,Consistency_Warning
98.1,62.4,10.3,73.8,5.8,52.0,ScreenTime_Critical,Attendance_Success,General_Balanced
64.1,78.8,12.2,47.6,1.3,79.5,Attendance_Critical,General_Balanced,General_Balanced
80.4,45.5,2.5,57.2,5.8,74.6,Combo_HighScreen_LowHomework,Attendance_Warning,StudyHours_Critical
53.6,55.2,15.8,30.3,7.0,67.2,Combo_HighScreen_LowHomework,Attendance_Critical,ScreenTime_Critical
52.5,62.0,17.9,80.3,6.0,41.6,Attendance_Critical,ScreenTime_Critical,StudyHours_Success
99.0,58.1,19.6,98.3,2.6,11.5,Consistency_Warning,Attendance_Success,StudyHours_Success
56.5,91.4,15.0,85.5,7.8,48.6,Attendance_Critical,ScreenTime_Critical,Marks_Success
55.0,42.5,13.8,34.7,2.8,61.6,Combo_HighStudy_LowMarks,Attendance_Critical,General_Balanced
83.2,21.6,19.9,56.9,4.4,71.9,Combo_HighStudy_LowMarks,Combo_HighScreen_LowHomework,Attendance_Warning
52.1,40.8,18.8,84.3,5.9,85.9,Combo_HighStudy_LowMarks,Attendance_Critical,ScreenTime_Critical
61.3,37.8,12.7,70.2,4.8,73.0,Combo_HighStudy_LowMarks,Attendance_Critical,Marks_Critical
96.8,61.0,17.2,32.0,2.4,78.8,Attendance_Success,StudyHours_Success,General_Balanced
83.6,88.7,14.3,64.5,6.1,15.3,Combo_HighScreen_LowHomework,Attendance_Warning,ScreenTime_Critical
95.3,27.4,7.4,69.4,7.2,56.0,Combo_HighScreen_LowHomework,StudyHours_Critical,Marks_Critical
61.9,83.4,15.4,40.7,1.1,18.1,Attendance_Critical,Consistency_Warning,StudyHours_Success
83.7,46.9,5.9,35.1,7.5,53.5,Combo_HighScreen_LowHomework,Attendance_Warning,StudyHours_Critical
64.5,38.6,13.8,61.1,3.0,21.0,Combo_HighStudy_LowMarks,Attendance_Critical,Marks_Critical
93.5,53.9,10.5,79.4,7.3,28.2,ScreenTime_Critical,Consistency_Warning,General_Balanced
74.3,56.6,11.9,79.7,8.0,48.5,Attendance_Critical,ScreenTime_Critical,General_Balanced
63.7,41.5,13.4,32.7,5.0,28.9,Combo_HighStudy_LowMarks,Combo_HighScreen_LowHomework,Attendance_Critical
65.7,32.4,3.1,48.2,3.3,51.0,Attendance_Critical,StudyHours_Critical,Marks_Critical
57.7,20.8,16.6,40.7,7.6,54.7,Combo_HighStudy_LowMarks,Combo_HighScreen_LowHomework,Attendance_Critical
72.7,64.4,11.4,57.5,1.4,96.3,Attendance_Critical,Consistency_Success,General_Balanced
53.7,49.0,19.1,76.7,6.3,70.2,Combo_HighStudy_LowMarks,Attendance_Critical,ScreenTime_Critical
52.3,39.8,12.9,55.5,3.5,51.9,Combo_HighStudy_LowMarks,Attendance_Critical,Marks_Critical
53.2,37.4,2.2,50.6,6.2,79.3,Combo_HighScreen_LowHomework,Attendance_Critical,StudyHours_Critical
64.2,83.3,2.1,65.3,2.7,42.8,Attendance_Critical,StudyHours_Critical,Marks_Success
80.4,32.8,19.4,73.4,1.1,81.8,Combo_HighStudy_LowMarks,Attendance_Warning,Marks_Critical
81.2,83.4,19.1,81.9,4.9,60.0,Attendance_Warning,ScreenTime_Warning,StudyHours_Success
77.0,70.8,13.0,62.1,3.3,92.5,Attendance_Warning,ScreenTime_Warning,Consistency_Success
74.3,86.0,4.5,40.2,7.0,94.8,Combo_HighScreen_LowHomework,Attendance_Critical,StudyHours_Critical
73.3,34.4,18.1,52.0,2.9,59.0,Combo_HighStudy_LowMarks,Attendance_Critical,Marks_Critical
55.7,69.9,19.1,61.2,6.1,97.8,Combo_HighScreen_LowHomework,Attendance_Critical,ScreenTime_Critical
59.3,37.1,10.0,94.0,2.3,67.9,Attendance_Critical,Marks_Critical,General_Balanced
73.0,29.1,4.6,72.8,4.5,49.4,Attendance_Critical,StudyHours_Critical,Marks_Critical
74.5,27.7,4.3,98.9,5.9,56.7,Attendance_Critical,StudyHours_Critical,Marks_Critical
89.8,52.0,3.9,85.6,1.6,46.2,StudyHours_Critical,General_Balanced,General_Balanced
91.2,35.2,19.0,65.3,5.4,17.7,Combo_HighStudy_LowMarks,Combo_HighScreen_LowHomework,Marks_Critical
81.3,42.2,10.0,65.8,3.1,78.6,Attendance_Warning,ScreenTime_Warning,General_Balanced
75.7,49.8,5.2,69.9,4.1,72.7,Combo_HighScreen_LowHomework,Attendance_Warning,StudyHours_Critical
51.5,73.0,16.6,81.7,3.2,54.2,Attendance_Critical,ScreenTime_Warning,StudyHours_Success
53.6,38.2,17.9,43.8,3.6,74.2,Combo_HighStudy_LowMarks,Attendance_Critical,Marks_Critical
60.1,78.8,15.9,83.7,2.6,29.6,Attendance_Critical,Consistency_Warning,StudyHours_Success
63.6,85.0,10.7,30.7,6.5,66.2,Combo_HighScreen_LowHomework,Attendance_Critical,ScreenTime_Critical
73.3,61.7,11.4,92.9,7.8,69.3,Attendance_Critical,ScreenTime_Critical,General_Balanced
76.5,46.3,11.5,66.1,7.6,66.0,Combo_HighScreen_LowHomework,Attendance_Warning,ScreenTime_Critical
84.7,30.1,9.6,31.2,2.7,79.5,Attendance_Warning,Marks_Critical,General_Balanced
63.2,55.5,13.5,99.1,1.9,38.5,Attendance_Critical,Consistency_Warning,General_Balanced
77.1,58.6,11.3,90.2,4.7,50.8,Attendance_Warning,ScreenTime_Warning,General_Balanced
94.4,37.7,18.3,91.5,6.7,24.4,Combo_HighStudy_LowMarks,Marks_Critical,ScreenTime_Critical
65.1,41.9,17.2,67.4,6.6,62.5,Combo_HighStudy_LowMarks,Combo_HighScreen_LowHomework,Attendance_Critical
84.6,37.0,5.8,93.9,6.5,82.1,Attendance_Warning,StudyHours_Critical,Marks_Critical
59.8,62.3,12.7,95.2,2.7,18.1,Attendance_Critical,Consistency_Warning,General_Balanced
67.2,67.3,7.1,74.6,5.3,69.2,Attendance_Critical,StudyHours_Critical,ScreenTime_Critical
95.7,56.6,18.4,39.2,7.4,13.1,Combo_HighScreen_LowHomework,ScreenTime_Critical,Consistency_Warning
78.4,40.3,11.5,77.5,8.0,15.2,Attendance_Warning,ScreenTime_Critical,Consistency_Warning
62.3,82.1,19.5,87.4,3.6,60.5,Attendance_Critical,ScreenTime_Warning,StudyHours_Success
60.4,31.6,16.0,84.5,4.9,91.5,Combo_HighStudy_LowMarks,Attendance_Critical,Marks_Critical
91.6,66.1,12.0,40.3,3.1,78.4,ScreenTime_Warning,General_Balanced,General_Balanced
50.3,25.7,16.9,97.8,6.3,77.4,Combo_HighStudy_LowMarks,Attendance_Critical,Marks_Critical
60.9,74.8,15.1,77.5,7.5,79.6,Attendance_Critical,ScreenTime_Critical,StudyHours_Success
59.8,94.7,3.0,56.6,7.3,59.1,Combo_HighScreen_LowHomework,Attendance_Critical,StudyHours_Critical
90.9,30.1,15.9,74.8,8.0,12.7,Combo_HighStudy_LowMarks,Marks_Critical,ScreenTime_Critical
93.2,78.6,19.2,88.9,5.3,55.6,ScreenTime_Critical,StudyHours_Success,General_Balanced
50.4,91.5,10.0,58.2,3.1,78.2,Attendance_Critical,ScreenTime_Warning,Marks_Success
56.0,33.5,9.6,41.4,4.3,94.0,Combo_HighScreen_LowHomework,Attendance_Critical,Marks_Critical
69.6,29.2,19.5,39.7,4.3,94.6,Combo_HighStudy_LowMarks,Combo_HighScreen_LowHomework,Attendance_Critical
51.3,81.2,15.4,60.4,6.7,78.5,Combo_HighScreen_LowHomework,Attendance_Critical,ScreenTime_Critical
54.3,31.6,4.0,94.5,5.5,71.7,Attendance_Critical,StudyHours_Critical,Marks_Critical
75.6,70.6,4.7,88.7,5.0,88.4,Attendance_Warning,StudyHours_Critical,ScreenTime_Warning
99.3,68.3,13.1,48.4,4.0,86.9,Combo_HighScreen_LowHomework,ScreenTime_Warning,Attendance_Success
61.9,65.5,9.0,99.3,7.1,46.6,Attendance_Critical,ScreenTime_Critical,General_Balanced
66.8,87.9,12.7,52.3,2.1,70.6,Attendance_Critical,Marks_Success,General_Balanced
90.5,92.2,6.3,33.7,6.1,67.3,Combo_HighScreen_LowHomework,StudyHours_Critical,ScreenTime_Critical
75.5,65.4,4.1,56.6,7.5,21.6,Combo_LowStudy_LowConsistency,Combo_HighScreen_LowHomework,Attendance_Warning
85.5,23.0,12.8,72.3,6.8,87.7,Combo_HighStudy_LowMarks,Marks_Critical,ScreenTime_Critical
86.0,46.0,6.1,32.9,5.3,93.8,Combo_HighScreen_LowHomework,StudyHours_Critical,ScreenTime_Critical
99.3,44.3,19.6,34.0,5.9,70.8,Combo_HighStudy_LowMarks,Combo_HighScreen_LowHomework,ScreenTime_Critical
81.5,23.2,15.6,39.2,3.3,59.9,Combo_HighStudy_LowMarks,Attendance_Warning,Marks_Critical
96.6,59.8,19.9,67.2,3.3,38.6,ScreenTime_Warning,Consistency_Warning,Attendance_Success
75.8,45.2,17.8,42.0,2.7,52.4,Combo_HighStudy_LowMarks,Attendance_Warning,StudyHours_Success
91.0,65.7,14.8,95.6,5.7,52.9,ScreenTime_Critical,General_Balanced,General_Balanced
74.3,84.0,12.6,77.6,3.6,28.7,Attendance_Critical,ScreenTime_Warning,Consistency_Warning
78.6,55.1,8.4,36.8,3.9,41.2,Attendance_Warning,ScreenTime_Warning,General_Balanced
90.2,71.1,13.1,58.5,5.2,77.6,Combo_HighScreen_LowHomework,ScreenTime_Critical,General_Balanced
68.8,20.1,19.5,30.4,6.1,25.1,Combo_HighStudy_LowMarks,Combo_HighScreen_LowHomework,Attendance_Critical
84.6,38.3,5.4,44.1,3.9,58.1,Attendance_Warning,StudyHours_Critical,Marks_Critical
84.3,66.6,2.6,64.2,7.2,65.8,Combo_HighScreen_LowHomework,Attendance_Warning,StudyHours_Critical
83.7,26.2,19.2,57.8,7.6,80.7,Combo_HighStudy_LowMarks,Combo_HighScreen_LowHomework,Attendance_Warning
85.4,63.6,12.0,74.5,5.3,38.5,ScreenTime_Critical,Consistency_Warning,General_Balanced
56.5,40.7,15.7,56.7,2.4,43.3,Combo_HighStudy_LowMarks,Attendance_Critical,StudyHours_Success
72.4,39.6,14.8,37.8,4.0,95.7,Combo_HighStudy_LowMarks,Combo_HighScreen_LowHomework,Attendance_Critical
77.3,88.5,19.4,34.5,4.5,60.7,Combo_HighScreen_LowHomework,Attendance_Warning,ScreenTime_Warning
62.6,44.9,12.1,30.1,4.9,61.2,Combo_HighStudy_LowMarks,Combo_HighScreen_LowHomework,Attendance_Critical
84.0,81.6,9.5,73.3,3.2,11.1,Combo_LowStudy_LowConsistency,Attendance_Warning,ScreenTime_Warning
51.8,93.1,19.5,57.1,7.9,68.8,Combo_HighScreen_LowHomework,Attendance_Critical,ScreenTime_Critical
56.6,46.6,7.2,86.1,6.6,46.8,Attendance_Critical,StudyHours_Critical,ScreenTime_Critical
77.8,82.9,18.9,95.6,3.6,38.4,Attendance_Warning,ScreenTime_Warning,Consistency_Warning
58.2,36.5,4.7,84.4,3.3,31.0,Combo_LowStudy_LowConsistency,Attendance_Critical,StudyHours_Critical
67.8,61.0,14.1,64.7,1.8,71.6,Attendance_Critical,General_Balanced,General_Balanced
80.3,92.2,10.6,81.3,2.8,42.0,Attendance_Warning,Marks_Success,General_Balanced
97.5,20.5,9.1,53.7,3.0,22.6,Combo_LowStudy_LowConsistency,Marks_Critical,ScreenTime_Warning
65.8,29.8,16.2,89.4,1.1,35.4,Combo_HighStudy_LowMarks,Attendance_Critical,Marks_Critical
73.2,76.7,14.6,66.6,4.0,26.3,Attendance_Critical,ScreenTime_Warning,Consistency_Warning
66.5,48.3,4.3,96.8,5.8,81.4,Attendance_Critical,StudyHours_Critical,ScreenTime_Critical
94.6,78.6,20.0,83.5,1.1,70.4,StudyHours_Success,General_Balanced,General_Balanced
59.1,42.3,5.9,77.0,4.6,40.5,Attendance_Critical,StudyHours_Critical,ScreenTime_Warning
55.0,79.5,2.4,76.7,3.4,22.8,Combo_LowStudy_LowConsistency,Attendance_Critical,StudyHours_Critical
52.6,30.2,9.3,38.6,5.7,35.9,Combo_LowStudy_LowConsistency,Combo_HighScreen_LowHomework,Attendance_Critical
85.1,55.5,11.0,94.7,1.7,79.3,General_Balanced,General_Balanced,General_Balanced
76.7,43.2,18.1,66.5,3.8,90.8,Combo_HighStudy_LowMarks,Attendance_Warning,ScreenTime_Warning
51.5,50.2,8.9,63.6,6.2,59.6,Combo_HighScreen_LowHomework,Attendance_Critical,ScreenTime_Critical
84.3,78.2,9.4,90.1,6.4,25.5,Combo_LowStudy_LowConsistency,Attendance_Warning,ScreenTime_Critical
50.7,60.3,8.9,98.4,7.5,68.2,Attendance_Critical,ScreenTime_Critical,General_Balanced
85.5,38.5,6.9,97.8,5.3,34.4,Combo_LowStudy_LowConsistency,StudyHours_Critical,Marks_Critical
81.1,66.8,3.3,68.3,4.6,84.5,Combo_HighScreen_LowHomework,Attendance_Warning,StudyHours_Critical
50.6,41.6,4.1,95.2,6.3,37.9,Combo_LowStudy_LowConsistency,Attendance_Critical,StudyHours_Critical
85.0,42.0,16.6,57.8,1.7,53.6,Combo_HighStudy_LowMarks,Attendance_Warning,StudyHours_Success
65.5,45.5,17.6,88.2,6.3,87.4,Combo_HighStudy_LowMarks,Attendance_Critical,ScreenTime_Critical
90.4,47.2,13.8,94.0,4.9,88.0,Combo_HighStudy_LowMarks,ScreenTime_Warning,Consistency_Success
83.1,27.3,3.1,59.3,1.7,71.5,Attendance_Warning,StudyHours_Critical,Marks_Critical
55.2,61.2,5.3,64.4,6.1,60.4,Combo_HighScreen_LowHomework,Attendance_Critical,StudyHours_Critical
89.8,51.0,3.1,49.6,7.0,23.1,Combo_LowStudy_LowConsistency,Combo_HighScreen_LowHomework,StudyHours_Critical
61.5,22.4,5.5,72.3,3.8,41.2,Attendance_Critical,StudyHours_Critical,Marks_Critical
73.4,56.5,13.1,37.5,1.4,25.7,Attendance_Critical,Consistency_Warning,General_Balanced
94.5,76.4,11.6,65.8,2.4,11.6,Consistency_Warning,General_Balanced,General_Balanced
62.5,70.9,7.1,93.0,4.3,81.6,Attendance_Critical,StudyHours_Critical,ScreenTime_Warning
65.1,55.8,13.8,99.4,1.6,77.5,Attendance_Critical,General_Balanced,General_Balanced
99.9,86.7,7.9,87.6,3.9,82.8,StudyHours_Critical,ScreenTime_Warning,Attendance_Success
53.7,47.1,10.8,76.0,4.6,61.1,Attendance_Critical,ScreenTime_Warning,General_Balanced
57.0,31.0,2.7,87.2,6.5,29.6,Combo_LowStudy_LowConsistency,Attendance_Critical,StudyHours_Critical
77.4,50.9,5.3,98.4,7.8,93.4,Attendance_Warning,StudyHours_Critical,ScreenTime_Critical
59.7,34.4,19.6,88.6,5.2,67.3,Combo_HighStudy_LowMarks,Attendance_Critical,Marks_Critical
66.1,33.4,14.4,67.8,5.8,72.9,Combo_HighStudy_LowMarks,Combo_HighScreen_LowHomework,Attendance_Critical
91.2,69.0,14.1,84.4,7.8,98.7,ScreenTime_Critical,Consistency_Success,General_Balanced
90.5,86.7,2.3,72.9,6.3,68.6,StudyHours_Critical,ScreenTime_Critical,Marks_Success
69.6,63.1,8.6,52.3,4.5,25.8,Combo_LowStudy_LowConsistency,Combo_HighScreen_LowHomework,Attendance_Critical
53.7,52.5,11.3,40.7,5.3,25.5,Combo_HighScreen_LowHomework,Attendance_Critical,ScreenTime_Critical
69.0,54.7,15.5,78.8,7.4,10.5,Attendance_Critical,ScreenTime_Critical,Consistency_Warning
95.3,88.3,10.5,62.7,1.6,45.1,Attendance_Success,Marks_Success,General_Balanced
75.1,60.6,2.2,42.2,6.8,61.0,Combo_HighScreen_LowHomework,Attendance_Warning,StudyHours_Critical
75.3,79.8,12.8,59.6,5.5,66.6,Combo_HighScreen_LowHomework,Attendance_Warning,ScreenTime_Critical
58.6,34.5,2.5,87.8,4.4,53.3,Attendance_Critical,StudyHours_Critical,Marks_Critical
55.9,70.5,16.9,52.7,4.9,52.7,Combo_HighScreen_LowHomework,Attendance_Critical,ScreenTime_Warning
79.2,88.2,7.2,51.0,3.9,35.5,Combo_LowStudy_LowConsistency,Attendance_Warning,StudyHours_Critical
97.5,51.6,5.6,50.8,4.4,62.1,Combo_HighScreen_LowHomework,StudyHours_Critical,ScreenTime_Warning
92.7,27.1,7.5,45.6,5.9,56.1,Combo_HighScreen_LowHomework,StudyHours_Critical,Marks_Critical
93.7,46.6,11.0,61.8,3.2,57.1,ScreenTime_Warning,General_Balanced,General_Balanced
67.3,28.2,8.1,45.1,4.0,78.6,Combo_HighScreen_LowHomework,Attendance_Critical,Marks_Critical
60.6,30.4,6.8,46.4,6.2,87.7,Combo_HighScreen_LowHomework,Attendance_Critical,StudyHours_Critical
56.6,46.0,14.9,92.4,1.1,12.3,Combo_HighStudy_LowMarks,Attendance_Critical,Consistency_Warning
73.9,52.8,16.2,72.4,2.6,44.9,Attendance_Critical,StudyHours_Success,General_Balanced
77.3,94.6,6.6,86.4,6.7,76.8,Attendance_Warning,StudyHours_Critical,ScreenTime_Critical
85.2,62.9,4.0,99.6,6.0,16.6,Combo_LowStudy_LowConsistency,StudyHours_Critical,ScreenTime_Critical
97.6,86.2,3.1,86.9,1.4,87.5,StudyHours_Critical,Attendance_Success,Marks_Success
62.3,84.0,9.5,95.9,7.1,94.5,Attendance_Critical,ScreenTime_Critical,Marks_Success
58.1,69.1,19.6,36.1,2.7,20.3,Attendance_Critical,Consistency_Warning,StudyHours_Success
90.8,63.0,7.5,31.7,5.6,78.6,Combo_HighScreen_LowHomework,StudyHours_Critical,ScreenTime_Critical
83.7,36.3,12.7,42.3,1.0,20.6,Combo_HighStudy_LowMarks,Attendance_Warning,Marks_Critical
84.7,73.9,6.7,81.1,1.1,69.5,Attendance_Warning,StudyHours_Critical,General_Balanced
73.8,43.4,12.6,79.7,7.4,96.9,Combo_HighStudy_LowMarks,Attendance_Critical,ScreenTime_Critical
92.9,53.3,15.3,39.6,3.2,11.1,ScreenTime_Warning,Consistency_Warning,StudyHours_Success
98.8,80.2,14.3,65.4,4.9,47.3,Combo_HighScreen_LowHomework,ScreenTime_Warning,Attendance_Success
59.3,38.4,9.8,52.8,7.7,26.2,Combo_LowStudy_LowConsistency,Combo_HighScreen_LowHomework,Attendance_Critical
77.7,64.6,4.0,33.7,4.0,58.3,Attendance_Warning,StudyHours_Critical,ScreenTime_Warning
70.5,89.4,9.6,33.1,8.0,33.7,Combo_LowStudy_LowConsistency,Combo_HighScreen_LowHomework,Attendance_Critical
91.2,59.0,9.7,34.3,7.3,29.0,Combo_LowStudy_LowConsistency,Combo_HighScreen_LowHomework,ScreenTime_Critical
85.2,52.6,8.8,58.9,6.2,81.2,Combo_HighScreen_LowHomework,ScreenTime_Critical,Consistency_Success
78.5,82.6,11.6,67.1,3.6,94.4,Attendance_Warning,ScreenTime_Warning,Marks_Success
66.5,58.3,5.7,53.3,6.2,32.0,Combo_LowStudy_LowConsistency,Combo_HighScreen_LowHomework,Attendance_Critical
82.5,64.5,17.9,58.9,5.8,81.2,Combo_HighScreen_LowHomework,Attendance_Warning,ScreenTime_Critical
73.0,49.5,4.2,33.5,5.8,22.8,Combo_LowStudy_LowConsistency,Combo_HighScreen_LowHomework,Attendance_Critical
69.1,53.1,12.9,77.2,6.9,27.8,Attendance_Critical,ScreenTime_Critical,Consistency_Warning
88.0,43.7,19.6,74.8,6.3,76.7,Combo_HighStudy_LowMarks,ScreenTime_Critical,StudyHours_Success
87.6,57.6,10.6,55.0,1.3,51.7,General_Balanced,General_Balanced,General_Balanced
97.2,82.6,14.3,36.4,6.7,30.4,Combo_HighScreen_LowHomework,ScreenTime_Critical,Consistency_Warning
90.7,25.2,18.0,95.5,7.7,96.3,Combo_HighStudy_LowMarks,Marks_Critical,ScreenTime_Critical
69.3,59.5,11.7,37.1,2.7,24.5,Attendance_Critical,Consistency_Warning,General_Balanced
77.7,23.1,19.0,57.4,5.0,26.4,Combo_HighStudy_LowMarks,Combo_HighScreen_LowHomework,Attendance_Warning
73.6,57.7,7.8,30.0,5.7,25.0,Combo_LowStudy_LowConsistency,Combo_HighScreen_LowHomework,Attendance_Critical
92.5,50.1,19.3,39.4,1.7,51.4,StudyHours_Success,General_Balanced,General_Balanced
63.9,22.0,5.6,87.0,5.1,54.1,Attendance_Critical,StudyHours_Critical,Marks_Critical
81.7,43.0,11.7,49.9,3.7,87.8,Attendance_Warning,ScreenTime_Warning,Consistency_Success
96.3,76.7,9.0,99.4,2.7,96.8,Attendance_Success,Consistency_Success,General_Balanced
71.9,32.2,13.3,71.8,3.1,95.8,Combo_HighStudy_LowMarks,Attendance_Critical,Marks_Critical
69.7,83.0,7.0,94.1,4.4,86.3,Attendance_Critical,StudyHours_Critical,ScreenTime_Warning
66.7,93.1,16.2,52.0,5.7,74.6,Combo_HighScreen_LowHomework,Attendance_Critical,ScreenTime_Critical
67.2,56.9,13.9,56.0,2.6,57.3,Attendance_Critical,General_Balanced,General_Balanced
93.7,92.4,7.5,89.1,6.2,10.0,Combo_LowStudy_LowConsistency,StudyHours_Critical,ScreenTime_Critical
54.0,80.0,19.6,48.3,1.1,67.1,Attendance_Critical,StudyHours_Success,Marks_Success
63.3,50.2,17.2,51.6,4.2,30.8,Combo_HighScreen_LowHomework,Attendance_Critical,ScreenTime_Warning
91.3,75.1,2.4,44.2,3.8,99.0,StudyHours_Critical,ScreenTime_Warning,Consistency_Success
93.3,42.1,15.7,69.1,2.8,97.9,Combo_HighStudy_LowMarks,StudyHours_Success,Consistency_Success
62.2,94.5,11.4,42.9,3.9,87.2,Attendance_Critical,ScreenTime_Warning,Marks_Success
80.8,63.7,11.0,59.5,4.1,71.4,Combo_HighScreen_LowHomework,Attendance_Warning,ScreenTime_Warning
81.5,50.6,13.1,75.8,7.2,63.1,Attendance_Warning,ScreenTime_Critical,General_Balanced
54.5,83.5,19.1,42.5,1.9,90.7,Attendance_Critical,StudyHours_Success,Marks_Success
53.8,31.8,7.9,72.8,1.4,10.8,Combo_LowStudy_LowConsistency,Attendance_Critical,StudyHours_Critical
99.7,78.7,11.3,78.6,7.5,20.5,ScreenTime_Critical,Consistency_Warning,Attendance_Success
84.2,77.9,16.1,96.4,4.0,12.6,Attendance_Warning,ScreenTime_Warning,Consistency_Warning
56.6,72.3,17.4,93.5,5.6,56.5,Attendance_Critical,ScreenTime_Critical,StudyHours_Success
56.7,90.5,18.5,74.7,2.9,58.5,Attendance_Critical,StudyHours_Success,Marks_Success
50.8,72.8,20.0,54.1,6.0,42.4,Combo_HighScreen_LowHomework,Attendance_Critical,ScreenTime_Critical
76.5,88.9,2.2,59.8,4.7,10.6,Combo_LowStudy_LowConsistency,Combo_HighScreen_LowHomework,Attendance_Warning
61.5,72.0,12.0,82.4,1.9,38.3,Attendance_Critical,Consistency_Warning,General_Balanced
85.9,64.7,3.5,73.8,5.1,79.9,StudyHours_Critical,ScreenTime_Critical,General_Balanced
99.1,70.5,5.8,49.8,4.1,21.4,Combo_LowStudy_LowConsistency,Combo_HighScreen_LowHomework,StudyHours_Critical
90.1,64.8,8.3,70.2,4.1,95.7,ScreenTime_Warning,Consistency_Success,General_Balanced
61.7,57.8,10.3,65.2,1.2,63.7,Attendance_Critical,General_Balanced,General_Balanced
78.5,93.8,11.9,53.9,6.9,65.7,Combo_HighScreen_LowHomework,Attendance_Warning,ScreenTime_Critical
76.7,71.1,9.7,83.5,4.4,53.6,Attendance_Warning,ScreenTime_Warning,General_Balanced
85.8,82.7,7.1,71.7,2.1,34.6,Combo_LowStudy_LowConsistency,StudyHours_Critical,Consistency_Warning
51.1,57.5,12.2,68.0,6.3,18.9,Combo_HighScreen_LowHomework,Attendance_Critical,ScreenTime_Critical
96.5,20.9,5.0,72.0,6.5,19.3,Combo_LowStudy_LowConsistency,StudyHours_Critical,Marks_Critical
86.7,64.0,5.7,30.5,2.8,17.4,Combo_LowStudy_LowConsistency,StudyHours_Critical,Consistency_Warning
94.9,48.3,8.6,43.9,5.2,86.0,Combo_HighScreen_LowHomework,ScreenTime_Critical,Consistency_Success
85.6,59.7,10.5,49.9,4.7,95.1,Combo_HighScreen_LowHomework,ScreenTime_Warning,Consistency_Success
92.0,94.4,2.4,32.8,6.9,67.2,Combo_HighScreen_LowHomework,StudyHours_Critical,ScreenTime_Critical
89.3,86.9,10.5,49.0,1.8,86.4,Marks_Success,Consistency_Success,General_Balanced
81.5,74.9,5.7,49.8,4.4,34.3,Combo_LowStudy_LowConsistency,Combo_HighScreen_LowHomework,Attendance_Warning
87.4,51.2,11.5,95.2,2.4,45.3,General_Balanced,General_Balanced,General_Balanced
53.6,75.9,9.2,93.8,5.5,66.8,Attendance_Critical,ScreenTime_Critical,General_Balanced
89.9,69.6,4.7,31.6,6.3,79.7,Combo_HighScreen_LowHomework,StudyHours_Critical,ScreenTime_Critical
83.2,81.3,2.0,94.7,2.7,55.6,Attendance_Warning,StudyHours_Critical,Marks_Success
87.6,89.3,13.8,93.3,6.8,85.0,ScreenTime_Critical,Marks_Success,Consistency_Success
99.3,87.2,8.9,90.6,3.0,65.7,Attendance_Success,Marks_Success,General_Balanced
77.5,78.1,14.0,74.0,4.3,85.3,Attendance_Warning,ScreenTime_Warning,Consistency_Success
52.1,81.6,15.6,44.5,2.4,61.7,Attendance_Critical,StudyHours_Success,Marks_Success
92.0,27.9,10.2,99.5,2.4,40.7,Marks_Critical,General_Balanced,General_Balanced
69.8,42.3,14.1,68.7,5.9,15.6,Combo_HighStudy_LowMarks,Combo_HighScreen_LowHomework,Attendance_Critical
80.3,58.9,17.0,43.8,3.3,30.3,Attendance_Warning,ScreenTime_Warning,Consistency_Warning
57.9,56.9,19.2,52.2,6.7,44.7,Combo_HighScreen_LowHomework,Attendance_Critical,ScreenTime_Critical
54.4,24.8,19.7,66.1,3.5,54.8,Combo_HighStudy_LowMarks,Attendance_Critical,Marks_Critical
51.0,93.7,15.1,61.8,3.2,98.0,Attendance_Critical,ScreenTime_Warning,StudyHours_Success
77.3,78.2,14.2,71.1,6.6,62.7,Attendance_Warning,ScreenTime_Critical,General_Balanced
95.2,55.2,15.5,74.0,5.4,55.3,ScreenTime_Critical,Attendance_Success,StudyHours_Success
69.8,44.6,6.9,32.9,5.3,42.9,Combo_HighScreen_LowHomework,Attendance_Critical,StudyHours_Critical
61.3,66.4,3.9,78.5,3.5,45.1,Attendance_Critical,StudyHours_Critical,ScreenTime_Warning
54.8,22.5,5.6,95.0,7.8,37.2,Combo_LowStudy_LowConsistency,Attendance_Critical,StudyHours_Critical
68.5,56.1,9.9,41.4,1.9,47.6,Attendance_Critical,General_Balanced,General_Balanced
82.6,73.1,9.6,79.5,3.4,57.3,Attendance_Warning,ScreenTime_Warning,General_Balanced
79.1,33.5,14.3,59.4,5.6,89.2,Combo_HighStudy_LowMarks,Combo_HighScreen_LowHomework,Attendance_Warning
51.6,52.5,12.3,79.8,2.5,58.7,Attendance_Critical,General_Balanced,General_Balanced
66.2,33.8,3.7,30.5,7.8,57.6,Combo_HighScreen_LowHomework,Attendance_Critical,StudyHours_Critical
93.4,84.9,19.6,33.9,3.7,80.9,ScreenTime_Warning,StudyHours_Success,Marks_Success
89.1,91.5,9.9,44.8,1.5,11.6,Combo_LowStudy_LowConsistency,Consistency_Warning,Marks_Success
81.6,80.3,10.6,80.8,4.1,50.4,Attendance_Warning,ScreenTime_Warning,Marks_Success
75.7,92.1,6.7,37.5,7.9,50.3,Combo_HighScreen_LowHomework,Attendance_Warning,StudyHours_Critical
50.8,59.5,15.1,56.3,2.2,39.6,Attendance_Critical,Consistency_Warning,StudyHours_Success
67.6,66.5,10.5,40.0,2.5,99.7,Attendance_Critical,Consistency_Success,General_Balanced
57.2,20.7,5.8,97.3,4.9,43.9,Attendance_Critical,StudyHours_Critical,Marks_Critical
56.3,78.3,17.1,52.7,5.9,47.2,Combo_HighScreen_LowHomework,Attendance_Critical,ScreenTime_Critical
57.7,87.1,15.7,33.5,1.1,42.3,Attendance_Critical,StudyHours_Success,Marks_Success
97.4,21.7,6.2,45.8,3.3,57.5,StudyHours_Critical,Marks_Critical,ScreenTime_Warning
84.6,89.6,15.6,38.8,2.3,21.8,Attendance_Warning,Consistency_Warning,StudyHours_Success
77.2,56.6,15.7,31.5,1.6,87.2,Attendance_Warning,StudyHours_Success,Consistency_Success
55.4,52.5,4.5,89.0,7.9,64.4,Attendance_Critical,StudyHours_Critical,ScreenTime_Critical
69.2,32.5,2.6,51.0,7.9,59.7,Combo_HighScreen_LowHomework,Attendance_Critical,StudyHours_Critical
85.9,38.4,19.7,77.6,7.7,98.0,Combo_HighStudy_LowMarks,Marks_Critical,ScreenTime_Critical
88.8,89.9,9.1,67.2,5.6,24.7,Combo_LowStudy_LowConsistency,Combo_HighScreen_LowHomework,ScreenTime_Critical
57.2,25.4,12.6,57.4,1.9,65.1,Combo_HighStudy_LowMarks,Attendance_Critical,Marks_Critical
92.9,38.5,18.8,71.5,3.2,54.3,Combo_HighStudy_LowMarks,Marks_Critical,ScreenTime_Warning
88.9,85.7,7.7,58.5,6.4,57.3,Combo_HighScreen_LowHomework,StudyHours_Critical,ScreenTime_Critical
79.8,79.1,11.8,57.5,1.9,32.5,Attendance_Warning,Consistency_Warning,General_Balanced
69.7,55.9,15.8,96.7,2.8,83.8,Attendance_Critical,StudyHours_Success,Consistency_Success
92.3,74.4,4.9,72.9,4.7,55.8,StudyHours_Critical,ScreenTime_Warning,General_Balanced
90.4,51.5,14.3,86.4,2.5,80.5,Consistency_Success,General_Balanced,General_Balanced
81.9,38.7,17.3,98.8,5.4,99.9,Combo_HighStudy_LowMarks,Attendance_Warning,Marks_Critical
50.5,33.9,15.0,54.0,3.3,32.6,Combo_HighStudy_LowMarks,Attendance_Critical,Marks_Critical
58.9,28.4,18.4,37.6,1.2,50.0,Combo_HighStudy_LowMarks,Attendance_Critical,Marks_Critical
68.0,58.3,2.1,48.2,4.3,41.7,Combo_HighScreen_LowHomework,Attendance_Critical,StudyHours_Critical
81.6,57.5,11.5,69.9,5.8,34.1,Combo_HighScreen_LowHomework,Attendance_Warning,ScreenTime_Critical
56.8,88.1,3.1,31.4,5.6,11.6,Combo_LowStudy_LowConsistency,Combo_HighScreen_LowHomework,Attendance_Critical
67.5,54.1,18.1,45.4,6.0,76.8,Combo_HighScreen_LowHomework,Attendance_Critical,ScreenTime_Critical
89.2,84.1,16.2,49.7,4.6,48.0,Combo_HighScreen_LowHomework,ScreenTime_Warning,StudyHours_Success
69.4,83.7,12.6,61.6,5.9,93.3,Combo_HighScreen_LowHomework,Attendance_Critical,ScreenTime_Critical
86.3,31.1,18.3,52.1,6.1,30.7,Combo_HighStudy_LowMarks,Combo_HighScreen_LowHomework,Marks_Critical
71.8,90.0,10.8,75.3,2.7,89.3,Attendance_Critical,Marks_Success,Consistency_Success
57.0,77.8,17.2,79.5,3.7,29.0,Attendance_Critical,ScreenTime_Warning,Consistency_Warning
74.3,84.2,11.8,78.2,2.2,95.5,Attendance_Critical,Marks_Success,Consistency_Success
82.6,51.8,17.1,33.7,4.1,34.1,Combo_HighScreen_LowHomework,Attendance_Warning,ScreenTime_Warning
79.8,74.9,11.4,34.5,3.5,53.8,Attendance_Warning,ScreenTime_Warning,General_Balanced
91.5,68.8,14.3,40.0,3.7,32.8,ScreenTime_Warning,Consistency_Warning,General_Balanced
74.9,32.9,11.3,98.8,3.8,26.7,Attendance_Critical,Marks_Critical,ScreenTime_Warning
56.1,56.5,15.3,68.2,2.4,82.0,Attendance_Critical,StudyHours_Success,Consistency_Success
55.8,70.2,12.6,76.7,6.5,87.9,Attendance_Critical,ScreenTime_Critical,Consistency_Success
69.0,22.7,12.0,69.8,5.2,54.5,Combo_HighStudy_LowMarks,Combo_HighScreen_LowHomework,Attendance_Critical
50.2,90.4,9.5,77.7,6.7,70.3,Attendance_Critical,ScreenTime_Critical,Marks_Success
80.3,68.1,16.2,52.4,1.4,37.8,Attendance_Warning,Consistency_Warning,StudyHours_Success
79.0,81.3,3.6,85.2,1.9,82.6,Attendance_Warning,StudyHours_Critical,Marks_Success
70.5,67.4,8.0,67.3,6.7,27.7,Combo_LowStudy_LowConsistency,Combo_HighScreen_LowHomework,Attendance_Critical
56.4,74.1,19.8,88.8,2.9,40.2,Attendance_Critical,StudyHours_Success,General_Balanced
54.3,58.2,18.8,35.7,1.8,87.9,Attendance_Critical,StudyHours_Success,Consistency_Success
84.5,80.2,14.7,94.0,3.9,29.7,Attendance_Warning,ScreenTime_Warning,Consistency_Warning
51.3,64.5,8.1,80.2,1.6,51.4,Attendance_Critical,General_Balanced,General_Balanced
95.7,65.5,10.6,58.4,7.9,54.4,Combo_HighScreen_LowHomework,ScreenTime_Critical,Attendance_Success
88.4,35.0,14.9,34.7,2.6,50.1,Combo_HighStudy_LowMarks,Marks_Critical,General_Balanced
80.6,52.4,15.4,62.5,2.1,39.8,Attendance_Warning,Consistency_Warning,StudyHours_Success
50.9,23.3,5.6,63.9,1.8,15.2,Combo_LowStudy_LowConsistency,Attendance_Critical,StudyHours_Critical
72.2,69.7,2.4,70.1,3.9,60.4,Attendance_Critical,StudyHours_Critical,ScreenTime_Warning
66.5,48.1,19.9,91.8,3.0,18.0,Combo_HighStudy_LowMarks,Attendance_Critical,Consistency_Warning
67.3,85.3,7.2,75.1,1.4,93.0,Attendance_Critical,StudyHours_Critical,Marks_Success
73.4,57.2,5.1,63.3,2.2,29.2,Combo_LowStudy_LowConsistency,Attendance_Critical,StudyHours_Critical
95.3,84.3,2.9,64.8,7.1,94.8,Combo_HighScreen_LowHomework,StudyHours_Critical,ScreenTime_Critical
99.1,46.6,9.4,84.1,2.4,41.6,Attendance_Success,General_Balanced,General_Balanced
77.5,24.4,19.9,31.3,2.3,39.5,Combo_HighStudy_LowMarks,Attendance_Warning,Marks_Critical
87.7,38.1,16.2,69.0,5.7,66.7,Combo_HighStudy_LowMarks,Combo_HighScreen_LowHomework,Marks_Critical
94.9,66.8,10.7,59.1,6.5,83.1,Combo_HighScreen_LowHomework,ScreenTime_Critical,Consistency_Success
97.2,65.3,19.2,73.5,6.4,20.8,ScreenTime_Critical,Consistency_Warning,Attendance_Success
73.9,58.6,18.8,84.8,5.2,44.6,Attendance_Critical,ScreenTime_Critical,StudyHours_Success
89.5,54.5,2.1,48.5,1.5,58.9,StudyHours_Critical,General_Balanced,General_Balanced
64.5,54.5,18.0,91.8,5.8,90.8,Attendance_Critical,ScreenTime_Critical,StudyHours_Success
77.3,63.9,17.5,56.1,7.3,34.0,Combo_HighScreen_LowHomework,Attendance_Warning,ScreenTime_Critical
79.1,34.2,9.6,53.7,7.4,17.5,Combo_LowStudy_LowConsistency,Combo_HighScreen_LowHomework,Attendance_Warning
98.5,35.4,9.3,47.9,2.9,64.2,Marks_Critical,Attendance_Success,General_Balanced
57.4,92.9,5.4,40.9,3.0,40.3,Attendance_Critical,StudyHours_Critical,Marks_Success
71.5,30.1,19.5,71.5,3.6,27.7,Combo_HighStudy_LowMarks,Attendance_Critical,Marks_Critical
67.7,82.0,3.0,94.0,3.0,29.0,Combo_LowStudy_LowConsistency,Attendance_Critical,StudyHours_Critical
94.7,85.3,14.4,43.2,4.4,77.4,Combo_HighScreen_LowHomework,ScreenTime_Warning,Marks_Success
63.1,71.0,18.1,36.2,2.3,13.5,Attendance_Critical,Consistency_Warning,StudyHours_Success
50.1,24.9,13.5,76.9,4.9,51.8,Combo_HighStudy_LowMarks,Attendance_Critical,Marks_Critical
78.5,56.7,8.7,45.0,3.1,15.6,Combo_LowStudy_LowConsistency,Attendance_Warning,ScreenTime_Warning
74.3,90.6,12.5,95.6,4.6,17.9,Attendance_Critical,ScreenTime_Warning,Consistency_Warning
96.7,33.8,11.5,71.7,2.7,62.2,Marks_Critical,Attendance_Success,General_Balanced
89.4,39.3,17.0,89.3,7.6,20.7,Combo_HighStudy_LowMarks,Marks_Critical,ScreenTime_Critical
88.0,39.4,16.4,68.2,6.2,65.3,Combo_HighStudy_LowMarks,Combo_HighScreen_LowHomework,Marks_Critical
86.2,85.2,6.9,90.1,7.6,14.2,Combo_LowStudy_LowConsistency,StudyHours_Critical,ScreenTime_Critical
80.7,52.7,4.3,41.3,1.8,15.0,Combo_LowStudy_LowConsistency,Attendance_Warning,StudyHours_Critical
50.9,58.5,8.7,99.6,1.7,62.5,Attendance_Critical,General_Balanced,General_Balanced
78.0,45.4,11.0,96.6,6.8,10.2,Attendance_Warning,ScreenTime_Critical,Consistency_Warning
60.0,43.2,14.5,90.8,5.3,85.4,Combo_HighStudy_LowMarks,Attendance_Critical,ScreenTime_Critical
65.1,84.4,13.7,48.8,3.6,66.2,Attendance_Critical,ScreenTime_Warning,Marks_Success
65.7,30.7,6.6,45.5,2.6,69.4,Attendance_Critical,StudyHours_Critical,Marks_Critical
78.8,78.0,2.5,42.6,5.6,94.9,Combo_HighScreen_LowHomework,Attendance_Warning,StudyHours_Critical
95.9,57.4,13.2,46.5,5.8,62.5,Combo_HighScreen_LowHomework,ScreenTime_Critical,Attendance_Success
51.4,46.4,10.2,53.0,7.2,38.7,Combo_HighScreen_LowHomework,Attendance_Critical,ScreenTime_Critical
82.3,53.4,2.0,35.1,3.0,47.5,Attendance_Warning,StudyHours_Critical,ScreenTime_Warning
73.7,40.9,13.7,78.7,5.7,97.8,Combo_HighStudy_LowMarks,Attendance_Critical,ScreenTime_Critical
66.3,53.3,13.0,70.0,1.6,38.0,Attendance_Critical,Consistency_Warning,General_Balanced
67.6,36.1,3.5,58.4,7.6,81.3,Combo_HighScreen_LowHomework,Attendance_Critical,StudyHours_Critical
76.8,33.0,17.6,67.0,6.7,99.4,Combo_HighStudy_LowMarks,Combo_HighScreen_LowHomework,Attendance_Warning
75.7,27.1,9.3,60.6,2.6,37.6,Combo_LowStudy_LowConsistency,Attendance_Warning,Marks_Critical
83.4,28.6,11.0,78.8,3.8,65.5,Attendance_Warning,Marks_Critical,ScreenTime_Warning
50.5,84.4,9.2,37.7,1.5,46.0,Attendance_Critical,Marks_Success,General_Balanced
74.9,94.7,18.8,49.4,5.1,52.5,Combo_HighScreen_LowHomework,Attendance_Critical,ScreenTime_Critical
92.2,63.2,5.5,48.7,3.9,44.3,StudyHours_Critical,ScreenTime_Warning,General_Balanced
64.5,65.8,16.9,31.4,3.5,33.6,Attendance_Critical,ScreenTime_Warning,Consistency_Warning
50.4,51.2,17.8,60.7,7.5,68.0,Combo_HighScreen_LowHomework,Attendance_Critical,ScreenTime_Critical
83.9,54.3,2.5,84.2,3.9,59.2,Attendance_Warning,StudyHours_Critical,ScreenTime_Warning
90.4,61.7,3.1,33.3,2.4,86.2,StudyHours_Critical,Consistency_Success,General_Balanced
67.0,94.3,2.7,58.3,4.0,68.9,Combo_HighScreen_LowHomework,Attendance_Critical,StudyHours_Critical
62.0,53.9,14.3,71.8,6.1,50.3,Attendance_Critical,ScreenTime_Critical,General_Balanced
50.8,68.3,2.7,65.5,5.5,18.1,Combo_LowStudy_LowConsistency,Combo_HighScreen_LowHomework,Attendance_Critical
52.8,75.2,14.7,82.8,7.3,15.3,Attendance_Critical,ScreenTime_Critical,Consistency_Warning
90.4,53.6,14.1,37.9,4.7,20.2,Combo_HighScreen_LowHomework,ScreenTime_Warning,Consistency_Warning
96.8,81.4,8.2,97.1,7.2,90.7,ScreenTime_Critical,Attendance_Success,Marks_Success
94.6,51.6,14.9,98.8,4.9,48.4,ScreenTime_Warning,General_Balanced,General_Balanced
73.5,41.5,3.8,59.8,4.9,47.7,Combo_HighScreen_LowHomework,Attendance_Critical,StudyHours_Critical
79.9,31.8,13.7,46.0,3.2,85.0,Combo_HighStudy_LowMarks,Attendance_Warning,Marks_Critical
86.6,32.7,19.6,49.5,2.3,46.2,Combo_HighStudy_LowMarks,Marks_Critical,StudyHours_Success
78.2,93.6,6.1,93.4,4.1,49.2,Attendance_Warning,StudyHours_Critical,ScreenTime_Warning
69.1,70.7,13.4,91.1,3.3,11.0,Attendance_Critical,ScreenTime_Warning,Consistency_Warning
92.9,31.3,10.6,32.3,7.9,53.4,Combo_HighScreen_LowHomework,Marks_Critical,ScreenTime_Critical
55.6,80.6,15.4,87.8,2.0,30.7,Attendance_Critical,Consistency_Warning,StudyHours_Success
92.6,26.8,5.3,98.5,1.6,41.0,StudyHours_Critical,Marks_Critical,General_Balanced
65.4,32.8,14.0,32.2,4.4,22.9,Combo_HighStudy_LowMarks,Combo_HighScreen_LowHomework,Attendance_Critical
86.8,40.8,10.6,71.9,2.3,88.9,Consistency_Success,General_Balanced,General_Balanced
89.3,34.7,17.0,73.7,6.8,53.5,Combo_HighStudy_LowMarks,Marks_Critical,ScreenTime_Critical
80.7,76.2,2.7,69.5,1.2,59.5,Attendance_Warning,StudyHours_Critical,General_Balanced
96.2,34.9,6.1,46.1,1.8,48.5,StudyHours_Critical,Marks_Critical,Attendance_Success
97.1,92.0,6.4,70.0,6.0,18.6,Combo_LowStudy_LowConsistency,Combo_HighScreen_LowHomework,StudyHours_Critical
81.0,28.7,11.2,70.4,1.0,78.5,Attendance_Warning,Marks_Critical,General_Balanced
57.6,57.5,12.7,50.1,2.6,39.7,Attendance_Critical,Consistency_Warning,General_Balanced
57.0,63.5,5.2,44.5,4.3,88.6,Combo_HighScreen_LowHomework,Attendance_Critical,StudyHours_Critical
86.3,75.3,15.0,80.5,2.9,78.8,General_Balanced,General_Balanced,General_Balanced
56.1,59.2,15.4,94.5,1.8,96.2,Attendance_Critical,StudyHours_Success,Consistency_Success
64.0,76.8,18.9,43.6,5.8,76.6,Combo_HighScreen_LowHomework,Attendance_Critical,ScreenTime_Critical
69.5,47.6,4.0,37.4,1.8,96.6,Attendance_Critical,StudyHours_Critical,Consistency_Success
86.2,76.9,10.7,45.6,3.3,94.9,ScreenTime_Warning,Consistency_Success,General_Balanced
96.2,24.9,16.1,72.6,6.3,88.4,Combo_HighStudy_LowMarks,Marks_Critical,ScreenTime_Critical
62.7,48.0,8.3,38.1,1.8,23.3,Combo_LowStudy_LowConsistency,Attendance_Critical,Consistency_Warning
92.7,69.3,10.1,73.0,7.1,60.7,ScreenTime_Critical,General_Balanced,General_Balanced
53.4,87.6,12.9,53.2,8.0,83.5,Combo_HighScreen_LowHomework,Attendance_Critical,ScreenTime_Critical
78.4,31.6,5.9,67.7,6.7,12.1,Combo_LowStudy_LowConsistency,Combo_HighScreen_LowHomework,Attendance_Warning
66.1,26.0,13.7,39.8,1.6,33.9,Combo_HighStudy_LowMarks,Attendance_Critical,Marks_Critical
58.8,65.1,11.3,91.6,6.6,65.8,Attendance_Critical,ScreenTime_Critical,General_Balanced
75.7,66.1,15.5,30.2,2.0,20.2,Attendance_Warning,Consistency_Warning,StudyHours_Success
75.3,47.3,15.1,37.5,4.7,77.1,Combo_HighStudy_LowMarks,Combo_HighScreen_LowHomework,Attendance_Warning
76.1,55.0,12.8,81.4,3.9,17.5,Attendance_Warning,ScreenTime_Warning,Consistency_Warning
98.8,52.5,5.2,36.9,7.2,83.4,Combo_HighScreen_LowHomework,StudyHours_Critical,ScreenTime_Critical
70.6,32.2,19.1,68.3,2.9,29.0,Combo_HighStudy_LowMarks,Attendance_Critical,Marks_Critical
59.9,25.9,19.4,41.7,4.8,26.4,Combo_HighStudy_LowMarks,Combo_HighScreen_LowHomework,Attendance_Critical
70.3,33.4,5.7,76.6,5.4,59.8,Attendance_Critical,StudyHours_Critical,Marks_Critical
58.7,40.6,6.5,61.5,1.8,47.4,Attendance_Critical,StudyHours_Critical,General_Balanced
57.7,23.5,7.8,55.7,4.7,25.8,Combo_LowStudy_LowConsistency,Combo_HighScreen_LowHomework,Attendance_Critical
93.4,87.4,18.0,55.8,5.1,12.6,Combo_HighScreen_LowHomework,ScreenTime_Critical,Consistency_Warning
90.2,24.1,17.3,30.1,7.0,49.6,Combo_HighStudy_LowMarks,Combo_HighScreen_LowHomework,Marks_Critical
70.0,61.8,17.9,93.1,1.0,45.8,Attendance_Critical,StudyHours_Success,General_Balanced
50.5,73.5,5.3,76.7,6.3,17.8,Combo_LowStudy_LowConsistency,Attendance_Critical,StudyHours_Critical
75.7,72.6,13.2,90.7,3.1,10.8,Attendance_Warning,ScreenTime_Warning,Consistency_Warning
59.3,53.8,8.1,30.3,4.6,47.8,Combo_HighScreen_LowHomework,Attendance_Critical,ScreenTime_Warning
53.1,86.4,5.1,82.8,4.5,50.2,Attendance_Critical,StudyHours_Critical,ScreenTime_Warning
55.6,54.0,12.2,81.6,3.1,17.5,Attendance_Critical,ScreenTime_Warning,Consistency_Warning
69.6,93.1,13.1,36.9,4.6,46.3,Combo_HighScreen_LowHomework,Attendance_Critical,ScreenTime_Warning
50.5,48.5,6.3,31.8,6.6,50.7,Combo_HighScreen_LowHomework,Attendance_Critical,StudyHours_Critical
50.9,66.8,14.5,65.3,6.3,38.1,Combo_HighScreen_LowHomework,Attendance_Critical,ScreenTime_Critical
76.3,87.0,13.2,55.4,3.3,86.0,Attendance_Warning,ScreenTime_Warning,Marks_Success
99.4,58.6,2.7,59.6,3.0,38.6,Combo_LowStudy_LowConsistency,StudyHours_Critical,ScreenTime_Warning
51.9,78.6,4.3,83.3,2.0,91.7,Attendance_Critical,StudyHours_Critical,Consistency_Success
80.5,35.6,6.7,97.8,5.8,99.4,Attendance_Warning,StudyHours_Critical,Marks_Critical
61.8,22.7,10.1,94.7,4.9,88.9,Attendance_Critical,Marks_Critical,ScreenTime_Warning
74.1,39.7,6.0,31.4,7.7,68.7,Combo_HighScreen_LowHomework,Attendance_Critical,StudyHours_Critical
68.5,20.9,4.2,94.2,3.4,98.2,Attendance_Critical,StudyHours_Critical,Marks_Critical
74.3,34.1,11.3,36.1,5.4,74.5,Combo_HighScreen_LowHomework,Attendance_Critical,Marks_Critical
95.6,31.0,4.5,54.7,2.7,13.6,Combo_LowStudy_LowConsistency,StudyHours_Critical,Marks_Critical
85.9,63.8,3.7,36.5,6.4,87.0,Combo_HighScreen_LowHomework,StudyHours_Critical,ScreenTime_Critical
92.9,43.3,12.0,40.9,7.7,53.0,Combo_HighScreen_LowHomework,ScreenTime_Critical,General_Balanced
91.6,73.6,7.5,51.2,6.6,60.2,Combo_HighScreen_LowHomework,StudyHours_Critical,ScreenTime_Critical
53.2,65.1,15.7,34.0,6.2,26.0,Combo_HighScreen_LowHomework,Attendance_Critical,ScreenTime_Critical
76.6,42.5,3.7,45.6,2.6,11.4,Combo_LowStudy_LowConsistency,Attendance_Warning,StudyHours_Critical
67.4,59.2,7.5,99.9,5.6,86.1,Attendance_Critical,StudyHours_Critical,ScreenTime_Critical
97.7,40.8,2.2,58.5,3.9,87.4,StudyHours_Critical,ScreenTime_Warning,Attendance_Success
81.5,73.7,12.3,58.9,3.3,40.2,Attendance_Warning,ScreenTime_Warning,General_Balanced
76.2,46.9,15.4,77.9,6.8,65.9,Combo_HighStudy_LowMarks,Attendance_Warning,ScreenTime_Critical
93.4,21.8,16.0,73.7,2.9,96.2,Combo_HighStudy_LowMarks,Marks_Critical,StudyHours_Success
95.6,40.0,4.4,30.1,6.4,12.7,Combo_LowStudy_LowConsistency,Combo_HighScreen_LowHomework,StudyHours_Critical
61.3,35.2,18.6,88.8,5.3,89.4,Combo_HighStudy_LowMarks,Attendance_Critical,Marks_Critical
72.3,86.8,10.6,64.1,4.8,82.3,Combo_HighScreen_LowHomework,Attendance_Critical,ScreenTime_Warning
56.4,54.3,6.7,44.3,6.5,23.5,Combo_LowStudy_LowConsistency,Combo_HighScreen_LowHomework,Attendance_Critical
56.3,22.3,6.4,51.7,1.5,40.6,Attendance_Critical,StudyHours_Critical,Marks_Critical
98.1,41.6,11.3,31.0,6.8,22.5,Combo_HighScreen_LowHomework,ScreenTime_Critical,Consistency_Warning
92.4,79.7,11.5,75.1,4.4,60.4,ScreenTime_Warning,General_Balanced,General_Balanced
88.8,70.0,6.5,70.0,5.4,46.3,Combo_HighScreen_LowHomework,StudyHours_Critical,ScreenTime_Critical
78.2,61.0,10.7,42.4,5.1,86.2,Combo_HighScreen_LowHomework,Attendance_Warning,ScreenTime_Critical
94.4,68.3,11.4,60.2,4.5,19.3,Combo_HighScreen_LowHomework,ScreenTime_Warning,Consistency_Warning
68.2,57.3,2.2,54.2,6.9,96.8,Combo_HighScreen_LowHomework,Attendance_Critical,StudyHours_Critical
84.1,89.2,16.3,66.0,4.1,53.4,Combo_HighScreen_LowHomework,Attendance_Warning,ScreenTime_Warning
51.0,75.0,18.0,47.9,3.9,96.1,Attendance_Critical,ScreenTime_Warning,StudyHours_Success
91.7,41.8,10.9,64.2,5.4,61.7,Combo_HighScreen_LowHomework,ScreenTime_Critical,General_Balanced
70.9,40.9,8.6,51.8,2.9,86.9,Attendance_Critical,Consistency_Success,General_Balanced
67.4,21.3,6.5,33.0,7.8,83.4,Combo_HighScreen_LowHomework,Attendance_Critical,StudyHours_Critical
93.4,76.7,15.4,67.1,1.6,68.9,StudyHours_Success,General_Balanced,General_Balanced
60.1,26.1,9.3,59.9,3.0,84.9,Attendance_Critical,Marks_Critical,ScreenTime_Warning
85.6,74.0,16.4,39.5,7.0,32.9,Combo_HighScreen_LowHomework,ScreenTime_Critical,Consistency_Warning
59.1,94.6,9.0,62.1,1.3,99.5,Attendance_Critical,Marks_Success,Consistency_Success
77.3,75.4,15.1,66.4,1.5,34.6,Attendance_Warning,Consistency_Warning,StudyHours_Success
51.3,50.2,18.4,80.8,2.4,70.7,Attendance_Critical,StudyHours_Success,General_Balanced
88.9,84.1,8.6,72.1,7.8,43.1,ScreenTime_Critical,Marks_Success,General_Balanced
51.0,58.0,11.1,36.1,1.1,64.4,Attendance_Critical,General_Balanced,General_Balanced
53.3,33.5,17.7,31.4,2.7,55.0,Combo_HighStudy_LowMarks,Attendance_Critical,Marks_Critical
51.1,50.3,17.4,62.3,5.2,75.8,Combo_HighScreen_LowHomework,Attendance_Critical,ScreenTime_Critical
97.9,39.8,12.7,33.7,1.3,23.8,Combo_HighStudy_LowMarks,Marks_Critical,Consistency_Warning
67.9,89.4,15.5,72.2,4.2,76.9,Attendance_Critical,ScreenTime_Warning,StudyHours_Success
93.7,65.5,2.3,46.1,5.6,23.2,Combo_LowStudy_LowConsistency,Combo_HighScreen_LowHomework,StudyHours_Critical
96.4,46.3,16.9,40.1,7.9,71.0,Combo_HighStudy_LowMarks,Combo_HighScreen_LowHomework,ScreenTime_Critical
64.1,89.2,7.1,79.2,6.3,77.6,Attendance_Critical,StudyHours_Critical,ScreenTime_Critical
70.6,49.6,2.9,93.1,7.8,79.9,Attendance_Critical,StudyHours_Critical,ScreenTime_Critical
82.7,91.4,19.2,99.2,6.4,93.1,Attendance_Warning,ScreenTime_Critical,StudyHours_Success
80.2,49.4,17.1,94.9,5.8,10.4,Combo_HighStudy_LowMarks,Attendance_Warning,ScreenTime_Critical
77.8,36.6,2.4,72.1,2.2,38.4,Combo_LowStudy_LowConsistency,Attendance_Warning,StudyHours_Critical
83.4,39.4,14.8,58.3,2.1,16.1,Combo_HighStudy_LowMarks,Attendance_Warning,Marks_Critical
53.2,67.2,2.6,95.7,1.8,94.6,Attendance_Critical,StudyHours_Critical,Consistency_Success
54.8,52.3,2.4,31.1,7.7,30.3,Combo_LowStudy_LowConsistency,Combo_HighScreen_LowHomework,Attendance_Critical
78.0,59.2,2.9,65.2,4.3,41.6,Combo_HighScreen_LowHomework,Attendance_Warning,StudyHours_Critical
92.6,31.2,17.0,52.6,4.7,45.4,Combo_HighStudy_LowMarks,Combo_HighScreen_LowHomework,Marks_Critical
99.4,68.3,17.1,67.9,6.6,21.6,Combo_HighScreen_LowHomework,ScreenTime_Critical,Consistency_Warning
81.6,51.0,14.5,82.5,2.7,70.3,Attendance_Warning,General_Balanced,General_Balanced
76.6,87.5,3.8,46.1,1.8,60.5,Attendance_Warning,StudyHours_Critical,Marks_Success
74.5,40.9,19.5,42.8,4.4,18.2,Combo_HighStudy_LowMarks,Combo_HighScreen_LowHomework,Attendance_Critical
76.7,83.6,7.8,36.3,3.3,85.5,Attendance_Warning,StudyHours_Critical,ScreenTime_Warning
94.3,23.1,10.8,65.7,2.1,22.6,Marks_Critical,Consistency_Warning,General_Balanced
63.6,29.2,17.3,93.7,2.5,97.7,Combo_HighStudy_LowMarks,Attendance_Critical,Marks_Critical
77.5,22.3,4.5,42.6,1.4,55.9,Attendance_Warning,StudyHours_Critical,Marks_Critical
87.2,25.6,11.6,49.0,5.1,14.0,Combo_HighScreen_LowHomework,Marks_Critical,ScreenTime_Critical
52.0,58.8,7.3,81.1,2.2,33.4,Combo_LowStudy_LowConsistency,Attendance_Critical,StudyHours_Critical
61.2,45.0,9.3,79.4,6.3,71.3,Attendance_Critical,ScreenTime_Critical,General_Balanced
82.9,51.5,7.8,57.1,5.8,19.2,Combo_LowStudy_LowConsistency,Combo_HighScreen_LowHomework,Attendance_Warning
98.7,63.8,8.8,40.1,2.2,42.9,Attendance_Success,General_Balanced,General_Balanced
99.4,24.0,8.8,45.6,1.9,49.3,Marks_Critical,Attendance_Success,General_Balanced
68.7,93.0,15.8,72.7,6.0,84.1,Attendance_Critical,ScreenTime_Critical,StudyHours_Success
71.2,33.7,16.1,31.5,5.1,46.8,Combo_HighStudy_LowMarks,Combo_HighScreen_LowHomework,Attendance_Critical
97.5,70.4,19.7,89.4,4.7,66.6,ScreenTime_Warning,Attendance_Success,StudyHours_Success
84.2,29.3,17.7,32.0,2.3,38.0,Combo_HighStudy_LowMarks,Attendance_Warning,Marks_Critical
88.2,62.9,16.7,53.8,7.6,67.6,Combo_HighScreen_LowHomework,ScreenTime_Critical,StudyHours_Success
96.7,40.3,15.5,31.4,3.5,65.6,Combo_HighStudy_LowMarks,ScreenTime_Warning,Attendance_Success
72.5,43.9,4.2,47.5,1.5,49.2,Attendance_Critical,StudyHours_Critical,General_Balanced
71.0,83.2,5.8,60.0,4.1,34.4,Combo_LowStudy_LowConsistency,Combo_HighScreen_LowHomework,Attendance_Critical
84.1,43.3,11.0,81.6,3.3,82.8,Attendance_Warning,ScreenTime_Warning,Consistency_Success
79.5,81.4,14.4,72.5,3.4,52.2,Attendance_Warning,ScreenTime_Warning,Marks_Success
50.8,26.8,6.3,48.9,7.6,69.2,Combo_HighScreen_LowHomework,Attendance_Critical,StudyHours_Critical
81.1,57.9,13.9,54.6,7.9,51.7,Combo_HighScreen_LowHomework,Attendance_Warning,ScreenTime_Critical
94.4,56.5,13.0,97.7,1.0,17.2,Consistency_Warning,General_Balanced,General_Balanced
96.6,67.6,14.5,67.6,7.5,84.5,Combo_HighScreen_LowHomework,ScreenTime_Critical,Attendance_Success
96.4,43.9,9.8,47.0,1.7,26.5,Combo_LowStudy_LowConsistency,Consistency_Warning,Attendance_Success
87.2,43.4,16.7,73.2,4.4,18.3,Combo_HighStudy_LowMarks,ScreenTime_Warning,Consistency_Warning
78.7,51.8,5.0,87.9,7.3,15.8,Combo_LowStudy_LowConsistency,Attendance_Warning,StudyHours_Critical
71.1,85.4,11.1,79.6,1.5,91.1,Attendance_Critical,Marks_Success,Consistency_Success
96.7,83.0,16.8,96.9,3.0,29.6,Consistency_Warning,Attendance_Success,StudyHours_Success
85.3,52.4,6.6,71.8,5.8,64.3,StudyHours_Critical,ScreenTime_Critical,General_Balanced
72.4,83.8,10.6,41.9,2.2,22.2,Attendance_Critical,Consistency_Warning,Marks_Success
76.6,25.3,14.0,87.3,4.8,27.3,Combo_HighStudy_LowMarks,Attendance_Warning,Marks_Critical
82.4,54.7,15.0,88.7,7.9,59.1,Attendance_Warning,ScreenTime_Critical,General_Balanced
64.8,47.0,10.0,89.2,1.8,95.6,Attendance_Critical,Consistency_Success,General_Balanced
81.1,82.7,7.2,76.7,3.9,40.2,Attendance_Warning,StudyHours_Critical,ScreenTime_Warning
72.2,36.1,4.0,93.4,3.7,70.4,Attendance_Critical,StudyHours_Critical,Marks_Critical
57.5,20.7,15.0,83.4,6.6,36.9,Combo_HighStudy_LowMarks,Attendance_Critical,Marks_Critical
72.7,55.7,14.2,50.1,3.8,52.4,Attendance_Critical,ScreenTime_Warning,General_Balanced
82.9,43.0,16.4,46.5,2.6,64.5,Combo_HighStudy_LowMarks,Attendance_Warning,StudyHours_Success
66.4,73.0,12.1,47.0,7.0,89.8,Combo_HighScreen_LowHomework,Attendance_Critical,ScreenTime_Critical
50.0,71.4,19.1,92.0,7.5,29.8,Attendance_Critical,ScreenTime_Critical,Consistency_Warning
62.4,87.5,12.2,37.7,4.3,60.7,Combo_HighScreen_LowHomework,Attendance_Critical,ScreenTime_Warning
68.3,57.1,9.3,60.5,7.0,12.4,Combo_LowStudy_LowConsistency,Combo_HighScreen_LowHomework,Attendance_Critical
63.8,59.2,12.9,40.3,6.7,56.5,Combo_HighScreen_LowHomework,Attendance_Critical,ScreenTime_Critical
90.9,48.4,10.2,59.9,1.8,21.5,Consistency_Warning,General_Balanced,General_Balanced
61.1,86.9,6.4,51.5,8.0,93.9,Combo_HighScreen_LowHomework,Attendance_Critical,StudyHours_Critical
98.1,94.1,9.6,58.9,7.0,46.0,Combo_HighScreen_LowHomework,ScreenTime_Critical,Attendance_Success
60.0,28.6,8.1,53.7,2.2,65.7,Attendance_Critical,Marks_Critical,General_Balanced
60.5,79.6,8.7,80.7,5.1,67.6,Attendance_Critical,ScreenTime_Critical,General_Balanced
86.0,28.8,3.7,83.1,5.3,81.1,StudyHours_Critical,Marks_Critical,ScreenTime_Critical
62.7,44.9,9.5,66.2,5.4,88.0,Combo_HighScreen_LowHomework,Attendance_Critical,ScreenTime_Critical
51.9,21.0,9.6,53.3,4.3,42.3,Combo_HighScreen_LowHomework,Attendance_Critical,Marks_Critical
92.4,81.2,3.7,85.4,7.3,78.7,StudyHours_Critical,ScreenTime_Critical,Marks_Success
78.5,45.1,13.4,88.6,4.0,79.8,Combo_HighStudy_LowMarks,Attendance_Warning,ScreenTime_Warning
50.4,28.3,12.2,80.9,1.9,28.6,Combo_HighStudy_LowMarks,Attendance_Critical,Marks_Critical
85.9,55.8,8.1,97.0,4.2,92.5,ScreenTime_Warning,Consistency_Success,General_Balanced
94.9,28.7,19.3,89.4,1.9,12.6,Combo_HighStudy_LowMarks,Marks_Critical,Consistency_Warning
78.9,59.0,9.0,65.8,4.7,21.9,Combo_LowStudy_LowConsistency,Combo_HighScreen_LowHomework,Attendance_Warning
60.9,55.8,18.4,69.1,3.2,20.8,Attendance_Critical,ScreenTime_Warning,Consistency_Warning
87.6,37.4,12.4,39.3,7.0,62.8,Combo_HighStudy_LowMarks,Combo_HighScreen_LowHomework,Marks_Critical
76.1,60.0,2.1,55.8,1.9,42.9,Attendance_Warning,StudyHours_Critical,General_Balanced
76.7,39.9,18.1,38.9,2.1,89.5,Combo_HighStudy_LowMarks,Attendance_Warning,Marks_Critical
86.6,59.1,7.8,84.6,5.6,49.5,StudyHours_Critical,ScreenTime_Critical,General_Balanced
89.1,69.5,16.1,66.3,5.7,30.1,Combo_HighScreen_LowHomework,ScreenTime_Critical,Consistency_Warning
95.0,34.4,4.4,49.5,4.0,95.8,StudyHours_Critical,Marks_Critical,ScreenTime_Warning
67.1,42.1,19.5,85.6,4.1,79.4,Combo_HighStudy_LowMarks,Attendance_Critical,ScreenTime_Warning
74.4,40.2,5.7,82.5,1.6,14.5,Combo_LowStudy_LowConsistency,Attendance_Critical,StudyHours_Critical
54.9,90.1,18.1,88.9,1.7,19.9,Attendance_Critical,Consistency_Warning,StudyHours_Success
86.0,51.2,19.6,41.8,2.6,34.9,Consistency_Warning,StudyHours_Success,General_Balanced
77.3,48.1,14.2,86.5,7.6,94.7,Combo_HighStudy_LowMarks,Attendance_Warning,ScreenTime_Critical
95.4,68.8,12.3,33.3,6.1,77.4,Combo_HighScreen_LowHomework,ScreenTime_Critical,Attendance_Success
68.1,87.5,12.0,77.6,1.3,97.3,Attendance_Critical,Marks_Success,Consistency_Success
56.2,35.5,18.4,48.7,6.9,45.3,Combo_HighStudy_LowMarks,Combo_HighScreen_LowHomework,Attendance_Critical
58.8,56.5,6.4,31.2,3.7,60.8,Attendance_Critical,StudyHours_Critical,ScreenTime_Warning
63.4,74.8,5.7,72.1,2.6,48.3,Attendance_Critical,StudyHours_Critical,General_Balanced
82.2,65.3,8.4,50.2,2.1,59.0,Attendance_Warning,General_Balanced,General_Balanced
50.1,78.1,6.9,66.5,3.4,51.7,Attendance_Critical,StudyHours_Critical,ScreenTime_Warning
64.7,86.3,16.1,34.0,3.5,47.1,Attendance_Critical,ScreenTime_Warning,StudyHours_Success
62.1,38.0,11.9,57.1,2.0,53.6,Attendance_Critical,Marks_Critical,General_Balanced
97.1,39.0,3.6,67.7,1.4,32.6,Combo_LowStudy_LowConsistency,StudyHours_Critical,Marks_Critical
74.7,62.7,6.3,31.2,2.8,16.5,Combo_LowStudy_LowConsistency,Attendance_Critical,StudyHours_Critical
95.7,72.5,19.9,57.9,6.1,86.4,Combo_HighScreen_LowHomework,ScreenTime_Critical,Attendance_Success
66.3,68.0,6.7,79.1,3.8,31.3,Combo_LowStudy_LowConsistency,Attendance_Critical,StudyHours_Critical
51.3,66.9,13.3,83.9,6.4,71.3,Attendance_Critical,ScreenTime_Critical,General_Balanced
57.9,62.6,10.8,92.1,4.8,25.7,Attendance_Critical,ScreenTime_Warning,Consistency_Warning
77.8,68.4,8.3,60.0,6.9,27.6,Combo_LowStudy_LowConsistency,Combo_HighScreen_LowHomework,Attendance_Warning
88.2,24.9,5.8,85.8,2.3,52.4,StudyHours_Critical,Marks_Critical,General_Balanced
95.6,82.5,18.9,51.0,7.3,41.3,Combo_HighScreen_LowHomework,ScreenTime_Critical,Attendance_Success
63.0,53.9,4.7,57.3,3.3,79.1,Attendance_Critical,StudyHours_Critical,ScreenTime_Warning
80.1,90.1,6.3,41.0,6.4,30.1,Combo_LowStudy_LowConsistency,Combo_HighScreen_LowHomework,Attendance_Warning
98.9,28.0,6.4,49.4,1.3,48.5,StudyHours_Critical,Marks_Critical,Attendance_Success
70.4,24.9,11.4,74.6,4.7,19.8,Attendance_Critical,Marks_Critical,ScreenTime_Warning
68.2,78.1,15.1,43.3,5.6,68.4,Combo_HighScreen_LowHomework,Attendance_Critical,ScreenTime_Critical
52.8,75.9,14.3,36.2,7.6,57.9,Combo_HighScreen_LowHomework,Attendance_Critical,ScreenTime_Critical
97.8,45.0,5.3,85.3,2.5,80.7,StudyHours_Critical,Attendance_Success,Consistency_Success
82.4,50.7,19.6,44.6,2.2,71.6,Attendance_Warning,StudyHours_Success,General_Balanced
90.4,49.9,3.6,56.2,1.2,48.4,StudyHours_Critical,General_Balanced,General_Balanced
58.0,94.0,7.7,39.4,4.6,12.0,Combo_LowStudy_LowConsistency,Combo_HighScreen_LowHomework,Attendance_Critical
60.8,71.4,10.4,53.7,1.4,84.4,Attendance_Critical,Consistency_Success,General_Balanced
72.7,63.5,17.8,58.2,3.3,31.9,Attendance_Critical,ScreenTime_Warning,Consistency_Warning
94.8,64.9,7.9,69.2,6.6,44.4,Combo_HighScreen_LowHomework,StudyHours_Critical,ScreenTime_Critical
64.2,46.8,9.1,65.6,5.9,83.0,Combo_HighScreen_LowHomework,Attendance_Critical,ScreenTime_Critical
71.5,89.1,3.8,36.7,2.9,62.4,Attendance_Critical,StudyHours_Critical,Marks_Success
52.9,88.3,17.8,66.0,2.4,28.0,Attendance_Critical,Consistency_Warning,StudyHours_Success
98.6,88.0,18.3,67.6,2.2,46.7,Attendance_Success,StudyHours_Success,Marks_Success
54.8,82.6,11.8,100.0,6.1,98.4,Attendance_Critical,ScreenTime_Critical,Marks_Success
96.0,73.0,5.3,92.2,1.9,95.1,StudyHours_Critical,Attendance_Success,Consistency_Success
56.9,37.7,8.6,32.7,1.3,28.8,Combo_LowStudy_LowConsistency,Attendance_Critical,Marks_Critical
62.8,47.1,18.3,80.9,5.1,77.8,Combo_HighStudy_LowMarks,Attendance_Critical,ScreenTime_Critical
57.7,79.2,8.5,88.7,2.3,11.3,Combo_LowStudy_LowConsistency,Attendance_Critical,Consistency_Warning
81.1,63.9,12.9,75.0,6.1,50.5,Attendance_Warning,ScreenTime_Critical,General_Balanced
98.4,67.4,7.3,69.1,4.1,14.3,Combo_LowStudy_LowConsistency,Combo_HighScreen_LowHomework,StudyHours_Critical
88.5,34.7,13.8,42.5,1.8,14.9,Combo_HighStudy_LowMarks,Marks_Critical,Consistency_Warning
59.6,27.4,15.6,64.7,6.6,69.6,Combo_HighStudy_LowMarks,Combo_HighScreen_LowHomework,Attendance_Critical
51.0,90.1,5.1,56.4,4.0,97.7,Attendance_Critical,StudyHours_Critical,ScreenTime_Warning
80.1,89.0,15.2,35.2,5.7,67.9,Combo_HighScreen_LowHomework,Attendance_Warning,ScreenTime_Critical
72.7,53.1,3.8,64.1,7.8,69.4,Combo_HighScreen_LowHomework,Attendance_Critical,StudyHours_Critical
93.1,43.8,11.2,84.6,7.4,13.2,ScreenTime_Critical,Consistency_Warning,General_Balanced
56.2,23.6,4.0,84.6,7.2,68.1,Attendance_Critical,StudyHours_Critical,Marks_Critical
59.4,30.5,4.5,76.8,6.4,53.6,Attendance_Critical,StudyHours_Critical,Marks_Critical
66.3,45.6,10.3,34.3,4.8,90.4,Combo_HighScreen_LowHomework,Attendance_Critical,ScreenTime_Warning
60.8,87.0,14.4,65.5,3.9,61.3,Attendance_Critical,ScreenTime_Warning,Marks_Success
94.2,94.2,8.4,55.6,3.7,52.6,ScreenTime_Warning,Marks_Success,General_Balanced
89.5,67.7,7.4,57.7,3.0,43.3,StudyHours_Critical,General_Balanced,General_Balanced
72.1,89.4,10.4,44.8,6.6,71.9,Combo_HighScreen_LowHomework,Attendance_Critical,ScreenTime_Critical
71.6,79.7,2.8,89.6,2.5,19.4,Combo_LowStudy_LowConsistency,Attendance_Critical,StudyHours_Critical
79.7,47.0,8.6,88.9,1.3,86.6,Attendance_Warning,Consistency_Success,General_Balanced
87.3,39.5,6.5,42.0,5.2,81.4,Combo_HighScreen_LowHomework,StudyHours_Critical,Marks_Critical
93.3,72.8,15.3,80.1,8.0,48.7,ScreenTime_Critical,StudyHours_Success,General_Balanced
91.8,37.5,8.9,45.0,4.3,29.0,Combo_LowStudy_LowConsistency,Combo_HighScreen_LowHomework,Marks_Critical
62.8,80.0,17.1,42.2,3.7,71.3,Attendance_Critical,ScreenTime_Warning,StudyHours_Success
78.7,40.3,14.3,71.6,5.0,39.2,Combo_HighStudy_LowMarks,Attendance_Warning,ScreenTime_Warning
85.8,69.8,9.7,52.0,4.1,53.7,Combo_HighScreen_LowHomework,ScreenTime_Warning,General_Balanced
76.9,61.4,10.2,35.3,7.8,25.3,Combo_HighScreen_LowHomework,Attendance_Warning,ScreenTime_Critical
60.0,39.2,3.3,90.7,6.3,94.7,Attendance_Critical,StudyHours_Critical,Marks_Critical
95.0,73.8,3.2,92.2,2.2,17.6,Combo_LowStudy_LowConsistency,StudyHours_Critical,Consistency_Warning
52.4,69.5,11.6,46.1,3.9,22.1,Attendance_Critical,ScreenTime_Warning,Consistency_Warning
83.4,79.5,13.2,43.0,7.7,84.1,Combo_HighScreen_LowHomework,Attendance_Warning,ScreenTime_Critical
68.8,84.5,15.0,75.1,6.0,50.1,Attendance_Critical,ScreenTime_Critical,Marks_Success
50.7,45.7,5.8,60.4,5.9,28.4,Combo_LowStudy_LowConsistency,Combo_HighScreen_LowHomework,Attendance_Critical
69.8,47.2,9.5,48.6,1.6,31.4,Combo_LowStudy_LowConsistency,Attendance_Critical,Consistency_Warning
55.2,48.2,12.1,51.5,7.1,85.5,Combo_HighStudy_LowMarks,Combo_HighScreen_LowHomework,Attendance_Critical
98.0,64.2,2.7,75.8,6.6,99.4,StudyHours_Critical,ScreenTime_Critical,Attendance_Success
53.5,54.3,11.5,62.2,7.4,33.6,Combo_HighScreen_LowHomework,Attendance_Critical,ScreenTime_Critical
60.8,88.7,9.0,60.7,4.6,18.6,Combo_LowStudy_LowConsistency,Combo_HighScreen_LowHomework,Attendance_Critical
60.7,24.7,7.3,77.4,2.0,58.3,Attendance_Critical,StudyHours_Critical,Marks_Critical
67.1,74.6,19.2,40.8,2.9,72.4,Attendance_Critical,StudyHours_Success,General_Balanced
74.7,74.0,6.1,40.3,2.8,18.0,Combo_LowStudy_LowConsistency,Attendance_Critical,StudyHours_Critical
68.2,27.9,8.5,88.8,6.8,44.4,Attendance_Critical,Marks_Critical,ScreenTime_Critical
61.4,87.0,13.6,73.0,1.6,58.6,Attendance_Critical,Marks_Success,General_Balanced
75.7,47.7,11.0,67.8,5.8,67.9,Combo_HighScreen_LowHomework,Attendance_Warning,ScreenTime_Critical
72.8,90.0,6.1,36.5,1.6,50.5,Attendance_Critical,StudyHours_Critical,Marks_Success
54.6,25.9,4.8,57.7,2.8,30.1,Combo_LowStudy_LowConsistency,Attendance_Critical,StudyHours_Critical
80.5,25.1,7.4,79.1,7.8,26.7,Combo_LowStudy_LowConsistency,Attendance_Warning,StudyHours_Critical
61.5,58.7,13.2,35.5,1.5,70.8,Attendance_Critical,General_Balanced,General_Balanced
90.7,64.9,17.8,81.7,5.8,19.9,ScreenTime_Critical,Consistency_Warning,StudyHours_Success
58.2,38.1,12.2,76.6,2.1,31.7,Combo_HighStudy_LowMarks,Attendance_Critical,Marks_Critical
50.2,45.2,19.3,35.7,2.6,16.1,Combo_HighStudy_LowMarks,Attendance_Critical,Consistency_Warning
73.7,94.2,5.3,81.8,6.7,31.5,Combo_LowStudy_LowConsistency,Attendance_Critical,StudyHours_Critical
74.9,58.7,2.9,40.5,5.1,57.4,Combo_HighScreen_LowHomework,Attendance_Critical,StudyHours_Critical
89.2,80.8,3.7,79.7,4.0,33.8,Combo_LowStudy_LowConsistency,StudyHours_Critical,ScreenTime_Warning
98.9,57.1,17.3,87.2,4.9,57.5,ScreenTime_Warning,Attendance_Success,StudyHours_Success
92.0,94.2,19.8,59.6,4.9,78.3,Combo_HighScreen_LowHomework,ScreenTime_Warning,StudyHours_Success
82.2,37.0,9.6,75.7,1.2,43.9,Attendance_Warning,Marks_Critical,General_Balanced
60.1,40.6,12.5,77.8,7.8,12.7,Combo_HighStudy_LowMarks,Attendance_Critical,ScreenTime_Critical
85.1,90.5,14.0,74.8,3.7,40.1,ScreenTime_Warning,Marks_Success,General_Balanced
98.6,44.7,19.2,57.4,5.0,57.3,Combo_HighStudy_LowMarks,Combo_HighScreen_LowHomework,ScreenTime_Critical
63.7,88.7,16.1,51.6,3.6,77.3,Attendance_Critical,ScreenTime_Warning,StudyHours_Success
94.1,70.1,9.0,72.7,3.1,79.9,ScreenTime_Warning,General_Balanced,General_Balanced
86.4,87.7,5.5,74.1,1.8,61.3,StudyHours_Critical,Marks_Success,General_Balanced
70.5,92.5,14.0,43.6,2.2,41.1,Attendance_Critical,Marks_Success,General_Balanced
58.0,52.5,16.3,40.7,5.2,59.1,Combo_HighScreen_LowHomework,Attendance_Critical,ScreenTime_Critical
50.2,92.4,14.0,89.1,4.5,15.4,Attendance_Critical,ScreenTime_Warning,Consistency_Warning
88.4,58.7,16.6,79.2,3.0,99.8,StudyHours_Success,Consistency_Success,General_Balanced
88.3,87.7,12.1,37.7,3.2,87.3,ScreenTime_Warning,Marks_Success,Consistency_Success
86.9,23.0,6.0,38.6,1.4,30.8,Combo_LowStudy_LowConsistency,StudyHours_Critical,Marks_Critical
68.7,94.8,4.8,37.9,3.3,68.5,Attendance_Critical,StudyHours_Critical,ScreenTime_Warning
77.8,45.5,2.6,52.4,6.8,43.9,Combo_HighScreen_LowHomework,Attendance_Warning,StudyHours_Critical
72.3,80.2,12.9,54.4,6.3,57.8,Combo_HighScreen_LowHomework,Attendance_Critical,ScreenTime_Critical
91.6,28.0,16.7,62.6,2.3,70.6,Combo_HighStudy_LowMarks,Marks_Critical,StudyHours_Success
90.0,24.6,14.8,62.6,5.8,23.5,Combo_HighStudy_LowMarks,Combo_HighScreen_LowHomework,Marks_Critical
66.5,35.1,7.0,86.1,3.2,41.2,Attendance_Critical,StudyHours_Critical,Marks_Critical
67.2,59.5,8.4,45.6,3.5,33.2,Combo_LowStudy_LowConsistency,Attendance_Critical,ScreenTime_Warning
50.0,80.4,9.3,70.7,3.6,82.5,Attendance_Critical,ScreenTime_Warning,Marks_Success
95.9,24.1,8.2,56.5,6.3,78.8,Combo_HighScreen_LowHomework,Marks_Critical,ScreenTime_Critical
88.5,44.9,10.7,76.4,7.8,15.6,ScreenTime_Critical,Consistency_Warning,General_Balanced
80.4,34.0,3.6,33.5,4.7,14.0,Combo_LowStudy_LowConsistency,Combo_HighScreen_LowHomework,Attendance_Warning
56.5,51.6,2.7,57.3,5.9,100.0,Combo_HighScreen_LowHomework,Attendance_Critical,StudyHours_Critical
82.7,73.8,8.5,83.2,7.6,17.9,Combo_LowStudy_LowConsistency,Attendance_Warning,ScreenTime_Critical
98.2,76.5,10.1,75.4,6.0,79.0,ScreenTime_Critical,Attendance_Success,General_Balanced
74.9,68.4,11.2,97.0,6.5,92.3,Attendance_Critical,ScreenTime_Critical,Consistency_Success
64.4,66.6,19.5,56.6,7.0,97.5,Combo_HighScreen_LowHomework,Attendance_Critical,ScreenTime_Critical
91.3,92.6,5.4,55.9,4.5,90.7,Combo_HighScreen_LowHomework,StudyHours_Critical,ScreenTime_Warning
60.8,48.1,15.0,53.6,7.8,26.5,Combo_HighStudy_LowMarks,Combo_HighScreen_LowHomework,Attendance_Critical
89.6,82.8,13.0,52.5,5.6,88.4,Combo_HighScreen_LowHomework,ScreenTime_Critical,Marks_Success
60.1,52.9,5.2,70.0,6.0,58.2,Combo_HighScreen_LowHomework,Attendance_Critical,StudyHours_Critical
88.0,89.2,11.5,48.6,5.5,43.0,Combo_HighScreen_LowHomework,ScreenTime_Critical,Marks_Success
72.3,24.5,10.1,52.6,1.9,68.8,Attendance_Critical,Marks_Critical,General_Balanced
50.7,93.2,4.9,58.1,5.2,52.9,Combo_HighScreen_LowHomework,Attendance_Critical,StudyHours_Critical
89.9,91.2,18.1,65.5,2.8,60.9,StudyHours_Success,Marks_Success,General_Balanced
86.4,89.3,10.1,50.5,6.9,84.1,Combo_HighScreen_LowHomework,ScreenTime_Critical,Marks_Success
65.2,72.1,16.1,71.4,6.1,25.3,Attendance_Critical,ScreenTime_Critical,Consistency_Warning
73.7,78.2,9.0,79.1,3.9,83.6,Attendance_Critical,ScreenTime_Warning,Consistency_Success
69.9,84.6,18.1,55.3,4.6,38.1,Combo_HighScreen_LowHomework,Attendance_Critical,ScreenTime_Warning
60.6,62.5,10.9,54.0,2.3,47.3,Attendance_Critical,General_Balanced,General_Balanced
58.9,49.1,10.7,53.0,5.1,14.8,Combo_HighScreen_LowHomework,Attendance_Critical,ScreenTime_Critical
67.3,50.2,4.9,72.2,1.1,10.5,Combo_LowStudy_LowConsistency,Attendance_Critical,StudyHours_Critical
69.5,88.0,16.7,45.3,4.5,87.0,Combo_HighScreen_LowHomework,Attendance_Critical,ScreenTime_Warning
99.7,82.7,13.8,53.2,6.7,48.3,Combo_HighScreen_LowHomework,ScreenTime_Critical,Attendance_Success
93.0,76.7,9.6,42.3,2.2,96.8,Consistency_Success,General_Balanced,General_Balanced
69.4,34.1,5.0,37.2,1.8,52.6,Attendance_Critical,StudyHours_Critical,Marks_Critical
72.6,29.7,18.9,30.9,2.0,13.0,Combo_HighStudy_LowMarks,Attendance_Critical,Marks_Critical
89.8,28.1,8.8,70.4,7.1,74.8,Marks_Critical,ScreenTime_Critical,General_Balanced
61.9,27.1,14.4,61.7,1.4,32.9,Combo_HighStudy_LowMarks,Attendance_Critical,Marks_Critical
80.9,23.5,13.3,56.7,4.2,91.6,Combo_HighStudy_LowMarks,Combo_HighScreen_LowHomework,Attendance_Warning
71.6,34.8,14.7,74.0,6.3,89.4,Combo_HighStudy_LowMarks,Attendance_Critical,Marks_Critical
55.1,39.9,10.6,69.3,7.2,23.5,Combo_HighScreen_LowHomework,Attendance_Critical,Marks_Critical
52.4,46.0,19.7,90.6,6.4,39.0,Combo_HighStudy_LowMarks,Attendance_Critical,ScreenTime_Critical
98.3,60.9,17.8,53.0,6.2,37.0,Combo_HighScreen_LowHomework,ScreenTime_Critical,Consistency_Warning
79.5,51.8,15.3,32.2,1.2,36.9,Attendance_Warning,Consistency_Warning,StudyHours_Success
94.1,61.2,17.2,42.6,4.9,35.7,Combo_HighScreen_LowHomework,ScreenTime_Warning,Consistency_Warning
53.9,74.9,16.4,55.6,2.7,91.0,Attendance_Critical,StudyHours_Success,Consistency_Success
63.8,55.7,15.2,87.5,7.5,58.1,Attendance_Critical,ScreenTime_Critical,StudyHours_Success
99.8,72.9,2.3,82.3,7.6,44.9,StudyHours_Critical,ScreenTime_Critical,Attendance_Success
96.4,57.7,11.9,49.4,4.8,44.1,Combo_HighScreen_LowHomework,ScreenTime_Warning,Attendance_Success
59.3,59.5,10.2,60.4,7.7,30.0,Combo_HighScreen_LowHomework,Attendance_Critical,ScreenTime_Critical
89.6,87.9,13.2,94.0,1.0,30.6,Consistency_Warning,Marks_Success,General_Balanced
65.5,55.6,8.5,43.3,4.3,92.6,Combo_HighScreen_LowHomework,Attendance_Critical,ScreenTime_Warning
58.8,93.1,2.6,53.6,3.2,76.9,Attendance_Critical,StudyHours_Critical,ScreenTime_Warning
63.3,65.2,3.8,96.1,5.1,33.7,Combo_LowStudy_LowConsistency,Attendance_Critical,StudyHours_Critical
58.0,33.6,10.6,80.1,4.1,26.1,Attendance_Critical,Marks_Critical,ScreenTime_Warning
52.6,42.3,2.3,59.4,2.8,38.3,Combo_LowStudy_LowConsistency,Attendance_Critical,StudyHours_Critical
62.2,82.0,6.3,77.4,3.6,60.1,Attendance_Critical,StudyHours_Critical,ScreenTime_Warning
71.4,65.4,4.7,30.8,2.1,78.5,Attendance_Critical,StudyHours_Critical,General_Balanced
98.3,26.7,16.2,83.5,2.8,26.1,Combo_HighStudy_LowMarks,Marks_Critical,Consistency_Warning
54.8,83.4,6.5,50.7,4.3,67.0,Combo_HighScreen_LowHomework,Attendance_Critical,StudyHours_Critical
80.3,83.6,17.5,63.5,3.7,26.4,Attendance_Warning,ScreenTime_Warning,Consistency_Warning
89.3,70.0,7.4,69.5,5.2,82.6,Combo_HighScreen_LowHomework,StudyHours_Critical,ScreenTime_Critical
81.0,44.2,14.0,39.9,4.5,18.8,Combo_HighStudy_LowMarks,Combo_HighScreen_LowHomework,Attendance_Warning
96.6,70.9,12.7,93.0,3.0,14.5,ScreenTime_Warning,Consistency_Warning,Attendance_Success
53.6,48.6,14.6,67.9,4.7,20.2,Combo_HighStudy_LowMarks,Combo_HighScreen_LowHomework,Attendance_Critical
85.1,33.0,13.4,91.5,7.7,47.9,Combo_HighStudy_LowMarks,Marks_Critical,ScreenTime_Critical
87.7,93.8,19.8,61.8,5.0,64.0,Combo_HighScreen_LowHomework,ScreenTime_Warning,StudyHours_Success
71.8,55.0,16.7,42.7,1.1,39.8,Attendance_Critical,Consistency_Warning,StudyHours_Success
74.9,44.6,4.7,81.8,4.3,72.4,Attendance_Critical,StudyHours_Critical,ScreenTime_Warning
76.9,53.5,5.0,65.1,5.6,23.1,Combo_LowStudy_LowConsistency,Combo_HighScreen_LowHomework,Attendance_Warning
93.6,23.4,4.4,71.6,1.3,16.6,Combo_LowStudy_LowConsistency,StudyHours_Critical,Marks_Critical
70.0,25.1,10.9,54.2,3.6,87.1,Attendance_Critical,Marks_Critical,ScreenTime_Warning
89.0,67.5,9.2,66.8,4.3,56.8,Combo_HighScreen_LowHomework,ScreenTime_Warning,General_Balanced
88.7,21.0,10.9,38.2,2.4,73.1,Marks_Critical,General_Balanced,General_Balanced
86.7,66.3,10.2,70.5,2.8,17.2,Consistency_Warning,General_Balanced,General_Balanced
65.0,25.0,14.5,80.5,1.7,54.9,Combo_HighStudy_LowMarks,Attendance_Critical,Marks_Critical
92.8,64.1,4.1,96.2,7.7,87.5,StudyHours_Critical,ScreenTime_Critical,Consistency_Success
50.9,65.4,8.4,42.0,6.9,89.3,Combo_HighScreen_LowHomework,Attendance_Critical,ScreenTime_Critical
88.3,48.4,15.3,99.4,1.8,50.4,Combo_HighStudy_LowMarks,StudyHours_Success,General_Balanced
78.8,38.7,3.4,72.9,2.4,32.4,Combo_LowStudy_LowConsistency,Attendance_Warning,StudyHours_Critical
57.6,61.6,4.6,86.3,7.3,22.3,Combo_LowStudy_LowConsistency,Attendance_Critical,StudyHours_Critical
89.2,71.4,13.6,61.7,7.8,13.2,Combo_HighScreen_LowHomework,ScreenTime_Critical,Consistency_Warning
82.8,31.4,10.1,99.8,6.8,80.2,Attendance_Warning,Marks_Critical,ScreenTime_Critical
99.5,22.2,11.7,64.2,1.2,97.7,Marks_Critical,Attendance_Success,Consistency_Success
99.2,28.9,6.4,98.7,2.6,34.2,Combo_LowStudy_LowConsistency,StudyHours_Critical,Marks_Critical
90.7,22.2,13.7,77.1,1.0,25.2,Combo_HighStudy_LowMarks,Marks_Critical,Consistency_Warning
84.2,45.5,12.2,99.5,2.3,68.6,Combo_HighStudy_LowMarks,Attendance_Warning,General_Balanced
85.6,86.1,17.7,87.3,6.0,93.2,ScreenTime_Critical,StudyHours_Success,Marks_Success
71.8,59.1,5.5,88.7,4.5,99.1,Attendance_Critical,StudyHours_Critical,ScreenTime_Warning
61.3,31.7,10.7,93.3,2.2,82.6,Attendance_Critical,Marks_Critical,Consistency_Success
67.9,65.2,7.8,48.1,4.1,84.5,Combo_HighScreen_LowHomework,Attendance_Critical,StudyHours_Critical
80.6,83.9,15.0,94.4,5.1,56.2,Attendance_Warning,ScreenTime_Critical,StudyHours_Success
52.5,50.4,8.9,89.2,3.0,91.8,Attendance_Critical,ScreenTime_Warning,Consistency_Success
74.2,53.5,17.4,66.7,4.2,11.5,Combo_HighScreen_LowHomework,Attendance_Critical,ScreenTime_Warning
66.4,66.1,11.4,71.0,3.2,44.8,Attendance_Critical,ScreenTime_Warning,General_Balanced
60.2,88.9,16.0,67.7,7.9,95.8,Combo_HighScreen_LowHomework,Attendance_Critical,ScreenTime_Critical
66.1,76.1,17.6,75.0,6.0,26.3,Attendance_Critical,ScreenTime_Critical,Consistency_Warning
54.8,77.2,4.1,42.4,1.1,83.3,Attendance_Critical,StudyHours_Critical,Consistency_Success
74.8,90.5,10.0,32.3,4.2,49.1,Combo_HighScreen_LowHomework,Attendance_Critical,ScreenTime_Warning
96.8,59.6,13.3,95.6,4.7,44.9,ScreenTime_Warning,Attendance_Success,General_Balanced
59.6,31.2,16.0,96.0,6.9,87.5,Combo_HighStudy_LowMarks,Attendance_Critical,Marks_Critical
85.6,35.1,5.2,85.5,2.1,85.9,StudyHours_Critical,Marks_Critical,Consistency_Success
80.4,70.4,2.1,87.6,1.9,73.9,Attendance_Warning,StudyHours_Critical,General_Balanced
65.5,49.8,2.6,33.0,3.7,20.4,Combo_LowStudy_LowConsistency,Attendance_Critical,StudyHours_Critical
94.5,73.3,2.4,82.6,3.3,97.9,StudyHours_Critical,ScreenTime_Warning,Consistency_Success
79.8,73.9,2.4,41.4,5.1,10.0,Combo_LowStudy_LowConsistency,Combo_HighScreen_LowHomework,Attendance_Warning
95.5,29.6,15.7,60.3,1.2,54.8,Combo_HighStudy_LowMarks,Marks_Critical,Attendance_Success
97.5,40.6,7.5,43.2,2.6,46.2,StudyHours_Critical,Attendance_Success,General_Balanced
98.3,49.9,7.7,41.6,6.5,69.5,Combo_HighScreen_LowHomework,StudyHours_Critical,ScreenTime_Critical
56.7,85.7,11.3,44.4,7.9,15.6,Combo_HighScreen_LowHomework,Attendance_Critical,ScreenTime_Critical
90.9,35.1,2.8,39.5,5.3,91.7,Combo_HighScreen_LowHomework,StudyHours_Critical,Marks_Critical
99.0,81.1,7.2,51.2,1.2,25.6,Combo_LowStudy_LowConsistency,StudyHours_Critical,Consistency_Warning
52.7,94.3,10.5,75.9,2.5,33.5,Attendance_Critical,Consistency_Warning,Marks_Success
62.6,46.5,13.6,49.7,3.4,19.4,Combo_HighStudy_LowMarks,Attendance_Critical,ScreenTime_Warning
83.9,49.3,5.8,31.8,3.2,84.8,Attendance_Warning,StudyHours_Critical,ScreenTime_Warning
91.1,56.6,10.7,96.4,5.8,93.1,ScreenTime_Critical,Consistency_Success,General_Balanced
92.7,61.8,12.9,75.9,3.3,58.8,ScreenTime_Warning,General_Balanced,General_Balanced
85.9,65.2,6.8,37.0,1.9,33.5,Combo_LowStudy_LowConsistency,StudyHours_Critical,Consistency_Warning
81.7,41.6,5.4,77.1,4.1,44.7,Attendance_Warning,StudyHours_Critical,ScreenTime_Warning
63.0,53.8,11.9,50.5,1.2,88.3,Attendance_Critical,Consistency_Success,General_Balanced
88.5,23.9,2.1,68.3,6.1,61.4,Combo_HighScreen_LowHomework,StudyHours_Critical,Marks_Critical
51.9,30.4,10.1,99.5,7.9,63.1,Attendance_Critical,Marks_Critical,ScreenTime_Critical
83.8,94.1,15.1,55.7,3.1,56.7,Attendance_Warning,ScreenTime_Warning,StudyHours_Success
55.1,73.9,7.6,99.4,1.5,80.3,Attendance_Critical,StudyHours_Critical,Consistency_Success
61.9,86.6,13.4,72.3,4.8,77.8,Attendance_Critical,ScreenTime_Warning,Marks_Success
83.8,93.6,8.0,94.0,4.8,51.7,Attendance_Warning,ScreenTime_Warning,Marks_Success
54.2,46.6,11.8,84.6,2.9,91.6,Attendance_Critical,Consistency_Success,General_Balanced
59.3,64.4,17.9,75.4,1.4,15.7,Attendance_Critical,Consistency_Warning,StudyHours_Success
95.6,23.9,13.0,54.0,2.5,19.6,Combo_HighStudy_LowMarks,Marks_Critical,Consistency_Warning
91.9,92.0,2.2,77.5,1.8,28.0,Combo_LowStudy_LowConsistency,StudyHours_Critical,Consistency_Warning
71.8,79.4,13.4,91.9,6.4,39.3,Attendance_Critical,ScreenTime_Critical,Consistency_Warning
66.8,54.7,10.3,30.4,1.4,25.4,Attendance_Critical,Consistency_Warning,General_Balanced
86.4,24.0,11.4,35.6,5.8,65.4,Combo_HighScreen_LowHomework,Marks_Critical,ScreenTime_Critical
70.4,28.3,5.4,78.0,1.9,86.4,Attendance_Critical,StudyHours_Critical,Marks_Critical
84.6,70.1,11.7,37.1,4.4,22.4,Combo_HighScreen_LowHomework,Attendance_Warning,ScreenTime_Warning
74.4,55.7,17.1,87.2,6.0,26.6,Attendance_Critical,ScreenTime_Critical,Consistency_Warning
75.3,50.7,14.9,62.9,6.5,13.4,Combo_HighScreen_LowHomework,Attendance_Warning,ScreenTime_Critical
68.9,37.0,3.5,85.0,5.6,53.9,Attendance_Critical,StudyHours_Critical,Marks_Critical
69.5,56.2,2.7,34.5,5.7,75.3,Combo_HighScreen_LowHomework,Attendance_Critical,StudyHours_Critical
72.5,84.9,9.7,48.6,4.3,20.6,Combo_LowStudy_LowConsistency,Combo_HighScreen_LowHomework,Attendance_Critical
64.8,84.6,11.0,98.0,6.7,12.2,Attendance_Critical,ScreenTime_Critical,Consistency_Warning
76.8,92.5,12.8,75.4,1.7,94.1,Attendance_Warning,Marks_Success,Consistency_Success
91.2,88.5,4.2,76.9,4.7,39.0,Combo_LowStudy_LowConsistency,StudyHours_Critical,ScreenTime_Warning
69.9,31.0,3.8,52.2,5.2,27.3,Combo_LowStudy_LowConsistency,Combo_HighScreen_LowHomework,Attendance_Critical
54.9,30.8,16.0,31.5,1.2,99.8,Combo_HighStudy_LowMarks,Attendance_Critical,Marks_Critical
51.7,93.8,16.4,95.7,6.6,92.6,Attendance_Critical,ScreenTime_Critical,StudyHours_Success
72.6,78.5,14.1,33.9,3.4,83.6,Attendance_Critical,ScreenTime_Warning,Consistency_Success
68.6,86.9,17.5,79.9,2.2,64.7,Attendance_Critical,StudyHours_Success,Marks_Success
94.0,67.0,6.6,76.0,2.4,72.0,StudyHours_Critical,General_Balanced,General_Balanced
98.8,25.1,15.6,61.4,4.1,93.2,Combo_HighStudy_LowMarks,Combo_HighScreen_LowHomework,Marks_Critical
55.5,28.8,17.7,63.1,2.8,64.9,Combo_HighStudy_LowMarks,Attendance_Critical,Marks_Critical
96.0,31.4,16.0,32.9,2.6,65.5,Combo_HighStudy_LowMarks,Marks_Critical,Attendance_Success
77.8,53.6,19.2,73.2,5.5,44.7,Attendance_Warning,ScreenTime_Critical,StudyHours_Success
58.0,37.3,14.0,91.7,2.8,31.6,Combo_HighStudy_LowMarks,Attendance_Critical,Marks_Critical
58.6,26.6,16.4,64.3,7.0,41.2,Combo_HighStudy_LowMarks,Combo_HighScreen_LowHomework,Attendance_Critical
64.7,61.0,10.3,74.4,3.8,84.6,Attendance_Critical,ScreenTime_Warning,Consistency_Success
92.9,90.2,14.1,61.3,5.4,88.6,Combo_HighScreen_LowHomework,ScreenTime_Critical,Marks_Success
92.6,48.3,19.0,33.1,7.1,24.1,Combo_HighStudy_LowMarks,Combo_HighScreen_LowHomework,ScreenTime_Critical
54.8,82.2,5.9,81.0,2.1,13.9,Combo_LowStudy_LowConsistency,Attendance_Critical,StudyHours_Critical
99.8,21.8,9.4,45.5,1.1,54.0,Marks_Critical,Attendance_Success,General_Balanced
93.7,80.6,16.1,83.0,4.3,18.3,ScreenTime_Warning,Consistency_Warning,StudyHours_Success
90.5,89.3,3.4,51.6,4.2,92.2,Combo_HighScreen_LowHomework,StudyHours_Critical,ScreenTime_Warning
60.0,25.7,12.0,76.5,7.9,77.1,Combo_HighStudy_LowMarks,Attendance_Critical,Marks_Critical
64.8,37.1,13.4,84.2,6.6,80.1,Combo_HighStudy_LowMarks,Attendance_Critical,Marks_Critical
77.9,68.0,16.7,32.7,7.4,44.5,Combo_HighScreen_LowHomework,Attendance_Warning,ScreenTime_Critical
91.4,28.2,13.4,69.3,3.5,31.1,Combo_HighStudy_LowMarks,Marks_Critical,ScreenTime_Warning
89.1,76.9,6.2,66.2,6.5,65.4,Combo_HighScreen_LowHomework,StudyHours_Critical,ScreenTime_Critical
60.7,28.6,16.0,59.0,2.9,34.9,Combo_HighStudy_LowMarks,Attendance_Critical,Marks_Critical
73.9,87.3,6.5,83.9,6.4,98.8,Attendance_Critical,StudyHours_Critical,ScreenTime_Critical
69.9,73.8,17.6,63.1,4.4,14.5,Combo_HighScreen_LowHomework,Attendance_Critical,ScreenTime_Warning
68.7,28.1,2.0,81.0,5.9,98.9,Attendance_Critical,StudyHours_Critical,Marks_Critical
74.3,81.4,2.5,65.8,7.5,79.4,Combo_HighScreen_LowHomework,Attendance_Critical,StudyHours_Critical
78.4,88.3,11.7,36.0,5.4,20.3,Combo_HighScreen_LowHomework,Attendance_Warning,ScreenTime_Critical
80.5,24.5,15.9,74.2,2.4,66.8,Combo_HighStudy_LowMarks,Attendance_Warning,Marks_Critical
65.4,55.7,11.7,72.4,4.9,21.7,Attendance_Critical,ScreenTime_Warning,Consistency_Warning
69.1,81.7,3.4,61.6,6.8,70.9,Combo_HighScreen_LowHomework,Attendance_Critical,StudyHours_Critical
55.9,41.4,11.9,62.5,2.6,32.1,Attendance_Critical,Consistency_Warning,General_Balanced
93.1,20.8,19.6,46.2,1.3,87.0,Combo_HighStudy_LowMarks,Marks_Critical,StudyHours_Success
65.6,89.9,15.4,48.9,2.7,92.5,Attendance_Critical,StudyHours_Success,Marks_Success
72.1,74.6,6.8,61.8,1.1,99.8,Attendance_Critical,StudyHours_Critical,Consistency_Success
57.3,34.6,11.8,51.3,2.3,79.1,Attendance_Critical,Marks_Critical,General_Balanced
95.5,94.9,3.1,83.6,5.6,39.2,Combo_LowStudy_LowConsistency,StudyHours_Critical,ScreenTime_Critical
61.7,90.8,18.7,87.7,5.7,80.6,Attendance_Critical,ScreenTime_Critical,StudyHours_Success
81.3,54.9,6.2,70.3,5.2,56.4,Attendance_Warning,StudyHours_Critical,ScreenTime_Critical
71.9,39.8,7.4,91.5,6.0,97.0,Attendance_Critical,StudyHours_Critical,Marks_Critical
91.6,78.1,12.4,41.1,7.5,27.4,Combo_HighScreen_LowHomework,ScreenTime_Critical,Consistency_Warning
59.3,34.5,12.6,74.1,2.3,45.1,Combo_HighStudy_LowMarks,Attendance_Critical,Marks_Critical
80.6,61.6,19.0,81.7,6.8,77.0,Attendance_Warning,ScreenTime_Critical,StudyHours_Success
59.4,62.5,6.5,76.8,5.1,57.7,Attendance_Critical,StudyHours_Critical,ScreenTime_Critical
51.2,76.8,2.0,84.1,7.2,40.7,Attendance_Critical,StudyHours_Critical,ScreenTime_Critical
91.6,26.7,7.5,32.2,7.5,23.4,Combo_LowStudy_LowConsistency,Combo_HighScreen_LowHomework,StudyHours_Critical
99.4,75.8,3.9,87.5,3.6,98.5,StudyHours_Critical,ScreenTime_Warning,Attendance_Success
70.4,31.7,5.5,32.0,7.2,65.7,Combo_HighScreen_LowHomework,Attendance_Critical,StudyHours_Critical
67.1,72.8,12.5,72.1,5.3,45.0,Attendance_Critical,ScreenTime_Critical,General_Balanced
69.4,74.7,3.1,81.3,4.6,43.6,Attendance_Critical,StudyHours_Critical,ScreenTime_Warning
55.3,72.0,5.5,46.2,2.8,58.7,Attendance_Critical,StudyHours_Critical,General_Balanced
89.0,28.6,3.3,89.9,7.9,45.5,StudyHours_Critical,Marks_Critical,ScreenTime_Critical
53.8,20.9,5.6,62.5,7.6,38.2,Combo_LowStudy_LowConsistency,Combo_HighScreen_LowHomework,Attendance_Critical
95.1,46.6,8.4,77.9,1.5,21.6,Combo_LowStudy_LowConsistency,Consistency_Warning,Attendance_Success
86.9,63.2,10.8,36.8,6.0,69.1,Combo_HighScreen_LowHomework,ScreenTime_Critical,General_Balanced
86.2,41.2,6.3,49.0,2.0,99.6,StudyHours_Critical,Consistency_Success,General_Balanced
83.6,50.4,4.6,41.6,2.4,24.8,Combo_LowStudy_LowConsistency,Attendance_Warning,StudyHours_Critical
82.2,42.2,6.9,38.4,2.3,86.5,Attendance_Warning,StudyHours_Critical,Consistency_Success
75.4,21.0,10.3,46.0,2.9,39.4,Attendance_Warning,Marks_Critical,Consistency_Warning
64.4,59.3,15.4,40.7,5.3,42.2,Combo_HighScreen_LowHomework,Attendance_Critical,ScreenTime_Critical
75.1,69.7,5.0,70.0,4.7,30.4,Combo_LowStudy_LowConsistency,Combo_HighScreen_LowHomework,Attendance_Warning
56.4,94.9,16.0,39.4,3.9,47.1,Attendance_Critical,ScreenTime_Warning,StudyHours_Success
73.8,20.6,6.7,81.8,2.9,43.9,Attendance_Critical,StudyHours_Critical,Marks_Critical
83.7,23.5,12.8,31.6,7.4,65.8,Combo_HighStudy_LowMarks,Combo_HighScreen_LowHomework,Attendance_Warning
59.3,69.5,8.5,48.6,4.4,66.8,Combo_HighScreen_LowHomework,Attendance_Critical,ScreenTime_Warning
77.3,79.5,7.5,97.3,5.0,65.6,Attendance_Warning,StudyHours_Critical,ScreenTime_Warning
92.1,59.5,17.5,43.8,1.8,71.8,StudyHours_Success,General_Balanced,General_Balanced
61.5,22.3,5.7,93.9,3.3,58.6,Attendance_Critical,StudyHours_Critical,Marks_Critical
85.9,52.7,6.9,51.5,3.9,88.8,StudyHours_Critical,ScreenTime_Warning,Consistency_Success
62.3,86.1,13.1,59.2,6.3,41.5,Combo_HighScreen_LowHomework,Attendance_Critical,ScreenTime_Critical
82.5,45.2,4.9,97.1,2.6,26.8,Combo_LowStudy_LowConsistency,Attendance_Warning,StudyHours_Critical
60.1,78.4,5.2,94.0,4.9,35.3,Combo_LowStudy_LowConsistency,Attendance_Critical,StudyHours_Critical
57.9,89.2,12.9,53.0,5.7,17.3,Combo_HighScreen_LowHomework,Attendance_Critical,ScreenTime_Critical
99.2,24.2,10.7,63.5,5.1,86.6,Combo_HighScreen_LowHomework,Marks_Critical,ScreenTime_Critical
60.5,93.2,15.9,83.6,3.3,44.3,Attendance_Critical,ScreenTime_Warning,StudyHours_Success
72.6,57.3,11.7,52.8,7.1,14.1,Combo_HighScreen_LowHomework,Attendance_Critical,ScreenTime_Critical
85.7,59.9,13.3,92.4,8.0,75.7,ScreenTime_Critical,General_Balanced,General_Balanced
50.3,86.4,10.2,75.5,5.3,10.3,Attendance_Critical,ScreenTime_Critical,Consistency_Warning
70.6,58.5,14.4,94.3,6.6,19.0,Attendance_Critical,ScreenTime_Critical,Consistency_Warning
62.2,29.1,5.9,36.2,6.0,64.7,Combo_HighScreen_LowHomework,Attendance_Critical,StudyHours_Critical
75.3,61.5,4.0,52.0,7.2,60.1,Combo_HighScreen_LowHomework,Attendance_Warning,StudyHours_Critical
72.9,40.2,7.9,54.1,4.4,14.0,Combo_LowStudy_LowConsistency,Combo_HighScreen_LowHomework,Attendance_Critical
54.7,22.7,12.9,99.1,2.0,25.1,Combo_HighStudy_LowMarks,Attendance_Critical,Marks_Critical
70.7,70.5,10.4,46.9,3.8,71.0,Attendance_Critical,ScreenTime_Warning,General_Balanced
89.5,22.8,14.3,93.9,1.7,95.0,Combo_HighStudy_LowMarks,Marks_Critical,Consistency_Success
82.0,23.8,5.1,46.2,3.2,15.5,Combo_LowStudy_LowConsistency,Attendance_Warning,StudyHours_Critical
53.2,72.3,4.2,71.9,3.5,53.4,Attendance_Critical,StudyHours_Critical,ScreenTime_Warning
58.7,41.5,9.6,39.0,6.2,49.4,Combo_HighScreen_LowHomework,Attendance_Critical,ScreenTime_Critical
76.7,40.9,17.7,45.8,7.4,66.5,Combo_HighStudy_LowMarks,Combo_HighScreen_LowHomework,Attendance_Warning
65.8,75.0,19.7,81.3,5.1,14.9,Attendance_Critical,ScreenTime_Critical,Consistency_Warning
59.8,77.0,5.6,35.6,2.6,18.1,Combo_LowStudy_LowConsistency,Attendance_Critical,StudyHours_Critical
52.7,76.2,8.0,78.0,6.6,78.1,Attendance_Critical,StudyHours_Critical,ScreenTime_Critical
79.3,93.9,4.0,72.7,3.8,90.9,Attendance_Warning,StudyHours_Critical,ScreenTime_Warning
74.1,62.5,13.1,47.2,6.8,65.0,Combo_HighScreen_LowHomework,Attendance_Critical,ScreenTime_Critical
87.6,61.6,9.1,61.6,1.8,15.8,Combo_LowStudy_LowConsistency,Consistency_Warning,General_Balanced
71.7,39.8,11.3,31.7,2.4,53.1,Attendance_Critical,Marks_Critical,General_Balanced
64.7,50.8,18.4,30.8,4.6,64.7,Combo_HighScreen_LowHomework,Attendance_Critical,ScreenTime_Warning
99.0,74.9,16.8,40.1,4.0,28.4,Combo_HighScreen_LowHomework,ScreenTime_Warning,Consistency_Warning
81.6,53.4,14.6,92.5,1.6,43.0,Attendance_Warning,General_Balanced,General_Balanced
54.0,36.4,5.5,51.9,1.4,22.5,Combo_LowStudy_LowConsistency,Attendance_Critical,StudyHours_Critical
76.2,39.3,9.5,93.3,3.9,99.5,Attendance_Warning,Marks_Critical,ScreenTime_Warning
90.3,37.0,3.1,83.4,7.6,64.2,StudyHours_Critical,Marks_Critical,ScreenTime_Critical
67.4,60.5,19.7,86.2,7.0,47.4,Attendance_Critical,ScreenTime_Critical,StudyHours_Success
94.3,25.1,15.7,41.8,7.2,99.1,Combo_HighStudy_LowMarks,Combo_HighScreen_LowHomework,Marks_Critical
91.7,88.0,16.4,49.3,7.2,39.6,Combo_HighScreen_LowHomework,ScreenTime_Critical,Consistency_Warning
99.7,67.0,5.4,76.8,5.8,68.8,StudyHours_Critical,ScreenTime_Critical,Attendance_Success
55.8,65.8,16.4,81.0,3.1,14.6,Attendance_Critical,ScreenTime_Warning,Consistency_Warning
80.0,82.7,5.8,46.3,2.6,75.8,Attendance_Warning,StudyHours_Critical,Marks_Success
97.2,68.3,6.1,78.4,5.0,94.3,StudyHours_Critical,ScreenTime_Warning,Attendance_Success
90.6,84.1,2.6,48.8,4.0,34.7,Combo_LowStudy_LowConsistency,StudyHours_Critical,ScreenTime_Warning
66.5,58.1,5.0,75.0,7.7,90.2,Attendance_Critical,StudyHours_Critical,ScreenTime_Critical
70.9,27.3,11.4,63.3,1.8,59.0,Attendance_Critical,Marks_Critical,General_Balanced
65.2,72.6,12.0,33.2,1.6,62.6,Attendance_Critical,General_Balanced,General_Balanced
89.3,89.0,17.1,75.3,1.8,55.5,StudyHours_Success,Marks_Success,General_Balanced
70.2,42.7,17.0,97.1,3.4,39.8,Combo_HighStudy_LowMarks,Attendance_Critical,ScreenTime_Warning
96.1,35.5,18.5,58.8,4.9,84.1,Combo_HighStudy_LowMarks,Combo_HighScreen_LowHomework,Marks_Critical
99.2,71.4,10.5,66.3,4.9,98.5,Combo_HighScreen_LowHomework,ScreenTime_Warning,Attendance_Success
95.3,21.4,2.9,42.9,4.7,12.1,Combo_LowStudy_LowConsistency,Combo_HighScreen_LowHomework,StudyHours_Critical
63.5,87.2,14.8,45.1,5.7,97.2,Combo_HighScreen_LowHomework,Attendance_Critical,ScreenTime_Critical
97.2,34.7,10.4,68.3,7.8,53.8,Combo_HighScreen_LowHomework,Marks_Critical,ScreenTime_Critical
55.7,58.3,14.8,45.8,4.3,83.3,Combo_HighScreen_LowHomework,Attendance_Critical,ScreenTime_Warning
80.3,43.2,6.8,46.3,5.0,97.0,Combo_HighScreen_LowHomework,Attendance_Warning,StudyHours_Critical
96.7,33.5,4.6,70.0,6.0,90.8,Combo_HighScreen_LowHomework,StudyHours_Critical,Marks_Critical
74.6,34.6,15.6,46.2,2.5,24.4,Combo_HighStudy_LowMarks,Attendance_Critical,Marks_Critical
54.0,44.1,10.4,40.7,6.7,72.2,Combo_HighScreen_LowHomework,Attendance_Critical,ScreenTime_Critical
64.8,77.0,5.0,94.9,2.5,34.3,Combo_LowStudy_LowConsistency,Attendance_Critical,StudyHours_Critical
55.6,62.9,16.5,73.8,2.3,37.3,Attendance_Critical,Consistency_Warning,StudyHours_Success
59.9,30.2,4.0,51.3,7.6,14.2,Combo_LowStudy_LowConsistency,Combo_HighScreen_LowHomework,Attendance_Critical
93.9,35.6,7.9,62.6,1.1,99.0,StudyHours_Critical,Marks_Critical,Consistency_Success
56.3,30.7,14.7,39.2,1.0,53.8,Combo_HighStudy_LowMarks,Attendance_Critical,Marks_Critical
99.9,53.3,9.0,83.1,5.2,43.0,ScreenTime_Critical,Attendance_Success,General_Balanced
71.9,28.6,11.0,48.4,4.9,45.5,Combo_HighScreen_LowHomework,Attendance_Critical,Marks_Critical
51.9,60.6,13.0,48.4,3.3,42.6,Attendance_Critical,ScreenTime_Warning,General_Balanced
92.6,64.3,19.1,60.6,6.5,34.2,Combo_HighScreen_LowHomework,ScreenTime_Critical,Consistency_Warning
50.5,55.2,17.6,71.3,5.0,10.5,Attendance_Critical,ScreenTime_Critical,Consistency_Warning
83.3,29.9,7.1,42.5,6.7,26.8,Combo_LowStudy_LowConsistency,Combo_HighScreen_LowHomework,Attendance_Warning
70.4,39.3,2.7,96.6,2.7,30.5,Combo_LowStudy_LowConsistency,Attendance_Critical,StudyHours_Critical
79.9,94.6,13.8,47.9,2.6,36.0,Attendance_Warning,Consistency_Warning,Marks_Success
92.4,39.8,18.3,54.4,2.5,59.7,Combo_HighStudy_LowMarks,Marks_Critical,StudyHours_Success
59.6,58.2,9.1,67.2,4.5,100.0,Combo_HighScreen_LowHomework,Attendance_Critical,ScreenTime_Warning
51.2,34.8,8.1,57.2,3.0,45.7,Attendance_Critical,Marks_Critical,General_Balanced
51.0,46.6,11.6,55.6,5.2,65.4,Combo_HighScreen_LowHomework,Attendance_Critical,ScreenTime_Critical
54.9,29.9,11.2,78.6,2.1,56.9,Attendance_Critical,Marks_Critical,General_Balanced
65.3,45.5,6.0,67.6,3.5,77.7,Attendance_Critical,StudyHours_Critical,ScreenTime_Warning
57.5,53.5,6.4,50.3,3.6,21.7,Combo_LowStudy_LowConsistency,Attendance_Critical,StudyHours_Critical
51.7,26.7,13.7,44.5,6.8,65.1,Combo_HighStudy_LowMarks,Combo_HighScreen_LowHomework,Attendance_Critical
97.4,31.9,18.4,77.5,3.5,74.4,Combo_HighStudy_LowMarks,Marks_Critical,ScreenTime_Warning
68.8,23.8,2.4,40.7,6.1,15.5,Combo_LowStudy_LowConsistency,Combo_HighScreen_LowHomework,Attendance_Critical
86.9,55.1,15.0,73.6,5.0,77.9,ScreenTime_Warning,General_Balanced,General_Balanced
53.6,76.1,15.9,62.0,1.1,80.3,Attendance_Critical,StudyHours_Success,Consistency_Success
95.8,85.5,7.6,65.0,6.1,83.2,Combo_HighScreen_LowHomework,StudyHours_Critical,ScreenTime_Critical
74.4,50.9,11.3,46.8,2.7,28.1,Attendance_Critical,Consistency_Warning,General_Balanced
57.7,39.0,6.3,76.5,5.4,52.9,Attendance_Critical,StudyHours_Critical,Marks_Critical
61.9,72.6,5.9,93.6,7.9,71.1,Attendance_Critical,StudyHours_Critical,ScreenTime_Critical
77.8,63.5,14.2,59.3,7.6,69.0,Combo_HighScreen_LowHomework,Attendance_Warning,ScreenTime_Critical
88.6,83.2,8.2,37.4,1.7,15.8,Combo_LowStudy_LowConsistency,Consistency_Warning,Marks_Success
75.9,53.5,12.0,47.2,5.4,43.6,Combo_HighScreen_LowHomework,Attendance_Warning,ScreenTime_Critical
94.1,56.5,17.3,96.9,7.7,71.6,ScreenTime_Critical,StudyHours_Success,General_Balanced
53.5,44.7,11.8,70.6,3.2,75.2,Attendance_Critical,ScreenTime_Warning,General_Balanced
91.8,59.6,16.2,79.2,2.5,12.6,Consistency_Warning,StudyHours_Success,General_Balanced
86.8,49.7,4.5,92.9,3.6,91.9,StudyHours_Critical,ScreenTime_Warning,Consistency_Success
53.8,85.0,3.9,62.0,6.0,12.4,Combo_LowStudy_LowConsistency,Combo_HighScreen_LowHomework,Attendance_Critical
96.0,26.0,12.0,31.8,2.3,17.4,Marks_Critical,Consistency_Warning,Attendance_Success
75.1,39.4,13.9,39.3,7.7,98.9,Combo_HighStudy_LowMarks,Combo_HighScreen_LowHomework,Attendance_Warning
81.0,39.0,2.1,80.3,3.8,50.7,Attendance_Warning,StudyHours_Critical,Marks_Critical
65.8,21.1,8.3,30.3,6.4,45.2,Combo_HighScreen_LowHomework,Attendance_Critical,Marks_Critical
72.6,28.4,14.6,31.7,5.1,13.8,Combo_HighStudy_LowMarks,Combo_HighScreen_LowHomework,Attendance_Critical
74.5,79.4,2.6,38.4,3.5,44.4,Attendance_Critical,StudyHours_Critical,ScreenTime_Warning
65.1,52.4,14.3,64.0,1.0,40.4,Attendance_Critical,General_Balanced,General_Balanced
62.9,70.3,13.8,94.3,3.0,93.4,Attendance_Critical,Consistency_Success,General_Balanced
77.6,59.5,16.0,78.6,3.6,15.4,Attendance_Warning,ScreenTime_Warning,Consistency_Warning
93.9,81.2,19.9,73.6,4.6,80.3,ScreenTime_Warning,StudyHours_Success,Marks_Success
98.9,37.0,9.4,69.9,3.0,18.1,Combo_LowStudy_LowConsistency,Marks_Critical,Consistency_Warning
57.4,68.9,11.5,69.0,2.6,29.2,Attendance_Critical,Consistency_Warning,General_Balanced
59.8,21.8,12.8,44.5,5.2,29.6,Combo_HighStudy_LowMarks,Combo_HighScreen_LowHomework,Attendance_Critical
72.9,88.1,5.6,99.6,3.0,46.6,Attendance_Critical,StudyHours_Critical,Marks_Success
88.0,75.8,6.7,73.6,2.2,71.4,StudyHours_Critical,General_Balanced,General_Balanced
93.4,92.8,5.9,59.2,5.2,94.9,Combo_HighScreen_LowHomework,StudyHours_Critical,ScreenTime_Critical
76.9,28.8,19.0,46.0,2.6,39.2,Combo_HighStudy_LowMarks,Attendance_Warning,Marks_Critical
76.0,45.6,19.4,76.3,2.4,97.2,Combo_HighStudy_LowMarks,Attendance_Warning,StudyHours_Success
78.7,59.2,11.2,51.2,2.1,67.8,Attendance_Warning,General_Balanced,General_Balanced
50.7,36.6,15.8,96.5,5.7,41.5,Combo_HighStudy_LowMarks,Attendance_Critical,Marks_Critical
76.4,35.6,17.5,68.2,6.8,79.0,Combo_HighStudy_LowMarks,Combo_HighScreen_LowHomework,Attendance_Warning
82.1,83.4,14.8,78.3,3.5,60.4,Attendance_Warning,ScreenTime_Warning,Marks_Success
83.1,55.7,17.8,75.3,3.0,92.5,Attendance_Warning,StudyHours_Success,Consistency_Success
62.7,50.3,10.2,92.8,5.2,71.2,Attendance_Critical,ScreenTime_Critical,General_Balanced
74.3,45.6,14.7,81.4,6.3,64.1,Combo_HighStudy_LowMarks,Attendance_Critical,ScreenTime_Critical
84.4,43.2,12.5,58.7,5.0,36.8,Combo_HighStudy_LowMarks,Combo_HighScreen_LowHomework,Attendance_Warning
60.1,53.2,16.1,95.9,4.4,64.1,Attendance_Critical,ScreenTime_Warning,StudyHours_Success
99.2,41.6,15.6,43.8,2.7,57.3,Combo_HighStudy_LowMarks,Attendance_Success,StudyHours_Success
70.7,71.7,15.5,34.7,1.3,26.9,Attendance_Critical,Consistency_Warning,StudyHours_Success
82.5,66.1,17.0,90.7,1.3,72.4,Attendance_Warning,StudyHours_Success,General_Balanced
89.8,58.4,15.9,59.3,4.1,72.5,Combo_HighScreen_LowHomework,ScreenTime_Warning,StudyHours_Success
87.3,59.2,2.9,49.2,7.4,73.7,Combo_HighScreen_LowHomework,StudyHours_Critical,ScreenTime_Critical
68.6,91.0,2.5,99.5,5.0,64.3,Attendance_Critical,StudyHours_Critical,ScreenTime_Critical
72.6,20.0,17.7,40.0,6.8,64.0,Combo_HighStudy_LowMarks,Combo_HighScreen_LowHomework,Attendance_Critical
69.5,72.4,10.2,32.0,3.8,18.5,Attendance_Critical,ScreenTime_Warning,Consistency_Warning
65.5,61.2,19.4,57.0,6.2,23.4,Combo_HighScreen_LowHomework,Attendance_Critical,ScreenTime_Critical
68.9,66.2,11.6,60.1,6.6,96.4,Combo_HighScreen_LowHomework,Attendance_Critical,ScreenTime_Critical
75.2,79.6,3.7,97.9,4.5,58.9,Attendance_Warning,StudyHours_Critical,ScreenTime_Warning
93.4,39.1,10.9,72.1,2.8,11.8,Marks_Critical,Consistency_Warning,General_Balanced
88.3,32.5,5.3,49.3,6.5,10.3,Combo_LowStudy_LowConsistency,Combo_HighScreen_LowHomework,StudyHours_Critical
98.1,80.4,18.1,61.9,4.8,33.9,Combo_HighScreen_LowHomework,ScreenTime_Warning,Consistency_Warning
69.3,57.0,7.2,93.7,2.2,33.6,Combo_LowStudy_LowConsistency,Attendance_Critical,StudyHours_Critical
75.9,67.0,15.2,73.2,2.8,66.7,Attendance_Warning,StudyHours_Success,General_Balanced
75.5,62.7,18.9,89.2,7.4,66.9,Attendance_Warning,ScreenTime_Critical,StudyHours_Success
68.2,32.0,8.9,51.8,6.4,34.7,Combo_LowStudy_LowConsistency,Combo_HighScreen_LowHomework,Attendance_Critical
71.4,72.0,15.9,90.5,7.4,28.3,Attendance_Critical,ScreenTime_Critical,Consistency_Warning
74.0,67.7,6.2,37.0,4.3,53.1,Combo_HighScreen_LowHomework,Attendance_Critical,StudyHours_Critical
56.8,90.7,16.3,37.1,1.3,58.0,Attendance_Critical,StudyHours_Success,Marks_Success
55.2,62.7,16.4,74.2,2.2,20.7,Attendance_Critical,Consistency_Warning,StudyHours_Success
97.2,68.8,17.2,77.8,5.4,29.7,ScreenTime_Critical,Consistency_Warning,Attendance_Success
92.2,24.5,10.7,67.1,5.5,36.9,Combo_HighScreen_LowHomework,Marks_Critical,ScreenTime_Critical
76.5,63.1,14.4,51.5,3.6,35.5,Attendance_Warning,ScreenTime_Warning,Consistency_Warning
90.9,68.0,16.6,50.7,7.0,10.4,Combo_HighScreen_LowHomework,ScreenTime_Critical,Consistency_Warning
77.8,65.7,13.6,67.4,2.9,14.1,Attendance_Warning,Consistency_Warning,General_Balanced
65.6,81.5,8.4,50.0,1.5,47.0,Attendance_Critical,Marks_Success,General_Balanced
86.0,27.7,9.1,33.9,6.6,72.6,Combo_HighScreen_LowHomework,Marks_Critical,ScreenTime_Critical
91.0,46.1,6.6,68.6,2.7,32.6,Combo_LowStudy_LowConsistency,StudyHours_Critical,Consistency_Warning
58.6,71.1,2.9,81.8,6.0,67.4,Attendance_Critical,StudyHours_Critical,ScreenTime_Critical
77.8,46.7,19.5,98.0,5.3,76.5,Combo_HighStudy_LowMarks,Attendance_Warning,ScreenTime_Critical
74.9,67.4,4.2,92.5,6.1,13.0,Combo_LowStudy_LowConsistency,Attendance_Critical,StudyHours_Critical
62.6,35.0,12.3,56.9,7.4,89.5,Combo_HighStudy_LowMarks,Combo_HighScreen_LowHomework,Attendance_Critical
73.3,33.7,3.0,38.2,7.2,64.9,Combo_HighScreen_LowHomework,Attendance_Critical,StudyHours_Critical
52.7,49.6,18.9,94.2,5.6,92.1,Combo_HighStudy_LowMarks,Attendance_Critical,ScreenTime_Critical
57.3,86.5,12.3,37.5,3.3,50.2,Attendance_Critical,ScreenTime_Warning,Marks_Success
50.0,78.3,18.6,96.4,1.4,81.1,Attendance_Critical,StudyHours_Success,Consistency_Success
64.2,65.0,2.2,55.8,2.0,95.1,Attendance_Critical,StudyHours_Critical,Consistency_Success
73.3,94.8,15.6,85.7,5.4,90.0,Attendance_Critical,ScreenTime_Critical,StudyHours_Success
81.5,66.8,10.4,80.3,1.3,65.4,Attendance_Warning,General_Balanced,General_Balanced
84.0,93.8,19.3,59.5,2.6,15.1,Attendance_Warning,Consistency_Warning,StudyHours_Success
99.9,92.4,16.5,42.2,7.5,75.1,Combo_HighScreen_LowHomework,ScreenTime_Critical,Attendance_Success
84.6,71.8,9.4,68.4,7.3,80.7,Combo_HighScreen_LowHomework,Attendance_Warning,ScreenTime_Critical
58.4,64.2,13.7,59.5,3.4,69.4,Attendance_Critical,ScreenTime_Warning,General_Balanced
75.3,58.6,12.0,76.7,4.5,55.7,Attendance_Warning,ScreenTime_Warning,General_Balanced
74.6,28.5,9.4,97.6,4.6,53.8,Attendance_Critical,Marks_Critical,ScreenTime_Warning
89.3,47.5,15.5,95.6,3.3,41.6,Combo_HighStudy_LowMarks,ScreenTime_Warning,StudyHours_Success
65.5,43.7,3.5,63.9,3.6,77.0,Attendance_Critical,StudyHours_Critical,ScreenTime_Warning
83.4,80.6,13.2,36.7,4.0,13.0,Combo_HighScreen_LowHomework,Attendance_Warning,ScreenTime_Warning
93.1,20.3,9.6,47.0,6.0,78.4,Combo_HighScreen_LowHomework,Marks_Critical,ScreenTime_Critical
78.3,80.5,20.0,96.3,2.3,69.1,Attendance_Warning,StudyHours_Success,Marks_Success
81.9,39.8,8.9,57.0,1.9,73.2,Attendance_Warning,Marks_Critical,General_Balanced
91.4,51.3,18.7,78.7,4.6,37.3,ScreenTime_Warning,Consistency_Warning,StudyHours_Success
81.4,44.0,17.1,67.9,7.4,15.8,Combo_HighStudy_LowMarks,Combo_HighScreen_LowHomework,Attendance_Warning
54.9,38.6,18.8,60.9,3.2,25.3,Combo_HighStudy_LowMarks,Attendance_Critical,Marks_Critical
65.5,56.3,3.6,47.6,3.2,47.9,Attendance_Critical,StudyHours_Critical,ScreenTime_Warning
79.4,94.7,5.8,31.5,4.7,28.3,Combo_LowStudy_LowConsistency,Combo_HighScreen_LowHomework,Attendance_Warning
89.2,92.3,13.2,53.6,5.9,47.0,Combo_HighScreen_LowHomework,ScreenTime_Critical,Marks_Success
78.8,37.6,17.8,87.3,2.6,50.0,Combo_HighStudy_LowMarks,Attendance_Warning,Marks_Critical
92.2,37.1,12.9,44.2,5.3,96.3,Combo_HighStudy_LowMarks,Combo_HighScreen_LowHomework,Marks_Critical
96.8,79.7,14.8,85.9,4.4,83.3,ScreenTime_Warning,Attendance_Success,Consistency_Success
76.4,87.0,3.1,74.8,3.4,50.8,Attendance_Warning,StudyHours_Critical,ScreenTime_Warning
88.4,34.3,3.6,84.2,3.5,10.8,Combo_LowStudy_LowConsistency,StudyHours_Critical,Marks_Critical
94.4,91.6,12.7,86.0,4.0,75.0,ScreenTime_Warning,Marks_Success,General_Balanced
89.6,48.4,16.2,89.1,4.6,73.6,Combo_HighStudy_LowMarks,ScreenTime_Warning,StudyHours_Success
79.9,89.4,6.1,89.6,6.9,82.0,Attendance_Warning,StudyHours_Critical,ScreenTime_Critical
96.7,71.4,6.2,83.5,1.7,91.9,StudyHours_Critical,Attendance_Success,Consistency_Success
99.8,76.2,19.4,92.0,6.7,81.0,ScreenTime_Critical,Attendance_Success,StudyHours_Success
80.5,84.6,14.2,66.5,1.2,49.6,Attendance_Warning,Marks_Success,General_Balanced
68.6,50.2,5.3,33.4,3.6,10.6,Combo_LowStudy_LowConsistency,Attendance_Critical,StudyHours_Critical
64.2,49.1,14.6,56.0,7.8,74.9,Combo_HighStudy_LowMarks,Combo_HighScreen_LowHomework,Attendance_Critical
99.4,79.7,5.0,30.9,1.1,51.2,StudyHours_Critical,Attendance_Success,General_Balanced
75.0,56.7,6.1,71.2,6.2,42.6,Attendance_Warning,StudyHours_Critical,ScreenTime_Critical
99.6,45.2,8.5,55.6,3.6,86.9,ScreenTime_Warning,Attendance_Success,Consistency_Success
89.4,27.6,13.2,76.7,5.7,94.9,Combo_HighStudy_LowMarks,Marks_Critical,ScreenTime_Critical
53.1,80.4,9.8,98.4,7.6,83.2,Attendance_Critical,ScreenTime_Critical,Marks_Success
89.7,76.5,15.8,74.0,4.2,63.6,ScreenTime_Warning,StudyHours_Success,General_Balanced
73.4,91.7,16.1,48.2,4.8,72.8,Combo_HighScreen_LowHomework,Attendance_Critical,ScreenTime_Warning
88.0,49.2,2.8,35.0,1.8,50.3,StudyHours_Critical,General_Balanced,General_Balanced
62.8,60.6,5.5,55.0,6.3,76.2,Combo_HighScreen_LowHomework,Attendance_Critical,StudyHours_Critical
64.6,45.5,17.5,41.0,6.4,62.6,Combo_HighStudy_LowMarks,Combo_HighScreen_LowHomework,Attendance_Critical
97.3,81.0,2.2,61.1,5.4,70.0,Combo_HighScreen_LowHomework,StudyHours_Critical,ScreenTime_Critical
61.7,39.2,11.3,57.7,1.6,37.3,Attendance_Critical,Marks_Critical,Consistency_Warning
52.2,61.7,3.9,39.0,2.3,50.5,Attendance_Critical,StudyHours_Critical,General_Balanced
74.5,54.6,3.7,84.7,5.0,85.6,Attendance_Critical,StudyHours_Critical,ScreenTime_Warning
52.0,59.8,6.9,40.9,4.4,70.7,Combo_HighScreen_LowHomework,Attendance_Critical,StudyHours_Critical
83.5,44.6,5.6,58.0,1.8,83.6,Attendance_Warning,StudyHours_Critical,Consistency_Success
87.6,87.9,9.4,74.4,2.9,55.6,Marks_Success,General_Balanced,General_Balanced
92.3,30.4,19.5,95.7,1.3,75.6,Combo_HighStudy_LowMarks,Marks_Critical,StudyHours_Success
80.9,77.5,9.8,93.4,6.5,78.2,Attendance_Warning,ScreenTime_Critical,General_Balanced
99.7,94.2,6.3,32.4,5.0,83.7,Combo_HighScreen_LowHomework,StudyHours_Critical,ScreenTime_Warning
60.6,75.1,2.0,30.8,5.4,93.9,Combo_HighScreen_LowHomework,Attendance_Critical,StudyHours_Critical
74.2,55.5,2.7,94.7,2.5,61.9,Attendance_Critical,StudyHours_Critical,General_Balanced
62.9,75.8,3.8,85.0,5.2,60.9,Attendance_Critical,StudyHours_Critical,ScreenTime_Critical
72.2,92.0,7.2,81.7,5.4,64.7,Attendance_Critical,StudyHours_Critical,ScreenTime_Critical
98.6,89.5,15.5,60.9,5.3,34.4,Combo_HighScreen_LowHomework,ScreenTime_Critical,Consistency_Warning
81.8,78.1,16.6,48.1,1.3,81.7,Attendance_Warning,StudyHours_Success,Consistency_Success
72.3,57.3,13.0,46.2,5.0,51.6,Combo_HighScreen_LowHomework,Attendance_Critical,ScreenTime_Critical
77.3,91.0,5.9,36.6,3.6,42.9,Attendance_Warning,StudyHours_Critical,ScreenTime_Warning
76.5,36.5,2.6,91.1,3.7,36.3,Combo_LowStudy_LowConsistency,Attendance_Warning,StudyHours_Critical
99.3,27.0,17.3,73.6,3.7,67.8,Combo_HighStudy_LowMarks,Marks_Critical,ScreenTime_Warning
89.6,62.8,4.2,64.8,2.9,24.5,Combo_LowStudy_LowConsistency,StudyHours_Critical,Consistency_Warning
79.6,28.1,16.7,50.8,5.5,74.7,Combo_HighStudy_LowMarks,Combo_HighScreen_LowHomework,Attendance_Warning
62.8,58.0,11.6,98.3,4.9,29.7,Attendance_Critical,ScreenTime_Warning,Consistency_Warning
68.8,88.1,3.7,92.1,2.7,36.7,Combo_LowStudy_LowConsistency,Attendance_Critical,StudyHours_Critical
77.6,85.4,13.4,91.5,2.3,92.3,Attendance_Warning,Marks_Success,Consistency_Success
81.6,38.2,16.0,79.7,6.8,14.9,Combo_HighStudy_LowMarks,Attendance_Warning,Marks_Critical
54.5,40.7,8.4,61.4,2.8,65.1,Attendance_Critical,General_Balanced,General_Balanced
62.2,56.5,19.7,44.5,5.0,41.6,Combo_HighScreen_LowHomework,Attendance_Critical,ScreenTime_Critical
69.8,86.2,3.4,75.5,3.5,69.2,Attendance_Critical,StudyHours_Critical,ScreenTime_Warning
50.5,52.8,2.9,50.3,5.7,22.4,Combo_LowStudy_LowConsistency,Combo_HighScreen_LowHomework,Attendance_Critical
75.4,87.5,12.9,30.4,5.3,92.4,Combo_HighScreen_LowHomework,Attendance_Warning,ScreenTime_Critical
77.1,76.2,13.8,68.7,3.4,70.4,Attendance_Warning,ScreenTime_Warning,General_Balanced
82.0,30.3,10.8,55.3,3.9,52.0,Attendance_Warning,Marks_Critical,ScreenTime_Warning
95.5,73.8,16.8,87.7,2.0,42.7,Attendance_Success,StudyHours_Success,General_Balanced
62.2,72.9,16.9,75.3,6.2,29.8,Attendance_Critical,ScreenTime_Critical,Consistency_Warning
58.6,78.8,19.4,53.1,4.4,61.6,Combo_HighScreen_LowHomework,Attendance_Critical,ScreenTime_Warning
79.8,43.9,7.9,96.0,2.8,30.2,Combo_LowStudy_LowConsistency,Attendance_Warning,StudyHours_Critical
84.2,80.9,5.9,93.4,5.3,47.7,Attendance_Warning,StudyHours_Critical,ScreenTime_Critical
61.9,94.0,3.0,74.6,2.6,37.4,Combo_LowStudy_LowConsistency,Attendance_Critical,StudyHours_Critical
65.0,93.4,5.9,59.7,6.3,75.9,Combo_HighScreen_LowHomework,Attendance_Critical,StudyHours_Critical
67.0,77.9,12.1,40.2,6.9,33.6,Combo_HighScreen_LowHomework,Attendance_Critical,ScreenTime_Critical
56.9,68.5,6.0,93.8,5.2,43.4,Attendance_Critical,StudyHours_Critical,ScreenTime_Critical
93.0,47.0,9.8,92.2,6.1,27.1,Combo_LowStudy_LowConsistency,ScreenTime_Critical,Consistency_Warning
60.8,33.2,9.5,99.7,7.7,77.3,Attendance_Critical,Marks_Critical,ScreenTime_Critical
98.8,70.4,17.8,55.1,7.4,46.1,Combo_HighScreen_LowHomework,ScreenTime_Critical,Attendance_Success
66.3,47.5,19.1,37.9,3.2,39.7,Combo_HighStudy_LowMarks,Attendance_Critical,ScreenTime_Warning
98.1,61.1,13.0,32.4,5.6,22.3,Combo_HighScreen_LowHomework,ScreenTime_Critical,Consistency_Warning
76.1,48.6,19.7,33.5,2.1,55.7,Combo_HighStudy_LowMarks,Attendance_Warning,StudyHours_Success
98.5,46.4,17.5,34.0,3.1,29.5,Combo_HighStudy_LowMarks,ScreenTime_Warning,Consistency_Warning
77.7,63.6,15.2,34.9,2.6,63.5,Attendance_Warning,StudyHours_Success,General_Balanced
78.0,79.3,19.9,51.9,6.6,89.4,Combo_HighScreen_LowHomework,Attendance_Warning,ScreenTime_Critical
72.7,23.6,4.9,67.3,1.1,92.7,Attendance_Critical,StudyHours_Critical,Marks_Critical
89.7,20.5,19.3,46.0,6.2,70.9,Combo_HighStudy_LowMarks,Combo_HighScreen_LowHomework,Marks_Critical
91.5,23.4,4.9,39.5,4.1,27.9,Combo_LowStudy_LowConsistency,Combo_HighScreen_LowHomework,StudyHours_Critical
54.3,41.1,9.7,92.0,4.4,96.7,Attendance_Critical,ScreenTime_Warning,Consistency_Success
83.7,71.9,5.8,73.3,4.3,24.9,Combo_LowStudy_LowConsistency,Attendance_Warning,StudyHours_Critical
55.5,76.8,2.7,42.4,1.8,96.9,Attendance_Critical,StudyHours_Critical,Consistency_Success
98.2,41.1,9.2,98.3,2.6,70.5,Attendance_Success,General_Balanced,General_Balanced
81.8,82.6,19.3,39.4,6.4,96.5,Combo_HighScreen_LowHomework,Attendance_Warning,ScreenTime_Critical
83.2,59.0,13.6,35.5,6.2,88.6,Combo_HighScreen_LowHomework,Attendance_Warning,ScreenTime_Critical
62.3,58.7,9.9,73.0,4.9,12.8,Combo_LowStudy_LowConsistency,Attendance_Critical,ScreenTime_Warning
80.4,89.8,7.7,58.9,7.7,45.7,Combo_HighScreen_LowHomework,Attendance_Warning,StudyHours_Critical
53.6,22.8,18.6,53.5,2.4,85.5,Combo_HighStudy_LowMarks,Attendance_Critical,Marks_Critical
92.3,32.5,15.6,54.8,4.8,87.8,Combo_HighStudy_LowMarks,Combo_HighScreen_LowHomework,Marks_Critical
56.2,80.1,12.7,87.5,1.3,38.4,Attendance_Critical,Consistency_Warning,Marks_Success
94.5,60.9,7.1,98.3,2.8,33.0,Combo_LowStudy_LowConsistency,StudyHours_Critical,Consistency_Warning
52.9,22.5,18.2,61.5,5.9,81.7,Combo_HighStudy_LowMarks,Combo_HighScreen_LowHomework,Attendance_Critical
59.3,91.8,13.3,82.9,3.1,11.2,Attendance_Critical,ScreenTime_Warning,Consistency_Warning
83.5,72.4,7.0,62.0,1.3,86.6,Attendance_Warning,StudyHours_Critical,Consistency_Success
88.7,52.3,5.6,97.9,7.5,69.4,StudyHours_Critical,ScreenTime_Critical,General_Balanced
65.3,34.8,9.2,86.7,7.2,15.0,Combo_LowStudy_LowConsistency,Attendance_Critical,Marks_Critical
72.4,58.4,7.4,70.2,2.5,81.9,Attendance_Critical,StudyHours_Critical,Consistency_Success
50.4,23.9,10.0,95.3,1.3,85.5,Attendance_Critical,Marks_Critical,Consistency_Success
79.2,24.9,12.3,64.3,2.1,47.3,Combo_HighStudy_LowMarks,Attendance_Warning,Marks_Critical
50.1,78.4,18.5,97.3,3.4,79.4,Attendance_Critical,ScreenTime_Warning,StudyHours_Success
86.0,38.7,13.0,37.3,2.2,57.2,Combo_HighStudy_LowMarks,Marks_Critical,General_Balanced
54.1,20.1,12.6,54.2,1.1,48.1,Combo_HighStudy_LowMarks,Attendance_Critical,Marks_Critical
80.2,90.4,16.5,92.9,2.4,11.4,Attendance_Warning,Consistency_Warning,StudyHours_Success
72.6,80.8,13.8,82.8,4.5,68.1,Attendance_Critical,ScreenTime_Warning,Marks_Success
67.3,22.1,18.2,89.0,2.7,25.0,Combo_HighStudy_LowMarks,Attendance_Critical,Marks_Critical
89.5,38.4,18.4,87.5,2.4,30.0,Combo_HighStudy_LowMarks,Marks_Critical,Consistency_Warning
57.2,21.5,5.9,70.4,8.0,73.3,Attendance_Critical,StudyHours_Critical,Marks_Critical
73.4,76.8,12.4,85.1,7.1,63.3,Attendance_Critical,ScreenTime_Critical,General_Balanced
57.1,20.6,18.2,47.4,5.8,25.2,Combo_HighStudy_LowMarks,Combo_HighScreen_LowHomework,Attendance_Critical
93.9,48.7,8.1,91.3,7.5,38.2,Combo_LowStudy_LowConsistency,ScreenTime_Critical,Consistency_Warning
87.4,55.1,7.3,61.4,2.1,18.3,Combo_LowStudy_LowConsistency,StudyHours_Critical,Consistency_Warning
85.9,23.5,5.3,50.3,6.7,56.8,Combo_HighScreen_LowHomework,StudyHours_Critical,Marks_Critical
71.4,85.1,8.3,98.2,2.6,73.3,Attendance_Critical,Marks_Success,General_Balanced
97.3,75.5,12.7,74.5,5.1,56.6,ScreenTime_Critical,Attendance_Success,General_Balanced
69.7,80.7,6.2,48.3,1.3,40.3,Attendance_Critical,StudyHours_Critical,Marks_Success
71.5,48.1,10.6,89.4,1.6,65.8,Attendance_Critical,General_Balanced,General_Balanced
78.0,77.2,9.2,36.0,8.0,69.4,Combo_HighScreen_LowHomework,Attendance_Warning,ScreenTime_Critical
74.4,53.3,20.0,48.8,6.2,34.6,Combo_HighScreen_LowHomework,Attendance_Critical,ScreenTime_Critical
73.6,32.1,5.5,37.2,5.0,55.2,Combo_HighScreen_LowHomework,Attendance_Critical,StudyHours_Critical
67.1,62.6,17.3,35.0,5.8,96.0,Combo_HighScreen_LowHomework,Attendance_Critical,ScreenTime_Critical
60.2,87.6,7.5,75.2,2.1,10.9,Combo_LowStudy_LowConsistency,Attendance_Critical,StudyHours_Critical
79.6,40.9,17.1,93.1,3.0,44.1,Combo_HighStudy_LowMarks,Attendance_Warning,ScreenTime_Warning
62.2,89.2,5.6,70.4,7.0,79.7,Attendance_Critical,StudyHours_Critical,ScreenTime_Critical
93.4,39.5,9.0,91.0,2.1,72.9,Marks_Critical,General_Balanced,General_Balanced
82.7,87.7,3.5,74.3,2.7,69.4,Attendance_Warning,StudyHours_Critical,Marks_Success
97.4,59.0,17.5,41.5,3.0,21.1,ScreenTime_Warning,Consistency_Warning,Attendance_Success
73.0,55.5,13.9,60.4,1.8,45.8,Attendance_Critical,General_Balanced,General_Balanced
57.8,52.2,10.8,66.4,5.2,36.9,Combo_HighScreen_LowHomework,Attendance_Critical,ScreenTime_Critical
61.1,74.0,5.3,63.9,5.4,20.6,Combo_LowStudy_LowConsistency,Combo_HighScreen_LowHomework,Attendance_Critical
90.6,34.2,6.3,74.8,4.5,69.9,StudyHours_Critical,Marks_Critical,ScreenTime_Warning
85.9,68.9,9.7,86.7,3.5,83.5,ScreenTime_Warning,Consistency_Success,General_Balanced
60.2,40.2,13.0,41.8,6.4,21.9,Combo_HighStudy_LowMarks,Combo_HighScreen_LowHomework,Attendance_Critical
94.3,45.4,14.5,67.4,5.5,14.4,Combo_HighStudy_LowMarks,Combo_HighScreen_LowHomework,ScreenTime_Critical
73.9,31.6,18.3,43.6,5.3,67.7,Combo_HighStudy_LowMarks,Combo_HighScreen_LowHomework,Attendance_Critical
51.4,52.7,15.5,71.9,7.0,45.8,Attendance_Critical,ScreenTime_Critical,StudyHours_Success
60.9,55.7,7.2,40.0,1.7,90.0,Attendance_Critical,StudyHours_Critical,Consistency_Success
62.1,87.6,6.7,57.7,2.9,66.5,Attendance_Critical,StudyHours_Critical,Marks_Success
89.4,44.7,15.0,49.9,7.0,57.3,Combo_HighStudy_LowMarks,Combo_HighScreen_LowHomework,ScreenTime_Critical
97.6,26.4,7.1,55.4,4.9,37.0,Combo_LowStudy_LowConsistency,Combo_HighScreen_LowHomework,StudyHours_Critical
99.1,20.9,2.1,98.6,7.9,99.7,StudyHours_Critical,Marks_Critical,ScreenTime_Critical
87.7,86.1,12.8,58.0,7.8,42.4,Combo_HighScreen_LowHomework,ScreenTime_Critical,Marks_Success
68.9,94.9,12.0,53.8,6.6,75.9,Combo_HighScreen_LowHomework,Attendance_Critical,ScreenTime_Critical
62.3,55.5,9.6,63.9,4.7,76.3,Combo_HighScreen_LowHomework,Attendance_Critical,ScreenTime_Warning
57.8,87.1,8.8,85.2,3.3,11.1,Combo_LowStudy_LowConsistency,Attendance_Critical,ScreenTime_Warning
56.9,38.0,3.2,87.2,4.1,91.9,Attendance_Critical,StudyHours_Critical,Marks_Critical
99.8,53.1,3.9,32.1,4.7,51.6,Combo_HighScreen_LowHomework,StudyHours_Critical,ScreenTime_Warning
68.8,79.3,6.8,60.7,4.2,28.1,Combo_LowStudy_LowConsistency,Combo_HighScreen_LowHomework,Attendance_Critical
60.5,52.0,2.1,38.2,4.7,98.6,Combo_HighScreen_LowHomework,Attendance_Critical,StudyHours_Critical
52.5,48.0,19.4,70.4,7.9,19.8,Combo_HighStudy_LowMarks,Attendance_Critical,ScreenTime_Critical
91.2,53.6,15.5,78.3,1.4,16.5,Consistency_Warning,StudyHours_Success,General_Balanced
57.0,38.2,8.0,68.1,6.3,47.3,Combo_HighScreen_LowHomework,Attendance_Critical,StudyHours_Critical
90.3,42.7,3.3,93.9,3.2,49.2,StudyHours_Critical,ScreenTime_Warning,General_Balanced
81.6,56.1,10.9,67.8,6.3,70.5,Combo_HighScreen_LowHomework,Attendance_Warning,ScreenTime_Critical
97.5,43.8,11.6,85.0,2.9,17.8,Consistency_Warning,Attendance_Success,General_Balanced
59.5,62.2,14.3,59.7,6.7,24.6,Combo_HighScreen_LowHomework,Attendance_Critical,ScreenTime_Critical
67.8,67.7,13.8,39.3,5.3,85.5,Combo_HighScreen_LowHomework,Attendance_Critical,ScreenTime_Critical
75.2,55.0,13.1,65.6,7.8,88.0,Combo_HighScreen_LowHomework,Attendance_Warning,ScreenTime_Critical
80.3,90.8,8.6,30.9,1.4,89.0,Attendance_Warning,Marks_Success,Consistency_Success
59.9,41.0,10.7,48.0,3.1,38.1,Attendance_Critical,ScreenTime_Warning,Consistency_Warning
61.1,23.5,4.7,79.4,6.3,42.8,Attendance_Critical,StudyHours_Critical,Marks_Critical
79.3,27.4,6.6,95.0,4.5,81.3,Attendance_Warning,StudyHours_Critical,Marks_Critical
63.5,92.6,10.7,47.4,1.9,46.8,Attendance_Critical,Marks_Success,General_Balanced
63.0,46.9,15.8,98.3,7.5,37.2,Combo_HighStudy_LowMarks,Attendance_Critical,ScreenTime_Critical
77.4,78.4,10.9,96.4,1.2,36.2,Attendance_Warning,Consistency_Warning,General_Balanced
81.9,83.9,18.4,38.2,5.7,88.1,Combo_HighScreen_LowHomework,Attendance_Warning,ScreenTime_Critical
79.4,79.8,13.4,63.8,1.7,68.1,Attendance_Warning,General_Balanced,General_Balanced
64.1,23.1,18.2,83.4,4.1,33.2,Combo_HighStudy_LowMarks,Attendance_Critical,Marks_Critical
94.9,20.8,3.7,30.3,4.6,15.8,Combo_LowStudy_LowConsistency,Combo_HighScreen_LowHomework,StudyHours_Critical
99.7,26.7,8.5,85.9,1.6,27.8,Combo_LowStudy_LowConsistency,Marks_Critical,Consistency_Warning
50.5,89.9,14.3,74.4,4.9,48.7,Attendance_Critical,ScreenTime_Warning,Marks_Success
83.0,58.5,11.4,85.9,2.9,11.8,Attendance_Warning,Consistency_Warning,General_Balanced
59.7,45.3,5.8,39.4,7.9,44.2,Combo_HighScreen_LowHomework,Attendance_Critical,StudyHours_Critical
96.3,83.6,5.0,38.4,6.6,19.9,Combo_LowStudy_LowConsistency,Combo_HighScreen_LowHomework,StudyHours_Critical
58.2,89.9,5.1,67.9,4.0,64.5,Attendance_Critical,StudyHours_Critical,ScreenTime_Warning
51.8,94.6,10.6,62.1,2.7,60.0,Attendance_Critical,Marks_Success,General_Balanced
79.7,26.0,2.3,37.3,6.1,77.5,Combo_HighScreen_LowHomework,Attendance_Warning,StudyHours_Critical
96.3,22.5,11.7,54.5,3.4,72.5,Marks_Critical,ScreenTime_Warning,Attendance_Success
85.4,25.1,13.5,77.4,5.9,16.0,Combo_HighStudy_LowMarks,Marks_Critical,ScreenTime_Critical
89.2,46.0,19.5,96.4,2.2,91.6,Combo_HighStudy_LowMarks,StudyHours_Success,Consistency_Success
62.5,76.6,9.5,49.6,3.3,46.2,Attendance_Critical,ScreenTime_Warning,General_Balanced
72.6,87.2,11.3,57.7,4.1,72.2,Combo_HighScreen_LowHomework,Attendance_Critical,ScreenTime_Warning
75.6,58.4,3.8,71.1,5.4,18.8,Combo_LowStudy_LowConsistency,Attendance_Warning,StudyHours_Critical
58.8,28.3,18.8,78.4,1.2,36.7,Combo_HighStudy_LowMarks,Attendance_Critical,Marks_Critical
95.6,34.6,6.1,54.8,3.6,43.4,StudyHours_Critical,Marks_Critical,ScreenTime_Warning
80.6,58.3,7.2,92.5,5.9,65.6,Attendance_Warning,StudyHours_Critical,ScreenTime_Critical
88.3,58.5,2.3,99.4,7.9,23.0,Combo_LowStudy_LowConsistency,StudyHours_Critical,ScreenTime_Critical
73.0,23.8,14.2,99.1,1.1,23.9,Combo_HighStudy_LowMarks,Attendance_Critical,Marks_Critical
98.8,23.0,16.1,40.1,7.5,97.7,Combo_HighStudy_LowMarks,Combo_HighScreen_LowHomework,Marks_Critical
97.1,27.2,4.3,70.9,6.2,36.9,Combo_LowStudy_LowConsistency,StudyHours_Critical,Marks_Critical
83.6,56.6,5.1,54.8,5.8,25.7,Combo_LowStudy_LowConsistency,Combo_HighScreen_LowHomework,Attendance_Warning
78.4,50.0,18.0,78.9,5.9,71.5,Combo_HighStudy_LowMarks,Attendance_Warning,ScreenTime_Critical
91.1,52.3,4.1,82.7,6.7,48.6,StudyHours_Critical,ScreenTime_Critical,General_Balanced
56.5,79.5,11.4,73.6,2.6,35.0,Attendance_Critical,Consistency_Warning,General_Balanced
67.4,37.6,7.0,30.6,6.7,64.6,Combo_HighScreen_LowHomework,Attendance_Critical,StudyHours_Critical
53.1,25.3,12.1,73.2,5.2,56.7,Combo_HighStudy_LowMarks,Attendance_Critical,Marks_Critical
94.4,30.0,11.2,90.9,7.7,96.3,Marks_Critical,ScreenTime_Critical,Consistency_Success
65.6,52.0,15.7,83.2,7.2,14.7,Attendance_Critical,ScreenTime_Critical,Consistency_Warning
73.4,24.3,8.9,92.8,1.3,19.6,Combo_LowStudy_LowConsistency,Attendance_Critical,Marks_Critical
96.8,79.5,14.6,69.4,2.8,72.7,Attendance_Success,General_Balanced,General_Balanced
50.2,33.8,13.0,32.3,5.0,72.3,Combo_HighStudy_LowMarks,Combo_HighScreen_LowHomework,Attendance_Critical
76.3,62.9,7.0,30.7,5.2,35.4,Combo_LowStudy_LowConsistency,Combo_HighScreen_LowHomework,Attendance_Warning
66.6,90.5,10.5,64.2,6.8,82.1,Combo_HighScreen_LowHomework,Attendance_Critical,ScreenTime_Critical
92.0,72.6,9.7,83.1,7.8,73.1,ScreenTime_Critical,General_Balanced,General_Balanced
76.7,53.9,2.5,47.7,7.5,97.0,Combo_HighScreen_LowHomework,Attendance_Warning,StudyHours_Critical
81.0,75.9,6.7,41.7,1.9,27.4,Combo_LowStudy_LowConsistency,Attendance_Warning,StudyHours_Critical
73.8,65.4,10.2,78.9,7.2,32.4,Attendance_Critical,ScreenTime_Critical,Consistency_Warning
85.6,46.2,16.0,96.6,3.9,18.3,Combo_HighStudy_LowMarks,ScreenTime_Warning,Consistency_Warning
75.7,85.2,9.3,97.3,2.1,18.2,Combo_LowStudy_LowConsistency,Attendance_Warning,Consistency_Warning
87.7,23.9,19.9,86.9,4.1,42.8,Combo_HighStudy_LowMarks,Marks_Critical,ScreenTime_Warning
54.4,40.5,14.6,68.1,5.5,98.5,Combo_HighStudy_LowMarks,Combo_HighScreen_LowHomework,Attendance_Critical
71.9,22.1,12.9,53.3,4.4,23.0,Combo_HighStudy_LowMarks,Combo_HighScreen_LowHomework,Attendance_Critical
65.4,33.4,19.5,39.7,6.1,89.4,Combo_HighStudy_LowMarks,Combo_HighScreen_LowHomework,Attendance_Critical
91.9,46.5,15.3,51.4,7.5,69.3,Combo_HighStudy_LowMarks,Combo_HighScreen_LowHomework,ScreenTime_Critical
88.3,74.6,5.2,83.7,1.8,49.1,StudyHours_Critical,General_Balanced,General_Balanced
76.5,36.6,17.4,66.6,4.2,28.6,Combo_HighStudy_LowMarks,Combo_HighScreen_LowHomework,Attendance_Warning
72.0,36.1,13.2,95.1,4.0,45.6,Combo_HighStudy_LowMarks,Attendance_Critical,Marks_Critical
69.7,82.0,10.7,68.5,1.9,44.7,Attendance_Critical,Marks_Success,General_Balanced
95.9,36.9,6.9,90.2,5.4,90.7,StudyHours_Critical,Marks_Critical,ScreenTime_Critical
97.9,26.7,13.4,77.4,5.8,66.4,Combo_HighStudy_LowMarks,Marks_Critical,ScreenTime_Critical
75.7,86.5,15.4,99.7,7.2,68.0,Attendance_Warning,ScreenTime_Critical,StudyHours_Success
67.8,91.0,17.6,60.9,3.4,40.6,Attendance_Critical,ScreenTime_Warning,StudyHours_Success
74.0,69.9,10.6,74.6,7.8,61.5,Attendance_Critical,ScreenTime_Critical,General_Balanced
83.7,48.6,11.6,41.0,3.1,35.6,Attendance_Warning,ScreenTime_Warning,Consistency_Warning
90.5,85.4,17.0,57.3,6.7,52.5,Combo_HighScreen_LowHomework,ScreenTime_Critical,StudyHours_Success
60.6,20.1,5.8,68.3,3.5,30.0,Combo_LowStudy_LowConsistency,Attendance_Critical,StudyHours_Critical
89.1,66.4,4.1,68.7,2.7,33.5,Combo_LowStudy_LowConsistency,StudyHours_Critical,Consistency_Warning
69.4,76.0,13.9,58.4,2.1,46.4,Attendance_Critical,General_Balanced,General_Balanced
95.9,92.6,16.5,80.7,2.7,93.8,Attendance_Success,StudyHours_Success,Marks_Success
80.0,42.3,18.3,34.7,4.8,56.9,Combo_HighStudy_LowMarks,Combo_HighScreen_LowHomework,Attendance_Warning
87.0,76.4,15.9,43.5,2.7,16.8,Consistency_Warning,StudyHours_Success,General_Balanced
65.4,53.5,12.3,35.4,2.8,68.9,Attendance_Critical,General_Balanced,General_Balanced
64.6,87.4,12.9,62.6,4.9,78.3,Combo_HighScreen_LowHomework,Attendance_Critical,ScreenTime_Warning
81.7,64.1,18.8,39.6,4.8,31.7,Combo_HighScreen_LowHomework,Attendance_Warning,ScreenTime_Warning
89.4,84.0,9.1,63.2,5.3,88.7,Combo_HighScreen_LowHomework,ScreenTime_Critical,Marks_Success
95.4,60.0,16.6,35.3,3.5,17.0,ScreenTime_Warning,Consistency_Warning,Attendance_Success
74.1,58.4,4.3,84.7,5.4,87.1,Attendance_Critical,StudyHours_Critical,ScreenTime_Critical
85.6,43.7,3.4,71.3,7.9,33.4,Combo_LowStudy_LowConsistency,StudyHours_Critical,ScreenTime_Critical
83.7,75.7,9.3,89.5,3.5,20.0,Combo_LowStudy_LowConsistency,Attendance_Warning,ScreenTime_Warning
96.9,59.9,4.3,97.0,2.9,77.8,StudyHours_Critical,Attendance_Success,General_Balanced
68.3,21.8,9.5,97.3,6.1,81.3,Attendance_Critical,Marks_Critical,ScreenTime_Critical
86.5,51.7,9.4,92.5,7.0,79.6,ScreenTime_Critical,General_Balanced,General_Balanced
78.6,87.0,3.9,96.0,3.7,48.0,Attendance_Warning,StudyHours_Critical,ScreenTime_Warning
84.7,63.0,11.2,98.4,2.2,52.5,Attendance_Warning,General_Balanced,General_Balanced
93.3,90.0,16.5,66.1,4.1,70.6,Combo_HighScreen_LowHomework,ScreenTime_Warning,StudyHours_Success
65.0,92.3,19.6,58.9,7.1,20.0,Combo_HighScreen_LowHomework,Attendance_Critical,ScreenTime_Critical
69.2,66.9,13.0,73.6,3.7,43.2,Attendance_Critical,ScreenTime_Warning,General_Balanced
97.1,20.6,9.6,51.1,3.3,73.2,Marks_Critical,ScreenTime_Warning,Attendance_Success
50.4,74.5,3.7,58.0,1.5,72.4,Attendance_Critical,StudyHours_Critical,General_Balanced
63.6,41.2,12.9,31.3,1.9,24.7,Combo_HighStudy_LowMarks,Attendance_Critical,Consistency_Warning
78.3,42.5,14.4,49.5,2.1,81.0,Combo_HighStudy_LowMarks,Attendance_Warning,Consistency_Success
99.4,66.8,5.9,63.6,1.5,31.2,Combo_LowStudy_LowConsistency,StudyHours_Critical,Consistency_Warning
98.5,53.2,2.5,90.7,1.1,91.3,StudyHours_Critical,Attendance_Success,Consistency_Success
97.5,54.8,18.9,61.6,4.2,87.8,Combo_HighScreen_LowHomework,ScreenTime_Warning,Attendance_Success
94.8,36.5,19.1,93.1,7.8,12.9,Combo_HighStudy_LowMarks,Marks_Critical,ScreenTime_Critical
84.0,90.2,12.6,60.3,6.5,67.0,Combo_HighScreen_LowHomework,Attendance_Warning,ScreenTime_Critical
93.7,32.3,19.6,35.1,6.5,59.2,Combo_HighStudy_LowMarks,Combo_HighScreen_LowHomework,Marks_Critical
96.7,38.7,16.1,57.7,2.7,30.0,Combo_HighStudy_LowMarks,Marks_Critical,Consistency_Warning
70.1,31.3,17.7,86.3,1.8,52.5,Combo_HighStudy_LowMarks,Attendance_Critical,Marks_Critical
86.3,28.3,16.4,47.9,6.9,98.4,Combo_HighStudy_LowMarks,Combo_HighScreen_LowHomework,Marks_Critical
52.1,39.0,15.4,52.8,1.5,36.7,Combo_HighStudy_LowMarks,Attendance_Critical,Marks_Critical
64.0,60.0,8.6,54.9,6.0,56.5,Combo_HighScreen_LowHomework,Attendance_Critical,ScreenTime_Critical
50.0,23.6,2.2,96.5,7.5,61.5,Attendance_Critical,StudyHours_Critical,Marks_Critical
50.4,26.9,9.3,37.9,5.1,34.6,Combo_LowStudy_LowConsistency,Combo_HighScreen_LowHomework,Attendance_Critical
68.1,28.1,8.3,56.4,6.1,42.9,Combo_HighScreen_LowHomework,Attendance_Critical,Marks_Critical
96.7,45.4,3.6,39.4,2.1,39.3,Combo_LowStudy_LowConsistency,StudyHours_Critical,Consistency_Warning
66.5,37.3,8.8,70.3,7.8,99.9,Attendance_Critical,Marks_Critical,ScreenTime_Critical
54.7,43.8,11.6,90.2,4.5,41.2,Attendance_Critical,ScreenTime_Warning,General_Balanced
93.7,57.3,3.4,35.4,6.6,89.5,Combo_HighScreen_LowHomework,StudyHours_Critical,ScreenTime_Critical
98.5,35.7,10.5,35.9,6.3,68.8,Combo_HighScreen_LowHomework,Marks_Critical,ScreenTime_Critical
66.3,45.0,3.3,65.0,3.5,36.5,Combo_LowStudy_LowConsistency,Attendance_Critical,StudyHours_Critical
63.5,27.8,8.3,80.1,6.5,70.2,Attendance_Critical,Marks_Critical,ScreenTime_Critical
98.9,80.7,15.7,86.9,5.6,96.5,ScreenTime_Critical,Attendance_Success,StudyHours_Success
52.1,44.1,14.5,84.4,5.7,49.7,Combo_HighStudy_LowMarks,Attendance_Critical,ScreenTime_Critical
59.1,72.2,12.5,78.7,2.1,89.3,Attendance_Critical,Consistency_Success,General_Balanced
58.7,28.1,18.9,84.7,2.4,62.3,Combo_HighStudy_LowMarks,Attendance_Critical,Marks_Critical
90.0,65.1,6.8,35.1,5.3,95.4,Combo_HighScreen_LowHomework,StudyHours_Critical,ScreenTime_Critical
52.8,85.6,19.6,36.6,3.3,56.2,Attendance_Critical,ScreenTime_Warning,StudyHours_Success
55.4,47.7,18.7,46.9,1.6,38.1,Combo_HighStudy_LowMarks,Attendance_Critical,Consistency_Warning
85.7,66.3,19.8,62.9,6.5,23.4,Combo_HighScreen_LowHomework,ScreenTime_Critical,Consistency_Warning
85.5,46.0,3.8,44.3,5.8,66.6,Combo_HighScreen_LowHomework,StudyHours_Critical,ScreenTime_Critical
92.4,20.8,18.7,75.5,4.3,51.0,Combo_HighStudy_LowMarks,Marks_Critical,ScreenTime_Warning
70.3,23.0,13.0,98.8,4.6,54.5,Combo_HighStudy_LowMarks,Attendance_Critical,Marks_Critical
66.3,29.9,9.0,49.0,1.2,44.1,Attendance_Critical,Marks_Critical,General_Balanced
61.0,79.6,17.3,47.5,6.9,94.8,Combo_HighScreen_LowHomework,Attendance_Critical,ScreenTime_Critical
59.5,41.6,17.0,83.3,7.8,82.0,Combo_HighStudy_LowMarks,Attendance_Critical,ScreenTime_Critical
52.9,85.8,3.3,65.8,2.0,26.8,Combo_LowStudy_LowConsistency,Attendance_Critical,StudyHours_Critical
61.1,32.5,19.8,99.9,7.5,85.1,Combo_HighStudy_LowMarks,Attendance_Critical,Marks_Critical
53.5,88.6,4.7,65.5,7.1,19.6,Combo_LowStudy_LowConsistency,Combo_HighScreen_LowHomework,Attendance_Critical
87.1,75.6,5.9,58.8,3.9,85.5,StudyHours_Critical,ScreenTime_Warning,Consistency_Success
88.8,79.8,9.1,57.9,2.9,23.7,Combo_LowStudy_LowConsistency,Consistency_Warning,General_Balanced
79.6,48.7,13.3,65.7,2.6,36.5,Combo_HighStudy_LowMarks,Attendance_Warning,Consistency_Warning
83.3,61.0,9.8,73.5,4.5,31.1,Combo_LowStudy_LowConsistency,Attendance_Warning,ScreenTime_Warning
58.6,32.4,6.5,45.5,4.4,30.1,Combo_LowStudy_LowConsistency,Combo_HighScreen_LowHomework,Attendance_Critical
95.1,72.0,10.3,37.3,3.2,11.1,ScreenTime_Warning,Consistency_Warning,Attendance_Success
76.2,23.3,5.9,35.5,3.6,43.5,Attendance_Warning,StudyHours_Critical,Marks_Critical
50.0,40.0,17.4,57.4,6.6,83.8,Combo_HighStudy_LowMarks,Combo_HighScreen_LowHomework,Attendance_Critical
88.4,38.8,16.6,87.5,3.7,64.3,Combo_HighStudy_LowMarks,Marks_Critical,ScreenTime_Warning
63.4,41.5,17.5,78.4,5.0,10.6,Combo_HighStudy_LowMarks,Attendance_Critical,ScreenTime_Critical
51.9,79.9,16.8,76.8,6.0,54.6,Attendance_Critical,ScreenTime_Critical,StudyHours_Success
98.7,47.4,2.2,30.8,6.4,17.9,Combo_LowStudy_LowConsistency,Combo_HighScreen_LowHomework,StudyHours_Critical
66.3,61.5,18.4,72.3,6.9,14.8,Attendance_Critical,ScreenTime_Critical,Consistency_Warning
96.1,69.1,8.4,85.6,5.9,47.4,ScreenTime_Critical,Attendance_Success,General_Balanced
77.4,92.6,9.1,50.9,5.7,24.8,Combo_LowStudy_LowConsistency,Combo_HighScreen_LowHomework,Attendance_Warning
85.8,61.1,17.9,72.8,6.8,50.5,ScreenTime_Critical,StudyHours_Success,General_Balanced
85.6,45.7,4.8,53.5,6.0,74.3,Combo_HighScreen_LowHomework,StudyHours_Critical,ScreenTime_Critical
85.2,43.2,15.8,47.3,8.0,61.1,Combo_HighStudy_LowMarks,Combo_HighScreen_LowHomework,ScreenTime_Critical
52.0,20.2,16.9,50.4,4.1,87.3,Combo_HighStudy_LowMarks,Combo_HighScreen_LowHomework,Attendance_Critical
58.2,47.5,15.8,94.9,1.6,94.2,Combo_HighStudy_LowMarks,Attendance_Critical,StudyHours_Success
57.4,90.3,9.8,43.4,5.2,73.1,Combo_HighScreen_LowHomework,Attendance_Critical,ScreenTime_Critical
64.9,23.8,3.4,55.6,2.5,64.1,Attendance_Critical,StudyHours_Critical,Marks_Critical
91.5,26.8,14.7,51.8,4.2,32.9,Combo_HighStudy_LowMarks,Combo_HighScreen_LowHomework,Marks_Critical
91.1,20.9,12.3,51.6,4.6,15.6,Combo_HighStudy_LowMarks,Combo_HighScreen_LowHomework,Marks_Critical
87.0,75.1,10.5,31.4,2.3,71.3,General_Balanced,General_Balanced,General_Balanced
77.4,22.8,9.6,47.7,5.0,44.3,Combo_HighScreen_LowHomework,Attendance_Warning,Marks_Critical
86.7,75.0,18.6,52.8,2.7,18.4,Consistency_Warning,StudyHours_Success,General_Balanced
94.8,34.1,7.8,74.6,7.6,31.2,Combo_LowStudy_LowConsistency,StudyHours_Critical,Marks_Critical
53.1,77.5,17.0,57.9,4.7,24.6,Combo_HighScreen_LowHomework,Attendance_Critical,ScreenTime_Warning
61.3,48.0,18.5,48.6,6.7,83.9,Combo_HighStudy_LowMarks,Combo_HighScreen_LowHomework,Attendance_Critical
65.1,82.9,5.8,79.5,2.1,80.7,Attendance_Critical,StudyHours_Critical,Marks_Success
75.1,72.0,2.6,37.6,3.2,47.9,Attendance_Warning,StudyHours_Critical,ScreenTime_Warning
50.9,84.0,19.9,96.5,6.3,18.7,Attendance_Critical,ScreenTime_Critical,Consistency_Warning
91.0,57.8,14.6,80.5,2.4,26.2,Consistency_Warning,General_Balanced,General_Balanced
87.8,76.6,4.5,92.1,3.2,84.3,StudyHours_Critical,ScreenTime_Warning,Consistency_Success
96.3,47.5,10.6,79.5,5.9,49.2,ScreenTime_Critical,Attendance_Success,General_Balanced
98.5,40.7,9.6,60.8,6.7,55.4,Combo_HighScreen_LowHomework,ScreenTime_Critical,Attendance_Success
52.9,90.8,11.1,41.0,2.5,90.5,Attendance_Critical,Marks_Success,Consistency_Success
74.2,50.0,15.7,79.8,2.9,63.9,Attendance_Critical,StudyHours_Success,General_Balanced
92.6,44.7,4.0,88.3,4.3,20.4,Combo_LowStudy_LowConsistency,StudyHours_Critical,ScreenTime_Warning
82.9,59.4,4.9,75.8,2.8,24.7,Combo_LowStudy_LowConsistency,Attendance_Warning,StudyHours_Critical
52.0,71.1,2.6,73.9,7.0,62.0,Attendance_Critical,StudyHours_Critical,ScreenTime_Critical
80.5,58.8,5.6,85.5,7.0,72.9,Attendance_Warning,StudyHours_Critical,ScreenTime_Critical
66.9,32.6,13.5,50.8,6.5,43.4,Combo_HighStudy_LowMarks,Combo_HighScreen_LowHomework,Attendance_Critical
54.9,76.0,4.4,89.7,5.9,68.8,Attendance_Critical,StudyHours_Critical,ScreenTime_Critical
50.0,44.8,15.1,47.7,7.4,34.8,Combo_HighStudy_LowMarks,Combo_HighScreen_LowHomework,Attendance_Critical
83.6,86.9,6.3,36.3,5.0,73.5,Combo_HighScreen_LowHomework,Attendance_Warning,StudyHours_Critical
56.2,46.5,4.6,33.2,1.2,11.3,Combo_LowStudy_LowConsistency,Attendance_Critical,StudyHours_Critical
62.9,20.8,15.2,94.9,6.5,80.7,Combo_HighStudy_LowMarks,Attendance_Critical,Marks_Critical
89.7,92.3,9.6,43.7,6.8,26.1,Combo_LowStudy_LowConsistency,Combo_HighScreen_LowHomework,ScreenTime_Critical
77.3,52.5,12.1,73.0,4.0,49.0,Attendance_Warning,ScreenTime_Warning,General_Balanced
58.8,71.4,11.5,55.2,4.9,33.9,Combo_HighScreen_LowHomework,Attendance_Critical,ScreenTime_Warning
89.0,85.7,10.5,66.2,7.4,63.6,Combo_HighScreen_LowHomework,ScreenTime_Critical,Marks_Success
94.2,35.1,3.4,65.3,2.6,38.7,Combo_LowStudy_LowConsistency,StudyHours_Critical,Marks_Critical
55.5,25.8,13.4,92.9,1.6,98.8,Combo_HighStudy_LowMarks,Attendance_Critical,Marks_Critical
58.5,81.3,2.3,32.8,2.6,63.8,Attendance_Critical,StudyHours_Critical,Marks_Success
84.8,36.7,6.6,66.5,6.5,85.2,Combo_HighScreen_LowHomework,Attendance_Warning,StudyHours_Critical
67.5,79.4,4.0,76.6,4.8,46.1,Attendance_Critical,StudyHours_Critical,ScreenTime_Warning
86.7,76.2,12.1,71.9,7.8,58.6,ScreenTime_Critical,General_Balanced,General_Balanced
57.2,77.0,4.5,99.4,3.5,89.0,Attendance_Critical,StudyHours_Critical,ScreenTime_Warning
97.0,20.2,3.9,43.2,5.5,69.5,Combo_HighScreen_LowHomework,StudyHours_Critical,Marks_Critical
92.5,70.1,14.3,43.8,7.4,26.9,Combo_HighScreen_LowHomework,ScreenTime_Critical,Consistency_Warning
97.0,57.3,4.0,76.6,2.2,96.8,StudyHours_Critical,Attendance_Success,Consistency_Success
68.5,43.6,12.6,89.8,3.9,89.1,Combo_HighStudy_LowMarks,Attendance_Critical,ScreenTime_Warning
62.9,82.9,8.3,72.7,2.5,41.4,Attendance_Critical,Marks_Success,General_Balanced
61.6,70.9,9.2,40.6,5.7,99.0,Combo_HighScreen_LowHomework,Attendance_Critical,ScreenTime_Critical
99.9,25.4,16.6,81.3,1.8,15.2,Combo_HighStudy_LowMarks,Marks_Critical,Consistency_Warning
73.9,67.8,19.5,75.1,5.0,92.6,Attendance_Critical,ScreenTime_Critical,StudyHours_Success
99.3,42.5,9.3,85.1,2.7,36.8,Combo_LowStudy_LowConsistency,Consistency_Warning,Attendance_Success
88.9,21.5,19.3,40.4,3.2,20.5,Combo_HighStudy_LowMarks,Marks_Critical,ScreenTime_Warning
62.6,51.6,16.7,84.3,3.9,99.0,Attendance_Critical,ScreenTime_Warning,StudyHours_Success
82.2,81.6,7.2,84.2,6.3,18.1,Combo_LowStudy_LowConsistency,Attendance_Warning,StudyHours_Critical
76.2,91.8,4.3,55.0,3.9,13.9,Combo_LowStudy_LowConsistency,Attendance_Warning,StudyHours_Critical
80.6,35.7,10.9,89.4,7.2,71.0,Attendance_Warning,Marks_Critical,ScreenTime_Critical
55.6,43.3,13.3,42.2,2.5,23.7,Combo_HighStudy_LowMarks,Attendance_Critical,Consistency_Warning
56.2,49.8,18.0,56.2,2.3,49.1,Combo_HighStudy_LowMarks,Attendance_Critical,StudyHours_Success
89.8,25.8,9.1,57.8,6.2,11.0,Combo_LowStudy_LowConsistency,Combo_HighScreen_LowHomework,Marks_Critical
87.6,49.4,5.9,74.3,4.1,42.5,StudyHours_Critical,ScreenTime_Warning,General_Balanced
79.3,34.9,19.0,34.6,5.3,28.6,Combo_HighStudy_LowMarks,Combo_HighScreen_LowHomework,Attendance_Warning
70.3,85.1,17.3,73.3,4.1,48.8,Attendance_Critical,ScreenTime_Warning,StudyHours_Success
92.3,53.3,12.5,52.3,7.1,98.4,Combo_HighScreen_LowHomework,ScreenTime_Critical,Consistency_Success
80.0,32.9,11.7,69.7,5.2,30.6,Combo_HighScreen_LowHomework,Attendance_Warning,Marks_Critical
67.5,82.7,14.7,48.5,7.5,37.4,Combo_HighScreen_LowHomework,Attendance_Critical,ScreenTime_Critical
99.5,54.7,10.2,43.3,2.6,92.9,Attendance_Success,Consistency_Success,General_Balanced
95.5,71.4,10.9,84.7,3.4,84.0,ScreenTime_Warning,Attendance_Success,Consistency_Success
75.1,51.6,11.4,69.2,5.9,60.1,Combo_HighScreen_LowHomework,Attendance_Warning,ScreenTime_Critical
52.2,43.8,17.5,84.0,1.9,73.5,Combo_HighStudy_LowMarks,Attendance_Critical,StudyHours_Success
57.7,36.8,8.5,45.9,4.6,45.5,Combo_HighScreen_LowHomework,Attendance_Critical,Marks_Critical
69.1,38.3,7.5,67.0,6.8,29.9,Combo_LowStudy_LowConsistency,Combo_HighScreen_LowHomework,Attendance_Critical
97.0,87.7,18.2,99.7,3.6,39.4,ScreenTime_Warning,Consistency_Warning,Attendance_Success
99.3,61.7,8.9,70.2,3.7,63.6,ScreenTime_Warning,Attendance_Success,General_Balanced
93.2,39.6,12.0,84.4,5.4,87.6,Marks_Critical,ScreenTime_Critical,Consistency_Success
75.3,27.9,6.6,62.4,4.1,48.2,Combo_HighScreen_LowHomework,Attendance_Warning,StudyHours_Critical
50.7,21.5,3.3,53.6,1.2,69.9,Attendance_Critical,StudyHours_Critical,Marks_Critical
85.4,32.5,19.1,33.1,6.6,78.3,Combo_HighStudy_LowMarks,Combo_HighScreen_LowHomework,Marks_Critical
87.2,82.6,3.4,69.9,3.6,49.8,StudyHours_Critical,ScreenTime_Warning,Marks_Success
93.6,52.7,3.5,73.9,4.4,76.9,StudyHours_Critical,ScreenTime_Warning,General_Balanced
88.1,46.4,9.4,62.8,4.7,68.1,Combo_HighScreen_LowHomework,ScreenTime_Warning,General_Balanced
67.5,84.1,9.1,60.3,3.3,49.0,Attendance_Critical,ScreenTime_Warning,Marks_Success
78.6,62.6,6.5,58.5,7.2,54.6,Combo_HighScreen_LowHomework,Attendance_Warning,StudyHours_Critical
53.9,41.3,2.6,94.5,7.8,81.5,Attendance_Critical,StudyHours_Critical,ScreenTime_Critical
84.9,20.3,16.1,61.3,4.3,90.8,Combo_HighStudy_LowMarks,Combo_HighScreen_LowHomework,Attendance_Warning
87.1,82.6,17.8,57.0,1.1,25.0,Consistency_Warning,StudyHours_Success,Marks_Success
98.9,85.4,2.5,98.9,7.3,17.5,Combo_LowStudy_LowConsistency,StudyHours_Critical,ScreenTime_Critical
63.1,30.3,3.6,80.2,7.3,91.1,Attendance_Critical,StudyHours_Critical,Marks_Critical
62.6,58.5,5.6,61.1,1.4,10.2,Combo_LowStudy_LowConsistency,Attendance_Critical,StudyHours_Critical
81.6,23.9,13.8,62.3,7.8,26.0,Combo_HighStudy_LowMarks,Combo_HighScreen_LowHomework,Attendance_Warning
50.9,47.3,2.2,39.3,2.4,77.8,Attendance_Critical,StudyHours_Critical,General_Balanced
55.9,60.6,11.9,46.8,7.0,55.5,Combo_HighScreen_LowHomework,Attendance_Critical,ScreenTime_Critical
66.9,32.3,6.4,89.2,6.9,33.8,Combo_LowStudy_LowConsistency,Attendance_Critical,StudyHours_Critical
55.6,80.0,16.9,82.1,6.3,28.4,Attendance_Critical,ScreenTime_Critical,Consistency_Warning
84.6,27.1,7.2,66.5,5.1,62.3,Combo_HighScreen_LowHomework,Attendance_Warning,StudyHours_Critical
66.2,58.8,12.5,52.9,3.5,88.0,Attendance_Critical,ScreenTime_Warning,Consistency_Success
81.3,65.8,13.2,76.0,5.1,81.5,Attendance_Warning,ScreenTime_Critical,Consistency_Success
71.7,64.8,15.2,30.6,5.0,12.9,Combo_HighScreen_LowHomework,Attendance_Critical,ScreenTime_Critical
60.0,54.3,16.5,84.7,5.5,14.3,Attendance_Critical,ScreenTime_Critical,Consistency_Warning
72.5,61.1,2.7,94.6,5.4,32.9,Combo_LowStudy_LowConsistency,Attendance_Critical,StudyHours_Critical
91.9,90.2,8.7,75.8,3.5,88.1,ScreenTime_Warning,Marks_Success,Consistency_Success
76.9,70.6,4.7,41.0,7.8,21.2,Combo_LowStudy_LowConsistency,Combo_HighScreen_LowHomework,Attendance_Warning
56.1,88.6,11.4,99.4,1.2,77.5,Attendance_Critical,Marks_Success,General_Balanced
53.4,80.1,10.3,74.4,6.0,38.6,Attendance_Critical,ScreenTime_Critical,Consistency_Warning
71.5,91.8,12.2,56.4,5.0,13.6,Combo_HighScreen_LowHomework,Attendance_Critical,ScreenTime_Warning
99.8,86.2,19.7,77.1,7.9,15.0,ScreenTime_Critical,Consistency_Warning,Attendance_Success
96.5,70.5,13.1,56.8,7.6,54.1,Combo_HighScreen_LowHomework,ScreenTime_Critical,Attendance_Success
55.3,81.5,8.2,88.9,5.0,42.8,Attendance_Critical,ScreenTime_Critical,Marks_Success
69.7,50.0,10.5,43.4,3.9,16.2,Attendance_Critical,ScreenTime_Warning,Consistency_Warning
88.6,26.8,13.2,75.8,4.9,53.7,Combo_HighStudy_LowMarks,Marks_Critical,ScreenTime_Warning
52.7,23.6,2.4,42.9,2.5,78.5,Attendance_Critical,StudyHours_Critical,Marks_Critical
99.7,33.3,16.8,89.9,5.7,21.4,Combo_HighStudy_LowMarks,Marks_Critical,ScreenTime_Critical
77.8,91.6,16.9,47.4,4.8,86.1,Combo_HighScreen_LowHomework,Attendance_Warning,ScreenTime_Warning
92.0,90.7,6.5,37.6,1.5,63.6,StudyHours_Critical,Marks_Success,General_Balanced
50.4,48.6,7.2,94.0,5.2,25.2,Combo_LowStudy_LowConsistency,Attendance_Critical,StudyHours_Critical
50.3,55.7,5.6,62.6,5.6,73.6,Combo_HighScreen_LowHomework,Attendance_Critical,StudyHours_Critical
94.7,90.0,14.5,89.5,6.9,87.8,ScreenTime_Critical,Marks_Success,Consistency_Success
86.8,45.3,10.1,92.2,5.1,65.6,ScreenTime_Critical,General_Balanced,General_Balanced
77.7,78.8,15.0,71.9,5.8,91.6,Attendance_Warning,ScreenTime_Critical,Consistency_Success
99.5,78.4,6.8,76.2,4.2,38.9,Combo_LowStudy_LowConsistency,StudyHours_Critical,ScreenTime_Warning
81.9,57.1,3.9,72.0,4.1,67.5,Attendance_Warning,StudyHours_Critical,ScreenTime_Warning
89.9,49.0,3.1,89.5,7.9,26.1,Combo_LowStudy_LowConsistency,StudyHours_Critical,ScreenTime_Critical
74.3,43.7,8.4,57.5,2.5,90.0,Attendance_Critical,Consistency_Success,General_Balanced
87.9,59.4,11.6,42.2,3.7,62.2,ScreenTime_Warning,General_Balanced,General_Balanced
81.4,38.2,9.1,68.6,4.3,26.4,Combo_LowStudy_LowConsistency,Combo_HighScreen_LowHomework,Attendance_Warning
84.8,74.4,6.1,52.7,4.3,67.4,Combo_HighScreen_LowHomework,Attendance_Warning,StudyHours_Critical
54.6,81.1,14.6,65.4,1.7,81.0,Attendance_Critical,Marks_Success,Consistency_Success
90.6,79.7,15.1,91.9,1.9,29.4,Consistency_Warning,StudyHours_Success,General_Balanced
56.6,94.3,8.4,39.4,3.7,20.8,Combo_LowStudy_LowConsistency,Attendance_Critical,ScreenTime_Warning
64.8,20.2,14.9,78.8,6.8,74.2,Combo_HighStudy_LowMarks,Attendance_Critical,Marks_Critical
78.1,90.9,5.9,59.6,1.6,79.3,Attendance_Warning,StudyHours_Critical,Marks_Success
55.4,41.6,11.2,81.2,1.2,18.2,Attendance_Critical,Consistency_Warning,General_Balanced
86.9,62.5,11.5,88.0,6.0,36.9,ScreenTime_Critical,Consistency_Warning,General_Balanced
53.2,28.0,2.8,42.1,1.7,99.5,Attendance_Critical,StudyHours_Critical,Marks_Critical
98.1,49.0,18.7,45.2,3.0,11.6,Combo_HighStudy_LowMarks,ScreenTime_Warning,Consistency_Warning
76.6,75.9,10.0,94.6,1.9,76.0,Attendance_Warning,General_Balanced,General_Balanced
52.5,86.0,8.5,63.2,7.5,74.1,Combo_HighScreen_LowHomework,Attendance_Critical,ScreenTime_Critical
69.8,24.7,16.7,72.2,4.0,93.7,Combo_HighStudy_LowMarks,Attendance_Critical,Marks_Critical
60.5,75.1,11.7,45.7,6.8,15.6,Combo_HighScreen_LowHomework,Attendance_Critical,ScreenTime_Critical
59.7,70.8,13.5,68.6,8.0,60.5,Combo_HighScreen_LowHomework,Attendance_Critical,ScreenTime_Critical
91.9,93.2,3.0,94.1,3.2,57.4,StudyHours_Critical,ScreenTime_Warning,Marks_Success
67.9,23.3,16.2,55.7,3.5,78.6,Combo_HighStudy_LowMarks,Attendance_Critical,Marks_Critical
78.5,73.7,15.2,76.9,5.8,60.2,Attendance_Warning,ScreenTime_Critical,StudyHours_Success
89.2,54.6,8.3,41.2,2.5,12.3,Combo_LowStudy_LowConsistency,Consistency_Warning,General_Balanced
70.8,21.3,15.6,35.7,6.8,72.0,Combo_HighStudy_LowMarks,Combo_HighScreen_LowHomework,Attendance_Critical
51.2,52.7,4.0,81.4,3.0,89.8,Attendance_Critical,StudyHours_Critical,Consistency_Success
63.8,26.0,12.3,89.4,7.5,64.0,Combo_HighStudy_LowMarks,Attendance_Critical,Marks_Critical
55.4,72.7,11.3,31.5,7.9,98.1,Combo_HighScreen_LowHomework,Attendance_Critical,ScreenTime_Critical
84.1,27.9,16.3,82.4,5.2,12.9,Combo_HighStudy_LowMarks,Attendance_Warning,Marks_Critical
82.5,54.2,12.4,63.8,7.5,28.2,Combo_HighScreen_LowHomework,Attendance_Warning,ScreenTime_Critical
89.4,80.1,3.9,44.0,1.1,11.0,Combo_LowStudy_LowConsistency,StudyHours_Critical,Consistency_Warning
64.2,55.7,16.4,34.7,7.0,85.4,Combo_HighScreen_LowHomework,Attendance_Critical,ScreenTime_Critical
66.0,43.8,2.6,47.7,1.9,75.3,Attendance_Critical,StudyHours_Critical,General_Balanced
96.1,75.2,12.7,58.0,6.9,48.3,Combo_HighScreen_LowHomework,ScreenTime_Critical,Attendance_Success
72.7,92.9,14.1,61.4,6.7,81.0,Combo_HighScreen_LowHomework,Attendance_Critical,ScreenTime_Critical
71.6,29.3,14.4,39.0,2.1,11.3,Combo_HighStudy_LowMarks,Attendance_Critical,Marks_Critical
80.3,59.7,5.3,61.4,6.0,34.9,Combo_LowStudy_LowConsistency,Combo_HighScreen_LowHomework,Attendance_Warning
61.2,27.4,10.4,96.9,5.4,28.4,Attendance_Critical,Marks_Critical,ScreenTime_Critical
66.6,44.5,2.7,48.9,4.4,93.3,Combo_HighScreen_LowHomework,Attendance_Critical,StudyHours_Critical
74.5,59.8,5.8,85.8,7.1,69.7,Attendance_Critical,StudyHours_Critical,ScreenTime_Critical
72.7,40.3,4.8,45.5,4.9,51.5,Combo_HighScreen_LowHomework,Attendance_Critical,StudyHours_Critical
94.1,48.9,3.0,84.6,1.1,41.0,StudyHours_Critical,General_Balanced,General_Balanced
56.8,49.1,5.6,34.9,5.9,12.3,Combo_LowStudy_LowConsistency,Combo_HighScreen_LowHomework,Attendance_Critical
64.3,54.4,9.9,53.9,1.4,64.7,Attendance_Critical,General_Balanced,General_Balanced
61.2,89.7,19.9,63.8,4.9,54.2,Combo_HighScreen_LowHomework,Attendance_Critical,ScreenTime_Warning
68.0,46.0,6.4,97.6,7.0,44.3,Attendance_Critical,StudyHours_Critical,ScreenTime_Critical
58.8,82.2,6.7,34.0,4.3,82.7,Combo_HighScreen_LowHomework,Attendance_Critical,StudyHours_Critical
80.1,32.7,19.6,64.2,4.8,38.7,Combo_HighStudy_LowMarks,Combo_HighScreen_LowHomework,Attendance_Warning
83.2,35.0,10.9,57.2,3.6,61.3,Attendance_Warning,Marks_Critical,ScreenTime_Warning
84.6,88.0,8.6,48.4,5.2,36.8,Combo_LowStudy_LowConsistency,Combo_HighScreen_LowHomework,Attendance_Warning
95.0,35.9,18.3,48.3,1.3,74.7,Combo_HighStudy_LowMarks,Marks_Critical,StudyHours_Success
50.4,77.1,18.6,89.4,7.0,66.7,Attendance_Critical,ScreenTime_Critical,StudyHours_Success
62.6,83.2,5.5,87.0,1.7,29.1,Combo_LowStudy_LowConsistency,Attendance_Critical,StudyHours_Critical
95.9,54.7,11.8,46.1,5.8,19.7,Combo_HighScreen_LowHomework,ScreenTime_Critical,Consistency_Warning
55.2,94.8,18.2,34.5,1.6,84.1,Attendance_Critical,StudyHours_Success,Marks_Success
50.8,92.7,6.2,94.3,1.9,81.3,Attendance_Critical,StudyHours_Critical,Marks_Success
79.9,58.7,9.2,36.2,4.8,90.2,Combo_HighScreen_LowHomework,Attendance_Warning,ScreenTime_Warning
77.9,22.2,12.9,78.6,3.7,86.1,Combo_HighStudy_LowMarks,Attendance_Warning,Marks_Critical
55.7,78.4,12.7,43.3,1.7,29.9,Attendance_Critical,Consistency_Warning,General_Balanced
99.3,41.3,11.1,78.3,3.0,16.0,Consistency_Warning,Attendance_Success,General_Balanced
82.9,63.0,4.6,74.1,4.1,43.5,Attendance_Warning,StudyHours_Critical,ScreenTime_Warning
94.9,41.7,9.7,77.8,1.6,53.9,General_Balanced,General_Balanced,General_Balanced
79.3,73.9,3.1,63.8,2.1,47.4,Attendance_Warning,StudyHours_Critical,General_Balanced
51.7,78.0,4.3,59.0,4.6,24.6,Combo_LowStudy_LowConsistency,Combo_HighScreen_LowHomework,Attendance_Critical
93.1,90.9,10.1,60.2,3.3,92.8,ScreenTime_Warning,Marks_Success,Consistency_Success
78.1,73.0,14.4,75.5,3.5,78.8,Attendance_Warning,ScreenTime_Warning,General_Balanced
92.7,32.7,10.2,71.9,4.9,53.4,Marks_Critical,ScreenTime_Warning,General_Balanced
66.1,47.2,2.1,85.6,1.5,20.1,Combo_LowStudy_LowConsistency,Attendance_Critical,StudyHours_Critical
84.5,58.4,11.7,77.2,3.2,59.9,Attendance_Warning,ScreenTime_Warning,General_Balanced
80.6,77.6,14.4,37.0,4.0,96.5,Attendance_Warning,ScreenTime_Warning,Consistency_Success
78.4,35.5,4.5,57.8,5.4,72.0,Combo_HighScreen_LowHomework,Attendance_Warning,StudyHours_Critical
57.1,24.7,8.1,55.8,1.7,86.7,Attendance_Critical,Marks_Critical,Consistency_Success
51.1,53.6,18.2,95.9,2.5,17.3,Attendance_Critical,Consistency_Warning,StudyHours_Success
67.4,25.3,10.3,40.6,4.2,83.7,Combo_HighScreen_LowHomework,Attendance_Critical,Marks_Critical
88.2,83.1,17.5,87.5,2.1,83.3,StudyHours_Success,Marks_Success,Consistency_Success
84.3,94.6,2.4,56.7,7.6,28.2,Combo_LowStudy_LowConsistency,Combo_HighScreen_LowHomework,Attendance_Warning
86.7,58.9,18.2,31.7,6.1,17.7,Combo_HighScreen_LowHomework,ScreenTime_Critical,Consistency_Warning
85.7,43.7,13.5,82.0,6.9,75.5,Combo_HighStudy_LowMarks,ScreenTime_Critical,General_Balanced
85.9,22.6,12.2,41.8,1.0,35.4,Combo_HighStudy_LowMarks,Marks_Critical,Consistency_Warning
95.7,84.0,11.2,67.6,7.9,60.0,Combo_HighScreen_LowHomework,ScreenTime_Critical,Attendance_Success
88.1,63.8,3.0,64.9,5.9,81.7,Combo_HighScreen_LowHomework,StudyHours_Critical,ScreenTime_Critical
91.0,60.6,13.7,52.5,5.5,84.7,Combo_HighScreen_LowHomework,ScreenTime_Critical,Consistency_Success
54.7,88.4,18.4,80.2,5.3,82.9,Attendance_Critical,ScreenTime_Critical,StudyHours_Success
74.4,44.3,8.4,80.5,1.5,68.6,Attendance_Critical,General_Balanced,General_Balanced
55.7,64.2,9.3,39.7,3.0,16.1,Combo_LowStudy_LowConsistency,Attendance_Critical,Consistency_Warning
70.7,77.0,16.9,54.5,3.9,77.5,Attendance_Critical,ScreenTime_Warning,StudyHours_Success
72.6,48.2,17.5,93.5,4.1,76.6,Combo_HighStudy_LowMarks,Attendance_Critical,ScreenTime_Warning
68.8,23.5,18.2,47.5,4.2,89.2,Combo_HighStudy_LowMarks,Combo_HighScreen_LowHomework,Attendance_Critical
99.8,74.1,9.2,42.5,4.9,76.4,Combo_HighScreen_LowHomework,ScreenTime_Warning,Attendance_Success
61.9,66.7,8.6,45.0,6.5,46.6,Combo_HighScreen_LowHomework,Attendance_Critical,ScreenTime_Critical
62.9,41.6,10.5,51.1,6.0,93.2,Combo_HighScreen_LowHomework,Attendance_Critical,ScreenTime_Critical
76.6,72.8,3.4,68.9,4.2,26.0,Combo_LowStudy_LowConsistency,Combo_HighScreen_LowHomework,Attendance_Warning
51.1,56.1,19.0,52.2,4.2,62.5,Combo_HighScreen_LowHomework,Attendance_Critical,ScreenTime_Warning
93.4,28.9,16.5,88.0,5.6,10.9,Combo_HighStudy_LowMarks,Marks_Critical,ScreenTime_Critical
93.0,80.1,10.9,34.1,3.0,66.7,ScreenTime_Warning,Marks_Success,General_Balanced
75.8,33.4,6.2,75.8,1.5,54.4,Attendance_Warning,StudyHours_Critical,Marks_Critical
84.8,45.6,6.8,56.7,5.7,95.5,Combo_HighScreen_LowHomework,Attendance_Warning,StudyHours_Critical
53.8,44.1,18.8,32.4,2.9,90.3,Combo_HighStudy_LowMarks,Attendance_Critical,StudyHours_Success
59.4,63.8,5.2,58.4,7.3,80.9,Combo_HighScreen_LowHomework,Attendance_Critical,StudyHours_Critical
79.8,78.0,13.4,37.8,6.2,62.8,Combo_HighScreen_LowHomework,Attendance_Warning,ScreenTime_Critical
82.5,37.6,9.2,58.5,4.8,57.8,Combo_HighScreen_LowHomework,Attendance_Warning,Marks_Critical
75.4,53.5,16.7,93.9,1.9,20.0,Attendance_Warning,Consistency_Warning,StudyHours_Success
76.1,89.7,2.8,56.3,7.2,57.1,Combo_HighScreen_LowHomework,Attendance_Warning,StudyHours_Critical
65.1,91.8,3.7,41.8,6.1,53.3,Combo_HighScreen_LowHomework,Attendance_Critical,StudyHours_Critical
80.0,74.1,8.1,97.4,5.2,47.9,Attendance_Warning,ScreenTime_Critical,General_Balanced
81.7,87.3,16.6,54.7,2.2,58.5,Attendance_Warning,StudyHours_Success,Marks_Success
93.9,92.3,4.2,40.4,7.3,27.9,Combo_LowStudy_LowConsistency,Combo_HighScreen_LowHomework,StudyHours_Critical
52.5,80.1,17.8,68.7,4.6,22.1,Combo_HighScreen_LowHomework,Attendance_Critical,ScreenTime_Warning
54.6,55.9,8.2,35.3,2.9,59.2,Attendance_Critical,General_Balanced,General_Balanced
67.8,79.3,2.5,53.0,5.8,84.2,Combo_HighScreen_LowHomework,Attendance_Critical,StudyHours_Critical
74.6,45.0,9.4,77.4,6.8,60.0,Attendance_Critical,ScreenTime_Critical,General_Balanced
97.9,48.4,14.6,58.9,2.8,74.4,Combo_HighStudy_LowMarks,Attendance_Success,General_Balanced
91.1,36.3,8.5,44.5,1.9,54.7,Marks_Critical,General_Balanced,General_Balanced
63.2,35.0,6.8,73.5,3.7,89.8,Attendance_Critical,StudyHours_Critical,Marks_Critical
96.0,76.8,10.7,43.8,5.6,50.3,Combo_HighScreen_LowHomework,ScreenTime_Critical,Attendance_Success
79.0,25.5,13.7,52.0,6.8,62.0,Combo_HighStudy_LowMarks,Combo_HighScreen_LowHomework,Attendance_Warning
62.9,39.3,10.9,98.8,3.3,12.7,Attendance_Critical,Marks_Critical,ScreenTime_Warning
60.8,40.3,2.3,78.1,6.7,43.4,Attendance_Critical,StudyHours_Critical,ScreenTime_Critical
99.9,62.4,7.5,43.0,3.9,28.8,Combo_LowStudy_LowConsistency,StudyHours_Critical,ScreenTime_Warning
50.1,48.1,4.5,58.8,4.6,99.4,Combo_HighScreen_LowHomework,Attendance_Critical,StudyHours_Critical
82.1,87.0,7.5,81.6,7.5,44.1,Attendance_Warning,StudyHours_Critical,ScreenTime_Critical
92.1,42.0,18.1,35.2,1.9,97.6,Combo_HighStudy_LowMarks,StudyHours_Success,Consistency_Success
60.3,73.0,5.3,62.1,6.1,90.4,Combo_HighScreen_LowHomework,Attendance_Critical,StudyHours_Critical
68.8,84.6,18.6,60.7,2.6,46.8,Attendance_Critical,StudyHours_Success,Marks_Success
69.2,50.5,9.1,65.2,1.8,88.2,Attendance_Critical,Consistency_Success,General_Balanced
80.4,29.2,8.9,73.6,3.7,61.9,Attendance_Warning,Marks_Critical,ScreenTime_Warning
83.5,35.7,7.1,79.6,2.1,67.1,Attendance_Warning,StudyHours_Critical,Marks_Critical
52.3,53.0,19.0,40.2,3.2,19.2,Attendance_Critical,ScreenTime_Warning,Consistency_Warning
69.5,32.2,14.3,73.7,3.3,50.1,Combo_HighStudy_LowMarks,Attendance_Critical,Marks_Critical
66.3,93.1,11.4,97.6,2.7,32.8,Attendance_Critical,Consistency_Warning,Marks_Success
60.9,43.2,15.3,51.2,5.3,13.1,Combo_HighStudy_LowMarks,Combo_HighScreen_LowHomework,Attendance_Critical
87.4,61.4,11.9,93.8,7.3,36.9,ScreenTime_Critical,Consistency_Warning,General_Balanced
89.7,24.8,4.2,60.9,5.4,71.7,Combo_HighScreen_LowHomework,StudyHours_Critical,Marks_Critical
88.4,43.6,6.8,76.8,6.0,60.2,StudyHours_Critical,ScreenTime_Critical,General_Balanced
96.5,70.4,4.8,80.2,2.6,80.1,StudyHours_Critical,Attendance_Success,Consistency_Success
76.1,43.7,19.9,86.8,2.7,21.2,Combo_HighStudy_LowMarks,Attendance_Warning,Consistency_Warning
62.0,30.4,19.1,78.5,2.7,10.1,Combo_HighStudy_LowMarks,Attendance_Critical,Marks_Critical
86.4,26.9,5.7,76.1,2.3,99.9,StudyHours_Critical,Marks_Critical,Consistency_Success
90.5,87.8,11.1,40.9,5.8,60.0,Combo_HighScreen_LowHomework,ScreenTime_Critical,Marks_Success
82.0,37.9,17.9,42.0,1.9,39.2,Combo_HighStudy_LowMarks,Attendance_Warning,Marks_Critical
74.7,42.9,17.4,55.1,3.5,62.0,Combo_HighStudy_LowMarks,Attendance_Critical,ScreenTime_Warning
79.3,41.2,2.5,40.6,5.4,26.3,Combo_LowStudy_LowConsistency,Combo_HighScreen_LowHomework,Attendance_Warning
91.3,66.1,6.6,31.0,4.6,88.0,Combo_HighScreen_LowHomework,StudyHours_Critical,ScreenTime_Warning
65.4,32.6,14.2,77.4,6.9,46.4,Combo_HighStudy_LowMarks,Attendance_Critical,Marks_Critical
52.6,20.5,9.7,83.2,3.5,61.2,Attendance_Critical,Marks_Critical,ScreenTime_Warning
79.9,36.5,9.3,66.2,4.3,75.4,Combo_HighScreen_LowHomework,Attendance_Warning,Marks_Critical
58.7,29.4,5.9,30.9,5.6,22.5,Combo_LowStudy_LowConsistency,Combo_HighScreen_LowHomework,Attendance_Critical
88.2,54.1,5.4,76.5,6.3,21.3,Combo_LowStudy_LowConsistency,StudyHours_Critical,ScreenTime_Critical
84.9,33.7,5.5,59.8,1.6,93.1,Attendance_Warning,StudyHours_Critical,Marks_Critical
84.1,70.0,13.4,50.5,2.4,61.2,Attendance_Warning,General_Balanced,General_Balanced
98.7,32.1,10.6,74.3,2.4,53.0,Marks_Critical,Attendance_Success,General_Balanced
51.1,78.9,2.8,93.7,3.2,12.8,Combo_LowStudy_LowConsistency,Attendance_Critical,StudyHours_Critical
86.9,44.4,2.3,76.1,7.9,32.7,Combo_LowStudy_LowConsistency,StudyHours_Critical,ScreenTime_Critical
69.9,54.8,15.3,67.5,5.1,91.1,Combo_HighScreen_LowHomework,Attendance_Critical,ScreenTime_Critical
81.4,26.3,7.3,32.5,3.1,81.7,Attendance_Warning,StudyHours_Critical,Marks_Critical
98.5,80.4,10.7,81.6,7.8,82.3,ScreenTime_Critical,Attendance_Success,Marks_Success
86.0,20.1,8.6,98.1,7.2,88.7,Marks_Critical,ScreenTime_Critical,Consistency_Success
91.8,36.0,7.8,91.3,7.8,49.8,StudyHours_Critical,Marks_Critical,ScreenTime_Critical
66.3,56.3,8.9,84.7,5.6,17.2,Combo_LowStudy_LowConsistency,Attendance_Critical,ScreenTime_Critical
56.3,27.4,12.2,80.4,5.9,87.9,Combo_HighStudy_LowMarks,Attendance_Critical,Marks_Critical
57.1,64.8,3.7,67.9,5.8,39.1,Combo_LowStudy_LowConsistency,Combo_HighScreen_LowHomework,Attendance_Critical
83.8,55.9,3.9,61.3,7.0,12.3,Combo_LowStudy_LowConsistency,Combo_HighScreen_LowHomework,Attendance_Warning
86.2,79.2,3.9,88.4,7.8,13.3,Combo_LowStudy_LowConsistency,StudyHours_Critical,ScreenTime_Critical
98.7,32.9,7.8,30.2,2.0,41.7,StudyHours_Critical,Marks_Critical,Attendance_Success
72.6,30.3,5.8,62.1,3.7,91.3,Attendance_Critical,StudyHours_Critical,Marks_Critical
91.7,75.3,17.8,86.3,1.1,36.1,Consistency_Warning,StudyHours_Success,General_Balanced
84.9,52.2,11.6,78.9,7.8,77.4,Attendance_Warning,ScreenTime_Critical,General_Balanced
67.8,50.2,8.5,49.0,5.1,55.0,Combo_HighScreen_LowHomework,Attendance_Critical,ScreenTime_Critical
99.1,30.1,16.1,52.5,4.4,63.8,Combo_HighStudy_LowMarks,Combo_HighScreen_LowHomework,Marks_Critical
95.6,81.6,6.5,94.4,1.1,15.3,Combo_LowStudy_LowConsistency,StudyHours_Critical,Consistency_Warning
99.4,58.4,15.9,59.7,2.8,74.0,Attendance_Success,StudyHours_Success,General_Balanced
73.5,41.4,5.7,93.0,3.0,99.7,Attendance_Critical,StudyHours_Critical,ScreenTime_Warning
92.6,44.0,16.4,76.5,7.2,39.1,Combo_HighStudy_LowMarks,ScreenTime_Critical,Consistency_Warning
88.1,47.3,6.1,86.3,1.4,10.3,Combo_LowStudy_LowConsistency,StudyHours_Critical,Consistency_Warning
64.6,86.5,19.6,50.6,8.0,33.4,Combo_HighScreen_LowHomework,Attendance_Critical,ScreenTime_Critical
58.1,78.8,17.8,32.6,6.8,68.4,Combo_HighScreen_LowHomework,Attendance_Critical,ScreenTime_Critical
63.0,58.5,12.2,73.3,6.2,96.5,Attendance_Critical,ScreenTime_Critical,Consistency_Success
58.8,86.1,8.4,60.1,1.4,72.7,Attendance_Critical,Marks_Success,General_Balanced
79.3,31.2,19.8,35.7,3.4,98.6,Combo_HighStudy_LowMarks,Attendance_Warning,Marks_Critical
64.2,68.7,17.2,36.4,3.1,87.7,Attendance_Critical,ScreenTime_Warning,StudyHours_Success
62.9,78.4,19.2,80.1,4.4,19.5,Attendance_Critical,ScreenTime_Warning,Consistency_Warning
90.1,58.2,12.4,77.4,3.0,35.8,Consistency_Warning,General_Balanced,General_Balanced
79.2,84.4,17.9,78.6,5.7,26.5,Attendance_Warning,ScreenTime_Critical,Consistency_Warning
79.8,53.7,7.7,30.6,2.1,21.0,Combo_LowStudy_LowConsistency,Attendance_Warning,StudyHours_Critical
54.7,50.4,14.6,61.3,7.1,30.8,Combo_HighScreen_LowHomework,Attendance_Critical,ScreenTime_Critical
97.6,92.5,18.9,78.1,2.5,37.5,Consistency_Warning,Attendance_Success,StudyHours_Success
77.6,32.6,12.8,33.3,7.6,59.2,Combo_HighStudy_LowMarks,Combo_HighScreen_LowHomework,Attendance_Warning
56.1,36.2,16.5,73.4,4.4,69.4,Combo_HighStudy_LowMarks,Attendance_Critical,Marks_Critical
59.5,77.2,19.7,93.8,7.7,11.1,Attendance_Critical,ScreenTime_Critical,Consistency_Warning
88.2,80.6,8.4,94.3,5.4,47.3,ScreenTime_Critical,Marks_Success,General_Balanced
85.2,63.9,12.2,65.5,3.7,89.5,ScreenTime_Warning,Consistency_Success,General_Balanced
96.1,54.3,18.8,32.6,4.6,12.3,Combo_HighScreen_LowHomework,ScreenTime_Warning,Consistency_Warning
51.5,84.0,9.1,77.9,7.3,74.4,Attendance_Critical,ScreenTime_Critical,Marks_Success
70.9,35.8,12.5,80.2,6.4,79.4,Combo_HighStudy_LowMarks,Attendance_Critical,Marks_Critical
93.3,54.5,16.2,94.2,1.3,55.8,StudyHours_Success,General_Balanced,General_Balanced
56.9,43.9,7.9,96.2,3.1,68.2,Attendance_Critical,StudyHours_Critical,ScreenTime_Warning
69.6,71.5,17.4,92.5,5.1,50.3,Attendance_Critical,ScreenTime_Critical,StudyHours_Success
56.5,43.4,14.1,65.5,2.9,68.2,Combo_HighStudy_LowMarks,Attendance_Critical,General_Balanced
79.9,46.3,3.1,95.9,2.3,96.2,Attendance_Warning,StudyHours_Critical,Consistency_Success
66.9,63.8,6.4,53.5,6.5,42.5,Combo_HighScreen_LowHomework,Attendance_Critical,StudyHours_Critical
65.1,72.4,11.7,93.8,3.0,38.8,Attendance_Critical,ScreenTime_Warning,Consistency_Warning
86.9,77.8,10.6,41.5,7.5,55.1,Combo_HighScreen_LowHomework,ScreenTime_Critical,General_Balanced
91.5,70.5,10.9,70.5,6.2,65.3,ScreenTime_Critical,General_Balanced,General_Balanced
97.0,71.2,2.2,39.0,2.3,22.1,Combo_LowStudy_LowConsistency,StudyHours_Critical,Consistency_Warning
73.0,39.6,2.2,54.9,7.8,25.8,Combo_LowStudy_LowConsistency,Combo_HighScreen_LowHomework,Attendance_Critical
97.7,61.9,7.7,45.8,6.2,78.8,Combo_HighScreen_LowHomework,StudyHours_Critical,ScreenTime_Critical
91.0,52.1,9.7,58.5,5.7,88.4,Combo_HighScreen_LowHomework,ScreenTime_Critical,Consistency_Success
88.9,39.9,6.9,56.9,1.7,37.8,Combo_LowStudy_LowConsistency,StudyHours_Critical,Marks_Critical
76.4,51.6,5.5,75.9,6.5,59.4,Attendance_Warning,StudyHours_Critical,ScreenTime_Critical
59.1,52.8,19.0,50.0,6.7,93.4,Combo_HighScreen_LowHomework,Attendance_Critical,ScreenTime_Critical
61.7,65.2,2.0,49.2,5.3,77.5,Combo_HighScreen_LowHomework,Attendance_Critical,StudyHours_Critical
56.6,47.5,6.5,59.5,3.1,42.4,Attendance_Critical,StudyHours_Critical,ScreenTime_Warning
71.1,82.6,5.1,46.7,6.7,52.7,Combo_HighScreen_LowHomework,Attendance_Critical,StudyHours_Critical
63.0,46.2,18.9,36.6,5.3,41.8,Combo_HighStudy_LowMarks,Combo_HighScreen_LowHomework,Attendance_Critical
70.3,77.9,9.5,53.0,7.1,65.7,Combo_HighScreen_LowHomework,Attendance_Critical,ScreenTime_Critical
82.0,63.1,5.1,99.9,3.9,23.2,Combo_LowStudy_LowConsistency,Attendance_Warning,StudyHours_Critical
91.1,84.9,13.0,31.3,6.3,10.9,Combo_HighScreen_LowHomework,ScreenTime_Critical,Consistency_Warning
50.5,68.1,17.0,53.7,3.2,65.8,Attendance_Critical,ScreenTime_Warning,StudyHours_Success
56.3,56.6,8.6,90.0,2.5,85.1,Attendance_Critical,Consistency_Success,General_Balanced
65.6,53.7,6.3,60.7,3.8,86.4,Attendance_Critical,StudyHours_Critical,ScreenTime_Warning
75.5,91.2,16.1,87.4,3.5,45.3,Attendance_Warning,ScreenTime_Warning,StudyHours_Success
95.5,82.3,7.4,73.5,5.3,40.1,StudyHours_Critical,ScreenTime_Critical,Attendance_Success
65.0,62.5,5.8,60.9,2.3,59.8,Attendance_Critical,StudyHours_Critical,General_Balanced
83.5,35.1,5.6,54.9,2.4,81.0,Attendance_Warning,StudyHours_Critical,Marks_Critical
87.9,40.8,9.7,81.6,7.3,15.5,Combo_LowStudy_LowConsistency,ScreenTime_Critical,Consistency_Warning
93.3,54.0,4.3,78.9,7.2,73.1,StudyHours_Critical,ScreenTime_Critical,General_Balanced
86.1,51.3,16.6,81.4,2.9,52.2,StudyHours_Success,General_Balanced,General_Balanced
64.4,36.0,16.1,51.9,7.6,52.8,Combo_HighStudy_LowMarks,Combo_HighScreen_LowHomework,Attendance_Critical
60.0,54.5,7.5,52.0,7.5,13.1,Combo_LowStudy_LowConsistency,Combo_HighScreen_LowHomework,Attendance_Critical
81.2,54.4,3.7,80.1,2.3,14.7,Combo_LowStudy_LowConsistency,Attendance_Warning,StudyHours_Critical
82.6,58.9,5.9,84.4,3.4,75.8,Attendance_Warning,StudyHours_Critical,ScreenTime_Warning
75.6,94.7,16.9,33.5,2.4,24.0,Attendance_Warning,Consistency_Warning,StudyHours_Success
93.0,91.3,6.2,39.7,7.1,69.9,Combo_HighScreen_LowHomework,StudyHours_Critical,ScreenTime_Critical
61.6,64.5,7.0,82.1,7.2,88.6,Attendance_Critical,StudyHours_Critical,ScreenTime_Critical
82.6,20.3,2.2,85.9,1.8,74.9,Attendance_Warning,StudyHours_Critical,Marks_Critical
53.6,62.3,7.2,38.4,1.4,82.7,Attendance_Critical,StudyHours_Critical,Consistency_Success
61.7,59.4,6.1,89.5,4.8,35.1,Combo_LowStudy_LowConsistency,Attendance_Critical,StudyHours_Critical
91.8,29.5,8.6,73.3,4.6,20.1,Combo_LowStudy_LowConsistency,Marks_Critical,ScreenTime_Warning
53.7,79.2,10.0,70.5,3.5,13.9,Attendance_Critical,ScreenTime_Warning,Consistency_Warning
73.8,63.0,8.1,85.5,6.1,42.6,Attendance_Critical,ScreenTime_Critical,General_Balanced
52.7,55.0,12.2,99.9,5.5,56.9,Attendance_Critical,ScreenTime_Critical,General_Balanced
57.9,79.4,13.1,76.0,4.4,92.4,Attendance_Critical,ScreenTime_Warning,Consistency_Success
60.6,38.0,7.6,75.8,6.8,26.6,Combo_LowStudy_LowConsistency,Attendance_Critical,StudyHours_Critical
63.9,28.1,7.4,35.8,4.8,26.1,Combo_LowStudy_LowConsistency,Combo_HighScreen_LowHomework,Attendance_Critical
79.0,89.9,9.8,67.5,2.2,86.3,Attendance_Warning,Marks_Success,Consistency_Success
53.5,52.5,14.5,58.9,2.0,99.3,Attendance_Critical,Consistency_Success,General_Balanced
98.5,92.8,16.8,61.6,1.8,53.2,Attendance_Success,StudyHours_Success,Marks_Success
96.1,56.4,18.2,62.1,1.2,15.9,Consistency_Warning,Attendance_Success,StudyHours_Success
65.8,79.3,6.1,42.3,2.8,73.0,Attendance_Critical,StudyHours_Critical,General_Balanced
93.0,30.8,18.2,91.5,3.4,38.2,Combo_HighStudy_LowMarks,Marks_Critical,ScreenTime_Warning
98.4,77.7,10.6,32.7,5.5,36.9,Combo_HighScreen_LowHomework,ScreenTime_Critical,Consistency_Warning
58.5,35.9,12.6,34.6,6.8,66.6,Combo_HighStudy_LowMarks,Combo_HighScreen_LowHomework,Attendance_Critical
61.9,29.1,3.7,63.0,4.3,74.3,Combo_HighScreen_LowHomework,Attendance_Critical,StudyHours_Critical
60.7,86.6,10.1,71.2,2.9,28.7,Attendance_Critical,Consistency_Warning,Marks_Success
95.2,52.9,2.5,64.4,2.9,61.6,StudyHours_Critical,Attendance_Success,General_Balanced
82.6,81.1,15.5,96.8,5.0,67.5,Attendance_Warning,ScreenTime_Critical,StudyHours_Success
97.2,36.9,17.5,60.7,3.3,47.8,Combo_HighStudy_LowMarks,Marks_Critical,ScreenTime_Warning
92.2,52.9,11.1,61.9,1.5,76.8,General_Balanced,General_Balanced,General_Balanced
68.1,29.8,15.4,91.1,1.5,68.5,Combo_HighStudy_LowMarks,Attendance_Critical,Marks_Critical
97.1,34.5,4.9,55.6,6.9,69.0,Combo_HighScreen_LowHomework,StudyHours_Critical,Marks_Critical
94.9,80.1,6.5,58.7,6.9,63.9,Combo_HighScreen_LowHomework,StudyHours_Critical,ScreenTime_Critical
85.8,23.8,11.4,96.2,2.0,60.8,Marks_Critical,General_Balanced,General_Balanced
85.2,89.1,8.1,85.8,3.6,65.1,ScreenTime_Warning,Marks_Success,General_Balanced
71.1,64.2,17.2,70.8,2.0,23.1,Attendance_Critical,Consistency_Warning,StudyHours_Success
75.4,22.2,2.2,37.3,4.5,49.4,Combo_HighScreen_LowHomework,Attendance_Warning,StudyHours_Critical
98.8,73.4,16.6,58.7,4.6,32.2,Combo_HighScreen_LowHomework,ScreenTime_Warning,Consistency_Warning
63.7,25.3,7.3,46.5,7.4,14.9,Combo_LowStudy_LowConsistency,Combo_HighScreen_LowHomework,Attendance_Critical
94.7,88.4,11.5,81.3,5.4,31.1,ScreenTime_Critical,Consistency_Warning,Marks_Success
92.8,21.1,10.8,40.9,2.5,38.7,Marks_Critical,Consistency_Warning,General_Balanced
76.2,78.8,14.1,77.5,5.8,47.7,Attendance_Warning,ScreenTime_Critical,General_Balanced
96.0,78.3,5.7,72.1,3.9,73.9,StudyHours_Critical,ScreenTime_Warning,Attendance_Success
87.4,29.4,5.5,49.4,3.0,54.2,StudyHours_Critical,Marks_Critical,ScreenTime_Warning
93.7,89.4,15.4,96.9,6.7,22.9,ScreenTime_Critical,Consistency_Warning,StudyHours_Success
91.7,82.5,11.5,48.0,3.7,31.7,ScreenTime_Warning,Consistency_Warning,Marks_Success
82.4,93.4,4.5,51.2,5.9,43.0,Combo_HighScreen_LowHomework,Attendance_Warning,StudyHours_Critical
66.9,54.6,2.9,97.7,5.7,47.8,Attendance_Critical,StudyHours_Critical,ScreenTime_Critical
51.8,71.6,14.2,51.8,4.6,95.7,Combo_HighScreen_LowHomework,Attendance_Critical,ScreenTime_Warning
81.4,63.8,13.5,87.7,5.8,81.5,Attendance_Warning,ScreenTime_Critical,Consistency_Success
93.6,29.4,10.7,30.8,2.3,64.5,Marks_Critical,General_Balanced,General_Balanced
59.0,29.8,19.5,42.0,4.4,76.9,Combo_HighStudy_LowMarks,Combo_HighScreen_LowHomework,Attendance_Critical
54.4,34.9,7.2,80.2,5.2,87.1,Attendance_Critical,StudyHours_Critical,Marks_Critical
67.3,60.0,15.2,78.5,7.6,49.5,Attendance_Critical,ScreenTime_Critical,StudyHours_Success
69.7,39.2,15.2,54.5,4.0,25.8,Combo_HighStudy_LowMarks,Combo_HighScreen_LowHomework,Attendance_Critical
64.0,85.3,3.0,57.3,5.3,25.4,Combo_LowStudy_LowConsistency,Combo_HighScreen_LowHomework,Attendance_Critical
64.0,81.6,2.2,41.2,1.2,27.4,Combo_LowStudy_LowConsistency,Attendance_Critical,StudyHours_Critical
53.5,88.2,7.6,79.7,6.7,49.7,Attendance_Critical,StudyHours_Critical,ScreenTime_Critical
53.8,52.2,17.2,54.6,2.7,15.9,Attendance_Critical,Consistency_Warning,StudyHours_Success
96.4,24.2,9.5,41.4,1.1,62.5,Marks_Critical,Attendance_Success,General_Balanced
65.5,91.5,5.2,51.3,4.9,60.7,Combo_HighScreen_LowHomework,Attendance_Critical,StudyHours_Critical
78.4,75.0,17.3,52.9,2.7,99.9,Attendance_Warning,StudyHours_Success,Consistency_Success
77.3,23.7,12.7,41.6,5.7,57.9,Combo_HighStudy_LowMarks,Combo_HighScreen_LowHomework,Attendance_Warning
89.5,22.3,2.9,47.1,7.7,64.3,Combo_HighScreen_LowHomework,StudyHours_Critical,Marks_Critical
63.6,72.6,11.4,88.2,6.6,26.4,Attendance_Critical,ScreenTime_Critical,Consistency_Warning
55.2,78.3,15.7,77.8,6.7,63.5,Attendance_Critical,ScreenTime_Critical,StudyHours_Success
99.0,57.7,3.1,61.7,3.5,36.4,Combo_LowStudy_LowConsistency,StudyHours_Critical,ScreenTime_Warning
74.4,77.2,6.2,79.1,1.7,75.7,Attendance_Critical,StudyHours_Critical,General_Balanced
81.0,47.5,19.6,87.2,7.4,87.4,Combo_HighStudy_LowMarks,Attendance_Warning,ScreenTime_Critical
95.8,80.7,10.9,67.4,7.6,37.6,Combo_HighScreen_LowHomework,ScreenTime_Critical,Consistency_Warning
52.0,54.9,18.5,54.6,6.2,33.3,Combo_HighScreen_LowHomework,Attendance_Critical,ScreenTime_Critical
84.1,41.6,2.1,78.9,1.3,91.3,Attendance_Warning,StudyHours_Critical,Consistency_Success
55.4,64.4,7.7,61.5,4.4,51.5,Combo_HighScreen_LowHomework,Attendance_Critical,StudyHours_Critical
89.5,55.6,6.9,61.2,4.7,55.5,Combo_HighScreen_LowHomework,StudyHours_Critical,ScreenTime_Warning
61.4,25.6,6.1,97.7,6.8,41.4,Attendance_Critical,StudyHours_Critical,Marks_Critical
59.0,35.4,10.3,57.7,4.2,95.3,Combo_HighScreen_LowHomework,Attendance_Critical,Marks_Critical
76.8,58.8,12.8,59.9,3.2,53.9,Attendance_Warning,ScreenTime_Warning,General_Balanced
79.7,29.0,13.2,76.7,1.3,13.3,Combo_HighStudy_LowMarks,Attendance_Warning,Marks_Critical
56.4,76.7,5.2,36.6,7.1,55.1,Combo_HighScreen_LowHomework,Attendance_Critical,StudyHours_Critical
95.7,90.9,12.6,95.2,3.4,34.2,ScreenTime_Warning,Consistency_Warning,Attendance_Success
59.1,47.8,13.7,37.9,4.7,51.7,Combo_HighStudy_LowMarks,Combo_HighScreen_LowHomework,Attendance_Critical
60.9,76.6,14.8,68.0,1.2,35.4,Attendance_Critical,Consistency_Warning,General_Balanced
80.7,20.4,11.4,85.3,2.8,50.9,Attendance_Warning,Marks_Critical,General_Balanced
60.3,57.1,14.6,95.6,4.3,77.4,Attendance_Critical,ScreenTime_Warning,General_Balanced
89.7,62.3,16.2,65.5,4.6,85.3,Combo_HighScreen_LowHomework,ScreenTime_Warning,StudyHours_Success
93.2,87.9,13.0,39.5,1.5,91.2,Marks_Success,Consistency_Success,General_Balanced
96.7,22.1,10.6,74.7,2.4,32.1,Marks_Critical,Consistency_Warning,Attendance_Success
77.3,92.4,7.6,55.2,2.3,52.2,Attendance_Warning,StudyHours_Critical,Marks_Success
68.2,74.6,6.1,99.8,1.0,36.1,Combo_LowStudy_LowConsistency,Attendance_Critical,StudyHours_Critical
69.9,78.1,5.3,61.1,5.6,24.2,Combo_LowStudy_LowConsistency,Combo_HighScreen_LowHomework,Attendance_Critical
63.3,30.8,13.2,90.2,6.1,18.4,Combo_HighStudy_LowMarks,Attendance_Critical,Marks_Critical
75.2,22.0,10.4,55.3,5.1,93.2,Combo_HighScreen_LowHomework,Attendance_Warning,Marks_Critical
69.3,45.4,6.1,90.9,4.8,94.4,Attendance_Critical,StudyHours_Critical,ScreenTime_Warning
81.0,62.0,17.7,74.4,3.3,16.0,Attendance_Warning,ScreenTime_Warning,Consistency_Warning
87.5,20.3,12.8,31.1,1.3,92.2,Combo_HighStudy_LowMarks,Marks_Critical,Consistency_Success
85.2,29.0,18.7,41.0,5.2,43.7,Combo_HighStudy_LowMarks,Combo_HighScreen_LowHomework,Marks_Critical
85.4,75.2,4.2,46.1,1.2,78.8,StudyHours_Critical,General_Balanced,General_Balanced
85.3,43.6,12.7,48.9,3.4,79.9,Combo_HighStudy_LowMarks,ScreenTime_Warning,General_Balanced
80.9,28.8,10.3,93.7,2.5,75.4,Attendance_Warning,Marks_Critical,General_Balanced
55.4,61.8,9.3,61.7,4.3,25.8,Combo_LowStudy_LowConsistency,Combo_HighScreen_LowHomework,Attendance_Critical
56.8,80.3,11.7,47.9,5.6,54.2,Combo_HighScreen_LowHomework,Attendance_Critical,ScreenTime_Critical
75.8,55.4,16.1,64.1,1.9,65.8,Attendance_Warning,StudyHours_Success,General_Balanced
94.9,52.3,9.7,90.3,2.9,98.6,Consistency_Success,General_Balanced,General_Balanced
53.6,39.5,18.4,39.3,2.2,85.1,Combo_HighStudy_LowMarks,Attendance_Critical,Marks_Critical
100.0,91.3,18.9,32.8,5.9,35.8,Combo_HighScreen_LowHomework,ScreenTime_Critical,Consistency_Warning
67.6,42.9,2.7,61.0,3.0,40.0,Combo_LowStudy_LowConsistency,Attendance_Critical,StudyHours_Critical
68.5,72.6,5.4,75.6,2.7,94.1,Attendance_Critical,StudyHours_Critical,Consistency_Success
80.0,83.4,2.2,77.2,5.4,18.1,Combo_LowStudy_LowConsistency,Attendance_Warning,StudyHours_Critical
62.3,27.5,13.3,32.9,2.7,17.2,Combo_HighStudy_LowMarks,Attendance_Critical,Marks_Critical
51.4,60.6,18.5,66.9,3.4,83.5,Attendance_Critical,ScreenTime_Warning,StudyHours_Success
66.5,55.4,14.7,33.8,2.8,47.7,Attendance_Critical,General_Balanced,General_Balanced
54.6,58.5,12.3,88.8,6.8,47.3,Attendance_Critical,ScreenTime_Critical,General_Balanced
88.2,91.8,9.8,89.3,7.3,47.9,ScreenTime_Critical,Marks_Success,General_Balanced
91.1,82.2,12.0,34.3,1.3,70.2,Marks_Success,General_Balanced,General_Balanced
57.3,26.0,6.7,97.4,2.1,95.1,Attendance_Critical,StudyHours_Critical,Marks_Critical
84.7,22.8,13.4,78.3,4.5,34.7,Combo_HighStudy_LowMarks,Attendance_Warning,Marks_Critical
92.6,59.8,5.5,81.8,4.3,93.3,StudyHours_Critical,ScreenTime_Warning,Consistency_Success
83.7,84.7,7.1,81.7,2.8,46.8,Attendance_Warning,StudyHours_Critical,Marks_Success
53.5,93.0,5.5,84.5,7.4,13.5,Combo_LowStudy_LowConsistency,Attendance_Critical,StudyHours_Critical
77.8,56.7,6.3,39.0,2.3,65.3,Attendance_Warning,StudyHours_Critical,General_Balanced
99.3,90.5,10.2,56.5,5.6,57.7,Combo_HighScreen_LowHomework,ScreenTime_Critical,Attendance_Success
60.9,80.7,7.9,30.5,7.4,76.5,Combo_HighScreen_LowHomework,Attendance_Critical,StudyHours_Critical
69.3,72.6,8.7,56.6,5.7,99.0,Combo_HighScreen_LowHomework,Attendance_Critical,ScreenTime_Critical
95.6,78.5,10.7,94.8,1.7,79.1,Attendance_Success,General_Balanced,General_Balanced
97.2,29.8,14.6,75.1,6.7,43.9,Combo_HighStudy_LowMarks,Marks_Critical,ScreenTime_Critical
82.3,33.0,16.3,76.4,2.2,54.8,Combo_HighStudy_LowMarks,Attendance_Warning,Marks_Critical
51.6,68.0,4.7,74.0,2.7,24.3,Combo_LowStudy_LowConsistency,Attendance_Critical,StudyHours_Critical
70.7,21.2,13.2,51.1,2.2,26.9,Combo_HighStudy_LowMarks,Attendance_Critical,Marks_Critical
80.9,34.5,10.0,36.1,6.9,30.2,Combo_HighScreen_LowHomework,Attendance_Warning,Marks_Critical
89.1,86.7,5.7,74.2,2.5,69.3,StudyHours_Critical,Marks_Success,General_Balanced
50.2,91.0,14.0,47.7,2.4,54.1,Attendance_Critical,Marks_Success,General_Balanced
59.5,50.8,2.4,86.5,3.4,88.3,Attendance_Critical,StudyHours_Critical,ScreenTime_Warning
83.1,73.4,5.0,87.5,6.9,79.9,Attendance_Warning,StudyHours_Critical,ScreenTime_Critical
98.2,39.0,9.2,80.6,1.9,66.3,Marks_Critical,Attendance_Success,General_Balanced
74.8,63.4,5.1,98.6,2.6,16.5,Combo_LowStudy_LowConsistency,Attendance_Critical,StudyHours_Critical
85.7,30.5,4.1,91.5,4.0,98.6,StudyHours_Critical,Marks_Critical,ScreenTime_Warning
63.4,82.5,17.1,60.3,2.3,81.9,Attendance_Critical,StudyHours_Success,Marks_Success
96.6,29.9,4.9,65.7,6.7,27.0,Combo_LowStudy_LowConsistency,Combo_HighScreen_LowHomework,StudyHours_Critical
77.0,76.0,7.1,43.8,3.6,61.3,Attendance_Warning,StudyHours_Critical,ScreenTime_Warning
66.7,28.8,19.9,81.5,7.2,23.2,Combo_HighStudy_LowMarks,Attendance_Critical,Marks_Critical
97.0,32.6,18.3,90.5,1.4,16.2,Combo_HighStudy_LowMarks,Marks_Critical,Consistency_Warning
74.7,67.4,13.9,74.5,3.6,68.2,Attendance_Critical,ScreenTime_Warning,General_Balanced
68.7,34.2,8.9,98.7,3.4,26.6,Combo_LowStudy_LowConsistency,Attendance_Critical,Marks_Critical
94.1,39.5,8.0,92.0,6.4,49.6,StudyHours_Critical,Marks_Critical,ScreenTime_Critical
79.9,37.3,2.5,80.2,7.3,36.3,Combo_LowStudy_LowConsistency,Attendance_Warning,StudyHours_Critical
89.4,45.9,8.2,62.3,4.5,60.8,Combo_HighScreen_LowHomework,ScreenTime_Warning,General_Balanced
59.8,28.0,7.1,79.4,7.0,91.6,Attendance_Critical,StudyHours_Critical,Marks_Critical
98.2,57.3,10.6,84.4,1.2,24.5,Consistency_Warning,Attendance_Success,General_Balanced
79.5,60.8,15.3,92.6,6.0,93.5,Attendance_Warning,ScreenTime_Critical,StudyHours_Success
60.5,35.9,19.5,57.6,1.1,80.4,Combo_HighStudy_LowMarks,Attendance_Critical,Marks_Critical
73.6,29.9,4.7,63.3,3.9,78.0,Attendance_Critical,StudyHours_Critical,Marks_Critical
84.7,56.7,18.0,35.6,5.9,49.0,Combo_HighScreen_LowHomework,Attendance_Warning,ScreenTime_Critical
58.9,88.0,19.5,38.9,5.0,81.0,Combo_HighScreen_LowHomework,Attendance_Critical,ScreenTime_Critical
55.8,39.1,17.0,89.2,7.7,49.4,Combo_HighStudy_LowMarks,Attendance_Critical,Marks_Critical
81.5,36.5,2.4,63.3,1.8,40.8,Attendance_Warning,StudyHours_Critical,Marks_Critical
67.6,57.6,10.6,96.9,6.4,91.9,Attendance_Critical,ScreenTime_Critical,Consistency_Success
62.8,53.2,17.8,56.0,3.2,38.3,Attendance_Critical,ScreenTime_Warning,Consistency_Warning
74.7,24.9,8.9,49.1,1.1,33.9,Combo_LowStudy_LowConsistency,Attendance_Critical,Marks_Critical
64.4,68.3,13.0,38.2,1.8,56.4,Attendance_Critical,General_Balanced,General_Balanced
88.7,25.8,2.0,30.4,4.8,89.8,Combo_HighScreen_LowHomework,StudyHours_Critical,Marks_Critical
72.1,23.2,18.6,49.8,8.0,20.2,Combo_HighStudy_LowMarks,Combo_HighScreen_LowHomework,Attendance_Critical
76.8,42.7,11.0,44.9,4.4,30.3,Combo_HighScreen_LowHomework,Attendance_Warning,ScreenTime_Warning
59.4,64.2,12.1,79.1,4.9,24.3,Attendance_Critical,ScreenTime_Warning,Consistency_Warning
70.2,36.6,12.0,87.9,7.2,85.9,Combo_HighStudy_LowMarks,Attendance_Critical,Marks_Critical
69.8,40.8,6.9,52.2,1.4,19.7,Combo_LowStudy_LowConsistency,Attendance_Critical,StudyHours_Critical
94.6,82.0,13.2,65.3,7.6,38.8,Combo_HighScreen_LowHomework,ScreenTime_Critical,Consistency_Warning
83.0,50.7,16.0,86.7,7.2,81.6,Attendance_Warning,ScreenTime_Critical,StudyHours_Success
70.3,78.2,16.8,31.6,3.5,69.3,Attendance_Critical,ScreenTime_Warning,StudyHours_Success
57.0,76.9,12.5,41.3,2.3,87.8,Attendance_Critical,Consistency_Success,General_Balanced
96.7,29.2,16.3,88.9,1.9,58.2,Combo_HighStudy_LowMarks,Marks_Critical,Attendance_Success
67.6,60.2,11.0,62.5,5.6,75.0,Combo_HighScreen_LowHomework,Attendance_Critical,ScreenTime_Critical
66.8,93.9,6.1,72.9,1.2,96.3,Attendance_Critical,StudyHours_Critical,Marks_Success
55.7,30.5,8.4,79.5,3.6,79.2,Attendance_Critical,Marks_Critical,ScreenTime_Warning
91.8,81.3,20.0,86.2,6.3,85.4,ScreenTime_Critical,StudyHours_Success,Marks_Success
63.9,22.9,12.9,60.1,6.9,56.2,Combo_HighStudy_LowMarks,Combo_HighScreen_LowHomework,Attendance_Critical
51.8,35.0,11.4,62.7,4.1,64.1,Combo_HighScreen_LowHomework,Attendance_Critical,Marks_Critical
71.1,37.8,7.9,54.8,2.3,59.5,Attendance_Critical,StudyHours_Critical,Marks_Critical
76.2,48.9,19.9,39.4,2.2,79.5,Combo_HighStudy_LowMarks,Attendance_Warning,StudyHours_Success
83.3,41.6,4.0,53.7,3.1,38.2,Combo_LowStudy_LowConsistency,Attendance_Warning,StudyHours_Critical
71.9,44.1,11.4,85.6,4.2,42.3,Attendance_Critical,ScreenTime_Warning,General_Balanced
65.1,23.3,7.4,47.8,3.0,23.7,Combo_LowStudy_LowConsistency,Attendance_Critical,StudyHours_Critical
96.6,48.1,5.7,82.3,4.4,61.5,StudyHours_Critical,ScreenTime_Warning,Attendance_Success
52.3,42.5,4.1,98.2,5.2,17.6,Combo_LowStudy_LowConsistency,Attendance_Critical,StudyHours_Critical
83.2,63.1,12.1,32.7,2.6,82.8,Attendance_Warning,Consistency_Success,General_Balanced
93.9,94.1,13.0,87.1,2.2,13.5,Consistency_Warning,Marks_Success,General_Balanced
65.7,57.2,6.2,67.7,6.2,33.6,Combo_LowStudy_LowConsistency,Combo_HighScreen_LowHomework,Attendance_Critical
55.2,48.3,10.5,37.7,1.4,83.8,Attendance_Critical,Consistency_Success,General_Balanced
57.5,60.3,9.7,57.5,7.9,86.0,Combo_HighScreen_LowHomework,Attendance_Critical,ScreenTime_Critical
81.7,21.5,2.4,88.7,7.8,19.5,Combo_LowStudy_LowConsistency,Attendance_Warning,StudyHours_Critical
85.7,33.2,5.0,70.4,2.1,88.8,StudyHours_Critical,Marks_Critical,Consistency_Success
65.3,49.4,11.8,91.7,1.7,36.2,Attendance_Critical,Consistency_Warning,General_Balanced
51.5,71.2,6.0,70.4,2.8,80.8,Attendance_Critical,StudyHours_Critical,Consistency_Success
79.9,68.9,2.5,37.4,7.0,60.5,Combo_HighScreen_LowHomework,Attendance_Warning,StudyHours_Critical
74.1,65.7,16.3,52.7,7.5,55.0,Combo_HighScreen_LowHomework,Attendance_Critical,ScreenTime_Critical
80.9,69.8,12.7,87.5,4.0,47.2,Attendance_Warning,ScreenTime_Warning,General_Balanced
82.1,50.6,14.8,73.2,1.4,58.5,Attendance_Warning,General_Balanced,General_Balanced
76.0,56.6,13.5,64.8,4.8,81.3,Combo_HighScreen_LowHomework,Attendance_Warning,ScreenTime_Warning
61.5,28.7,10.5,70.6,1.3,56.0,Attendance_Critical,Marks_Critical,General_Balanced
53.2,48.3,18.6,96.1,6.2,44.3,Combo_HighStudy_LowMarks,Attendance_Critical,ScreenTime_Critical
67.0,54.1,16.4,45.9,2.8,98.9,Attendance_Critical,StudyHours_Success,Consistency_Success
94.5,38.1,16.4,63.5,4.1,81.9,Combo_HighStudy_LowMarks,Combo_HighScreen_LowHomework,Marks_Critical
83.8,54.5,9.6,83.2,1.2,46.9,Attendance_Warning,General_Balanced,General_Balanced
68.5,39.1,7.7,86.4,4.1,72.7,Attendance_Critical,StudyHours_Critical,Marks_Critical
58.2,73.1,14.6,85.9,4.5,24.2,Attendance_Critical,ScreenTime_Warning,Consistency_Warning
73.3,67.0,7.7,53.6,3.2,85.2,Attendance_Critical,StudyHours_Critical,ScreenTime_Warning
62.4,69.9,18.0,91.0,3.0,40.9,Attendance_Critical,StudyHours_Success,General_Balanced
88.6,71.2,10.4,35.1,5.5,55.1,Combo_HighScreen_LowHomework,ScreenTime_Critical,General_Balanced
85.7,66.3,19.6,93.4,6.4,94.1,ScreenTime_Critical,StudyHours_Success,Consistency_Success
76.0,65.0,19.8,47.7,5.9,80.3,Combo_HighScreen_LowHomework,Attendance_Warning,ScreenTime_Critical
85.3,53.4,6.9,75.5,2.1,15.6,Combo_LowStudy_LowConsistency,StudyHours_Critical,Consistency_Warning
96.5,57.2,11.1,91.1,3.3,63.4,ScreenTime_Warning,Attendance_Success,General_Balanced
59.2,54.9,8.3,66.2,7.0,24.8,Combo_LowStudy_LowConsistency,Combo_HighScreen_LowHomework,Attendance_Critical
85.1,39.6,6.5,49.1,6.1,89.6,Combo_HighScreen_LowHomework,StudyHours_Critical,Marks_Critical
60.8,49.4,4.0,54.2,3.1,98.5,Attendance_Critical,StudyHours_Critical,ScreenTime_Warning
57.7,83.8,12.6,81.8,1.4,63.9,Attendance_Critical,Marks_Success,General_Balanced
55.5,46.7,2.4,54.5,5.0,43.8,Combo_HighScreen_LowHomework,Attendance_Critical,StudyHours_Critical
76.2,23.7,6.3,33.5,6.9,94.3,Combo_HighScreen_LowHomework,Attendance_Warning,StudyHours_Critical
55.0,76.4,9.7,86.2,6.6,25.0,Combo_LowStudy_LowConsistency,Attendance_Critical,ScreenTime_Critical
61.7,25.9,14.9,34.8,3.6,67.1,Combo_HighStudy_LowMarks,Attendance_Critical,Marks_Critical
91.9,29.7,6.3,37.9,5.8,42.0,Combo_HighScreen_LowHomework,StudyHours_Critical,Marks_Critical
50.6,34.6,2.0,83.6,4.4,61.3,Attendance_Critical,StudyHours_Critical,Marks_Critical
58.4,32.9,6.2,64.2,5.2,32.0,Combo_LowStudy_LowConsistency,Combo_HighScreen_LowHomework,Attendance_Critical
54.0,50.2,16.1,92.1,4.6,48.7,Attendance_Critical,ScreenTime_Warning,StudyHours_Success
70.9,68.7,9.8,57.2,2.8,60.8,Attendance_Critical,General_Balanced,General_Balanced
75.3,84.6,12.7,39.4,7.5,19.7,Combo_HighScreen_LowHomework,Attendance_Warning,ScreenTime_Critical
71.4,92.9,11.2,51.5,2.2,79.6,Attendance_Critical,Marks_Success,General_Balanced
64.9,29.2,8.6,75.6,4.2,97.7,Attendance_Critical,Marks_Critical,ScreenTime_Warning
76.1,60.7,16.6,68.5,6.2,64.2,Combo_HighScreen_LowHomework,Attendance_Warning,ScreenTime_Critical
64.3,31.5,8.0,57.7,5.1,10.5,Combo_LowStudy_LowConsistency,Combo_HighScreen_LowHomework,Attendance_Critical
89.4,73.4,15.0,99.2,7.3,12.4,ScreenTime_Critical,Consistency_Warning,StudyHours_Success
64.0,61.4,19.7,95.9,6.3,59.5,Attendance_Critical,ScreenTime_Critical,StudyHours_Success
80.4,59.2,11.2,38.7,3.7,76.0,Attendance_Warning,ScreenTime_Warning,General_Balanced
55.8,81.3,3.4,97.2,7.8,96.3,Attendance_Critical,StudyHours_Critical,ScreenTime_Critical
90.6,26.4,11.3,33.3,7.5,98.3,Combo_HighScreen_LowHomework,Marks_Critical,ScreenTime_Critical
61.0,34.3,11.9,45.8,1.7,19.8,Attendance_Critical,Marks_Critical,Consistency_Warning
54.9,65.9,4.7,65.3,4.9,63.5,Combo_HighScreen_LowHomework,Attendance_Critical,StudyHours_Critical
76.8,38.5,13.2,43.5,1.9,44.8,Combo_HighStudy_LowMarks,Attendance_Warning,Marks_Critical
54.6,93.0,2.3,44.3,5.5,93.3,Combo_HighScreen_LowHomework,Attendance_Critical,StudyHours_Critical
53.3,25.1,13.4,31.9,4.9,55.4,Combo_HighStudy_LowMarks,Combo_HighScreen_LowHomework,Attendance_Critical
83.0,94.2,10.1,47.9,2.0,21.8,Attendance_Warning,Consistency_Warning,Marks_Success
58.8,31.9,4.9,31.8,1.7,97.1,Attendance_Critical,StudyHours_Critical,Marks_Critical
73.9,70.4,8.5,99.6,1.1,39.8,Combo_LowStudy_LowConsistency,Attendance_Critical,Consistency_Warning
51.7,70.5,12.5,54.3,5.6,23.2,Combo_HighScreen_LowHomework,Attendance_Critical,ScreenTime_Critical
97.6,51.2,18.5,61.0,4.1,36.5,Combo_HighScreen_LowHomework,ScreenTime_Warning,Consistency_Warning
88.6,52.6,13.6,83.9,4.3,23.9,ScreenTime_Warning,Consistency_Warning,General_Balanced
99.7,30.7,14.6,36.5,7.1,23.4,Combo_HighStudy_LowMarks,Combo_HighScreen_LowHomework,Marks_Critical
60.7,53.8,10.0,88.0,5.7,21.1,Attendance_Critical,ScreenTime_Critical,Consistency_Warning
73.0,30.8,18.9,70.6,1.6,95.6,Combo_HighStudy_LowMarks,Attendance_Critical,Marks_Critical
89.9,53.5,13.0,59.6,1.5,72.9,General_Balanced,General_Balanced,General_Balanced
94.3,86.7,3.8,49.8,1.4,50.0,StudyHours_Critical,Marks_Success,General_Balanced
50.8,85.3,9.7,88.5,3.1,83.6,Attendance_Critical,ScreenTime_Warning,Marks_Success
56.1,48.1,2.9,60.3,6.1,94.2,Combo_HighScreen_LowHomework,Attendance_Critical,StudyHours_Critical
92.2,94.3,10.1,51.0,3.3,39.0,ScreenTime_Warning,Consistency_Warning,Marks_Success
60.6,31.4,5.7,96.9,7.9,14.8,Combo_LowStudy_LowConsistency,Attendance_Critical,StudyHours_Critical
85.6,41.6,12.2,34.7,5.2,83.0,Combo_HighStudy_LowMarks,Combo_HighScreen_LowHomework,ScreenTime_Critical
90.8,36.8,17.3,73.7,4.9,23.1,Combo_HighStudy_LowMarks,Marks_Critical,ScreenTime_Warning
62.9,65.6,19.1,65.5,3.8,73.2,Attendance_Critical,ScreenTime_Warning,StudyHours_Success
56.8,24.1,17.2,41.6,4.7,18.4,Combo_HighStudy_LowMarks,Combo_HighScreen_LowHomework,Attendance_Critical
83.6,62.6,18.6,78.5,7.7,77.0,Attendance_Warning,ScreenTime_Critical,StudyHours_Success
93.1,63.1,13.4,63.2,6.1,18.5,Combo_HighScreen_LowHomework,ScreenTime_Critical,Consistency_Warning
99.2,28.7,12.4,77.3,4.0,69.9,Combo_HighStudy_LowMarks,Marks_Critical,ScreenTime_Warning
60.0,41.6,14.2,78.8,3.9,73.1,Combo_HighStudy_LowMarks,Attendance_Critical,ScreenTime_Warning
75.2,84.2,14.5,36.2,6.2,75.9,Combo_HighScreen_LowHomework,Attendance_Warning,ScreenTime_Critical
88.2,67.6,9.1,87.7,6.1,14.3,Combo_LowStudy_LowConsistency,ScreenTime_Critical,Consistency_Warning
63.2,81.4,17.2,84.7,1.7,22.8,Attendance_Critical,Consistency_Warning,StudyHours_Success
82.1,26.0,4.0,52.3,6.7,25.8,Combo_LowStudy_LowConsistency,Combo_HighScreen_LowHomework,Attendance_Warning
69.1,63.4,8.3,91.6,6.2,62.9,Attendance_Critical,ScreenTime_Critical,General_Balanced
55.7,50.4,3.1,95.1,6.9,11.9,Combo_LowStudy_LowConsistency,Attendance_Critical,StudyHours_Critical
74.1,64.5,9.5,96.7,7.3,11.6,Combo_LowStudy_LowConsistency,Attendance_Critical,ScreenTime_Critical
94.5,21.7,11.5,77.5,3.8,31.1,Marks_Critical,ScreenTime_Warning,Consistency_Warning
90.4,33.7,18.1,36.4,4.3,95.2,Combo_HighStudy_LowMarks,Combo_HighScreen_LowHomework,Marks_Critical
89.6,81.0,11.0,42.4,6.6,57.6,Combo_HighScreen_LowHomework,ScreenTime_Critical,Marks_Success
55.4,91.6,14.7,64.8,4.1,95.2,Combo_HighScreen_LowHomework,Attendance_Critical,ScreenTime_Warning
77.6,81.0,17.7,88.1,3.6,16.8,Attendance_Warning,ScreenTime_Warning,Consistency_Warning
56.2,75.3,10.8,37.1,4.0,47.2,Attendance_Critical,ScreenTime_Warning,General_Balanced
98.3,71.0,19.5,59.1,5.5,54.5,Combo_HighScreen_LowHomework,ScreenTime_Critical,Attendance_Success
59.8,87.4,17.1,82.2,6.8,64.6,Attendance_Critical,ScreenTime_Critical,StudyHours_Success
59.0,41.7,7.5,46.5,2.9,41.6,Attendance_Critical,StudyHours_Critical,General_Balanced
72.4,52.0,4.5,50.2,5.9,93.9,Combo_HighScreen_LowHomework,Attendance_Critical,StudyHours_Critical
90.7,47.3,19.4,78.7,5.5,61.1,Combo_HighStudy_LowMarks,ScreenTime_Critical,StudyHours_Success
90.7,63.1,18.6,57.7,1.1,23.2,Consistency_Warning,StudyHours_Success,General_Balanced
87.0,45.4,16.7,55.3,6.4,93.1,Combo_HighStudy_LowMarks,Combo_HighScreen_LowHomework,ScreenTime_Critical
84.7,36.3,9.3,84.6,5.2,89.2,Attendance_Warning,Marks_Critical,ScreenTime_Critical
51.1,82.3,9.0,68.7,1.7,51.8,Attendance_Critical,Marks_Success,General_Balanced
91.2,25.0,19.0,99.9,2.8,78.0,Combo_HighStudy_LowMarks,Marks_Critical,StudyHours_Success
50.7,66.5,4.1,96.4,7.9,28.1,Combo_LowStudy_LowConsistency,Attendance_Critical,StudyHours_Critical
60.0,68.7,19.4,88.1,7.5,90.2,Attendance_Critical,ScreenTime_Critical,StudyHours_Success
60.0,94.5,16.2,57.0,1.1,72.8,Attendance_Critical,StudyHours_Success,Marks_Success
54.5,32.8,5.9,67.0,2.9,26.5,Combo_LowStudy_LowConsistency,Attendance_Critical,StudyHours_Critical
61.7,54.9,17.1,99.2,2.3,74.9,Attendance_Critical,StudyHours_Success,General_Balanced
70.9,55.3,17.5,39.7,5.2,76.6,Combo_HighScreen_LowHomework,Attendance_Critical,ScreenTime_Critical
60.0,90.2,3.5,70.7,2.2,69.2,Attendance_Critical,StudyHours_Critical,Marks_Success
79.2,85.8,4.4,79.8,3.0,24.9,Combo_LowStudy_LowConsistency,Attendance_Warning,StudyHours_Critical
54.6,91.0,17.9,87.4,5.1,49.3,Attendance_Critical,ScreenTime_Critical,StudyHours_Success
98.1,59.6,14.1,64.8,7.0,41.9,Combo_HighScreen_LowHomework,ScreenTime_Critical,Attendance_Success
74.2,78.0,16.8,55.2,4.0,47.1,Combo_HighScreen_LowHomework,Attendance_Critical,ScreenTime_Warning
98.0,22.5,18.1,67.9,6.5,76.7,Combo_HighStudy_LowMarks,Combo_HighScreen_LowHomework,Marks_Critical
57.8,35.1,19.9,69.9,2.3,78.5,Combo_HighStudy_LowMarks,Attendance_Critical,Marks_Critical
94.8,35.2,12.5,92.3,7.9,71.5,Combo_HighStudy_LowMarks,Marks_Critical,ScreenTime_Critical
61.5,89.0,14.1,50.7,6.8,74.3,Combo_HighScreen_LowHomework,Attendance_Critical,ScreenTime_Critical
59.1,40.2,18.2,89.3,5.2,23.8,Combo_HighStudy_LowMarks,Attendance_Critical,ScreenTime_Critical
53.5,64.5,7.1,83.5,5.8,90.7,Attendance_Critical,StudyHours_Critical,ScreenTime_Critical
72.7,51.0,8.5,38.2,5.7,73.2,Combo_HighScreen_LowHomework,Attendance_Critical,ScreenTime_Critical
61.1,59.9,10.0,94.6,5.8,21.2,Combo_LowStudy_LowConsistency,Attendance_Critical,ScreenTime_Critical
76.1,84.6,15.7,72.4,4.6,16.3,Attendance_Warning,ScreenTime_Warning,Consistency_Warning
72.2,70.2,15.0,79.9,1.4,99.2,Attendance_Critical,StudyHours_Success,Consistency_Success
80.0,77.1,12.6,66.8,3.8,32.6,Attendance_Warning,ScreenTime_Warning,Consistency_Warning
63.7,59.8,10.2,44.5,1.7,89.7,Attendance_Critical,Consistency_Success,General_Balanced
82.2,46.5,12.4,82.8,6.3,39.4,Combo_HighStudy_LowMarks,Attendance_Warning,ScreenTime_Critical
89.2,43.5,8.7,46.7,5.8,21.3,Combo_LowStudy_LowConsistency,Combo_HighScreen_LowHomework,ScreenTime_Critical
95.9,52.1,10.2,96.6,3.7,59.6,ScreenTime_Warning,Attendance_Success,General_Balanced
92.1,85.6,9.8,91.8,3.2,31.0,Combo_LowStudy_LowConsistency,ScreenTime_Warning,Consistency_Warning
76.8,67.0,7.7,63.6,7.6,62.7,Combo_HighScreen_LowHomework,Attendance_Warning,StudyHours_Critical
58.6,58.8,6.3,65.2,6.8,97.2,Combo_HighScreen_LowHomework,Attendance_Critical,StudyHours_Critical
55.2,56.2,9.0,36.7,6.2,61.3,Combo_HighScreen_LowHomework,Attendance_Critical,ScreenTime_Critical
87.4,63.1,11.3,90.2,1.7,71.8,General_Balanced,General_Balanced,General_Balanced
53.5,44.0,2.1,53.3,7.5,91.0,Combo_HighScreen_LowHomework,Attendance_Critical,StudyHours_Critical
98.9,66.9,11.2,68.8,2.3,60.0,Attendance_Success,General_Balanced,General_Balanced
83.6,79.1,11.8,37.8,3.5,72.8,Attendance_Warning,ScreenTime_Warning,General_Balanced
61.9,57.2,13.8,82.8,3.9,66.5,Attendance_Critical,ScreenTime_Warning,General_Balanced
91.4,40.4,10.1,54.3,4.4,99.9,Combo_HighScreen_LowHomework,ScreenTime_Warning,Consistency_Success
63.0,49.1,8.2,74.7,2.7,36.6,Combo_LowStudy_LowConsistency,Attendance_Critical,Consistency_Warning
98.9,80.6,3.9,40.8,5.2,64.7,Combo_HighScreen_LowHomework,StudyHours_Critical,ScreenTime_Critical
53.9,92.8,18.8,37.8,4.3,70.6,Combo_HighScreen_LowHomework,Attendance_Critical,ScreenTime_Warning
80.0,88.3,16.9,30.0,7.1,66.0,Combo_HighScreen_LowHomework,Attendance_Warning,ScreenTime_Critical
74.5,64.0,4.4,37.6,5.0,91.3,Combo_HighScreen_LowHomework,Attendance_Critical,StudyHours_Critical
57.0,64.7,13.2,36.8,6.7,20.4,Combo_HighScreen_LowHomework,Attendance_Critical,ScreenTime_Critical
51.5,72.5,11.4,98.8,2.1,99.0,Attendance_Critical,Consistency_Success,General_Balanced
75.5,49.7,12.1,57.9,1.7,31.2,Combo_HighStudy_LowMarks,Attendance_Warning,Consistency_Warning
97.2,25.8,18.8,59.9,7.4,69.3,Combo_HighStudy_LowMarks,Combo_HighScreen_LowHomework,Marks_Critical
60.0,92.4,4.4,82.3,2.2,38.9,Combo_LowStudy_LowConsistency,Attendance_Critical,StudyHours_Critical
82.4,41.9,2.9,72.0,7.9,37.8,Combo_LowStudy_LowConsistency,Attendance_Warning,StudyHours_Critical
89.9,72.0,8.7,96.1,1.2,11.5,Combo_LowStudy_LowConsistency,Consistency_Warning,General_Balanced
71.7,40.1,7.7,91.0,2.2,69.9,Attendance_Critical,StudyHours_Critical,General_Balanced
61.7,59.0,15.1,55.7,1.1,63.5,Attendance_Critical,StudyHours_Success,General_Balanced
84.9,90.1,7.2,64.1,4.9,86.6,Combo_HighScreen_LowHomework,Attendance_Warning,StudyHours_Critical
93.8,32.7,8.3,83.4,5.1,92.5,Marks_Critical,ScreenTime_Critical,Consistency_Success
64.3,73.5,9.2,66.4,7.9,28.1,Combo_LowStudy_LowConsistency,Combo_HighScreen_LowHomework,Attendance_Critical
91.6,37.1,18.9,99.7,4.2,28.9,Combo_HighStudy_LowMarks,Marks_Critical,ScreenTime_Warning
73.8,59.0,12.7,56.1,5.8,81.3,Combo_HighScreen_LowHomework,Attendance_Critical,ScreenTime_Critical
57.4,75.9,19.0,42.7,1.9,54.0,Attendance_Critical,StudyHours_Success,General_Balanced
58.7,58.1,2.5,59.6,6.1,56.9,Combo_HighScreen_LowHomework,Attendance_Critical,StudyHours_Critical
73.2,85.2,12.0,30.4,6.3,49.7,Combo_HighScreen_LowHomework,Attendance_Critical,ScreenTime_Critical
60.9,28.8,4.5,96.3,7.5,69.4,Attendance_Critical,StudyHours_Critical,Marks_Critical
91.6,68.9,8.5,86.3,7.4,58.3,ScreenTime_Critical,General_Balanced,General_Balanced
57.6,42.3,14.1,75.5,2.9,30.4,Combo_HighStudy_LowMarks,Attendance_Critical,Consistency_Warning
98.4,26.8,9.8,45.0,2.9,65.5,Marks_Critical,Attendance_Success,General_Balanced
60.7,77.6,19.0,71.1,6.5,69.6,Attendance_Critical,ScreenTime_Critical,StudyHours_Success
89.9,31.9,13.9,38.2,5.8,81.8,Combo_HighStudy_LowMarks,Combo_HighScreen_LowHomework,Marks_Critical
74.7,84.3,3.0,81.9,4.5,44.9,Attendance_Critical,StudyHours_Critical,ScreenTime_Warning
69.4,31.0,12.4,80.4,4.1,20.2,Combo_HighStudy_LowMarks,Attendance_Critical,Marks_Critical
87.3,70.1,7.1,95.0,1.6,19.9,Combo_LowStudy_LowConsistency,StudyHours_Critical,Consistency_Warning
83.0,57.1,19.2,37.6,1.3,70.1,Attendance_Warning,StudyHours_Success,General_Balanced
66.2,60.3,13.3,88.9,1.4,21.8,Attendance_Critical,Consistency_Warning,General_Balanced
56.9,31.9,10.6,85.8,5.6,83.0,Attendance_Critical,Marks_Critical,ScreenTime_Critical
91.2,83.2,18.6,50.3,6.9,25.7,Combo_HighScreen_LowHomework,ScreenTime_Critical,Consistency_Warning
69.0,73.3,19.0,78.2,3.5,84.0,Attendance_Critical,ScreenTime_Warning,StudyHours_Success
99.9,45.3,2.2,46.9,4.1,57.3,Combo_HighScreen_LowHomework,StudyHours_Critical,ScreenTime_Warning
76.1,51.4,5.2,91.8,3.0,16.5,Combo_LowStudy_LowConsistency,Attendance_Warning,StudyHours_Critical
68.6,70.8,2.3,40.0,1.9,65.8,Attendance_Critical,StudyHours_Critical,General_Balanced
55.4,70.0,13.1,97.4,2.8,92.1,Attendance_Critical,Consistency_Success,General_Balanced
50.7,71.6,14.6,40.3,5.6,81.0,Combo_HighScreen_LowHomework,Attendance_Critical,ScreenTime_Critical
70.0,67.8,18.0,56.0,3.8,60.2,Attendance_Critical,ScreenTime_Warning,StudyHours_Success
62.5,91.5,19.2,79.0,2.6,21.5,Attendance_Critical,Consistency_Warning,StudyHours_Success
55.2,60.0,12.6,66.7,5.6,28.7,Combo_HighScreen_LowHomework,Attendance_Critical,ScreenTime_Critical
83.4,28.9,11.8,50.5,5.2,42.9,Combo_HighScreen_LowHomework,Attendance_Warning,Marks_Critical
96.9,74.8,15.4,64.0,1.6,39.6,Consistency_Warning,Attendance_Success,StudyHours_Success
62.2,79.4,4.6,84.9,4.5,27.0,Combo_LowStudy_LowConsistency,Attendance_Critical,StudyHours_Critical
84.7,32.5,9.0,35.0,3.9,31.2,Combo_LowStudy_LowConsistency,Attendance_Warning,Marks_Critical
78.9,23.1,16.8,78.8,6.6,73.4,Combo_HighStudy_LowMarks,Attendance_Warning,Marks_Critical
59.9,65.8,6.2,34.0,4.9,55.2,Combo_HighScreen_LowHomework,Attendance_Critical,StudyHours_Critical
56.7,33.1,7.7,58.0,1.4,32.5,Combo_LowStudy_LowConsistency,Attendance_Critical,StudyHours_Critical
61.8,90.4,13.8,74.6,5.2,63.3,Attendance_Critical,ScreenTime_Critical,Marks_Success
86.7,33.8,11.0,42.2,3.0,12.9,Marks_Critical,Consistency_Warning,General_Balanced
70.0,91.9,16.4,59.5,4.5,56.3,Combo_HighScreen_LowHomework,Attendance_Critical,ScreenTime_Warning
88.4,94.2,5.9,85.9,7.6,81.5,StudyHours_Critical,ScreenTime_Critical,Marks_Success
67.9,56.2,2.4,42.6,2.9,38.9,Combo_LowStudy_LowConsistency,Attendance_Critical,StudyHours_Critical
64.9,70.5,18.6,42.2,6.2,97.2,Combo_HighScreen_LowHomework,Attendance_Critical,ScreenTime_Critical
50.5,65.2,15.3,61.2,8.0,24.2,Combo_HighScreen_LowHomework,Attendance_Critical,ScreenTime_Critical
96.1,56.5,8.5,52.4,4.3,64.0,Combo_HighScreen_LowHomework,ScreenTime_Warning,Attendance_Success
67.5,69.5,6.6,93.3,3.6,31.5,Combo_LowStudy_LowConsistency,Attendance_Critical,StudyHours_Critical
94.3,58.9,10.7,59.7,7.8,15.3,Combo_HighScreen_LowHomework,ScreenTime_Critical,Consistency_Warning
59.0,27.0,6.4,83.1,5.9,96.3,Attendance_Critical,StudyHours_Critical,Marks_Critical
53.2,55.6,12.3,82.8,2.0,51.1,Attendance_Critical,General_Balanced,General_Balanced
87.5,46.4,19.9,54.8,5.6,95.9,Combo_HighStudy_LowMarks,Combo_HighScreen_LowHomework,ScreenTime_Critical
61.1,65.7,10.0,94.1,2.6,41.3,Attendance_Critical,General_Balanced,General_Balanced
62.1,44.8,19.9,43.4,7.8,63.0,Combo_HighStudy_LowMarks,Combo_HighScreen_LowHomework,Attendance_Critical
52.8,38.2,12.3,63.9,6.1,64.3,Combo_HighStudy_LowMarks,Combo_HighScreen_LowHomework,Attendance_Critical
82.0,33.8,13.7,38.7,2.4,88.6,Combo_HighStudy_LowMarks,Attendance_Warning,Marks_Critical
86.8,42.8,17.6,32.8,2.3,62.6,Combo_HighStudy_LowMarks,StudyHours_Success,General_Balanced
93.0,83.0,10.8,77.4,1.2,13.2,Consistency_Warning,Marks_Success,General_Balanced
77.3,29.7,13.9,31.6,7.5,77.4,Combo_HighStudy_LowMarks,Combo_HighScreen_LowHomework,Attendance_Warning
63.4,22.1,10.6,47.3,3.3,82.9,Attendance_Critical,Marks_Critical,ScreenTime_Warning
90.5,63.6,14.3,47.7,3.3,15.9,ScreenTime_Warning,Consistency_Warning,General_Balanced
84.2,89.7,18.8,99.3,2.2,56.5,Attendance_Warning,StudyHours_Success,Marks_Success
57.2,89.8,16.0,57.6,6.8,32.2,Combo_HighScreen_LowHomework,Attendance_Critical,ScreenTime_Critical
75.3,86.7,5.6,39.1,1.8,63.7,Attendance_Warning,StudyHours_Critical,Marks_Success
87.8,50.6,10.7,71.2,1.7,68.9,General_Balanced,General_Balanced,General_Balanced
96.5,49.5,14.7,39.6,5.9,94.6,Combo_HighStudy_LowMarks,Combo_HighScreen_LowHomework,ScreenTime_Critical
92.7,49.0,4.6,95.2,7.8,30.7,Combo_LowStudy_LowConsistency,StudyHours_Critical,ScreenTime_Critical
62.6,72.0,6.4,33.2,3.9,90.5,Attendance_Critical,StudyHours_Critical,ScreenTime_Warning
70.4,88.6,8.3,33.9,2.7,51.5,Attendance_Critical,Marks_Success,General_Balanced
75.8,26.4,15.6,95.3,2.1,60.5,Combo_HighStudy_LowMarks,Attendance_Warning,Marks_Critical
97.0,65.5,16.2,83.0,1.7,33.8,Consistency_Warning,Attendance_Success,StudyHours_Success
77.6,26.8,17.3,86.0,6.7,70.6,Combo_HighStudy_LowMarks,Attendance_Warning,Marks_Critical
89.7,29.3,15.7,83.9,2.6,21.8,Combo_HighStudy_LowMarks,Marks_Critical,Consistency_Warning
76.3,55.3,11.0,36.2,5.6,14.4,Combo_HighScreen_LowHomework,Attendance_Warning,ScreenTime_Critical
85.2,22.5,7.9,55.1,7.1,57.3,Combo_HighScreen_LowHomework,StudyHours_Critical,Marks_Critical
62.6,81.4,16.9,91.6,1.5,26.2,Attendance_Critical,Consistency_Warning,StudyHours_Success
88.3,81.3,12.7,56.1,7.8,47.8,Combo_HighScreen_LowHomework,ScreenTime_Critical,Marks_Success
50.5,63.4,2.8,99.0,4.0,17.9,Combo_LowStudy_LowConsistency,Attendance_Critical,StudyHours_Critical
56.1,69.0,19.0,44.8,5.6,36.9,Combo_HighScreen_LowHomework,Attendance_Critical,ScreenTime_Critical
77.9,39.4,9.6,40.8,4.4,47.0,Combo_HighScreen_LowHomework,Attendance_Warning,Marks_Critical
83.1,82.5,9.5,53.2,4.4,34.2,Combo_LowStudy_LowConsistency,Combo_HighScreen_LowHomework,Attendance_Warning
84.4,25.8,19.9,88.6,5.3,18.0,Combo_HighStudy_LowMarks,Attendance_Warning,Marks_Critical
53.6,35.4,13.7,64.5,1.1,50.0,Combo_HighStudy_LowMarks,Attendance_Critical,Marks_Critical
66.6,33.9,19.6,76.1,2.0,17.7,Combo_HighStudy_LowMarks,Attendance_Critical,Marks_Critical
88.9,29.1,15.8,35.2,7.6,16.6,Combo_HighStudy_LowMarks,Combo_HighScreen_LowHomework,Marks_Critical
86.9,81.2,5.6,82.7,4.3,39.9,Combo_LowStudy_LowConsistency,StudyHours_Critical,ScreenTime_Warning
78.8,94.5,4.8,50.6,4.7,86.2,Combo_HighScreen_LowHomework,Attendance_Warning,StudyHours_Critical
69.5,77.5,14.9,83.3,3.2,77.4,Attendance_Critical,ScreenTime_Warning,General_Balanced
92.7,26.5,9.3,42.3,4.8,48.5,Combo_HighScreen_LowHomework,Marks_Critical,ScreenTime_Warning
90.1,52.3,3.0,34.7,5.0,68.1,Combo_HighScreen_LowHomework,StudyHours_Critical,ScreenTime_Warning
75.7,29.5,17.8,48.3,6.7,15.8,Combo_HighStudy_LowMarks,Combo_HighScreen_LowHomework,Attendance_Warning
98.2,25.2,12.3,88.8,3.8,22.5,Combo_HighStudy_LowMarks,Marks_Critical,ScreenTime_Warning
63.2,41.5,3.4,73.1,3.6,32.3,Combo_LowStudy_LowConsistency,Attendance_Critical,StudyHours_Critical
71.6,92.5,8.6,50.7,2.7,44.5,Attendance_Critical,Marks_Success,General_Balanced
55.2,46.1,16.2,73.2,7.4,97.3,Combo_HighStudy_LowMarks,Attendance_Critical,ScreenTime_Critical
89.9,64.6,11.2,81.5,6.1,79.0,ScreenTime_Critical,General_Balanced,General_Balanced
83.0,45.7,17.3,42.4,4.5,11.7,Combo_HighStudy_LowMarks,Combo_HighScreen_LowHomework,Attendance_Warning
84.8,25.2,15.3,62.8,2.0,26.2,Combo_HighStudy_LowMarks,Attendance_Warning,Marks_Critical
63.0,87.5,11.7,74.6,5.6,34.0,Attendance_Critical,ScreenTime_Critical,Consistency_Warning
76.6,53.2,19.8,71.8,7.9,34.2,Attendance_Warning,ScreenTime_Critical,Consistency_Warning
91.0,86.3,7.2,36.4,4.5,84.3,Combo_HighScreen_LowHomework,StudyHours_Critical,ScreenTime_Warning
57.5,60.3,16.5,98.1,5.8,56.1,Attendance_Critical,ScreenTime_Critical,StudyHours_Success
77.8,34.2,5.3,56.1,4.2,28.0,Combo_LowStudy_LowConsistency,Combo_HighScreen_LowHomework,Attendance_Warning
83.5,56.1,13.3,56.4,6.7,99.7,Combo_HighScreen_LowHomework,Attendance_Warning,ScreenTime_Critical
89.4,42.4,12.2,75.9,7.3,61.0,Combo_HighStudy_LowMarks,ScreenTime_Critical,General_Balanced
94.9,93.1,6.7,78.4,2.6,13.1,Combo_LowStudy_LowConsistency,StudyHours_Critical,Consistency_Warning
68.0,51.2,14.7,59.9,4.5,21.7,Combo_HighScreen_LowHomework,Attendance_Critical,ScreenTime_Warning
98.3,89.5,15.2,48.8,4.5,78.8,Combo_HighScreen_LowHomework,ScreenTime_Warning,Attendance_Success
58.3,61.5,18.3,65.1,5.3,88.2,Combo_HighScreen_LowHomework,Attendance_Critical,ScreenTime_Critical
62.7,35.2,8.2,61.2,1.4,27.5,Combo_LowStudy_LowConsistency,Attendance_Critical,Marks_Critical
80.3,36.8,5.5,94.9,1.9,11.8,Combo_LowStudy_LowConsistency,Attendance_Warning,StudyHours_Critical
81.4,88.6,14.7,86.5,1.0,43.6,Attendance_Warning,Marks_Success,General_Balanced
78.7,41.5,3.0,65.8,6.8,37.6,Combo_LowStudy_LowConsistency,Combo_HighScreen_LowHomework,Attendance_Warning
92.2,94.0,17.2,88.4,6.9,69.5,ScreenTime_Critical,StudyHours_Success,Marks_Success
78.9,89.8,18.4,71.5,3.1,80.8,Attendance_Warning,ScreenTime_Warning,StudyHours_Success
56.7,86.0,2.1,89.2,4.8,44.7,Attendance_Critical,StudyHours_Critical,ScreenTime_Warning
81.8,21.1,4.3,82.0,7.2,14.0,Combo_LowStudy_LowConsistency,Attendance_Warning,StudyHours_Critical
96.3,22.7,10.5,65.3,4.5,48.2,Combo_HighScreen_LowHomework,Marks_Critical,ScreenTime_Warning
88.0,30.2,10.2,70.5,2.6,10.9,Marks_Critical,Consistency_Warning,General_Balanced
61.6,54.5,19.2,80.1,3.1,26.5,Attendance_Critical,ScreenTime_Warning,Consistency_Warning
84.5,74.1,4.1,77.2,7.1,74.5,Attendance_Warning,StudyHours_Critical,ScreenTime_Critical
60.6,28.7,4.6,91.5,6.0,27.4,Combo_LowStudy_LowConsistency,Attendance_Critical,StudyHours_Critical
50.1,57.4,14.6,94.6,3.7,81.1,Attendance_Critical,ScreenTime_Warning,Consistency_Success
77.7,51.7,7.9,41.3,3.8,56.7,Attendance_Warning,StudyHours_Critical,ScreenTime_Warning
78.8,23.3,6.8,65.4,3.6,25.8,Combo_LowStudy_LowConsistency,Attendance_Warning,StudyHours_Critical
73.9,60.5,11.6,43.2,5.4,35.1,Combo_HighScreen_LowHomework,Attendance_Critical,ScreenTime_Critical
91.9,91.6,14.4,36.1,4.5,97.7,Combo_HighScreen_LowHomework,ScreenTime_Warning,Marks_Success
74.7,67.2,5.1,57.8,5.5,46.2,Combo_HighScreen_LowHomework,Attendance_Critical,StudyHours_Critical
80.7,40.6,18.7,33.7,1.6,82.4,Combo_HighStudy_LowMarks,Attendance_Warning,StudyHours_Success
97.5,55.5,2.6,41.2,2.4,68.2,StudyHours_Critical,Attendance_Success,General_Balanced
65.1,57.5,2.2,58.9,2.3,60.0,Attendance_Critical,StudyHours_Critical,General_Balanced
87.8,30.3,9.1,37.7,7.6,64.6,Combo_HighScreen_LowHomework,Marks_Critical,ScreenTime_Critical
83.6,72.3,14.3,58.8,5.6,96.1,Combo_HighScreen_LowHomework,Attendance_Warning,ScreenTime_Critical
55.8,50.5,11.9,44.4,4.8,68.5,Combo_HighScreen_LowHomework,Attendance_Critical,ScreenTime_Warning
72.6,80.3,19.4,45.1,6.6,18.3,Combo_HighScreen_LowHomework,Attendance_Critical,ScreenTime_Critical
51.1,85.8,12.7,44.4,7.0,92.1,Combo_HighScreen_LowHomework,Attendance_Critical,ScreenTime_Critical
57.2,34.9,17.5,95.5,2.5,49.8,Combo_HighStudy_LowMarks,Attendance_Critical,Marks_Critical
88.7,76.1,5.5,92.3,5.8,73.3,StudyHours_Critical,ScreenTime_Critical,General_Balanced
89.9,91.9,2.1,95.3,3.9,34.8,Combo_LowStudy_LowConsistency,StudyHours_Critical,ScreenTime_Warning
66.3,31.9,11.3,72.6,2.8,80.5,Attendance_Critical,Marks_Critical,Consistency_Success
97.8,29.5,10.7,69.7,6.2,51.9,Combo_HighScreen_LowHomework,Marks_Critical,ScreenTime_Critical
50.3,46.4,15.6,84.6,3.0,71.8,Combo_HighStudy_LowMarks,Attendance_Critical,StudyHours_Success
67.2,91.2,2.5,45.7,6.7,10.6,Combo_LowStudy_LowConsistency,Combo_HighScreen_LowHomework,Attendance_Critical
98.7,40.0,3.4,67.7,4.9,46.2,Combo_HighScreen_LowHomework,StudyHours_Critical,ScreenTime_Warning
78.1,67.5,17.6,56.3,5.7,92.9,Combo_HighScreen_LowHomework,Attendance_Warning,ScreenTime_Critical
86.2,57.8,5.2,99.8,5.2,62.3,StudyHours_Critical,ScreenTime_Critical,General_Balanced
50.9,50.8,7.0,80.3,1.0,92.4,Attendance_Critical,StudyHours_Critical,Consistency_Success
63.3,80.5,7.7,38.2,4.3,30.4,Combo_LowStudy_LowConsistency,Combo_HighScreen_LowHomework,Attendance_Critical
80.4,91.1,2.8,47.6,2.2,22.4,Combo_LowStudy_LowConsistency,Attendance_Warning,StudyHours_Critical
69.2,56.5,9.3,42.4,6.2,40.9,Combo_HighScreen_LowHomework,Attendance_Critical,ScreenTime_Critical
67.8,36.7,8.0,56.9,5.8,26.8,Combo_LowStudy_LowConsistency,Combo_HighScreen_LowHomework,Attendance_Critical
99.4,20.2,9.3,67.2,5.2,17.9,Combo_LowStudy_LowConsistency,Combo_HighScreen_LowHomework,Marks_Critical
97.2,56.6,2.1,33.3,2.6,41.9,StudyHours_Critical,Attendance_Success,General_Balanced
75.4,74.4,11.9,56.8,1.9,39.1,Attendance_Warning,Consistency_Warning,General_Balanced
83.6,66.4,16.1,49.3,4.3,40.4,Combo_HighScreen_LowHomework,Attendance_Warning,ScreenTime_Warning
94.4,57.6,6.1,61.7,7.7,18.5,Combo_LowStudy_LowConsistency,Combo_HighScreen_LowHomework,StudyHours_Critical
57.7,56.4,11.0,36.6,7.1,11.4,Combo_HighScreen_LowHomework,Attendance_Critical,ScreenTime_Critical
56.0,21.0,11.9,55.0,6.2,98.8,Combo_HighScreen_LowHomework,Attendance_Critical,Marks_Critical
99.4,61.6,3.9,52.4,6.7,62.8,Combo_HighScreen_LowHomework,StudyHours_Critical,ScreenTime_Critical
56.6,38.7,11.8,77.5,5.6,81.0,Attendance_Critical,Marks_Critical,ScreenTime_Critical
60.2,55.0,18.1,79.2,3.1,74.1,Attendance_Critical,ScreenTime_Warning,StudyHours_Success
86.6,28.3,8.1,49.5,2.6,10.6,Combo_LowStudy_LowConsistency,Marks_Critical,Consistency_Warning
82.7,25.1,9.8,43.4,1.2,79.1,Attendance_Warning,Marks_Critical,General_Balanced
97.7,80.6,14.0,51.3,4.9,79.5,Combo_HighScreen_LowHomework,ScreenTime_Warning,Attendance_Success
73.7,66.8,7.9,38.5,4.8,39.2,Combo_LowStudy_LowConsistency,Combo_HighScreen_LowHomework,Attendance_Critical
74.2,41.7,18.2,31.6,1.3,73.4,Combo_HighStudy_LowMarks,Attendance_Critical,StudyHours_Success
50.6,87.3,14.1,37.6,6.9,44.4,Combo_HighScreen_LowHomework,Attendance_Critical,ScreenTime_Critical
99.5,30.8,12.3,60.9,4.8,78.9,Combo_HighStudy_LowMarks,Combo_HighScreen_LowHomework,Marks_Critical
82.2,50.0,18.1,48.0,1.1,52.4,Attendance_Warning,StudyHours_Success,General_Balanced
72.7,62.6,17.2,70.9,1.5,65.8,Attendance_Critical,StudyHours_Success,General_Balanced
62.4,52.0,5.6,77.7,7.5,31.2,Combo_LowStudy_LowConsistency,Attendance_Critical,StudyHours_Critical
68.3,61.4,18.2,48.0,5.8,51.0,Combo_HighScreen_LowHomework,Attendance_Critical,ScreenTime_Critical
75.6,45.0,4.5,92.8,6.3,37.1,Combo_LowStudy_LowConsistency,Attendance_Warning,StudyHours_Critical
79.0,23.0,4.5,46.7,5.0,51.1,Combo_HighScreen_LowHomework,Attendance_Warning,StudyHours_Critical
78.6,68.7,10.8,91.7,5.0,32.7,Attendance_Warning,ScreenTime_Warning,Consistency_Warning
70.7,69.7,5.3,50.9,7.0,21.6,Combo_LowStudy_LowConsistency,Combo_HighScreen_LowHomework,Attendance_Critical
73.2,89.1,14.2,68.8,5.0,24.0,Combo_HighScreen_LowHomework,Attendance_Critical,ScreenTime_Warning
82.9,27.3,6.6,76.0,6.1,27.9,Combo_LowStudy_LowConsistency,Attendance_Warning,StudyHours_Critical
60.3,27.0,12.0,31.0,1.9,26.7,Combo_HighStudy_LowMarks,Attendance_Critical,Marks_Critical
73.6,36.5,5.1,89.9,6.6,61.2,Attendance_Critical,StudyHours_Critical,Marks_Critical
52.7,34.9,16.3,57.4,3.1,31.9,Combo_HighStudy_LowMarks,Attendance_Critical,Marks_Critical
62.9,47.7,19.4,81.7,3.5,45.7,Combo_HighStudy_LowMarks,Attendance_Critical,ScreenTime_Warning
52.3,43.0,15.4,49.9,4.0,75.2,Combo_HighStudy_LowMarks,Attendance_Critical,ScreenTime_Warning
54.6,68.8,4.9,34.3,5.1,25.8,Combo_LowStudy_LowConsistency,Combo_HighScreen_LowHomework,Attendance_Critical
65.9,40.6,8.4,79.5,8.0,58.7,Attendance_Critical,ScreenTime_Critical,General_Balanced
91.7,53.7,11.1,70.5,1.4,91.0,Consistency_Success,General_Balanced,General_Balanced
83.0,73.0,6.0,91.3,4.7,16.7,Combo_LowStudy_LowConsistency,Attendance_Warning,StudyHours_Critical
83.4,81.8,8.8,55.9,6.9,93.4,Combo_HighScreen_LowHomework,Attendance_Warning,ScreenTime_Critical
57.2,85.5,17.8,61.3,5.8,25.3,Combo_HighScreen_LowHomework,Attendance_Critical,ScreenTime_Critical
60.8,26.5,5.1,47.0,5.3,18.3,Combo_LowStudy_LowConsistency,Combo_HighScreen_LowHomework,Attendance_Critical
53.3,42.6,11.5,87.2,4.0,84.9,Attendance_Critical,ScreenTime_Warning,Consistency_Success
81.1,80.1,11.1,69.9,6.7,13.9,Combo_HighScreen_LowHomework,Attendance_Warning,ScreenTime_Critical
66.2,93.5,10.5,72.6,6.2,44.1,Attendance_Critical,ScreenTime_Critical,Marks_Success
98.7,46.8,17.9,64.9,3.3,96.0,Combo_HighStudy_LowMarks,ScreenTime_Warning,Attendance_Success
88.1,89.7,12.7,80.0,2.0,47.9,Marks_Success,General_Balanced,General_Balanced
78.0,28.6,4.2,37.3,3.5,32.0,Combo_LowStudy_LowConsistency,Attendance_Warning,StudyHours_Critical
94.9,68.7,12.4,48.1,6.3,60.7,Combo_HighScreen_LowHomework,ScreenTime_Critical,General_Balanced
77.8,66.8,19.0,63.2,2.1,36.2,Attendance_Warning,Consistency_Warning,StudyHours_Success
80.6,28.6,3.3,100.0,7.8,88.4,Attendance_Warning,StudyHours_Critical,Marks_Critical
58.2,62.3,14.6,69.9,4.7,83.4,Combo_HighScreen_LowHomework,Attendance_Critical,ScreenTime_Warning
59.9,42.4,3.4,87.3,7.8,14.8,Combo_LowStudy_LowConsistency,Attendance_Critical,StudyHours_Critical
63.8,82.4,4.4,40.4,3.0,35.8,Combo_LowStudy_LowConsistency,Attendance_Critical,StudyHours_Critical
97.3,72.1,10.1,39.0,6.8,55.2,Combo_HighScreen_LowHomework,ScreenTime_Critical,Attendance_Success
54.7,39.7,18.6,94.2,7.7,43.0,Combo_HighStudy_LowMarks,Attendance_Critical,Marks_Critical
85.3,78.4,12.6,54.3,2.2,38.3,Consistency_Warning,General_Balanced,General_Balanced
63.7,36.3,7.8,87.9,5.3,42.2,Attendance_Critical,StudyHours_Critical,Marks_Critical
51.6,74.5,10.8,85.5,1.1,24.4,Attendance_Critical,Consistency_Warning,General_Balanced
99.8,87.5,4.6,78.6,5.1,86.7,StudyHours_Critical,ScreenTime_Critical,Attendance_Success
90.2,60.0,5.6,80.5,7.9,26.4,Combo_LowStudy_LowConsistency,StudyHours_Critical,ScreenTime_Critical
63.6,57.7,12.1,61.7,3.8,48.7,Attendance_Critical,ScreenTime_Warning,General_Balanced
87.0,86.9,2.4,91.3,4.5,60.8,StudyHours_Critical,ScreenTime_Warning,Marks_Success
94.0,66.2,8.6,38.9,4.1,54.9,Combo_HighScreen_LowHomework,ScreenTime_Warning,General_Balanced
100.0,59.5,19.8,47.3,6.9,52.9,Combo_HighScreen_LowHomework,ScreenTime_Critical,Attendance_Success
58.2,25.3,5.5,46.2,6.7,84.7,Combo_HighScreen_LowHomework,Attendance_Critical,StudyHours_Critical
81.2,22.8,7.3,76.6,2.0,99.7,Attendance_Warning,StudyHours_Critical,Marks_Critical
53.7,46.7,5.6,81.0,4.8,61.2,Attendance_Critical,StudyHours_Critical,ScreenTime_Warning
75.9,42.2,12.0,52.9,6.3,25.0,Combo_HighStudy_LowMarks,Combo_HighScreen_LowHomework,Attendance_Warning
61.5,56.3,11.3,87.0,2.8,52.4,Attendance_Critical,General_Balanced,General_Balanced
96.7,49.7,16.1,38.8,3.5,50.9,Combo_HighStudy_LowMarks,ScreenTime_Warning,Attendance_Success
66.9,87.9,5.2,68.0,1.3,68.5,Attendance_Critical,StudyHours_Critical,Marks_Success
74.6,67.2,16.7,73.5,7.9,80.7,Attendance_Critical,ScreenTime_Critical,StudyHours_Success
87.0,75.6,7.7,77.4,2.6,69.3,StudyHours_Critical,General_Balanced,General_Balanced
92.6,89.7,3.7,78.2,1.5,97.6,StudyHours_Critical,Marks_Success,Consistency_Success
91.7,48.2,6.8,92.2,5.7,73.4,StudyHours_Critical,ScreenTime_Critical,General_Balanced
69.7,81.2,12.5,97.6,5.7,93.7,Attendance_Critical,ScreenTime_Critical,Marks_Success
82.8,43.3,8.6,82.9,4.9,19.6,Combo_LowStudy_LowConsistency,Attendance_Warning,ScreenTime_Warning
73.0,41.9,12.7,84.1,7.1,17.4,Combo_HighStudy_LowMarks,Attendance_Critical,ScreenTime_Critical
81.9,49.5,5.2,60.6,6.3,59.0,Combo_HighScreen_LowHomework,Attendance_Warning,StudyHours_Critical
76.4,52.0,11.8,64.1,1.6,29.8,Attendance_Warning,Consistency_Warning,General_Balanced
70.5,47.4,5.0,59.1,4.9,44.9,Combo_HighScreen_LowHomework,Attendance_Critical,StudyHours_Critical
68.1,40.7,13.5,90.8,7.4,26.2,Combo_HighStudy_LowMarks,Attendance_Critical,ScreenTime_Critical
66.2,81.5,6.7,97.6,2.5,74.7,Attendance_Critical,StudyHours_Critical,Marks_Success
64.8,92.0,3.5,55.0,2.4,53.4,Attendance_Critical,StudyHours_Critical,Marks_Success
91.2,63.3,14.4,84.3,3.3,44.5,ScreenTime_Warning,General_Balanced,General_Balanced
92.2,52.0,9.8,88.9,5.8,24.2,Combo_LowStudy_LowConsistency,ScreenTime_Critical,Consistency_Warning
96.1,59.7,11.7,56.0,7.4,87.9,Combo_HighScreen_LowHomework,ScreenTime_Critical,Attendance_Success
63.7,80.4,2.7,51.8,6.8,35.5,Combo_LowStudy_LowConsistency,Combo_HighScreen_LowHomework,Attendance_Critical
68.7,72.4,10.9,39.2,1.1,76.8,Attendance_Critical,General_Balanced,General_Balanced
52.5,49.2,9.4,87.0,7.6,46.3,Attendance_Critical,ScreenTime_Critical,General_Balanced
66.3,33.6,12.4,30.1,2.5,50.0,Combo_HighStudy_LowMarks,Attendance_Critical,Marks_Critical
87.8,58.2,18.6,39.0,2.1,14.0,Consistency_Warning,StudyHours_Success,General_Balanced
59.1,92.2,17.6,36.2,5.3,16.8,Combo_HighScreen_LowHomework,Attendance_Critical,ScreenTime_Critical
79.1,49.4,13.6,34.6,4.6,43.3,Combo_HighStudy_LowMarks,Combo_HighScreen_LowHomework,Attendance_Warning
58.2,64.1,4.5,60.9,7.2,43.4,Combo_HighScreen_LowHomework,Attendance_Critical,StudyHours_Critical
97.9,60.7,4.3,53.8,3.8,20.4,Combo_LowStudy_LowConsistency,StudyHours_Critical,ScreenTime_Warning
59.2,75.8,14.5,93.8,5.7,77.7,Attendance_Critical,ScreenTime_Critical,General_Balanced
90.7,64.1,19.8,96.8,6.7,86.8,ScreenTime_Critical,StudyHours_Success,Consistency_Success
65.6,67.8,12.5,66.5,5.9,70.5,Combo_HighScreen_LowHomework,Attendance_Critical,ScreenTime_Critical
56.9,66.8,14.8,70.3,4.3,33.0,Attendance_Critical,ScreenTime_Warning,Consistency_Warning
53.1,65.8,12.1,61.9,7.4,75.7,Combo_HighScreen_LowHomework,Attendance_Critical,ScreenTime_Critical
53.4,29.5,3.5,80.0,4.0,27.1,Combo_LowStudy_LowConsistency,Attendance_Critical,StudyHours_Critical
71.6,94.9,15.7,33.5,7.6,69.0,Combo_HighScreen_LowHomework,Attendance_Critical,ScreenTime_Critical
84.1,24.8,10.6,55.7,2.8,34.4,Attendance_Warning,Marks_Critical,Consistency_Warning
57.9,27.3,4.5,74.2,4.8,84.3,Attendance_Critical,StudyHours_Critical,Marks_Critical
88.3,41.3,4.4,61.5,2.8,60.8,StudyHours_Critical,General_Balanced,General_Balanced
63.3,52.7,5.3,77.6,2.1,65.9,Attendance_Critical,StudyHours_Critical,General_Balanced
87.9,47.7,13.0,97.4,3.5,33.6,Combo_HighStudy_LowMarks,ScreenTime_Warning,Consistency_Warning
70.5,24.6,19.7,44.4,3.4,42.1,Combo_HighStudy_LowMarks,Attendance_Critical,Marks_Critical
62.1,68.2,2.1,74.5,6.4,21.4,Combo_LowStudy_LowConsistency,Attendance_Critical,StudyHours_Critical
88.8,88.3,11.3,68.4,7.2,91.2,Combo_HighScreen_LowHomework,ScreenTime_Critical,Marks_Success
96.6,38.3,3.7,92.6,3.7,34.0,Combo_LowStudy_LowConsistency,StudyHours_Critical,Marks_Critical
82.5,88.4,5.2,90.9,5.1,52.3,Attendance_Warning,StudyHours_Critical,ScreenTime_Critical
81.7,33.5,4.1,74.8,2.1,91.6,Attendance_Warning,StudyHours_Critical,Marks_Critical
63.7,72.2,12.9,87.8,1.8,62.5,Attendance_Critical,General_Balanced,General_Balanced
91.1,82.5,18.0,97.5,1.3,21.1,Consistency_Warning,StudyHours_Success,Marks_Success
92.4,88.9,16.9,60.7,6.8,62.8,Combo_HighScreen_LowHomework,ScreenTime_Critical,StudyHours_Success
83.5,46.9,2.5,63.3,3.4,21.6,Combo_LowStudy_LowConsistency,Attendance_Warning,StudyHours_Critical
86.7,24.6,13.9,96.0,7.7,94.8,Combo_HighStudy_LowMarks,Marks_Critical,ScreenTime_Critical
94.7,36.6,15.0,84.4,5.0,47.5,Combo_HighStudy_LowMarks,Marks_Critical,ScreenTime_Warning
94.6,28.0,16.2,85.4,1.9,48.1,Combo_HighStudy_LowMarks,Marks_Critical,StudyHours_Success
54.6,27.7,10.4,58.0,7.2,56.2,Combo_HighScreen_LowHomework,Attendance_Critical,Marks_Critical
74.8,33.6,9.6,87.4,2.9,94.6,Attendance_Critical,Marks_Critical,Consistency_Success
94.3,78.4,8.1,86.8,2.6,95.2,Consistency_Success,General_Balanced,General_Balanced
88.1,78.0,18.1,60.6,7.2,46.9,Combo_HighScreen_LowHomework,ScreenTime_Critical,StudyHours_Success
98.3,61.7,10.6,97.8,1.7,38.4,Consistency_Warning,Attendance_Success,General_Balanced
81.5,83.5,8.9,34.9,2.3,96.0,Attendance_Warning,Marks_Success,Consistency_Success
67.3,39.0,17.0,49.1,7.9,33.8,Combo_HighStudy_LowMarks,Combo_HighScreen_LowHomework,Attendance_Critical
86.5,32.8,8.3,78.8,3.3,55.4,Marks_Critical,ScreenTime_Warning,General_Balanced
64.5,74.3,13.6,30.8,3.1,60.4,Attendance_Critical,ScreenTime_Warning,General_Balanced
51.7,42.4,17.2,60.1,3.2,48.3,Combo_HighStudy_LowMarks,Attendance_Critical,ScreenTime_Warning
52.5,87.7,19.7,97.1,5.5,27.8,Attendance_Critical,ScreenTime_Critical,Consistency_Warning
97.4,25.5,15.1,91.8,4.5,92.1,Combo_HighStudy_LowMarks,Marks_Critical,ScreenTime_Warning
78.7,27.4,19.6,64.1,7.9,78.9,Combo_HighStudy_LowMarks,Combo_HighScreen_LowHomework,Attendance_Warning
50.2,30.4,2.1,42.6,2.9,23.8,Combo_LowStudy_LowConsistency,Attendance_Critical,StudyHours_Critical
52.0,54.9,5.5,64.6,7.3,54.6,Combo_HighScreen_LowHomework,Attendance_Critical,StudyHours_Critical
67.9,74.3,4.5,33.5,3.8,83.2,Attendance_Critical,StudyHours_Critical,ScreenTime_Warning
50.7,44.5,9.2,98.0,7.9,46.1,Attendance_Critical,ScreenTime_Critical,General_Balanced
99.3,26.5,16.5,77.6,7.3,98.7,Combo_HighStudy_LowMarks,Marks_Critical,ScreenTime_Critical
70.2,38.1,13.2,94.4,2.8,24.0,Combo_HighStudy_LowMarks,Attendance_Critical,Marks_Critical
79.2,80.4,2.4,56.2,4.7,16.9,Combo_LowStudy_LowConsistency,Combo_HighScreen_LowHomework,Attendance_Warning
56.4,50.6,19.8,51.5,4.7,43.0,Combo_HighScreen_LowHomework,Attendance_Critical,ScreenTime_Warning
55.8,21.6,4.9,96.0,1.4,10.5,Combo_LowStudy_LowConsistency,Attendance_Critical,StudyHours_Critical
51.3,56.1,2.6,64.8,5.3,91.9,Combo_HighScreen_LowHomework,Attendance_Critical,StudyHours_Critical
53.8,66.3,5.3,82.0,7.5,65.5,Attendance_Critical,StudyHours_Critical,ScreenTime_Critical
84.5,91.2,14.8,81.9,5.6,10.7,Attendance_Warning,ScreenTime_Critical,Consistency_Warning
52.9,74.9,4.7,70.1,7.4,93.2,Attendance_Critical,StudyHours_Critical,ScreenTime_Critical
73.3,26.6,8.1,74.2,4.5,32.8,Combo_LowStudy_LowConsistency,Attendance_Critical,Marks_Critical
62.3,74.2,12.3,69.6,3.7,30.1,Attendance_Critical,ScreenTime_Warning,Consistency_Warning
98.2,69.2,16.4,72.9,1.3,34.0,Consistency_Warning,Attendance_Success,StudyHours_Success
52.4,58.2,7.1,45.0,7.3,86.0,Combo_HighScreen_LowHomework,Attendance_Critical,StudyHours_Critical
93.7,92.6,6.7,33.9,4.3,91.1,Combo_HighScreen_LowHomework,StudyHours_Critical,ScreenTime_Warning
56.8,89.9,11.1,34.1,6.5,89.5,Combo_HighScreen_LowHomework,Attendance_Critical,ScreenTime_Critical
53.9,66.5,2.2,81.9,7.0,48.9,Attendance_Critical,StudyHours_Critical,ScreenTime_Critical
70.6,54.3,19.8,72.0,1.2,75.4,Attendance_Critical,StudyHours_Success,General_Balanced
80.2,89.1,5.1,70.7,3.2,59.4,Attendance_Warning,StudyHours_Critical,ScreenTime_Warning
64.7,65.0,7.2,87.9,5.7,33.8,Combo_LowStudy_LowConsistency,Attendance_Critical,StudyHours_Critical
80.5,89.7,16.5,47.5,7.3,11.6,Combo_HighScreen_LowHomework,Attendance_Warning,ScreenTime_Critical
74.2,67.4,18.3,63.0,7.7,25.2,Combo_HighScreen_LowHomework,Attendance_Critical,ScreenTime_Critical
68.7,27.0,4.0,67.6,6.7,58.0,Combo_HighScreen_LowHomework,Attendance_Critical,StudyHours_Critical
94.0,42.8,9.6,34.4,6.2,45.4,Combo_HighScreen_LowHomework,ScreenTime_Critical,General_Balanced
57.7,70.0,12.1,97.8,6.8,72.7,Attendance_Critical,ScreenTime_Critical,General_Balanced
80.4,68.6,9.9,52.4,2.1,55.3,Attendance_Warning,General_Balanced,General_Balanced
87.1,36.0,9.1,64.9,2.8,32.8,Combo_LowStudy_LowConsistency,Marks_Critical,Consistency_Warning
59.6,51.5,5.6,62.2,1.0,85.1,Attendance_Critical,StudyHours_Critical,Consistency_Success
95.9,84.6,4.4,74.5,2.1,45.8,StudyHours_Critical,Attendance_Success,Marks_Success
59.2,45.6,7.1,67.2,4.7,19.7,Combo_LowStudy_LowConsistency,Combo_HighScreen_LowHomework,Attendance_Critical
76.6,60.3,6.8,37.2,5.7,58.7,Combo_HighScreen_LowHomework,Attendance_Warning,StudyHours_Critical
65.9,60.2,10.7,94.0,4.7,92.9,Attendance_Critical,ScreenTime_Warning,Consistency_Success
54.3,88.1,3.1,58.5,6.3,74.8,Combo_HighScreen_LowHomework,Attendance_Critical,StudyHours_Critical
69.7,41.6,14.1,84.4,5.8,60.3,Combo_HighStudy_LowMarks,Attendance_Critical,ScreenTime_Critical
83.0,94.3,11.2,73.7,3.8,50.1,Attendance_Warning,ScreenTime_Warning,Marks_Success
96.9,33.4,11.3,99.3,2.3,60.9,Marks_Critical,Attendance_Success,General_Balanced
77.9,21.3,15.7,51.8,1.8,35.0,Combo_HighStudy_LowMarks,Attendance_Warning,Marks_Critical
54.8,40.2,8.9,45.9,1.1,86.9,Attendance_Critical,Consistency_Success,General_Balanced
72.6,41.6,10.4,75.9,7.1,45.3,Attendance_Critical,ScreenTime_Critical,General_Balanced
60.8,85.0,15.7,86.9,3.9,39.2,Attendance_Critical,ScreenTime_Warning,Consistency_Warning
62.6,60.8,16.8,38.6,6.4,24.3,Combo_HighScreen_LowHomework,Attendance_Critical,ScreenTime_Critical
50.6,34.6,9.2,38.9,2.0,86.3,Attendance_Critical,Marks_Critical,Consistency_Success
87.5,94.1,8.4,33.7,7.1,67.0,Combo_HighScreen_LowHomework,ScreenTime_Critical,Marks_Success
84.1,76.3,3.6,97.8,1.8,46.5,Attendance_Warning,StudyHours_Critical,General_Balanced
54.0,35.3,4.3,43.6,3.1,10.0,Combo_LowStudy_LowConsistency,Attendance_Critical,StudyHours_Critical
73.0,32.2,10.9,45.0,1.5,49.2,Attendance_Critical,Marks_Critical,General_Balanced
82.3,43.0,7.9,66.1,1.9,53.5,Attendance_Warning,StudyHours_Critical,General_Balanced
58.2,50.4,5.5,62.4,6.1,43.9,Combo_HighScreen_LowHomework,Attendance_Critical,StudyHours_Critical
74.2,48.6,2.5,55.0,3.9,61.1,Attendance_Critical,StudyHours_Critical,ScreenTime_Warning
83.4,59.8,10.5,73.1,1.5,69.8,Attendance_Warning,General_Balanced,General_Balanced
84.4,56.7,11.5,91.6,5.5,74.7,Attendance_Warning,ScreenTime_Critical,General_Balanced
61.7,33.2,15.9,67.1,6.6,39.1,Combo_HighStudy_LowMarks,Combo_HighScreen_LowHomework,Attendance_Critical
66.7,28.8,11.8,44.9,5.0,77.4,Combo_HighScreen_LowHomework,Attendance_Critical,Marks_Critical
100.0,57.3,14.8,32.6,7.2,94.3,Combo_HighScreen_LowHomework,ScreenTime_Critical,Attendance_Success
74.2,65.3,10.8,86.2,7.4,74.1,Attendance_Critical,ScreenTime_Critical,General_Balanced
95.7,35.4,7.8,99.6,3.3,77.0,StudyHours_Critical,Marks_Critical,ScreenTime_Warning
74.2,57.7,6.5,43.2,6.9,89.2,Combo_HighScreen_LowHomework,Attendance_Critical,StudyHours_Critical
69.7,81.0,10.8,77.3,3.1,16.8,Attendance_Critical,ScreenTime_Warning,Consistency_Warning
59.9,51.4,16.5,68.5,3.0,77.5,Attendance_Critical,StudyHours_Success,General_Balanced
75.4,65.0,16.5,97.4,7.5,95.6,Attendance_Warning,ScreenTime_Critical,StudyHours_Success
54.7,70.1,9.8,40.7,1.4,26.5,Combo_LowStudy_LowConsistency,Attendance_Critical,Consistency_Warning
78.4,39.7,6.3,76.2,5.1,35.4,Combo_LowStudy_LowConsistency,Attendance_Warning,StudyHours_Critical
89.4,40.8,11.4,99.8,6.6,83.4,ScreenTime_Critical,Consistency_Success,General_Balanced
50.8,24.8,8.3,96.0,6.2,27.0,Combo_LowStudy_LowConsistency,Attendance_Critical,Marks_Critical
78.4,31.4,18.4,80.5,5.1,55.0,Combo_HighStudy_LowMarks,Attendance_Warning,Marks_Critical
84.7,80.6,12.3,42.3,4.5,91.4,Combo_HighScreen_LowHomework,Attendance_Warning,ScreenTime_Warning
86.3,28.6,12.1,54.8,2.8,50.6,Combo_HighStudy_LowMarks,Marks_Critical,General_Balanced
96.1,27.2,2.5,90.4,6.9,70.5,StudyHours_Critical,Marks_Critical,ScreenTime_Critical
95.5,74.7,3.3,60.1,3.4,77.4,StudyHours_Critical,ScreenTime_Warning,Attendance_Success
86.6,26.4,10.3,42.8,6.1,57.8,Combo_HighScreen_LowHomework,Marks_Critical,ScreenTime_Critical
74.5,30.8,9.2,87.5,3.2,80.4,Attendance_Critical,Marks_Critical,ScreenTime_Warning
67.9,58.0,4.3,31.3,3.0,79.4,Attendance_Critical,StudyHours_Critical,General_Balanced
81.4,56.3,5.9,83.0,4.6,52.8,Attendance_Warning,StudyHours_Critical,ScreenTime_Warning
87.2,21.4,16.7,91.0,7.5,79.8,Combo_HighStudy_LowMarks,Marks_Critical,ScreenTime_Critical
67.4,45.6,15.6,48.6,7.2,76.8,Combo_HighStudy_LowMarks,Combo_HighScreen_LowHomework,Attendance_Critical
68.1,51.8,19.9,50.2,5.9,74.9,Combo_HighScreen_LowHomework,Attendance_Critical,ScreenTime_Critical
76.1,80.3,13.8,97.1,3.0,67.5,Attendance_Warning,Marks_Success,General_Balanced
96.5,83.0,10.9,42.7,2.8,28.3,Consistency_Warning,Attendance_Success,Marks_Success
76.9,43.7,12.8,45.6,6.2,44.4,Combo_HighStudy_LowMarks,Combo_HighScreen_LowHomework,Attendance_Warning
75.1,70.5,16.6,46.8,6.2,39.1,Combo_HighScreen_LowHomework,Attendance_Warning,ScreenTime_Critical
90.2,42.3,4.3,90.0,5.7,95.8,StudyHours_Critical,ScreenTime_Critical,Consistency_Success
51.1,69.5,16.5,73.6,1.4,41.6,Attendance_Critical,StudyHours_Success,General_Balanced
75.1,26.6,4.8,49.4,4.6,59.4,Combo_HighScreen_LowHomework,Attendance_Warning,StudyHours_Critical
96.6,68.3,5.6,50.6,3.7,32.3,Combo_LowStudy_LowConsistency,StudyHours_Critical,ScreenTime_Warning
79.4,52.5,10.1,60.9,2.6,33.6,Attendance_Warning,Consistency_Warning,General_Balanced
83.9,33.4,7.2,54.8,1.6,42.6,Attendance_Warning,StudyHours_Critical,Marks_Critical
69.6,58.4,2.6,77.5,1.5,27.3,Combo_LowStudy_LowConsistency,Attendance_Critical,StudyHours_Critical
65.2,24.8,3.4,66.5,1.6,73.3,Attendance_Critical,StudyHours_Critical,Marks_Critical
68.5,47.3,12.0,85.9,4.9,74.6,Combo_HighStudy_LowMarks,Attendance_Critical,ScreenTime_Warning
67.0,67.9,13.9,70.0,1.9,77.1,Attendance_Critical,General_Balanced,General_Balanced
50.1,26.8,7.2,85.1,5.2,53.7,Attendance_Critical,StudyHours_Critical,Marks_Critical
90.3,53.5,13.9,49.9,7.1,36.3,Combo_HighScreen_LowHomework,ScreenTime_Critical,Consistency_Warning
59.2,20.8,4.7,82.2,5.7,60.1,Attendance_Critical,StudyHours_Critical,Marks_Critical
69.0,88.5,12.5,66.0,4.4,68.1,Combo_HighScreen_LowHomework,Attendance_Critical,ScreenTime_Warning
77.8,76.3,5.5,81.4,3.8,74.5,Attendance_Warning,StudyHours_Critical,ScreenTime_Warning
85.2,83.6,4.9,41.6,5.7,73.5,Combo_HighScreen_LowHomework,StudyHours_Critical,ScreenTime_Critical
89.8,79.1,2.2,60.8,7.1,95.7,Combo_HighScreen_LowHomework,StudyHours_Critical,ScreenTime_Critical
71.8,76.4,15.6,84.9,2.9,29.4,Attendance_Critical,Consistency_Warning,StudyHours_Success
58.2,73.7,19.5,94.2,3.1,17.8,Attendance_Critical,ScreenTime_Warning,Consistency_Warning
51.6,60.8,4.5,66.4,3.0,11.6,Combo_LowStudy_LowConsistency,Attendance_Critical,StudyHours_Critical
80.0,46.3,13.7,88.0,7.9,13.1,Combo_HighStudy_LowMarks,Attendance_Warning,ScreenTime_Critical
56.5,85.9,15.0,77.9,3.4,36.8,Attendance_Critical,ScreenTime_Warning,Consistency_Warning
98.8,76.4,4.7,64.4,1.5,78.3,StudyHours_Critical,Attendance_Success,General_Balanced
55.1,52.4,15.3,35.6,2.0,43.3,Attendance_Critical,StudyHours_Success,General_Balanced
61.8,54.0,14.3,91.8,4.3,15.7,Attendance_Critical,ScreenTime_Warning,Consistency_Warning
88.6,67.3,6.4,75.2,5.4,26.4,Combo_LowStudy_LowConsistency,StudyHours_Critical,ScreenTime_Critical
50.7,41.9,16.4,92.8,3.9,62.7,Combo_HighStudy_LowMarks,Attendance_Critical,ScreenTime_Warning
96.1,33.9,6.5,72.6,1.8,41.4,StudyHours_Critical,Marks_Critical,Attendance_Success
76.1,83.6,13.9,44.4,1.9,53.2,Attendance_Warning,Marks_Success,General_Balanced
83.1,32.5,17.4,64.8,1.2,32.3,Combo_HighStudy_LowMarks,Attendance_Warning,Marks_Critical
86.1,49.3,3.0,39.7,3.4,46.1,StudyHours_Critical,ScreenTime_Warning,General_Balanced
86.7,44.5,5.1,80.1,1.6,39.3,Combo_LowStudy_LowConsistency,StudyHours_Critical,Consistency_Warning
50.0,84.1,15.9,48.2,1.7,57.8,Attendance_Critical,StudyHours_Success,Marks_Success
98.8,43.9,17.8,99.3,3.6,21.6,Combo_HighStudy_LowMarks,ScreenTime_Warning,Consistency_Warning
74.5,48.4,7.1,86.0,7.6,68.8,Attendance_Critical,StudyHours_Critical,ScreenTime_Critical
53.1,42.2,5.8,36.4,7.0,17.9,Combo_LowStudy_LowConsistency,Combo_HighScreen_LowHomework,Attendance_Critical
84.7,43.9,14.9,46.1,6.3,32.4,Combo_HighStudy_LowMarks,Combo_HighScreen_LowHomework,Attendance_Warning
61.2,22.5,10.2,72.6,3.1,61.3,Attendance_Critical,Marks_Critical,ScreenTime_Warning
73.9,56.5,10.0,78.7,3.7,41.1,Attendance_Critical,ScreenTime_Warning,General_Balanced
99.8,70.6,13.9,87.0,1.0,45.3,Attendance_Success,General_Balanced,General_Balanced
65.1,80.5,18.7,94.6,5.1,64.1,Attendance_Critical,ScreenTime_Critical,StudyHours_Success
61.0,44.8,18.5,65.5,6.6,76.9,Combo_HighStudy_LowMarks,Combo_HighScreen_LowHomework,Attendance_Critical
79.2,39.8,3.6,31.2,6.4,76.1,Combo_HighScreen_LowHomework,Attendance_Warning,StudyHours_Critical
63.3,79.5,7.3,66.7,6.0,10.7,Combo_LowStudy_LowConsistency,Combo_HighScreen_LowHomework,Attendance_Critical
70.9,93.5,4.9,50.8,7.8,82.7,Combo_HighScreen_LowHomework,Attendance_Critical,StudyHours_Critical
90.3,43.0,3.8,56.1,2.6,77.4,StudyHours_Critical,General_Balanced,General_Balanced
97.5,27.6,9.4,71.2,4.3,82.5,Marks_Critical,ScreenTime_Warning,Attendance_Success
77.4,24.4,8.3,83.9,5.6,83.1,Attendance_Warning,Marks_Critical,ScreenTime_Critical
86.4,90.0,14.1,51.4,2.3,55.4,Marks_Success,General_Balanced,General_Balanced
78.8,67.4,6.4,43.1,2.8,74.1,Attendance_Warning,StudyHours_Critical,General_Balanced
89.6,26.1,11.1,56.0,2.8,21.9,Marks_Critical,Consistency_Warning,General_Balanced
72.5,64.9,14.6,69.2,1.8,36.1,Attendance_Critical,Consistency_Warning,General_Balanced
67.2,64.1,8.3,58.7,4.5,88.4,Combo_HighScreen_LowHomework,Attendance_Critical,ScreenTime_Warning
83.9,28.3,18.0,43.9,7.3,61.0,Combo_HighStudy_LowMarks,Combo_HighScreen_LowHomework,Attendance_Warning
90.4,22.4,6.0,37.8,4.8,17.3,Combo_LowStudy_LowConsistency,Combo_HighScreen_LowHomework,StudyHours_Critical
91.1,67.5,3.8,63.4,5.9,51.1,Combo_HighScreen_LowHomework,StudyHours_Critical,ScreenTime_Critical
60.8,66.7,13.7,53.5,2.2,66.3,Attendance_Critical,General_Balanced,General_Balanced
67.5,25.3,10.0,57.6,3.7,45.4,Attendance_Critical,Marks_Critical,ScreenTime_Warning
71.4,45.0,12.7,91.4,2.0,90.2,Combo_HighStudy_LowMarks,Attendance_Critical,Consistency_Success
73.5,42.4,9.0,34.4,6.9,40.0,Combo_LowStudy_LowConsistency,Combo_HighScreen_LowHomework,Attendance_Critical
67.7,35.8,16.7,51.8,1.8,29.0,Combo_HighStudy_LowMarks,Attendance_Critical,Marks_Critical
79.3,63.7,4.5,88.8,2.9,97.5,Attendance_Warning,StudyHours_Critical,Consistency_Success
74.8,67.7,7.0,52.6,1.5,46.8,Attendance_Critical,StudyHours_Critical,General_Balanced
61.0,76.9,18.7,45.1,4.4,82.0,Combo_HighScreen_LowHomework,Attendance_Critical,ScreenTime_Warning
95.9,20.0,19.7,44.1,2.7,81.8,Combo_HighStudy_LowMarks,Marks_Critical,Attendance_Success
89.3,93.7,6.8,91.1,4.3,85.3,StudyHours_Critical,ScreenTime_Warning,Marks_Success
93.3,54.4,11.9,47.2,1.0,50.9,General_Balanced,General_Balanced,General_Balanced
72.1,62.7,14.4,66.9,7.4,24.4,Combo_HighScreen_LowHomework,Attendance_Critical,ScreenTime_Critical
74.9,74.9,10.6,77.8,6.7,75.6,Attendance_Critical,ScreenTime_Critical,General_Balanced
99.1,72.8,19.8,69.9,6.9,24.0,Combo_HighScreen_LowHomework,ScreenTime_Critical,Consistency_Warning
93.1,93.7,4.1,94.4,5.3,76.7,StudyHours_Critical,ScreenTime_Critical,Marks_Success
80.2,73.5,10.0,59.3,5.1,34.0,Combo_LowStudy_LowConsistency,Combo_HighScreen_LowHomework,Attendance_Warning
57.4,25.3,13.9,97.8,2.7,82.7,Combo_HighStudy_LowMarks,Attendance_Critical,Marks_Critical
92.3,78.8,18.4,93.2,2.7,29.3,Consistency_Warning,StudyHours_Success,General_Balanced
70.3,24.4,11.1,66.7,5.5,85.8,Combo_HighScreen_LowHomework,Attendance_Critical,Marks_Critical
64.8,51.7,10.2,54.9,2.9,27.0,Attendance_Critical,Consistency_Warning,General_Balanced
78.7,64.1,7.7,59.3,3.3,78.6,Attendance_Warning,StudyHours_Critical,ScreenTime_Warning
63.3,57.7,9.3,60.8,1.5,82.1,Attendance_Critical,Consistency_Success,General_Balanced
79.6,32.5,11.3,53.4,7.2,50.0,Combo_HighScreen_LowHomework,Attendance_Warning,Marks_Critical
75.2,46.4,6.3,32.0,6.9,39.9,Combo_LowStudy_LowConsistency,Combo_HighScreen_LowHomework,Attendance_Warning
58.8,76.9,11.5,48.6,6.8,36.7,Combo_HighScreen_LowHomework,Attendance_Critical,ScreenTime_Critical
95.8,64.0,5.2,85.3,7.8,31.7,Combo_LowStudy_LowConsistency,StudyHours_Critical,ScreenTime_Critical
67.4,21.8,2.7,59.5,3.5,57.0,Attendance_Critical,StudyHours_Critical,Marks_Critical
72.6,77.7,2.8,33.9,5.4,89.6,Combo_HighScreen_LowHomework,Attendance_Critical,StudyHours_Critical
99.4,93.6,10.7,39.7,2.2,84.7,Attendance_Success,Marks_Success,Consistency_Success
98.7,60.6,18.9,56.8,2.0,51.7,Attendance_Success,StudyHours_Success,General_Balanced
74.1,68.1,12.8,97.8,5.5,54.7,Attendance_Critical,ScreenTime_Critical,General_Balanced
72.8,34.5,3.7,69.9,4.5,20.9,Combo_LowStudy_LowConsistency,Combo_HighScreen_LowHomework,Attendance_Critical
78.2,57.9,5.6,97.5,2.2,62.0,Attendance_Warning,StudyHours_Critical,General_Balanced
89.2,53.2,9.3,47.7,1.1,91.7,Consistency_Success,General_Balanced,General_Balanced
79.2,62.7,13.3,54.8,2.1,41.9,Attendance_Warning,General_Balanced,General_Balanced
63.5,51.7,12.8,95.0,1.6,39.7,Attendance_Critical,Consistency_Warning,General_Balanced
55.2,22.1,15.3,90.3,3.1,42.9,Combo_HighStudy_LowMarks,Attendance_Critical,Marks_Critical
84.3,52.4,2.1,76.1,3.9,53.4,Attendance_Warning,StudyHours_Critical,ScreenTime_Warning
72.6,55.2,17.6,41.6,3.2,29.5,Attendance_Critical,ScreenTime_Warning,Consistency_Warning
86.3,77.9,3.4,35.2,6.6,39.5,Combo_LowStudy_LowConsistency,Combo_HighScreen_LowHomework,StudyHours_Critical
68.3,29.1,2.8,93.4,5.3,10.7,Combo_LowStudy_LowConsistency,Attendance_Critical,StudyHours_Critical
55.8,51.0,2.7,90.7,5.3,46.8,Attendance_Critical,StudyHours_Critical,ScreenTime_Critical
90.8,55.0,6.1,87.1,5.5,40.3,StudyHours_Critical,ScreenTime_Critical,General_Balanced
78.5,76.4,9.8,99.9,2.2,71.8,Attendance_Warning,General_Balanced,General_Balanced
80.8,36.4,8.0,73.0,7.4,47.1,Attendance_Warning,Marks_Critical,ScreenTime_Critical
59.3,84.2,9.2,63.4,7.1,79.9,Combo_HighScreen_LowHomework,Attendance_Critical,ScreenTime_Critical
78.3,59.9,12.0,58.7,5.7,80.4,Combo_HighScreen_LowHomework,Attendance_Warning,ScreenTime_Critical
95.5,92.6,9.0,39.5,5.8,48.3,Combo_HighScreen_LowHomework,ScreenTime_Critical,Attendance_Success
88.1,34.9,5.7,76.7,7.8,39.0,Combo_LowStudy_LowConsistency,StudyHours_Critical,Marks_Critical
69.7,63.5,9.5,58.6,1.4,60.7,Attendance_Critical,General_Balanced,General_Balanced
51.9,92.1,11.4,90.6,4.9,89.5,Attendance_Critical,ScreenTime_Warning,Marks_Success
89.5,24.8,5.2,84.2,2.0,95.5,StudyHours_Critical,Marks_Critical,Consistency_Success
53.9,76.6,10.4,71.4,2.8,75.4,Attendance_Critical,General_Balanced,General_Balanced
87.1,23.4,19.6,91.2,5.1,48.6,Combo_HighStudy_LowMarks,Marks_Critical,ScreenTime_Critical
67.9,55.6,10.7,90.3,2.1,15.4,Attendance_Critical,Consistency_Warning,General_Balanced
68.4,93.1,13.5,82.4,6.7,97.5,Attendance_Critical,ScreenTime_Critical,Marks_Success
97.4,90.1,18.2,37.7,7.5,73.8,Combo_HighScreen_LowHomework,ScreenTime_Critical,Attendance_Success
71.0,42.2,7.8,50.9,4.2,23.2,Combo_LowStudy_LowConsistency,Combo_HighScreen_LowHomework,Attendance_Critical
72.8,71.7,3.7,86.9,7.2,98.4,Attendance_Critical,StudyHours_Critical,ScreenTime_Critical
51.4,26.5,10.9,66.2,7.7,61.6,Combo_HighScreen_LowHomework,Attendance_Critical,Marks_Critical
78.4,63.4,11.9,70.6,4.9,82.8,Attendance_Warning,ScreenTime_Warning,Consistency_Success
83.4,37.4,6.0,94.2,7.4,11.5,Combo_LowStudy_LowConsistency,Attendance_Warning,StudyHours_Critical
96.0,66.9,15.9,99.8,6.1,33.0,ScreenTime_Critical,Consistency_Warning,Attendance_Success
71.6,73.1,16.1,75.7,1.9,10.1,Attendance_Critical,Consistency_Warning,StudyHours_Success
90.8,70.0,7.7,83.7,5.3,66.9,StudyHours_Critical,ScreenTime_Critical,General_Balanced
75.1,65.9,9.2,43.3,3.1,61.5,Attendance_Warning,ScreenTime_Warning,General_Balanced
79.5,51.7,20.0,71.5,2.8,51.2,Attendance_Warning,StudyHours_Success,General_Balanced
71.8,32.6,16.3,55.5,1.4,83.9,Combo_HighStudy_LowMarks,Attendance_Critical,Marks_Critical
69.6,79.6,9.7,75.5,3.0,74.8,Attendance_Critical,General_Balanced,General_Balanced
62.8,65.1,3.0,70.9,4.2,29.1,Combo_LowStudy_LowConsistency,Attendance_Critical,StudyHours_Critical
54.2,20.8,15.4,87.4,2.2,48.0,Combo_HighStudy_LowMarks,Attendance_Critical,Marks_Critical
96.0,91.2,18.9,58.4,7.5,27.0,Combo_HighScreen_LowHomework,ScreenTime_Critical,Consistency_Warning
95.6,55.0,11.0,54.8,5.9,32.3,Combo_HighScreen_LowHomework,ScreenTime_Critical,Consistency_Warning
62.6,53.0,9.8,46.4,4.3,21.7,Combo_LowStudy_LowConsistency,Combo_HighScreen_LowHomework,Attendance_Critical
57.3,40.5,10.5,69.0,7.7,91.0,Combo_HighScreen_LowHomework,Attendance_Critical,ScreenTime_Critical
95.4,54.6,9.3,51.1,2.0,84.8,Attendance_Success,Consistency_Success,General_Balanced
89.9,22.0,12.5,59.9,3.3,36.6,Combo_HighStudy_LowMarks,Marks_Critical,ScreenTime_Warning
79.0,76.1,2.0,89.9,1.5,36.0,Combo_LowStudy_LowConsistency,Attendance_Warning,StudyHours_Critical
99.3,69.1,11.3,40.6,3.8,78.8,ScreenTime_Warning,Attendance_Success,General_Balanced
71.3,56.9,16.2,51.6,7.0,77.2,Combo_HighScreen_LowHomework,Attendance_Critical,ScreenTime_Critical
65.8,86.3,18.0,89.1,1.0,88.1,Attendance_Critical,StudyHours_Success,Marks_Success
69.8,29.7,9.1,91.3,3.9,82.9,Attendance_Critical,Marks_Critical,ScreenTime_Warning
58.9,84.0,7.6,71.1,5.9,77.6,Attendance_Critical,StudyHours_Critical,ScreenTime_Critical
68.0,61.7,3.7,91.8,2.2,45.3,Attendance_Critical,StudyHours_Critical,General_Balanced
80.6,37.5,6.1,42.7,3.6,49.7,Attendance_Warning,StudyHours_Critical,Marks_Critical
82.8,40.2,9.6,39.3,7.0,59.8,Combo_HighScreen_LowHomework,Attendance_Warning,ScreenTime_Critical
52.1,30.0,3.2,68.6,1.2,35.4,Combo_LowStudy_LowConsistency,Attendance_Critical,StudyHours_Critical
71.1,38.8,10.0,91.0,5.0,48.3,Attendance_Critical,Marks_Critical,ScreenTime_Critical
63.5,59.6,19.4,53.8,5.6,76.0,Combo_HighScreen_LowHomework,Attendance_Critical,ScreenTime_Critical
93.8,86.3,16.6,35.3,7.1,61.4,Combo_HighScreen_LowHomework,ScreenTime_Critical,StudyHours_Success
53.5,72.1,2.2,49.1,7.3,68.8,Combo_HighScreen_LowHomework,Attendance_Critical,StudyHours_Critical
66.4,46.7,6.3,81.7,3.0,32.3,Combo_LowStudy_LowConsistency,Attendance_Critical,StudyHours_Critical
79.5,61.8,19.7,56.0,7.8,30.5,Combo_HighScreen_LowHomework,Attendance_Warning,ScreenTime_Critical
98.9,78.3,19.6,94.8,1.1,88.9,Attendance_Success,StudyHours_Success,Consistency_Success
92.7,23.5,5.0,87.9,6.0,93.8,StudyHours_Critical,Marks_Critical,ScreenTime_Critical
96.5,45.6,11.7,46.8,2.9,24.1,Consistency_Warning,Attendance_Success,General_Balanced
95.1,88.4,12.0,90.9,5.4,16.1,ScreenTime_Critical,Consistency_Warning,Attendance_Success
82.4,42.2,6.0,77.5,1.1,70.2,Attendance_Warning,StudyHours_Critical,General_Balanced
65.9,30.6,14.5,65.1,4.1,57.2,Combo_HighStudy_LowMarks,Combo_HighScreen_LowHomework,Attendance_Critical
87.9,86.2,18.8,84.1,5.3,53.6,ScreenTime_Critical,StudyHours_Success,Marks_Success
57.2,73.4,4.4,98.7,5.2,36.1,Combo_LowStudy_LowConsistency,Attendance_Critical,StudyHours_Critical
86.2,93.6,10.6,77.0,7.2,53.2,ScreenTime_Critical,Marks_Success,General_Balanced
81.4,86.6,4.0,32.2,6.1,91.6,Combo_HighScreen_LowHomework,Attendance_Warning,StudyHours_Critical
92.7,26.6,9.6,45.4,5.6,34.6,Combo_LowStudy_LowConsistency,Combo_HighScreen_LowHomework,Marks_Critical
90.1,36.7,5.6,68.3,2.4,45.1,StudyHours_Critical,Marks_Critical,General_Balanced
59.9,64.8,3.4,70.8,1.6,57.3,Attendance_Critical,StudyHours_Critical,General_Balanced
53.8,57.5,19.1,38.8,2.7,47.7,Attendance_Critical,StudyHours_Success,General_Balanced
82.1,23.7,7.3,57.9,4.5,45.5,Combo_HighScreen_LowHomework,Attendance_Warning,StudyHours_Critical
81.1,57.5,9.2,37.2,7.3,71.3,Combo_HighScreen_LowHomework,Attendance_Warning,ScreenTime_Critical
88.0,83.3,13.9,43.5,5.9,23.4,Combo_HighScreen_LowHomework,ScreenTime_Critical,Consistency_Warning
69.1,75.1,2.7,100.0,5.6,79.0,Attendance_Critical,StudyHours_Critical,ScreenTime_Critical
63.6,57.7,8.2,64.0,7.9,85.2,Combo_HighScreen_LowHomework,Attendance_Critical,ScreenTime_Critical
61.3,79.6,17.6,86.0,3.6,66.1,Attendance_Critical,ScreenTime_Warning,StudyHours_Success
85.3,33.8,11.2,97.7,3.0,76.1,Marks_Critical,ScreenTime_Warning,General_Balanced
80.9,94.0,6.2,66.9,2.7,32.3,Combo_LowStudy_LowConsistency,Attendance_Warning,StudyHours_Critical
76.6,86.7,13.7,62.2,6.8,92.5,Combo_HighScreen_LowHomework,Attendance_Warning,ScreenTime_Critical
55.3,56.1,7.3,37.0,1.7,13.3,Combo_LowStudy_LowConsistency,Attendance_Critical,StudyHours_Critical
85.5,44.2,12.1,64.3,5.4,72.8,Combo_HighStudy_LowMarks,Combo_HighScreen_LowHomework,ScreenTime_Critical
67.0,43.2,6.0,70.3,3.3,93.8,Attendance_Critical,StudyHours_Critical,ScreenTime_Warning
80.7,72.5,8.7,91.6,3.5,54.6,Attendance_Warning,ScreenTime_Warning,General_Balanced
58.1,89.7,12.1,64.0,6.2,10.0,Combo_HighScreen_LowHomework,Attendance_Critical,ScreenTime_Critical
70.1,63.3,17.9,40.8,3.7,85.9,Attendance_Critical,ScreenTime_Warning,StudyHours_Success
89.3,57.2,15.7,62.2,2.6,28.9,Consistency_Warning,StudyHours_Success,General_Balanced
72.9,47.5,14.4,93.6,3.1,27.0,Combo_HighStudy_LowMarks,Attendance_Critical,ScreenTime_Warning
89.6,68.6,15.2,96.3,4.2,13.4,ScreenTime_Warning,Consistency_Warning,StudyHours_Success
78.1,91.3,7.1,53.3,1.5,84.8,Attendance_Warning,StudyHours_Critical,Marks_Success
70.3,77.8,7.4,89.8,6.9,21.3,Combo_LowStudy_LowConsistency,Attendance_Critical,StudyHours_Critical
94.8,83.0,8.6,77.4,1.1,39.4,Combo_LowStudy_LowConsistency,Consistency_Warning,Marks_Success
62.4,67.2,9.0,85.5,5.8,38.0,Combo_LowStudy_LowConsistency,Attendance_Critical,ScreenTime_Critical
98.5,83.2,17.5,39.8,4.7,75.3,Combo_HighScreen_LowHomework,ScreenTime_Warning,Attendance_Success
68.9,54.7,10.8,95.4,6.3,44.1,Attendance_Critical,ScreenTime_Critical,General_Balanced
98.1,47.0,8.2,56.0,6.5,55.7,Combo_HighScreen_LowHomework,ScreenTime_Critical,Attendance_Success
66.1,88.4,8.1,68.8,1.9,62.1,Attendance_Critical,Marks_Success,General_Balanced
52.6,53.4,6.2,92.8,5.4,69.1,Attendance_Critical,StudyHours_Critical,ScreenTime_Critical
80.2,62.7,7.8,44.4,7.1,27.8,Combo_LowStudy_LowConsistency,Combo_HighScreen_LowHomework,Attendance_Warning
86.1,86.3,11.8,57.2,4.3,52.1,Combo_HighScreen_LowHomework,ScreenTime_Warning,Marks_Success
91.1,50.6,4.5,38.9,7.0,73.2,Combo_HighScreen_LowHomework,StudyHours_Critical,ScreenTime_Critical
99.5,68.1,10.5,62.3,5.7,38.7,Combo_HighScreen_LowHomework,ScreenTime_Critical,Consistency_Warning
81.5,90.3,18.6,92.4,5.7,99.7,Attendance_Warning,ScreenTime_Critical,StudyHours_Success
79.0,85.0,5.7,63.8,1.1,90.9,Attendance_Warning,StudyHours_Critical,Marks_Success
58.4,74.6,12.6,85.4,3.3,80.3,Attendance_Critical,ScreenTime_Warning,Consistency_Success
62.8,74.7,13.6,33.2,4.5,75.1,Combo_HighScreen_LowHomework,Attendance_Critical,ScreenTime_Warning
61.3,75.1,10.1,74.7,3.1,97.1,Attendance_Critical,ScreenTime_Warning,Consistency_Success
88.8,31.7,11.5,56.2,5.8,10.8,Combo_HighScreen_LowHomework,Marks_Critical,ScreenTime_Critical
95.4,40.4,7.9,35.7,7.6,23.9,Combo_LowStudy_LowConsistency,Combo_HighScreen_LowHomework,StudyHours_Critical
99.3,24.4,19.9,90.8,5.0,38.1,Combo_HighStudy_LowMarks,Marks_Critical,ScreenTime_Warning
50.2,54.5,16.1,94.6,4.9,38.9,Attendance_Critical,ScreenTime_Warning,Consistency_Warning
84.6,41.6,19.4,45.1,5.2,16.0,Combo_HighStudy_LowMarks,Combo_HighScreen_LowHomework,Attendance_Warning
94.6,50.3,18.6,73.8,5.6,52.8,ScreenTime_Critical,StudyHours_Success,General_Balanced
76.6,91.7,12.0,57.5,7.5,56.8,Combo_HighScreen_LowHomework,Attendance_Warning,ScreenTime_Critical
72.2,85.6,3.3,95.3,6.1,93.4,Attendance_Critical,StudyHours_Critical,ScreenTime_Critical
80.6,32.5,9.8,99.1,2.3,84.8,Attendance_Warning,Marks_Critical,Consistency_Success
54.3,59.9,3.1,80.0,2.7,28.3,Combo_LowStudy_LowConsistency,Attendance_Critical,StudyHours_Critical
72.5,81.6,10.3,95.0,1.7,53.8,Attendance_Critical,Marks_Success,General_Balanced
76.6,40.4,19.3,58.9,1.1,40.9,Combo_HighStudy_LowMarks,Attendance_Warning,StudyHours_Success
54.2,74.0,3.1,99.1,5.5,44.5,Attendance_Critical,StudyHours_Critical,ScreenTime_Critical
80.8,28.7,17.8,37.5,1.8,27.8,Combo_HighStudy_LowMarks,Attendance_Warning,Marks_Critical
81.6,40.8,16.4,45.4,2.8,92.0,Combo_HighStudy_LowMarks,Attendance_Warning,StudyHours_Success
90.1,94.0,9.6,47.0,1.3,12.3,Combo_LowStudy_LowConsistency,Consistency_Warning,Marks_Success
68.1,42.3,17.1,60.4,3.0,18.7,Combo_HighStudy_LowMarks,Attendance_Critical,Consistency_Warning
74.5,52.5,8.9,51.8,1.6,68.2,Attendance_Critical,General_Balanced,General_Balanced
79.7,88.5,8.4,43.4,8.0,35.4,Combo_LowStudy_LowConsistency,Combo_HighScreen_LowHomework,Attendance_Warning
91.0,52.6,7.8,80.0,3.1,60.6,StudyHours_Critical,ScreenTime_Warning,General_Balanced
72.0,88.1,9.4,83.5,5.4,26.0,Combo_LowStudy_LowConsistency,Attendance_Critical,ScreenTime_Critical
86.1,54.7,8.2,59.3,3.1,49.6,ScreenTime_Warning,General_Balanced,General_Balanced
54.3,75.0,6.6,68.1,6.0,19.9,Combo_LowStudy_LowConsistency,Combo_HighScreen_LowHomework,Attendance_Critical
51.2,43.3,14.8,82.1,6.2,36.2,Combo_HighStudy_LowMarks,Attendance_Critical,ScreenTime_Critical
82.5,45.5,3.5,62.4,3.7,34.4,Combo_LowStudy_LowConsistency,Attendance_Warning,StudyHours_Critical
76.1,44.3,18.9,72.5,4.2,13.2,Combo_HighStudy_LowMarks,Attendance_Warning,ScreenTime_Warning
63.9,59.6,16.4,55.1,7.3,22.5,Combo_HighScreen_LowHomework,Attendance_Critical,ScreenTime_Critical
61.2,49.0,16.0,98.4,4.0,30.0,Combo_HighStudy_LowMarks,Attendance_Critical,ScreenTime_Warning
60.8,36.9,14.8,41.3,4.1,36.9,Combo_HighStudy_LowMarks,Combo_HighScreen_LowHomework,Attendance_Critical
79.6,26.1,12.8,50.4,2.5,61.5,Combo_HighStudy_LowMarks,Attendance_Warning,Marks_Critical
80.9,87.8,7.8,42.1,4.8,68.5,Combo_HighScreen_LowHomework,Attendance_Warning,StudyHours_Critical
82.5,93.3,17.5,53.6,1.3,50.2,Attendance_Warning,StudyHours_Success,Marks_Success
92.3,51.2,3.8,32.6,7.6,34.3,Combo_LowStudy_LowConsistency,Combo_HighScreen_LowHomework,StudyHours_Critical
74.7,72.9,9.1,42.3,3.2,79.8,Attendance_Critical,ScreenTime_Warning,General_Balanced
89.4,51.1,19.7,40.2,6.3,32.7,Combo_HighScreen_LowHomework,ScreenTime_Critical,Consistency_Warning
98.9,57.3,12.7,89.1,7.5,87.4,ScreenTime_Critical,Attendance_Success,Consistency_Success
73.3,62.8,14.1,88.3,3.1,18.7,Attendance_Critical,ScreenTime_Warning,Consistency_Warning
86.2,89.8,17.1,81.7,4.1,56.2,ScreenTime_Warning,StudyHours_Success,Marks_Success
65.2,69.7,18.3,71.2,2.8,64.3,Attendance_Critical,StudyHours_Success,General_Balanced
96.6,47.5,10.2,96.5,2.6,19.4,Consistency_Warning,Attendance_Success,General_Balanced
86.7,34.8,8.9,76.6,7.9,78.0,Marks_Critical,ScreenTime_Critical,General_Balanced
83.8,30.2,12.0,72.9,2.5,60.4,Combo_HighStudy_LowMarks,Attendance_Warning,Marks_Critical
69.3,62.0,11.9,38.7,5.6,75.0,Combo_HighScreen_LowHomework,Attendance_Critical,ScreenTime_Critical
75.3,66.9,10.9,77.0,3.6,83.3,Attendance_Warning,ScreenTime_Warning,Consistency_Success
85.3,69.5,4.7,72.1,2.7,45.4,StudyHours_Critical,General_Balanced,General_Balanced
83.5,66.7,7.2,83.3,4.4,22.0,Combo_LowStudy_LowConsistency,Attendance_Warning,StudyHours_Critical
63.2,23.4,8.8,46.9,3.3,18.4,Combo_LowStudy_LowConsistency,Attendance_Critical,Marks_Critical
64.4,32.4,11.3,81.0,4.5,99.8,Attendance_Critical,Marks_Critical,ScreenTime_Warning
82.0,26.6,14.7,58.4,4.2,33.2,Combo_HighStudy_LowMarks,Combo_HighScreen_LowHomework,Attendance_Warning
51.2,89.0,14.5,84.0,1.5,35.8,Attendance_Critical,Consistency_Warning,Marks_Success
52.0,29.2,17.0,39.9,4.9,53.6,Combo_HighStudy_LowMarks,Combo_HighScreen_LowHomework,Attendance_Critical
84.0,68.8,6.2,66.6,6.0,64.0,Combo_HighScreen_LowHomework,Attendance_Warning,StudyHours_Critical
97.3,60.5,19.4,73.7,1.9,77.9,Attendance_Success,StudyHours_Success,General_Balanced
51.7,50.2,2.9,85.9,7.8,64.8,Attendance_Critical,StudyHours_Critical,ScreenTime_Critical
50.8,68.6,3.3,85.1,5.9,51.6,Attendance_Critical,StudyHours_Critical,ScreenTime_Critical
72.8,39.2,19.5,61.5,3.5,80.2,Combo_HighStudy_LowMarks,Attendance_Critical,Marks_Critical
89.2,42.4,7.8,77.0,2.4,53.6,StudyHours_Critical,General_Balanced,General_Balanced
68.0,22.4,5.1,93.2,7.8,21.0,Combo_LowStudy_LowConsistency,Attendance_Critical,StudyHours_Critical
82.5,89.5,18.5,41.5,7.7,69.9,Combo_HighScreen_LowHomework,Attendance_Warning,ScreenTime_Critical
69.0,48.8,8.3,88.0,3.1,91.3,Attendance_Critical,ScreenTime_Warning,Consistency_Success
55.4,53.8,10.6,63.2,1.6,45.9,Attendance_Critical,General_Balanced,General_Balanced
99.8,28.6,12.5,70.9,7.5,63.9,Combo_HighStudy_LowMarks,Marks_Critical,ScreenTime_Critical
84.9,81.3,3.0,67.9,5.3,43.3,Combo_HighScreen_LowHomework,Attendance_Warning,StudyHours_Critical
98.5,71.1,18.9,36.9,6.3,43.0,Combo_HighScreen_LowHomework,ScreenTime_Critical,Attendance_Success
75.4,61.3,7.6,39.3,5.7,23.2,Combo_LowStudy_LowConsistency,Combo_HighScreen_LowHomework,Attendance_Warning
71.3,45.3,10.5,61.1,7.7,21.9,Combo_HighScreen_LowHomework,Attendance_Critical,ScreenTime_Critical
89.2,80.8,3.3,97.2,2.0,34.8,Combo_LowStudy_LowConsistency,StudyHours_Critical,Consistency_Warning
90.7,76.1,9.6,90.5,6.0,46.3,ScreenTime_Critical,General_Balanced,General_Balanced
86.9,34.4,17.3,69.5,2.0,48.4,Combo_HighStudy_LowMarks,Marks_Critical,StudyHours_Success
50.3,24.7,5.2,57.9,7.3,98.1,Combo_HighScreen_LowHomework,Attendance_Critical,StudyHours_Critical
74.5,23.5,8.7,98.7,4.3,71.8,Attendance_Critical,Marks_Critical,ScreenTime_Warning
73.2,48.1,5.0,65.2,1.9,57.6,Attendance_Critical,StudyHours_Critical,General_Balanced
62.2,22.6,7.3,72.7,1.9,73.4,Attendance_Critical,StudyHours_Critical,Marks_Critical
89.3,76.4,8.8,50.7,5.8,85.4,Combo_HighScreen_LowHomework,ScreenTime_Critical,Consistency_Success
80.1,59.7,5.7,55.0,7.0,56.5,Combo_HighScreen_LowHomework,Attendance_Warning,StudyHours_Critical
57.9,48.4,8.7,68.9,4.4,84.9,Combo_HighScreen_LowHomework,Attendance_Critical,ScreenTime_Warning
95.7,90.7,19.1,93.9,5.9,91.1,ScreenTime_Critical,Attendance_Success,StudyHours_Success
82.8,27.3,19.0,85.5,4.7,79.8,Combo_HighStudy_LowMarks,Attendance_Warning,Marks_Critical
69.4,40.1,12.4,46.3,7.0,16.7,Combo_HighStudy_LowMarks,Combo_HighScreen_LowHomework,Attendance_Critical
54.9,74.1,5.5,60.8,1.6,49.0,Attendance_Critical,StudyHours_Critical,General_Balanced
80.0,38.4,8.6,43.2,4.7,21.2,Combo_LowStudy_LowConsistency,Combo_HighScreen_LowHomework,Attendance_Warning
85.6,49.1,12.3,81.5,7.1,19.0,Combo_HighStudy_LowMarks,ScreenTime_Critical,Consistency_Warning
77.7,64.2,14.9,52.1,7.3,24.4,Combo_HighScreen_LowHomework,Attendance_Warning,ScreenTime_Critical
64.5,68.0,11.3,85.3,3.6,45.8,Attendance_Critical,ScreenTime_Warning,General_Balanced
54.6,61.8,14.9,41.5,5.8,48.8,Combo_HighScreen_LowHomework,Attendance_Critical,ScreenTime_Critical
96.7,39.1,19.9,66.4,6.7,26.7,Combo_HighStudy_LowMarks,Combo_HighScreen_LowHomework,Marks_Critical
72.8,37.4,11.6,85.2,4.5,88.8,Attendance_Critical,Marks_Critical,ScreenTime_Warning
90.5,63.6,19.6,42.4,3.3,46.7,ScreenTime_Warning,StudyHours_Success,General_Balanced
97.7,55.2,3.1,50.8,5.3,64.7,Combo_HighScreen_LowHomework,StudyHours_Critical,ScreenTime_Critical
56.0,77.3,16.2,46.3,7.9,55.8,Combo_HighScreen_LowHomework,Attendance_Critical,ScreenTime_Critical
78.2,57.0,11.1,56.9,5.5,46.7,Combo_HighScreen_LowHomework,Attendance_Warning,ScreenTime_Critical
89.1,57.5,10.4,41.4,2.6,88.2,Consistency_Success,General_Balanced,General_Balanced
82.7,90.4,3.4,49.8,4.4,14.2,Combo_LowStudy_LowConsistency,Combo_HighScreen_LowHomework,Attendance_Warning
58.5,20.6,4.8,46.7,7.7,85.5,Combo_HighScreen_LowHomework,Attendance_Critical,StudyHours_Critical
69.2,29.4,13.8,35.8,3.2,31.3,Combo_HighStudy_LowMarks,Attendance_Critical,Marks_Critical
59.5,49.3,16.6,95.5,1.3,81.1,Combo_HighStudy_LowMarks,Attendance_Critical,StudyHours_Success
80.0,46.4,12.6,80.4,4.9,67.0,Combo_HighStudy_LowMarks,Attendance_Warning,ScreenTime_Warning
79.5,92.3,12.4,59.6,5.6,83.3,Combo_HighScreen_LowHomework,Attendance_Warning,ScreenTime_Critical
97.2,53.5,11.6,98.1,7.2,52.6,ScreenTime_Critical,Attendance_Success,General_Balanced
92.8,64.9,7.6,93.4,2.7,94.5,StudyHours_Critical,Consistency_Success,General_Balanced
55.6,76.0,5.6,38.5,4.2,68.4,Combo_HighScreen_LowHomework,Attendance_Critical,StudyHours_Critical
99.5,49.6,11.7,89.6,5.7,97.1,ScreenTime_Critical,Attendance_Success,Consistency_Success
86.8,89.8,5.8,58.9,7.7,74.9,Combo_HighScreen_LowHomework,StudyHours_Critical,ScreenTime_Critical
80.1,92.6,15.0,74.1,3.4,53.6,Attendance_Warning,ScreenTime_Warning,StudyHours_Success
66.4,80.9,9.2,48.9,6.4,44.3,Combo_HighScreen_LowHomework,Attendance_Critical,ScreenTime_Critical
65.0,88.4,11.9,34.3,7.3,87.1,Combo_HighScreen_LowHomework,Attendance_Critical,ScreenTime_Critical
87.6,83.3,12.6,55.0,5.3,42.5,Combo_HighScreen_LowHomework,ScreenTime_Critical,Marks_Success
98.0,38.7,4.7,36.7,1.2,84.5,StudyHours_Critical,Marks_Critical,Attendance_Success
58.3,65.0,8.6,33.4,7.8,57.2,Combo_HighScreen_LowHomework,Attendance_Critical,ScreenTime_Critical
60.7,76.6,2.8,97.2,1.7,16.4,Combo_LowStudy_LowConsistency,Attendance_Critical,StudyHours_Critical
60.3,53.3,6.9,45.6,7.5,51.6,Combo_HighScreen_LowHomework,Attendance_Critical,StudyHours_Critical
76.4,84.9,8.5,62.4,3.9,64.3,Attendance_Warning,ScreenTime_Warning,Marks_Success
59.5,34.9,4.7,64.0,6.9,36.1,Combo_LowStudy_LowConsistency,Combo_HighScreen_LowHomework,Attendance_Critical
52.3,56.8,10.2,31.0,3.7,60.8,Attendance_Critical,ScreenTime_Warning,General_Balanced
63.1,77.8,5.0,81.0,8.0,40.9,Attendance_Critical,StudyHours_Critical,ScreenTime_Critical
51.7,82.8,2.4,48.6,5.5,42.4,Combo_HighScreen_LowHomework,Attendance_Critical,StudyHours_Critical
60.7,81.5,5.7,73.9,2.8,55.7,Attendance_Critical,StudyHours_Critical,Marks_Success
78.6,30.8,3.6,70.7,5.7,11.5,Combo_LowStudy_LowConsistency,Attendance_Warning,StudyHours_Critical
52.8,63.3,10.0,71.4,3.2,30.6,Combo_LowStudy_LowConsistency,Attendance_Critical,ScreenTime_Warning
61.6,59.2,3.3,72.5,5.4,37.1,Combo_LowStudy_LowConsistency,Attendance_Critical,StudyHours_Critical
63.3,38.4,2.7,58.4,2.3,83.6,Attendance_Critical,StudyHours_Critical,Marks_Critical
73.2,38.6,14.9,79.9,5.7,55.6,Combo_HighStudy_LowMarks,Attendance_Critical,Marks_Critical
53.1,30.1,9.7,72.5,3.2,70.9,Attendance_Critical,Marks_Critical,ScreenTime_Warning
94.2,57.1,18.7,45.6,3.1,82.1,ScreenTime_Warning,StudyHours_Success,Consistency_Success
67.2,58.2,10.3,75.8,1.3,70.0,Attendance_Critical,General_Balanced,General_Balanced
78.2,30.0,19.2,62.1,6.2,31.0,Combo_HighStudy_LowMarks,Combo_HighScreen_LowHomework,Attendance_Warning
65.3,80.1,8.2,87.6,5.2,94.1,Attendance_Critical,ScreenTime_Critical,Marks_Success
51.9,75.5,8.0,45.7,4.5,69.8,Combo_HighScreen_LowHomework,Attendance_Critical,ScreenTime_Warning
70.3,53.9,12.6,66.2,1.0,81.2,Attendance_Critical,Consistency_Success,General_Balanced
57.7,62.1,7.5,38.1,6.1,75.1,Combo_HighScreen_LowHomework,Attendance_Critical,StudyHours_Critical
76.1,87.9,19.0,79.4,7.4,42.1,Attendance_Warning,ScreenTime_Critical,StudyHours_Success
53.9,79.1,9.7,89.8,3.3,37.5,Combo_LowStudy_LowConsistency,Attendance_Critical,ScreenTime_Warning
88.6,47.6,10.3,84.7,6.0,27.1,ScreenTime_Critical,Consistency_Warning,General_Balanced
84.4,88.3,4.5,76.3,5.5,96.6,Attendance_Warning,StudyHours_Critical,ScreenTime_Critical
77.9,66.6,7.0,49.2,2.6,60.2,Attendance_Warning,StudyHours_Critical,General_Balanced
72.7,35.8,13.3,33.3,3.5,64.7,Combo_HighStudy_LowMarks,Attendance_Critical,Marks_Critical
87.0,67.6,13.6,59.6,7.8,82.2,Combo_HighScreen_LowHomework,ScreenTime_Critical,Consistency_Success
91.0,22.5,17.4,57.7,2.7,52.7,Combo_HighStudy_LowMarks,Marks_Critical,StudyHours_Success
57.7,56.7,10.1,81.5,7.2,63.8,Attendance_Critical,ScreenTime_Critical,General_Balanced
58.5,62.3,12.9,41.6,3.7,70.4,Attendance_Critical,ScreenTime_Warning,General_Balanced
77.5,84.1,4.1,66.3,5.5,64.1,Combo_HighScreen_LowHomework,Attendance_Warning,StudyHours_Critical
69.0,86.2,16.5,58.7,4.8,14.2,Combo_HighScreen_LowHomework,Attendance_Critical,ScreenTime_Warning
69.4,62.0,5.9,86.1,5.3,76.3,Attendance_Critical,StudyHours_Critical,ScreenTime_Critical
90.1,63.9,12.8,60.0,2.7,47.2,General_Balanced,General_Balanced,General_Balanced
53.7,85.9,11.8,45.1,3.5,72.1,Attendance_Critical,ScreenTime_Warning,Marks_Success
94.8,44.7,7.8,59.7,6.7,66.6,Combo_HighScreen_LowHomework,StudyHours_Critical,ScreenTime_Critical
89.3,93.4,16.2,42.2,4.1,41.9,Combo_HighScreen_LowHomework,ScreenTime_Warning,StudyHours_Success
97.4,47.6,14.1,97.8,2.1,45.7,Combo_HighStudy_LowMarks,Attendance_Success,General_Balanced
64.6,56.9,15.9,62.6,5.0,50.7,Combo_HighScreen_LowHomework,Attendance_Critical,ScreenTime_Critical
81.0,37.9,10.8,58.3,3.4,52.0,Attendance_Warning,Marks_Critical,ScreenTime_Warning
98.7,92.6,13.8,91.8,1.8,48.7,Attendance_Success,Marks_Success,General_Balanced
84.0,37.0,6.9,86.4,7.5,14.0,Combo_LowStudy_LowConsistency,Attendance_Warning,StudyHours_Critical
85.6,59.0,11.9,83.9,4.9,69.5,ScreenTime_Warning,General_Balanced,General_Balanced
77.5,37.4,15.2,40.5,3.1,62.6,Combo_HighStudy_LowMarks,Attendance_Warning,Marks_Critical
86.8,63.9,12.6,96.4,7.7,65.5,ScreenTime_Critical,General_Balanced,General_Balanced
62.2,52.2,5.7,85.2,7.3,99.1,Attendance_Critical,StudyHours_Critical,ScreenTime_Critical
83.3,20.8,3.7,80.6,1.6,97.8,Attendance_Warning,StudyHours_Critical,Marks_Critical
53.9,46.9,13.9,30.7,4.4,31.1,Combo_HighStudy_LowMarks,Combo_HighScreen_LowHomework,Attendance_Critical
64.4,78.8,15.3,93.9,4.9,40.1,Attendance_Critical,ScreenTime_Warning,StudyHours_Success
74.6,21.8,4.2,64.1,2.8,39.4,Combo_LowStudy_LowConsistency,Attendance_Critical,StudyHours_Critical
94.7,87.8,2.7,34.9,5.0,74.5,Combo_HighScreen_LowHomework,StudyHours_Critical,ScreenTime_Critical
76.1,45.7,12.1,97.0,1.5,21.0,Combo_HighStudy_LowMarks,Attendance_Warning,Consistency_Warning
70.3,82.4,7.4,52.7,3.7,89.5,Attendance_Critical,StudyHours_Critical,ScreenTime_Warning
63.3,32.9,6.7,61.4,2.0,22.4,Combo_LowStudy_LowConsistency,Attendance_Critical,StudyHours_Critical
53.7,80.6,7.6,60.4,1.7,53.8,Attendance_Critical,StudyHours_Critical,Marks_Success
94.8,48.7,5.2,47.2,3.2,91.7,StudyHours_Critical,ScreenTime_Warning,Consistency_Success
85.0,83.1,7.6,61.6,6.0,68.5,Combo_HighScreen_LowHomework,Attendance_Warning,StudyHours_Critical
65.1,50.7,17.2,43.5,2.3,77.0,Attendance_Critical,StudyHours_Success,General_Balanced
74.6,78.8,14.5,48.5,2.9,65.0,Attendance_Critical,General_Balanced,General_Balanced
67.5,81.3,16.8,59.1,3.3,87.6,Attendance_Critical,ScreenTime_Warning,StudyHours_Success
85.8,36.1,14.2,88.2,5.4,63.5,Combo_HighStudy_LowMarks,Marks_Critical,ScreenTime_Critical
91.4,79.5,7.8,65.0,1.7,33.5,Combo_LowStudy_LowConsistency,StudyHours_Critical,Consistency_Warning
73.5,29.5,11.4,97.3,5.5,74.2,Attendance_Critical,Marks_Critical,ScreenTime_Critical
99.6,20.7,12.8,44.2,3.7,34.8,Combo_HighStudy_LowMarks,Marks_Critical,ScreenTime_Warning
96.5,92.9,13.8,80.7,2.5,51.4,Attendance_Success,Marks_Success,General_Balanced
69.8,43.1,12.5,87.4,1.8,11.2,Combo_HighStudy_LowMarks,Attendance_Critical,Consistency_Warning
52.6,73.3,13.7,51.1,2.3,58.7,Attendance_Critical,General_Balanced,General_Balanced
80.2,57.8,10.7,88.7,3.6,20.1,Attendance_Warning,ScreenTime_Warning,Consistency_Warning
99.1,90.2,9.0,53.1,1.6,29.3,Combo_LowStudy_LowConsistency,Consistency_Warning,Attendance_Success
72.7,64.3,13.3,98.9,1.4,35.0,Attendance_Critical,Consistency_Warning,General_Balanced
53.6,23.7,4.5,97.5,2.5,82.4,Attendance_Critical,StudyHours_Critical,Marks_Critical
73.6,85.9,11.2,52.4,5.8,53.3,Combo_HighScreen_LowHomework,Attendance_Critical,ScreenTime_Critical
93.0,89.8,5.3,77.7,5.7,25.1,Combo_LowStudy_LowConsistency,StudyHours_Critical,ScreenTime_Critical
96.7,24.4,8.5,38.8,3.0,80.8,Marks_Critical,ScreenTime_Warning,Attendance_Success
96.5,80.0,7.1,94.4,1.7,77.1,StudyHours_Critical,Attendance_Success,Marks_Success
79.6,82.3,3.8,40.4,6.1,15.1,Combo_LowStudy_LowConsistency,Combo_HighScreen_LowHomework,Attendance_Warning
73.2,57.4,6.3,86.6,6.3,47.3,Attendance_Critical,StudyHours_Critical,ScreenTime_Critical
85.0,30.5,18.8,93.5,1.6,12.8,Combo_HighStudy_LowMarks,Marks_Critical,Consistency_Warning
83.3,59.2,4.0,34.8,7.7,93.7,Combo_HighScreen_LowHomework,Attendance_Warning,StudyHours_Critical
62.5,81.2,14.2,57.3,4.5,35.7,Combo_HighScreen_LowHomework,Attendance_Critical,ScreenTime_Warning
67.6,20.3,13.3,99.1,4.3,95.9,Combo_HighStudy_LowMarks,Attendance_Critical,Marks_Critical
92.8,64.8,13.6,56.3,6.0,21.4,Combo_HighScreen_LowHomework,ScreenTime_Critical,Consistency_Warning
91.4,94.0,19.0,41.5,1.2,17.6,Consistency_Warning,StudyHours_Success,Marks_Success
63.7,58.2,14.5,35.2,4.0,55.9,Attendance_Critical,ScreenTime_Warning,General_Balanced
69.8,70.7,9.7,97.0,3.3,12.7,Combo_LowStudy_LowConsistency,Attendance_Critical,ScreenTime_Warning
71.9,75.6,12.0,60.6,4.7,33.4,Combo_HighScreen_LowHomework,Attendance_Critical,ScreenTime_Warning
88.0,54.8,2.7,43.3,6.1,94.3,Combo_HighScreen_LowHomework,StudyHours_Critical,ScreenTime_Critical
94.0,87.1,13.0,71.1,5.3,16.5,ScreenTime_Critical,Consistency_Warning,Marks_Success
98.9,81.1,10.7,82.1,2.0,77.7,Attendance_Success,Marks_Success,General_Balanced
63.5,25.8,8.8,76.4,7.1,57.8,Attendance_Critical,Marks_Critical,ScreenTime_Critical
65.6,79.9,5.8,64.8,5.6,21.6,Combo_LowStudy_LowConsistency,Combo_HighScreen_LowHomework,Attendance_Critical
53.7,86.6,4.1,30.2,3.5,33.0,Combo_LowStudy_LowConsistency,Attendance_Critical,StudyHours_Critical
50.5,33.5,5.9,80.5,2.6,31.0,Combo_LowStudy_LowConsistency,Attendance_Critical,StudyHours_Critical
92.7,52.4,2.6,87.9,5.6,38.3,Combo_LowStudy_LowConsistency,StudyHours_Critical,ScreenTime_Critical
99.2,52.5,10.2,63.0,3.4,97.4,ScreenTime_Warning,Attendance_Success,Consistency_Success
76.0,78.0,9.8,55.2,5.6,37.7,Combo_LowStudy_LowConsistency,Combo_HighScreen_LowHomework,Attendance_Warning
98.1,65.0,18.6,50.4,7.1,48.6,Combo_HighScreen_LowHomework,ScreenTime_Critical,Attendance_Success
98.7,23.4,13.7,54.4,4.7,18.8,Combo_HighStudy_LowMarks,Combo_HighScreen_LowHomework,Marks_Critical
60.4,75.6,11.9,68.3,4.5,16.2,Combo_HighScreen_LowHomework,Attendance_Critical,ScreenTime_Warning
96.4,94.4,18.8,49.2,4.6,49.2,Combo_HighScreen_LowHomework,ScreenTime_Warning,Attendance_Success
74.5,64.8,17.8,54.6,4.3,19.2,Combo_HighScreen_LowHomework,Attendance_Critical,ScreenTime_Warning
70.8,70.8,16.1,41.5,1.7,16.6,Attendance_Critical,Consistency_Warning,StudyHours_Success
87.0,60.4,8.1,39.0,2.0,32.6,Combo_LowStudy_LowConsistency,Consistency_Warning,General_Balanced
69.4,81.1,7.4,31.1,7.8,14.0,Combo_LowStudy_LowConsistency,Combo_HighScreen_LowHomework,Attendance_Critical
73.7,68.3,14.0,91.1,7.4,14.9,Attendance_Critical,ScreenTime_Critical,Consistency_Warning
87.8,84.5,12.2,40.7,6.0,39.3,Combo_HighScreen_LowHomework,ScreenTime_Critical,Consistency_Warning
97.4,58.0,4.8,50.4,4.5,43.3,Combo_HighScreen_LowHomework,StudyHours_Critical,ScreenTime_Warning
58.6,31.0,6.6,49.8,2.1,46.3,Attendance_Critical,StudyHours_Critical,Marks_Critical
92.7,30.4,10.2,50.8,1.6,92.2,Marks_Critical,Consistency_Success,General_Balanced
94.8,50.1,11.9,77.0,6.8,72.0,ScreenTime_Critical,General_Balanced,General_Balanced
51.3,91.4,10.4,70.1,6.9,31.9,Attendance_Critical,ScreenTime_Critical,Consistency_Warning
75.8,26.4,19.3,68.7,1.2,65.6,Combo_HighStudy_LowMarks,Attendance_Warning,Marks_Critical
87.1,65.6,12.4,50.7,5.2,48.6,Combo_HighScreen_LowHomework,ScreenTime_Critical,General_Balanced
74.4,63.8,9.1,91.3,3.6,99.5,Attendance_Critical,ScreenTime_Warning,Consistency_Success
50.8,40.2,7.9,43.5,6.9,62.7,Combo_HighScreen_LowHomework,Attendance_Critical,StudyHours_Critical
68.4,42.0,4.8,64.1,7.9,74.8,Combo_HighScreen_LowHomework,Attendance_Critical,StudyHours_Critical
61.5,32.6,18.3,55.5,3.1,73.9,Combo_HighStudy_LowMarks,Attendance_Critical,Marks_Critical
64.2,88.2,18.3,40.5,6.2,31.7,Combo_HighScreen_LowHomework,Attendance_Critical,ScreenTime_Critical
55.6,70.7,19.8,63.9,6.1,68.7,Combo_HighScreen_LowHomework,Attendance_Critical,ScreenTime_Critical
55.6,88.6,11.7,84.4,5.8,60.1,Attendance_Critical,ScreenTime_Critical,Marks_Success
75.8,25.0,16.0,79.1,5.0,23.7,Combo_HighStudy_LowMarks,Attendance_Warning,Marks_Critical
93.2,84.4,2.4,35.9,2.4,68.5,StudyHours_Critical,Marks_Success,General_Balanced
91.1,60.2,5.7,85.5,3.2,18.1,Combo_LowStudy_LowConsistency,StudyHours_Critical,ScreenTime_Warning
70.2,41.4,12.7,32.2,7.4,60.5,Combo_HighStudy_LowMarks,Combo_HighScreen_LowHomework,Attendance_Critical
83.7,39.1,4.2,89.8,4.2,58.1,Attendance_Warning,StudyHours_Critical,Marks_Critical
68.6,84.0,9.1,41.5,5.7,48.3,Combo_HighScreen_LowHomework,Attendance_Critical,ScreenTime_Critical
92.3,85.8,15.2,56.5,1.0,64.2,StudyHours_Success,Marks_Success,General_Balanced
66.9,66.2,8.0,41.9,1.3,80.9,Attendance_Critical,Consistency_Success,General_Balanced
89.5,28.0,12.6,63.3,2.6,53.9,Combo_HighStudy_LowMarks,Marks_Critical,General_Balanced
66.2,51.2,3.0,54.1,3.6,40.6,Attendance_Critical,StudyHours_Critical,ScreenTime_Warning
96.5,33.1,12.5,49.1,6.3,26.3,Combo_HighStudy_LowMarks,Combo_HighScreen_LowHomework,Marks_Critical
92.0,65.8,3.0,52.1,7.8,18.1,Combo_LowStudy_LowConsistency,Combo_HighScreen_LowHomework,StudyHours_Critical
54.0,68.5,16.8,41.8,3.5,38.8,Attendance_Critical,ScreenTime_Warning,Consistency_Warning
99.3,37.0,5.7,41.8,2.8,88.7,StudyHours_Critical,Marks_Critical,Attendance_Success
51.5,76.7,17.5,57.9,7.3,65.8,Combo_HighScreen_LowHomework,Attendance_Critical,ScreenTime_Critical
79.0,60.0,16.4,54.7,4.2,99.0,Combo_HighScreen_LowHomework,Attendance_Warning,ScreenTime_Warning
58.2,45.7,16.2,90.8,6.3,36.9,Combo_HighStudy_LowMarks,Attendance_Critical,ScreenTime_Critical
79.2,51.3,19.2,64.4,5.6,44.2,Combo_HighScreen_LowHomework,Attendance_Warning,ScreenTime_Critical
75.8,38.6,5.5,45.1,1.6,99.5,Attendance_Warning,StudyHours_Critical,Marks_Critical
96.0,81.6,16.0,31.2,3.3,17.2,ScreenTime_Warning,Consistency_Warning,Attendance_Success
88.9,50.6,13.8,94.3,7.8,97.1,ScreenTime_Critical,Consistency_Success,General_Balanced
98.0,38.6,7.4,41.7,3.9,77.5,StudyHours_Critical,Marks_Critical,ScreenTime_Warning
92.0,52.2,12.5,65.1,6.8,85.7,Combo_HighScreen_LowHomework,ScreenTime_Critical,Consistency_Success
77.6,21.1,3.2,52.2,1.7,54.9,Attendance_Warning,StudyHours_Critical,Marks_Critical
73.1,42.6,8.8,82.4,6.9,51.9,Attendance_Critical,ScreenTime_Critical,General_Balanced
78.6,70.1,6.5,75.0,4.2,73.1,Attendance_Warning,StudyHours_Critical,ScreenTime_Warning
90.7,77.8,2.7,45.8,7.7,79.4,Combo_HighScreen_LowHomework,StudyHours_Critical,ScreenTime_Critical
67.3,66.3,19.0,89.0,1.5,37.7,Attendance_Critical,Consistency_Warning,StudyHours_Success
62.5,75.2,6.3,61.6,1.8,91.2,Attendance_Critical,StudyHours_Critical,Consistency_Success
56.5,78.5,14.6,37.7,6.2,84.7,Combo_HighScreen_LowHomework,Attendance_Critical,ScreenTime_Critical
90.3,43.7,4.2,84.9,7.7,14.8,Combo_LowStudy_LowConsistency,StudyHours_Critical,ScreenTime_Critical
51.9,64.0,11.8,66.7,4.6,10.4,Combo_HighScreen_LowHomework,Attendance_Critical,ScreenTime_Warning
84.0,46.5,5.3,64.6,1.8,23.5,Combo_LowStudy_LowConsistency,Attendance_Warning,StudyHours_Critical
90.0,49.4,2.5,73.3,5.1,62.7,StudyHours_Critical,ScreenTime_Critical,General_Balanced
97.1,41.5,19.0,37.5,6.4,46.5,Combo_HighStudy_LowMarks,Combo_HighScreen_LowHomework,ScreenTime_Critical
94.1,87.1,3.5,40.0,6.7,28.3,Combo_LowStudy_LowConsistency,Combo_HighScreen_LowHomework,StudyHours_Critical
98.0,66.6,18.1,64.8,1.2,22.4,Consistency_Warning,Attendance_Success,StudyHours_Success
55.9,73.3,15.5,53.5,1.5,25.2,Attendance_Critical,Consistency_Warning,StudyHours_Success
55.6,83.6,15.0,97.3,4.3,62.7,Attendance_Critical,ScreenTime_Warning,Marks_Success
75.9,81.2,6.3,67.7,1.6,88.6,Attendance_Warning,StudyHours_Critical,Marks_Success
78.7,73.3,7.8,81.6,3.3,81.3,Attendance_Warning,StudyHours_Critical,ScreenTime_Warning
84.5,61.9,7.9,56.4,1.7,99.0,Attendance_Warning,StudyHours_Critical,Consistency_Success
85.1,65.0,15.6,94.3,5.3,92.7,ScreenTime_Critical,StudyHours_Success,Consistency_Success
59.2,68.2,5.9,70.2,5.1,91.4,Attendance_Critical,StudyHours_Critical,ScreenTime_Critical
51.2,47.0,8.1,57.2,6.3,26.9,Combo_LowStudy_LowConsistency,Combo_HighScreen_LowHomework,Attendance_Critical
96.8,65.3,16.3,57.1,5.5,93.7,Combo_HighScreen_LowHomework,ScreenTime_Critical,Attendance_Success
77.6,53.0,3.3,83.1,7.2,55.6,Attendance_Warning,StudyHours_Critical,ScreenTime_Critical
86.1,26.1,11.2,96.2,2.9,84.2,Marks_Critical,Consistency_Success,General_Balanced
61.1,30.5,17.5,83.1,3.3,91.6,Combo_HighStudy_LowMarks,Attendance_Critical,Marks_Critical
92.9,83.9,14.0,60.3,4.4,17.3,Combo_HighScreen_LowHomework,ScreenTime_Warning,Consistency_Warning
60.4,63.0,18.6,45.1,4.8,61.3,Combo_HighScreen_LowHomework,Attendance_Critical,ScreenTime_Warning
61.8,81.3,8.3,66.7,7.2,97.7,Combo_HighScreen_LowHomework,Attendance_Critical,ScreenTime_Critical
50.2,67.7,12.4,68.3,1.1,98.6,Attendance_Critical,Consistency_Success,General_Balanced
82.2,74.5,3.2,52.3,2.2,18.4,Combo_LowStudy_LowConsistency,Attendance_Warning,StudyHours_Critical
87.8,66.6,17.2,32.6,6.7,78.1,Combo_HighScreen_LowHomework,ScreenTime_Critical,StudyHours_Success
66.8,83.5,7.2,43.8,1.8,89.0,Attendance_Critical,StudyHours_Critical,Marks_Success
76.0,47.5,19.1,94.7,7.8,80.9,Combo_HighStudy_LowMarks,Attendance_Warning,ScreenTime_Critical
85.6,42.7,7.5,65.5,7.8,52.6,Combo_HighScreen_LowHomework,StudyHours_Critical,ScreenTime_Critical
80.6,87.5,2.9,71.8,6.6,60.5,Attendance_Warning,StudyHours_Critical,ScreenTime_Critical
74.7,88.2,2.9,73.9,6.8,83.5,Attendance_Critical,StudyHours_Critical,ScreenTime_Critical
90.4,49.8,18.6,38.9,7.8,86.9,Combo_HighStudy_LowMarks,Combo_HighScreen_LowHomework,ScreenTime_Critical
84.9,33.2,15.9,77.9,6.0,41.0,Combo_HighStudy_LowMarks,Attendance_Warning,Marks_Critical
60.0,64.3,4.8,55.5,7.4,77.9,Combo_HighScreen_LowHomework,Attendance_Critical,StudyHours_Critical
97.7,87.8,14.4,36.5,4.4,99.9,Combo_HighScreen_LowHomework,ScreenTime_Warning,Attendance_Success
99.9,30.3,19.3,60.0,5.0,50.9,Combo_HighStudy_LowMarks,Combo_HighScreen_LowHomework,Marks_Critical
61.4,63.1,16.0,91.7,1.7,64.6,Attendance_Critical,StudyHours_Success,General_Balanced
98.4,33.3,4.9,82.1,1.8,36.7,Combo_LowStudy_LowConsistency,StudyHours_Critical,Marks_Critical
99.3,83.4,11.9,42.0,3.8,33.2,ScreenTime_Warning,Consistency_Warning,Attendance_Success
83.6,24.8,6.7,95.1,2.0,43.5,Attendance_Warning,StudyHours_Critical,Marks_Critical
63.6,80.5,19.8,47.5,2.8,73.4,Attendance_Critical,StudyHours_Success,Marks_Success
68.5,29.5,18.5,80.9,3.6,61.1,Combo_HighStudy_LowMarks,Attendance_Critical,Marks_Critical
63.4,47.7,8.3,58.2,2.3,19.4,Combo_LowStudy_LowConsistency,Attendance_Critical,Consistency_Warning
79.1,86.0,8.8,32.9,4.9,51.1,Combo_HighScreen_LowHomework,Attendance_Warning,ScreenTime_Warning
95.0,30.4,10.7,52.7,1.2,26.7,Marks_Critical,Consistency_Warning,Attendance_Success
56.9,77.0,14.6,37.4,3.3,53.8,Attendance_Critical,ScreenTime_Warning,General_Balanced
73.8,68.3,18.8,80.3,3.9,46.1,Attendance_Critical,ScreenTime_Warning,StudyHours_Success
71.9,33.3,9.6,67.4,3.4,71.8,Attendance_Critical,Marks_Critical,ScreenTime_Warning
89.2,89.6,8.9,98.0,6.9,68.8,ScreenTime_Critical,Marks_Success,General_Balanced
93.7,69.7,11.9,91.0,5.9,75.7,ScreenTime_Critical,General_Balanced,General_Balanced
98.9,24.6,18.7,42.6,1.1,73.4,Combo_HighStudy_LowMarks,Marks_Critical,Attendance_Success
99.2,53.2,15.5,42.0,2.4,99.1,Attendance_Success,StudyHours_Success,Consistency_Success
81.0,70.0,8.3,75.5,3.4,79.4,Attendance_Warning,ScreenTime_Warning,General_Balanced
81.7,87.1,18.8,81.4,6.9,53.8,Attendance_Warning,ScreenTime_Critical,StudyHours_Success
56.2,36.6,7.1,71.5,1.5,18.6,Combo_LowStudy_LowConsistency,Attendance_Critical,StudyHours_Critical
95.3,80.1,15.6,73.1,4.1,98.1,ScreenTime_Warning,Attendance_Success,StudyHours_Success
58.7,65.6,6.7,51.3,1.8,71.0,Attendance_Critical,StudyHours_Critical,General_Balanced
80.4,83.6,19.0,76.8,2.1,72.6,Attendance_Warning,StudyHours_Success,Marks_Success
72.9,51.2,19.2,88.5,4.0,99.6,Attendance_Critical,ScreenTime_Warning,StudyHours_Success
69.4,82.9,15.4,91.9,3.2,88.3,Attendance_Critical,ScreenTime_Warning,StudyHours_Success
82.8,60.0,8.8,53.3,6.5,15.3,Combo_LowStudy_LowConsistency,Combo_HighScreen_LowHomework,Attendance_Warning
76.1,89.3,5.1,51.1,5.0,36.6,Combo_LowStudy_LowConsistency,Combo_HighScreen_LowHomework,Attendance_Warning
58.5,69.9,17.2,97.0,6.7,22.5,Attendance_Critical,ScreenTime_Critical,Consistency_Warning
63.8,76.4,3.3,32.4,3.5,39.9,Combo_LowStudy_LowConsistency,Attendance_Critical,StudyHours_Critical
59.4,37.0,20.0,66.5,6.8,12.3,Combo_HighStudy_LowMarks,Combo_HighScreen_LowHomework,Attendance_Critical
60.4,77.0,17.8,55.5,4.8,16.5,Combo_HighScreen_LowHomework,Attendance_Critical,ScreenTime_Warning
66.4,36.1,7.7,63.7,6.7,74.5,Combo_HighScreen_LowHomework,Attendance_Critical,StudyHours_Critical
64.5,50.8,10.9,54.5,4.2,21.5,Combo_HighScreen_LowHomework,Attendance_Critical,ScreenTime_Warning
71.4,47.7,2.9,50.4,1.8,25.8,Combo_LowStudy_LowConsistency,Attendance_Critical,StudyHours_Critical
66.1,69.6,8.6,39.3,1.3,82.8,Attendance_Critical,Consistency_Success,General_Balanced
92.4,74.2,12.9,64.9,7.9,58.0,Combo_HighScreen_LowHomework,ScreenTime_Critical,General_Balanced
79.2,52.7,13.6,61.7,1.6,23.8,Attendance_Warning,Consistency_Warning,General_Balanced
99.6,64.9,17.4,39.3,5.7,45.5,Combo_HighScreen_LowHomework,ScreenTime_Critical,Attendance_Success
97.8,20.3,9.5,41.3,6.5,10.2,Combo_LowStudy_LowConsistency,Combo_HighScreen_LowHomework,Marks_Critical
79.0,21.7,9.7,95.8,4.5,95.2,Attendance_Warning,Marks_Critical,ScreenTime_Warning
76.0,54.9,8.4,31.8,5.1,76.5,Combo_HighScreen_LowHomework,Attendance_Warning,ScreenTime_Critical
52.0,33.5,10.7,31.1,3.5,76.3,Attendance_Critical,Marks_Critical,ScreenTime_Warning
95.8,89.2,4.5,62.6,2.9,94.6,StudyHours_Critical,Attendance_Success,Marks_Success
55.5,45.3,2.5,56.6,1.1,29.1,Combo_LowStudy_LowConsistency,Attendance_Critical,StudyHours_Critical
73.1,72.7,5.6,89.6,1.1,44.1,Attendance_Critical,StudyHours_Critical,General_Balanced
89.5,31.4,11.8,92.1,2.1,78.0,Marks_Critical,General_Balanced,General_Balanced
64.8,73.2,14.3,39.1,5.6,45.9,Combo_HighScreen_LowHomework,Attendance_Critical,ScreenTime_Critical
54.8,46.1,18.2,95.6,6.8,36.8,Combo_HighStudy_LowMarks,Attendance_Critical,ScreenTime_Critical
61.1,71.3,5.7,34.2,6.1,40.9,Combo_HighScreen_LowHomework,Attendance_Critical,StudyHours_Critical
77.2,47.0,19.6,94.7,7.4,21.3,Combo_HighStudy_LowMarks,Attendance_Warning,ScreenTime_Critical
70.3,83.2,12.0,60.2,3.0,90.4,Attendance_Critical,Marks_Success,Consistency_Success
61.6,63.3,18.5,92.0,6.6,87.2,Attendance_Critical,ScreenTime_Critical,StudyHours_Success
62.7,83.2,17.0,47.1,7.3,35.1,Combo_HighScreen_LowHomework,Attendance_Critical,ScreenTime_Critical
67.5,42.7,6.4,63.5,2.6,72.1,Attendance_Critical,StudyHours_Critical,General_Balanced
86.7,74.6,6.6,50.3,5.2,87.2,Combo_HighScreen_LowHomework,StudyHours_Critical,ScreenTime_Critical
61.6,40.8,5.7,55.8,2.1,88.8,Attendance_Critical,StudyHours_Critical,Consistency_Success
74.1,87.6,13.4,53.4,3.5,41.1,Attendance_Critical,ScreenTime_Warning,Marks_Success
53.2,90.3,3.2,60.7,6.2,70.3,Combo_HighScreen_LowHomework,Attendance_Critical,StudyHours_Critical
89.0,88.4,5.6,65.5,4.1,35.8,Combo_LowStudy_LowConsistency,Combo_HighScreen_LowHomework,StudyHours_Critical
98.3,63.6,5.7,69.4,7.6,28.7,Combo_LowStudy_LowConsistency,Combo_HighScreen_LowHomework,StudyHours_Critical
78.9,45.4,19.6,79.6,6.0,79.5,Combo_HighStudy_LowMarks,Attendance_Warning,ScreenTime_Critical
97.0,65.3,9.2,60.9,3.8,53.7,ScreenTime_Warning,Attendance_Success,General_Balanced
93.2,36.3,5.4,53.5,6.8,82.6,Combo_HighScreen_LowHomework,StudyHours_Critical,Marks_Critical
50.3,90.0,3.4,92.7,6.4,80.5,Attendance_Critical,StudyHours_Critical,ScreenTime_Critical
85.9,53.4,18.2,92.6,3.7,33.1,ScreenTime_Warning,Consistency_Warning,StudyHours_Success
51.7,68.6,6.0,37.5,7.7,64.8,Combo_HighScreen_LowHomework,Attendance_Critical,StudyHours_Critical
94.2,85.7,4.8,81.4,6.8,80.8,StudyHours_Critical,ScreenTime_Critical,Marks_Success
60.3,73.2,3.2,70.9,5.9,26.9,Combo_LowStudy_LowConsistency,Attendance_Critical,StudyHours_Critical
96.8,74.8,11.4,77.9,7.0,24.5,ScreenTime_Critical,Consistency_Warning,Attendance_Success
56.8,44.5,18.3,38.0,2.6,10.2,Combo_HighStudy_LowMarks,Attendance_Critical,Consistency_Warning
60.4,62.8,11.0,49.3,5.1,39.9,Combo_HighScreen_LowHomework,Attendance_Critical,ScreenTime_Critical
51.9,36.1,5.5,48.9,5.1,65.5,Combo_HighScreen_LowHomework,Attendance_Critical,StudyHours_Critical
90.8,71.9,18.8,80.6,5.8,84.9,ScreenTime_Critical,StudyHours_Success,Consistency_Success
95.5,35.3,5.7,50.1,3.0,58.7,StudyHours_Critical,Marks_Critical,Attendance_Success
74.7,84.7,11.0,74.7,1.9,38.4,Attendance_Critical,Consistency_Warning,Marks_Success
90.5,75.4,18.7,67.8,3.1,77.9,ScreenTime_Warning,StudyHours_Success,General_Balanced
93.7,63.1,18.7,76.3,5.0,10.8,ScreenTime_Warning,Consistency_Warning,StudyHours_Success
51.2,77.2,5.6,72.6,4.5,45.1,Attendance_Critical,StudyHours_Critical,ScreenTime_Warning
64.1,64.9,14.2,34.6,3.9,16.7,Attendance_Critical,ScreenTime_Warning,Consistency_Warning
72.5,50.3,14.4,58.3,7.3,67.6,Combo_HighScreen_LowHomework,Attendance_Critical,ScreenTime_Critical
89.1,39.1,6.1,83.4,7.8,70.5,StudyHours_Critical,Marks_Critical,ScreenTime_Critical
53.2,24.3,15.1,52.9,2.3,69.2,Combo_HighStudy_LowMarks,Attendance_Critical,Marks_Critical
87.3,57.9,17.6,61.7,1.4,99.2,StudyHours_Success,Consistency_Success,General_Balanced
53.9,59.2,15.4,52.4,6.5,48.3,Combo_HighScreen_LowHomework,Attendance_Critical,ScreenTime_Critical
82.8,49.5,18.8,90.5,2.9,39.4,Combo_HighStudy_LowMarks,Attendance_Warning,Consistency_Warning
84.3,85.5,15.7,69.7,4.4,36.1,Combo_HighScreen_LowHomework,Attendance_Warning,ScreenTime_Warning
99.6,21.1,12.5,35.4,1.2,10.9,Combo_HighStudy_LowMarks,Marks_Critical,Consistency_Warning
73.2,35.0,17.5,44.0,6.0,24.4,Combo_HighStudy_LowMarks,Combo_HighScreen_LowHomework,Attendance_Critical
56.1,40.2,9.5,63.3,1.5,13.3,Combo_LowStudy_LowConsistency,Attendance_Critical,Consistency_Warning
82.7,42.1,13.8,58.5,4.3,99.8,Combo_HighStudy_LowMarks,Combo_HighScreen_LowHomework,Attendance_Warning
98.6,41.1,2.7,48.2,4.6,50.4,Combo_HighScreen_LowHomework,StudyHours_Critical,ScreenTime_Warning
79.3,34.1,15.9,57.2,4.2,33.1,Combo_HighStudy_LowMarks,Combo_HighScreen_LowHomework,Attendance_Warning
67.1,44.2,6.3,89.8,7.5,57.0,Attendance_Critical,StudyHours_Critical,ScreenTime_Critical
65.4,65.3,4.6,82.1,2.6,98.4,Attendance_Critical,StudyHours_Critical,Consistency_Success
50.7,86.6,9.9,42.3,2.8,77.7,Attendance_Critical,Marks_Success,General_Balanced
94.3,86.9,7.0,59.6,7.4,63.8,Combo_HighScreen_LowHomework,StudyHours_Critical,ScreenTime_Critical
76.2,36.6,17.0,61.6,4.3,12.8,Combo_HighStudy_LowMarks,Combo_HighScreen_LowHomework,Attendance_Warning
65.3,20.8,2.8,40.2,1.9,86.5,Attendance_Critical,StudyHours_Critical,Marks_Critical
70.9,84.9,19.8,81.6,7.5,44.1,Attendance_Critical,ScreenTime_Critical,StudyHours_Success
80.6,77.6,7.6,80.9,6.3,71.9,Attendance_Warning,StudyHours_Critical,ScreenTime_Critical
92.9,93.7,17.4,58.0,1.7,83.0,StudyHours_Success,Marks_Success,Consistency_Success
59.5,34.5,5.8,57.6,3.5,12.8,Combo_LowStudy_LowConsistency,Attendance_Critical,StudyHours_Critical
94.5,51.6,18.8,35.0,1.7,35.9,Consistency_Warning,StudyHours_Success,General_Balanced
65.4,80.5,4.3,75.4,7.2,12.2,Combo_LowStudy_LowConsistency,Attendance_Critical,StudyHours_Critical
85.6,48.7,2.3,40.7,6.8,70.9,Combo_HighScreen_LowHomework,StudyHours_Critical,ScreenTime_Critical
77.8,38.7,17.9,42.0,4.8,39.9,Combo_HighStudy_LowMarks,Combo_HighScreen_LowHomework,Attendance_Warning
53.1,80.9,4.8,87.7,2.6,61.1,Attendance_Critical,StudyHours_Critical,Marks_Success
54.6,33.2,12.3,51.5,7.5,58.1,Combo_HighStudy_LowMarks,Combo_HighScreen_LowHomework,Attendance_Critical
83.7,22.0,3.1,42.5,3.7,14.5,Combo_LowStudy_LowConsistency,Attendance_Warning,StudyHours_Critical
60.1,60.7,16.8,37.9,5.3,70.4,Combo_HighScreen_LowHomework,Attendance_Critical,ScreenTime_Critical
62.0,78.0,15.0,52.6,5.4,54.4,Combo_HighScreen_LowHomework,Attendance_Critical,ScreenTime_Critical
60.4,93.8,5.2,93.6,5.5,85.1,Attendance_Critical,StudyHours_Critical,ScreenTime_Critical
100.0,54.5,17.9,48.0,3.5,67.6,ScreenTime_Warning,Attendance_Success,StudyHours_Success
81.4,59.8,2.4,37.7,2.4,16.0,Combo_LowStudy_LowConsistency,Attendance_Warning,StudyHours_Critical
58.1,43.8,12.3,45.0,6.8,10.5,Combo_HighStudy_LowMarks,Combo_HighScreen_LowHomework,Attendance_Critical
78.8,79.6,19.3,60.6,7.9,22.8,Combo_HighScreen_LowHomework,Attendance_Warning,ScreenTime_Critical
50.8,30.4,5.1,77.6,6.6,12.6,Combo_LowStudy_LowConsistency,Attendance_Critical,StudyHours_Critical
56.1,44.6,9.3,79.1,5.9,22.8,Combo_LowStudy_LowConsistency,Attendance_Critical,ScreenTime_Critical
87.7,26.8,12.4,88.2,5.5,14.6,Combo_HighStudy_LowMarks,Marks_Critical,ScreenTime_Critical
66.1,64.4,3.8,36.6,4.8,96.6,Combo_HighScreen_LowHomework,Attendance_Critical,StudyHours_Critical
91.7,25.2,2.7,61.3,3.7,50.5,StudyHours_Critical,Marks_Critical,ScreenTime_Warning
87.1,48.8,11.9,81.6,2.1,62.7,General_Balanced,General_Balanced,General_Balanced
75.7,73.5,10.6,38.8,2.7,66.5,Attendance_Warning,General_Balanced,General_Balanced
90.4,60.7,4.6,44.0,2.7,64.9,StudyHours_Critical,General_Balanced,General_Balanced
50.3,74.3,3.6,82.0,2.4,54.7,Attendance_Critical,StudyHours_Critical,General_Balanced
50.4,22.0,5.3,65.9,6.9,50.9,Combo_HighScreen_LowHomework,Attendance_Critical,StudyHours_Critical
55.8,36.9,16.5,40.5,3.0,62.7,Combo_HighStudy_LowMarks,Attendance_Critical,Marks_Critical
93.7,25.6,6.0,90.9,7.9,42.8,StudyHours_Critical,Marks_Critical,ScreenTime_Critical
60.4,71.3,7.7,49.1,1.8,65.3,Attendance_Critical,StudyHours_Critical,General_Balanced
79.9,93.9,16.2,40.1,1.9,52.2,Attendance_Warning,StudyHours_Success,Marks_Success
52.8,88.5,9.9,51.1,2.4,43.5,Attendance_Critical,Marks_Success,General_Balanced
59.6,74.8,18.9,53.4,6.7,98.2,Combo_HighScreen_LowHomework,Attendance_Critical,ScreenTime_Critical
77.6,69.5,9.4,68.0,3.4,87.9,Attendance_Warning,ScreenTime_Warning,Consistency_Success
60.6,41.7,4.3,31.9,1.7,73.2,Attendance_Critical,StudyHours_Critical,General_Balanced
70.2,79.8,12.6,91.2,2.1,67.3,Attendance_Critical,General_Balanced,General_Balanced
56.5,79.5,17.4,48.0,2.6,28.6,Attendance_Critical,Consistency_Warning,StudyHours_Success
90.0,38.2,3.5,40.9,4.6,72.8,Combo_HighScreen_LowHomework,StudyHours_Critical,Marks_Critical
81.2,91.1,2.3,53.0,1.4,76.3,Attendance_Warning,StudyHours_Critical,Marks_Success
95.6,32.1,12.1,55.4,6.5,50.1,Combo_HighStudy_LowMarks,Combo_HighScreen_LowHomework,Marks_Critical
94.2,40.0,11.6,82.6,3.9,52.4,ScreenTime_Warning,General_Balanced,General_Balanced
63.9,75.0,3.2,66.9,5.2,61.4,Combo_HighScreen_LowHomework,Attendance_Critical,StudyHours_Critical
83.9,94.1,3.1,77.4,7.6,50.3,Attendance_Warning,StudyHours_Critical,ScreenTime_Critical
87.7,86.1,15.0,50.2,2.7,25.5,Consistency_Warning,Marks_Success,General_Balanced
80.6,73.1,19.1,85.6,2.3,86.5,Attendance_Warning,StudyHours_Success,Consistency_Success
74.8,35.6,19.9,61.8,6.5,26.6,Combo_HighStudy_LowMarks,Combo_HighScreen_LowHomework,Attendance_Critical
73.7,66.8,18.9,80.1,5.1,14.4,Attendance_Critical,ScreenTime_Critical,Consistency_Warning
65.9,89.4,8.0,93.8,3.8,76.9,Attendance_Critical,StudyHours_Critical,ScreenTime_Warning
94.7,52.4,13.8,66.8,4.8,53.6,Combo_HighScreen_LowHomework,ScreenTime_Warning,General_Balanced
82.6,77.5,7.0,99.8,4.3,47.6,Attendance_Warning,StudyHours_Critical,ScreenTime_Warning
62.0,67.7,16.9,60.8,1.0,66.1,Attendance_Critical,StudyHours_Success,General_Balanced
60.7,72.7,7.7,41.8,3.7,34.7,Combo_LowStudy_LowConsistency,Attendance_Critical,StudyHours_Critical
77.8,43.9,14.2,40.6,7.8,68.8,Combo_HighStudy_LowMarks,Combo_HighScreen_LowHomework,Attendance_Warning
74.2,61.7,3.0,84.5,3.7,99.3,Attendance_Critical,StudyHours_Critical,ScreenTime_Warning
50.6,55.5,6.2,37.0,1.3,53.5,Attendance_Critical,StudyHours_Critical,General_Balanced
53.8,84.5,6.9,49.6,4.4,95.1,Combo_HighScreen_LowHomework,Attendance_Critical,StudyHours_Critical
76.4,28.8,16.2,34.8,7.4,53.9,Combo_HighStudy_LowMarks,Combo_HighScreen_LowHomework,Attendance_Warning
50.4,79.3,19.3,48.4,7.8,86.1,Combo_HighScreen_LowHomework,Attendance_Critical,ScreenTime_Critical
53.9,94.5,5.6,30.8,2.0,81.7,Attendance_Critical,StudyHours_Critical,Marks_Success
58.5,77.1,2.6,83.1,5.6,95.4,Attendance_Critical,StudyHours_Critical,ScreenTime_Critical
90.2,47.2,14.1,34.3,4.8,88.7,Combo_HighStudy_LowMarks,Combo_HighScreen_LowHomework,ScreenTime_Warning
69.5,20.3,9.9,46.8,4.4,47.5,Combo_HighScreen_LowHomework,Attendance_Critical,Marks_Critical
55.1,48.8,18.3,81.6,4.8,70.9,Combo_HighStudy_LowMarks,Attendance_Critical,ScreenTime_Warning
92.8,85.5,2.3,96.1,7.8,80.8,StudyHours_Critical,ScreenTime_Critical,Marks_Success
69.6,62.5,10.3,32.7,4.9,53.1,Combo_HighScreen_LowHomework,Attendance_Critical,ScreenTime_Warning
59.5,68.2,16.7,97.6,5.7,58.8,Attendance_Critical,ScreenTime_Critical,StudyHours_Success
75.9,34.4,15.4,45.7,5.1,42.1,Combo_HighStudy_LowMarks,Combo_HighScreen_LowHomework,Attendance_Warning
64.7,54.3,9.9,58.8,6.3,49.8,Combo_HighScreen_LowHomework,Attendance_Critical,ScreenTime_Critical
82.2,44.7,5.0,98.7,2.8,82.4,Attendance_Warning,StudyHours_Critical,Consistency_Success
54.3,94.7,7.4,63.9,7.2,64.8,Combo_HighScreen_LowHomework,Attendance_Critical,StudyHours_Critical
50.4,86.5,5.9,30.4,5.3,18.1,Combo_LowStudy_LowConsistency,Combo_HighScreen_LowHomework,Attendance_Critical
74.5,53.1,2.6,90.9,5.7,55.0,Attendance_Critical,StudyHours_Critical,ScreenTime_Critical
55.3,80.0,12.6,94.4,7.0,27.9,Attendance_Critical,ScreenTime_Critical,Consistency_Warning
54.2,94.1,13.7,82.3,6.5,51.3,Attendance_Critical,ScreenTime_Critical,Marks_Success
83.0,33.7,11.7,88.9,7.6,26.1,Attendance_Warning,Marks_Critical,ScreenTime_Critical
83.5,83.6,8.9,34.4,4.0,81.9,Attendance_Warning,ScreenTime_Warning,Marks_Success
80.6,66.5,16.1,95.1,5.7,84.3,Attendance_Warning,ScreenTime_Critical,StudyHours_Success
92.4,76.9,14.1,92.2,3.4,48.4,ScreenTime_Warning,General_Balanced,General_Balanced
79.3,35.3,17.7,98.8,5.5,53.5,Combo_HighStudy_LowMarks,Attendance_Warning,Marks_Critical
51.3,79.7,18.8,39.2,6.6,84.2,Combo_HighScreen_LowHomework,Attendance_Critical,ScreenTime_Critical
98.6,75.4,14.4,65.8,4.4,55.8,Combo_HighScreen_LowHomework,ScreenTime_Warning,Attendance_Success
66.0,43.2,17.6,39.1,3.9,84.0,Combo_HighStudy_LowMarks,Attendance_Critical,ScreenTime_Warning
55.3,29.4,14.0,45.0,4.7,40.6,Combo_HighStudy_LowMarks,Combo_HighScreen_LowHomework,Attendance_Critical
82.0,67.1,18.1,46.7,6.7,41.6,Combo_HighScreen_LowHomework,Attendance_Warning,ScreenTime_Critical
86.2,37.4,2.1,80.2,3.5,82.4,StudyHours_Critical,Marks_Critical,ScreenTime_Warning
87.6,84.5,7.5,77.3,7.1,38.5,Combo_LowStudy_LowConsistency,StudyHours_Critical,ScreenTime_Critical
53.6,21.1,18.7,87.3,2.4,38.9,Combo_HighStudy_LowMarks,Attendance_Critical,Marks_Critical
67.1,76.3,3.5,85.8,4.8,23.9,Combo_LowStudy_LowConsistency,Attendance_Critical,StudyHours_Critical
87.0,55.0,16.3,66.2,4.0,42.5,ScreenTime_Warning,StudyHours_Success,General_Balanced
84.4,72.4,13.1,31.1,2.0,70.9,Attendance_Warning,General_Balanced,General_Balanced
65.0,73.6,19.9,43.0,2.4,23.8,Attendance_Critical,Consistency_Warning,StudyHours_Success
81.8,40.9,18.1,57.9,5.3,96.2,Combo_HighStudy_LowMarks,Combo_HighScreen_LowHomework,Attendance_Warning
68.1,31.2,17.9,79.8,4.0,78.7,Combo_HighStudy_LowMarks,Attendance_Critical,Marks_Critical
86.4,42.3,18.2,80.3,7.3,15.2,Combo_HighStudy_LowMarks,ScreenTime_Critical,Consistency_Warning
71.7,80.4,7.0,54.2,1.2,78.9,Attendance_Critical,StudyHours_Critical,Marks_Success
86.3,36.3,6.9,55.7,7.3,41.4,Combo_HighScreen_LowHomework,StudyHours_Critical,Marks_Critical
68.2,47.7,5.6,49.9,3.6,57.9,Attendance_Critical,StudyHours_Critical,ScreenTime_Warning
65.3,70.0,5.5,72.8,6.5,77.4,Attendance_Critical,StudyHours_Critical,ScreenTime_Critical
94.9,56.2,3.0,70.0,1.5,25.4,Combo_LowStudy_LowConsistency,StudyHours_Critical,Consistency_Warning
92.4,81.1,12.0,68.3,6.9,23.1,Combo_HighScreen_LowHomework,ScreenTime_Critical,Consistency_Warning
87.6,68.0,10.8,69.1,3.8,92.9,ScreenTime_Warning,Consistency_Success,General_Balanced
70.9,28.9,19.8,32.0,1.4,11.0,Combo_HighStudy_LowMarks,Attendance_Critical,Marks_Critical
87.5,76.0,18.5,44.2,7.4,21.6,Combo_HighScreen_LowHomework,ScreenTime_Critical,Consistency_Warning
90.9,30.4,19.4,75.0,6.3,90.7,Combo_HighStudy_LowMarks,Marks_Critical,ScreenTime_Critical
77.3,55.7,5.9,56.0,6.5,52.0,Combo_HighScreen_LowHomework,Attendance_Warning,StudyHours_Critical
74.2,40.4,16.5,49.8,1.9,55.0,Combo_HighStudy_LowMarks,Attendance_Critical,StudyHours_Success
82.0,72.7,4.5,48.5,6.7,25.0,Combo_LowStudy_LowConsistency,Combo_HighScreen_LowHomework,Attendance_Warning
78.7,72.6,10.9,47.9,6.4,77.8,Combo_HighScreen_LowHomework,Attendance_Warning,ScreenTime_Critical
57.3,30.1,20.0,64.0,1.9,53.1,Combo_HighStudy_LowMarks,Attendance_Critical,Marks_Critical
82.6,31.9,7.5,91.0,6.9,67.0,Attendance_Warning,StudyHours_Critical,Marks_Critical
67.4,83.7,11.4,43.6,5.5,28.3,Combo_HighScreen_LowHomework,Attendance_Critical,ScreenTime_Critical
69.0,75.5,7.0,78.1,5.0,22.8,Combo_LowStudy_LowConsistency,Attendance_Critical,StudyHours_Critical
59.0,85.1,4.1,66.9,2.0,97.3,Attendance_Critical,StudyHours_Critical,Marks_Success
65.5,81.8,6.8,90.7,2.7,37.7,Combo_LowStudy_LowConsistency,Attendance_Critical,StudyHours_Critical
76.7,54.0,14.8,34.5,4.7,17.9,Combo_HighScreen_LowHomework,Attendance_Warning,ScreenTime_Warning
61.4,35.9,19.0,58.2,4.7,83.7,Combo_HighStudy_LowMarks,Combo_HighScreen_LowHomework,Attendance_Critical
91.9,56.5,9.6,89.8,6.2,81.8,ScreenTime_Critical,Consistency_Success,General_Balanced
75.0,92.7,12.1,61.8,6.3,13.7,Combo_HighScreen_LowHomework,Attendance_Critical,ScreenTime_Critical
58.1,38.5,3.0,83.0,2.6,50.8,Attendance_Critical,StudyHours_Critical,Marks_Critical
54.0,47.9,3.4,77.2,4.5,20.3,Combo_LowStudy_LowConsistency,Attendance_Critical,StudyHours_Critical
55.9,71.7,15.8,57.8,3.8,35.3,Attendance_Critical,ScreenTime_Warning,Consistency_Warning
63.6,76.2,17.1,44.2,7.1,77.9,Combo_HighScreen_LowHomework,Attendance_Critical,ScreenTime_Critical
68.2,86.9,14.6,81.7,5.6,20.7,Attendance_Critical,ScreenTime_Critical,Consistency_Warning
76.7,73.8,13.5,52.1,4.3,78.6,Combo_HighScreen_LowHomework,Attendance_Warning,ScreenTime_Warning
50.9,70.4,14.3,87.2,4.2,48.7,Attendance_Critical,ScreenTime_Warning,General_Balanced
82.2,86.7,10.4,98.5,6.7,94.9,Attendance_Warning,ScreenTime_Critical,Marks_Success
66.2,85.3,16.8,98.9,5.4,20.9,Attendance_Critical,ScreenTime_Critical,Consistency_Warning
89.3,35.6,7.2,62.5,7.3,39.0,Combo_LowStudy_LowConsistency,Combo_HighScreen_LowHomework,StudyHours_Critical
67.1,59.7,3.4,83.0,1.7,68.1,Attendance_Critical,StudyHours_Critical,General_Balanced
88.5,93.5,16.1,64.3,1.2,88.9,StudyHours_Success,Marks_Success,Consistency_Success
97.5,65.8,12.0,50.3,7.2,79.4,Combo_HighScreen_LowHomework,ScreenTime_Critical,Attendance_Success
59.5,59.4,5.0,58.6,7.6,82.7,Combo_HighScreen_LowHomework,Attendance_Critical,StudyHours_Critical
78.9,92.9,12.5,47.9,4.8,96.6,Combo_HighScreen_LowHomework,Attendance_Warning,ScreenTime_Warning
93.7,40.3,10.8,35.1,2.1,27.5,Consistency_Warning,General_Balanced,General_Balanced
90.1,28.6,6.1,53.3,3.8,45.5,StudyHours_Critical,Marks_Critical,ScreenTime_Warning
73.6,82.6,14.5,30.9,1.9,97.5,Attendance_Critical,Marks_Success,Consistency_Success
52.0,61.4,6.3,34.5,7.2,17.0,Combo_LowStudy_LowConsistency,Combo_HighScreen_LowHomework,Attendance_Critical
68.0,92.4,15.6,96.9,5.6,62.0,Attendance_Critical,ScreenTime_Critical,StudyHours_Success
81.5,62.1,10.8,58.9,3.6,47.6,Attendance_Warning,ScreenTime_Warning,General_Balanced
70.0,40.0,6.0,50.8,3.5,89.8,Attendance_Critical,StudyHours_Critical,ScreenTime_Warning
85.7,26.9,5.7,32.3,3.4,25.9,Combo_LowStudy_LowConsistency,StudyHours_Critical,Marks_Critical
75.9,56.4,3.9,36.8,1.3,96.8,Attendance_Warning,StudyHours_Critical,Consistency_Success
64.7,94.4,13.4,65.9,3.8,94.6,Attendance_Critical,ScreenTime_Warning,Marks_Success
77.9,55.2,9.1,69.2,1.4,78.7,Attendance_Warning,General_Balanced,General_Balanced
76.6,22.9,12.7,74.4,6.8,85.9,Combo_HighStudy_LowMarks,Attendance_Warning,Marks_Critical
72.9,27.2,19.2,92.9,7.8,38.9,Combo_HighStudy_LowMarks,Attendance_Critical,Marks_Critical
63.7,82.5,15.5,46.6,5.0,71.9,Combo_HighScreen_LowHomework,Attendance_Critical,ScreenTime_Critical
79.2,80.5,8.1,98.8,7.7,17.6,Combo_LowStudy_LowConsistency,Attendance_Warning,ScreenTime_Critical
83.1,67.1,4.3,83.8,2.4,27.7,Combo_LowStudy_LowConsistency,Attendance_Warning,StudyHours_Critical
64.6,54.4,7.1,94.3,2.3,21.9,Combo_LowStudy_LowConsistency,Attendance_Critical,StudyHours_Critical
69.1,27.0,18.7,55.7,6.8,84.0,Combo_HighStudy_LowMarks,Combo_HighScreen_LowHomework,Attendance_Critical
62.4,21.8,17.4,45.1,2.8,62.2,Combo_HighStudy_LowMarks,Attendance_Critical,Marks_Critical
90.9,48.3,5.5,33.3,4.7,14.6,Combo_LowStudy_LowConsistency,Combo_HighScreen_LowHomework,StudyHours_Critical
58.5,49.4,13.9,52.1,1.6,97.1,Combo_HighStudy_LowMarks,Attendance_Critical,Consistency_Success
72.7,60.7,16.4,79.8,1.7,16.3,Attendance_Critical,Consistency_Warning,StudyHours_Success
59.4,38.1,18.9,42.7,1.8,14.0,Combo_HighStudy_LowMarks,Attendance_Critical,Marks_Critical
97.3,48.6,3.4,33.5,2.7,55.1,StudyHours_Critical,Attendance_Success,General_Balanced
50.4,62.4,14.2,40.8,7.1,42.2,Combo_HighScreen_LowHomework,Attendance_Critical,ScreenTime_Critical
75.6,47.3,8.2,43.5,3.5,84.4,Attendance_Warning,ScreenTime_Warning,Consistency_Success
55.5,36.3,19.6,60.5,2.5,51.7,Combo_HighStudy_LowMarks,Attendance_Critical,Marks_Critical
93.1,55.9,7.5,38.0,6.9,72.2,Combo_HighScreen_LowHomework,StudyHours_Critical,ScreenTime_Critical
74.8,36.3,2.8,85.6,2.4,57.2,Attendance_Critical,StudyHours_Critical,Marks_Critical
81.9,56.5,9.3,50.6,1.6,34.1,Combo_LowStudy_LowConsistency,Attendance_Warning,Consistency_Warning
86.6,28.3,13.0,74.7,6.4,30.8,Combo_HighStudy_LowMarks,Marks_Critical,ScreenTime_Critical
60.1,21.9,6.1,46.3,5.2,54.9,Combo_HighScreen_LowHomework,Attendance_Critical,StudyHours_Critical
58.2,49.0,4.4,73.7,6.9,20.0,Combo_LowStudy_LowConsistency,Attendance_Critical,StudyHours_Critical
60.2,76.4,2.1,62.7,5.9,71.1,Combo_HighScreen_LowHomework,Attendance_Critical,StudyHours_Critical
53.3,75.4,2.6,37.2,6.4,51.7,Combo_HighScreen_LowHomework,Attendance_Critical,StudyHours_Critical
97.1,33.5,7.1,42.3,6.9,44.0,Combo_HighScreen_LowHomework,StudyHours_Critical,Marks_Critical
52.7,73.2,3.5,60.0,7.1,97.9,Combo_HighScreen_LowHomework,Attendance_Critical,StudyHours_Critical
50.6,30.6,7.6,44.5,1.8,81.6,Attendance_Critical,StudyHours_Critical,Marks_Critical
51.4,25.2,17.7,64.1,3.4,10.4,Combo_HighStudy_LowMarks,Attendance_Critical,Marks_Critical
61.7,61.4,19.2,72.6,5.6,35.8,Attendance_Critical,ScreenTime_Critical,Consistency_Warning
62.1,90.9,8.2,59.0,4.6,16.3,Combo_LowStudy_LowConsistency,Combo_HighScreen_LowHomework,Attendance_Critical
71.0,65.0,9.2,59.9,4.7,85.4,Combo_HighScreen_LowHomework,Attendance_Critical,ScreenTime_Warning
93.5,31.5,6.3,91.0,5.3,44.1,StudyHours_Critical,Marks_Critical,ScreenTime_Critical
60.4,64.1,17.8,58.1,3.8,11.4,Attendance_Critical,ScreenTime_Warning,Consistency_Warning
86.3,25.1,19.3,58.5,2.5,60.7,Combo_HighStudy_LowMarks,Marks_Critical,StudyHours_Success
82.0,33.7,3.1,58.1,2.4,63.7,Attendance_Warning,StudyHours_Critical,Marks_Critical
99.1,60.5,11.5,30.5,7.5,70.5,Combo_HighScreen_LowHomework,ScreenTime_Critical,Attendance_Success
62.0,34.7,4.5,62.4,2.3,29.9,Combo_LowStudy_LowConsistency,Attendance_Critical,StudyHours_Critical
95.6,76.6,6.1,54.2,4.6,97.7,Combo_HighScreen_LowHomework,StudyHours_Critical,ScreenTime_Warning
53.8,41.9,12.8,94.9,2.4,60.3,Combo_HighStudy_LowMarks,Attendance_Critical,General_Balanced
85.0,32.4,17.0,69.8,1.7,73.8,Combo_HighStudy_LowMarks,Attendance_Warning,Marks_Critical
52.8,75.8,9.2,57.2,1.2,56.5,Attendance_Critical,General_Balanced,General_Balanced
68.3,37.1,16.7,73.4,3.6,69.9,Combo_HighStudy_LowMarks,Attendance_Critical,Marks_Critical
71.9,83.8,19.8,37.4,1.4,34.6,Attendance_Critical,Consistency_Warning,StudyHours_Success
74.1,31.6,2.1,53.9,1.0,60.7,Attendance_Critical,StudyHours_Critical,Marks_Critical
52.8,59.1,6.9,90.7,6.8,24.6,Combo_LowStudy_LowConsistency,Attendance_Critical,StudyHours_Critical
71.7,40.9,16.5,52.8,5.7,27.4,Combo_HighStudy_LowMarks,Combo_HighScreen_LowHomework,Attendance_Critical
72.8,27.2,16.4,42.1,5.4,50.9,Combo_HighStudy_LowMarks,Combo_HighScreen_LowHomework,Attendance_Critical
93.8,58.2,11.4,54.5,4.8,75.4,Combo_HighScreen_LowHomework,ScreenTime_Warning,General_Balanced
70.3,87.2,19.1,82.3,5.4,23.9,Attendance_Critical,ScreenTime_Critical,Consistency_Warning
88.0,39.0,2.2,83.8,4.1,37.2,Combo_LowStudy_LowConsistency,StudyHours_Critical,Marks_Critical
67.8,88.5,17.6,57.9,6.7,67.3,Combo_HighScreen_LowHomework,Attendance_Critical,ScreenTime_Critical
96.0,57.8,15.5,34.5,3.9,90.9,ScreenTime_Warning,Attendance_Success,StudyHours_Success
97.3,57.4,10.9,34.5,7.9,71.5,Combo_HighScreen_LowHomework,ScreenTime_Critical,Attendance_Success
79.7,49.3,4.8,44.3,4.5,97.4,Combo_HighScreen_LowHomework,Attendance_Warning,StudyHours_Critical
66.2,80.7,3.8,93.0,1.9,23.1,Combo_LowStudy_LowConsistency,Attendance_Critical,StudyHours_Critical
99.8,33.1,4.4,55.2,1.3,47.3,StudyHours_Critical,Marks_Critical,Attendance_Success
76.8,20.1,3.1,39.4,1.7,73.4,Attendance_Warning,StudyHours_Critical,Marks_Critical
50.7,39.2,6.2,89.4,1.7,40.5,Attendance_Critical,StudyHours_Critical,Marks_Critical
62.7,84.4,4.7,66.9,1.8,99.5,Attendance_Critical,StudyHours_Critical,Marks_Success
59.5,35.9,15.9,81.2,1.9,88.8,Combo_HighStudy_LowMarks,Attendance_Critical,Marks_Critical
86.9,23.4,5.0,79.3,5.9,60.6,StudyHours_Critical,Marks_Critical,ScreenTime_Critical
97.6,65.9,16.5,60.8,5.0,79.1,Combo_HighScreen_LowHomework,ScreenTime_Warning,Attendance_Success
74.0,49.3,11.2,79.7,2.4,46.1,Attendance_Critical,General_Balanced,General_Balanced
91.6,35.8,2.6,94.8,2.5,28.5,Combo_LowStudy_LowConsistency,StudyHours_Critical,Marks_Critical
99.0,40.6,3.9,32.3,7.1,87.6,Combo_HighScreen_LowHomework,StudyHours_Critical,ScreenTime_Critical
91.8,93.0,3.2,95.8,6.8,32.5,Combo_LowStudy_LowConsistency,StudyHours_Critical,ScreenTime_Critical
74.2,91.7,11.4,33.7,6.6,36.3,Combo_HighScreen_LowHomework,Attendance_Critical,ScreenTime_Critical
78.8,69.1,16.6,49.0,2.4,14.5,Attendance_Warning,Consistency_Warning,StudyHours_Success
64.2,43.2,11.7,43.2,6.8,68.2,Combo_HighScreen_LowHomework,Attendance_Critical,ScreenTime_Critical
89.3,27.7,3.9,92.3,5.8,74.5,StudyHours_Critical,Marks_Critical,ScreenTime_Critical
78.6,33.0,5.1,79.3,4.2,21.1,Combo_LowStudy_LowConsistency,Attendance_Warning,StudyHours_Critical
72.2,22.3,2.9,41.0,5.1,18.2,Combo_LowStudy_LowConsistency,Combo_HighScreen_LowHomework,Attendance_Critical
96.3,59.6,16.0,71.4,3.5,19.3,ScreenTime_Warning,Consistency_Warning,Attendance_Success
93.4,31.6,6.3,46.2,3.2,56.4,StudyHours_Critical,Marks_Critical,ScreenTime_Warning
85.7,74.1,18.5,60.6,4.1,33.0,Combo_HighScreen_LowHomework,ScreenTime_Warning,Consistency_Warning
65.4,30.7,19.6,69.9,1.4,21.2,Combo_HighStudy_LowMarks,Attendance_Critical,Marks_Critical
71.4,57.7,15.6,80.5,7.3,65.0,Attendance_Critical,ScreenTime_Critical,StudyHours_Success
69.8,85.8,5.0,93.7,5.0,38.1,Combo_LowStudy_LowConsistency,Attendance_Critical,StudyHours_Critical
68.8,32.0,2.4,59.1,7.9,63.7,Combo_HighScreen_LowHomework,Attendance_Critical,StudyHours_Critical
74.1,20.6,17.9,50.4,2.4,75.0,Combo_HighStudy_LowMarks,Attendance_Critical,Marks_Critical
85.3,34.8,9.1,50.6,4.8,80.8,Combo_HighScreen_LowHomework,Marks_Critical,ScreenTime_Warning
92.3,42.6,13.5,76.8,6.4,66.8,Combo_HighStudy_LowMarks,ScreenTime_Critical,General_Balanced
96.4,30.2,10.4,89.5,6.2,15.9,Marks_Critical,ScreenTime_Critical,Consistency_Warning
54.6,91.8,19.3,96.4,1.6,27.4,Attendance_Critical,Consistency_Warning,StudyHours_Success
88.3,77.2,19.2,36.9,4.2,17.0,Combo_HighScreen_LowHomework,ScreenTime_Warning,Consistency_Warning
60.2,62.8,10.0,99.3,6.9,67.5,Attendance_Critical,ScreenTime_Critical,General_Balanced
60.6,91.6,16.6,47.1,6.1,21.4,Combo_HighScreen_LowHomework,Attendance_Critical,ScreenTime_Critical
98.8,42.3,8.0,68.5,4.6,89.7,Combo_HighScreen_LowHomework,StudyHours_Critical,ScreenTime_Warning
87.7,28.9,20.0,74.2,6.2,33.4,Combo_HighStudy_LowMarks,Marks_Critical,ScreenTime_Critical
56.7,69.7,19.1,98.3,2.8,79.6,Attendance_Critical,StudyHours_Success,General_Balanced
92.3,74.4,17.1,49.0,5.3,34.3,Combo_HighScreen_LowHomework,ScreenTime_Critical,Consistency_Warning
56.2,26.0,15.8,64.4,3.0,91.7,Combo_HighStudy_LowMarks,Attendance_Critical,Marks_Critical
86.0,27.2,3.4,96.1,6.6,92.1,StudyHours_Critical,Marks_Critical,ScreenTime_Critical
74.7,68.4,13.9,88.2,2.8,75.6,Attendance_Critical,General_Balanced,General_Balanced
74.1,31.2,10.5,34.6,3.5,71.6,Attendance_Critical,Marks_Critical,ScreenTime_Warning
98.9,21.5,11.5,82.0,5.3,43.3,Marks_Critical,ScreenTime_Critical,Attendance_Success
89.6,88.1,4.6,74.2,6.1,80.6,StudyHours_Critical,ScreenTime_Critical,Marks_Success
80.8,36.9,16.3,62.2,4.8,69.3,Combo_HighStudy_LowMarks,Combo_HighScreen_LowHomework,Attendance_Warning
65.9,87.8,17.6,64.3,5.4,26.0,Combo_HighScreen_LowHomework,Attendance_Critical,ScreenTime_Critical
76.6,41.3,17.0,69.6,3.8,66.7,Combo_HighStudy_LowMarks,Attendance_Warning,ScreenTime_Warning
66.1,29.5,6.3,82.0,3.8,47.2,Attendance_Critical,StudyHours_Critical,Marks_Critical
55.9,50.8,5.8,91.8,1.2,60.0,Attendance_Critical,StudyHours_Critical,General_Balanced
95.7,77.2,16.9,56.0,7.2,59.8,Combo_HighScreen_LowHomework,ScreenTime_Critical,Attendance_Success
86.0,60.4,9.1,62.9,7.8,53.1,Combo_HighScreen_LowHomework,ScreenTime_Critical,General_Balanced
53.7,80.4,11.7,34.2,2.8,96.2,Attendance_Critical,Marks_Success,Consistency_Success
90.8,21.8,12.4,69.3,1.2,25.7,Combo_HighStudy_LowMarks,Marks_Critical,Consistency_Warning
61.1,25.1,3.5,78.1,4.8,54.1,Attendance_Critical,StudyHours_Critical,Marks_Critical
50.5,74.8,15.1,37.6,4.7,94.8,Combo_HighScreen_LowHomework,Attendance_Critical,ScreenTime_Warning
54.0,79.3,19.4,36.8,2.1,33.9,Attendance_Critical,Consistency_Warning,StudyHours_Success
50.7,66.6,17.8,31.1,2.7,82.7,Attendance_Critical,StudyHours_Success,Consistency_Success
63.8,57.5,3.7,96.4,6.2,18.0,Combo_LowStudy_LowConsistency,Attendance_Critical,StudyHours_Critical
77.8,31.7,13.8,61.1,5.1,32.2,Combo_HighStudy_LowMarks,Combo_HighScreen_LowHomework,Attendance_Warning
72.7,23.7,4.3,75.6,5.7,39.8,Combo_LowStudy_LowConsistency,Attendance_Critical,StudyHours_Critical
68.1,31.7,16.5,53.1,4.4,96.6,Combo_HighStudy_LowMarks,Combo_HighScreen_LowHomework,Attendance_Critical
67.5,86.0,6.8,70.3,1.3,59.4,Attendance_Critical,StudyHours_Critical,Marks_Success
83.1,38.1,17.3,54.6,4.0,31.2,Combo_HighStudy_LowMarks,Combo_HighScreen_LowHomework,Attendance_Warning
50.7,21.5,9.1,74.1,5.0,57.5,Attendance_Critical,Marks_Critical,ScreenTime_Critical
95.3,35.5,9.6,31.5,3.6,47.3,Marks_Critical,ScreenTime_Warning,Attendance_Success
99.2,90.1,14.4,30.2,2.7,39.5,Consistency_Warning,Attendance_Success,Marks_Success
79.7,70.5,11.4,67.4,2.0,27.9,Attendance_Warning,Consistency_Warning,General_Balanced
79.2,51.9,11.2,55.7,1.1,89.5,Attendance_Warning,Consistency_Success,General_Balanced
68.1,64.1,8.4,54.8,2.2,61.1,Attendance_Critical,General_Balanced,General_Balanced
57.6,47.4,13.4,32.3,4.4,63.2,Combo_HighStudy_LowMarks,Combo_HighScreen_LowHomework,Attendance_Critical
65.9,44.1,14.4,49.2,4.7,56.9,Combo_HighStudy_LowMarks,Combo_HighScreen_LowHomework,Attendance_Critical
60.8,65.6,8.2,72.0,4.8,88.1,Attendance_Critical,ScreenTime_Warning,Consistency_Success
70.2,64.2,17.6,60.0,3.6,61.8,Attendance_Critical,ScreenTime_Warning,StudyHours_Success
94.3,30.7,13.6,58.4,1.1,39.1,Combo_HighStudy_LowMarks,Marks_Critical,Consistency_Warning
73.4,24.1,17.5,58.7,4.4,57.0,Combo_HighStudy_LowMarks,Combo_HighScreen_LowHomework,Attendance_Critical
75.0,38.7,4.4,76.5,4.7,87.2,Attendance_Warning,StudyHours_Critical,Marks_Critical
58.5,81.8,10.2,73.7,2.4,70.1,Attendance_Critical,Marks_Success,General_Balanced
70.0,40.3,11.4,95.2,2.5,31.9,Attendance_Critical,Consistency_Warning,General_Balanced
70.3,85.9,4.0,74.1,5.5,31.3,Combo_LowStudy_LowConsistency,Attendance_Critical,StudyHours_Critical
58.7,82.5,17.1,48.7,4.8,89.6,Combo_HighScreen_LowHomework,Attendance_Critical,ScreenTime_Warning
68.1,90.1,5.2,58.4,7.7,74.0,Combo_HighScreen_LowHomework,Attendance_Critical,StudyHours_Critical
83.4,77.1,11.2,44.8,4.5,72.4,Combo_HighScreen_LowHomework,Attendance_Warning,ScreenTime_Warning
83.8,31.6,13.9,67.5,3.9,14.2,Combo_HighStudy_LowMarks,Attendance_Warning,Marks_Critical
92.2,51.5,7.2,39.9,2.4,74.3,StudyHours_Critical,General_Balanced,General_Balanced
80.1,30.4,13.2,95.2,6.1,17.4,Combo_HighStudy_LowMarks,Attendance_Warning,Marks_Critical
61.5,80.4,7.0,72.2,1.6,54.3,Attendance_Critical,StudyHours_Critical,Marks_Success
53.8,28.8,14.0,50.4,5.3,46.0,Combo_HighStudy_LowMarks,Combo_HighScreen_LowHomework,Attendance_Critical
65.9,68.0,16.0,90.4,5.1,26.8,Attendance_Critical,ScreenTime_Critical,Consistency_Warning
83.7,47.7,12.3,56.0,2.0,51.7,Combo_HighStudy_LowMarks,Attendance_Warning,General_Balanced
96.8,75.2,5.5,72.1,1.9,41.0,StudyHours_Critical,Attendance_Success,General_Balanced
96.6,83.2,5.8,90.1,3.1,46.3,StudyHours_Critical,ScreenTime_Warning,Attendance_Success
57.2,93.9,5.3,55.3,5.9,52.3,Combo_HighScreen_LowHomework,Attendance_Critical,StudyHours_Critical
50.0,79.2,6.9,64.4,6.5,91.8,Combo_HighScreen_LowHomework,Attendance_Critical,StudyHours_Critical
56.2,41.6,19.7,96.2,4.0,25.1,Combo_HighStudy_LowMarks,Attendance_Critical,ScreenTime_Warning
73.9,21.3,13.4,47.5,1.4,88.8,Combo_HighStudy_LowMarks,Attendance_Critical,Marks_Critical
86.3,20.3,5.0,82.8,4.4,41.6,StudyHours_Critical,Marks_Critical,ScreenTime_Warning
54.0,65.6,12.0,65.9,3.0,73.8,Attendance_Critical,General_Balanced,General_Balanced
50.6,39.4,6.6,67.7,4.1,53.7,Combo_HighScreen_LowHomework,Attendance_Critical,StudyHours_Critical
57.9,55.5,8.9,92.5,3.3,56.4,Attendance_Critical,ScreenTime_Warning,General_Balanced
60.5,38.6,7.2,41.6,6.3,53.0,Combo_HighScreen_LowHomework,Attendance_Critical,StudyHours_Critical
95.1,26.9,3.5,63.5,6.0,79.6,Combo_HighScreen_LowHomework,StudyHours_Critical,Marks_Critical
51.3,63.0,15.6,61.2,7.0,38.0,Combo_HighScreen_LowHomework,Attendance_Critical,ScreenTime_Critical
58.0,23.5,19.5,74.9,5.4,35.1,Combo_HighStudy_LowMarks,Attendance_Critical,Marks_Critical
90.1,62.8,3.7,44.1,2.8,83.3,StudyHours_Critical,Consistency_Success,General_Balanced
65.4,47.0,19.7,74.3,6.0,71.4,Combo_HighStudy_LowMarks,Attendance_Critical,ScreenTime_Critical
75.2,88.7,5.5,35.1,3.8,55.6,Attendance_Warning,StudyHours_Critical,ScreenTime_Warning
86.2,26.6,9.7,95.8,3.4,95.1,Marks_Critical,ScreenTime_Warning,Consistency_Success
57.1,35.5,9.3,82.0,4.2,54.0,Attendance_Critical,Marks_Critical,ScreenTime_Warning
65.5,30.0,11.5,58.6,4.1,87.1,Combo_HighScreen_LowHomework,Attendance_Critical,Marks_Critical
60.5,80.9,15.1,53.3,6.9,69.5,Combo_HighScreen_LowHomework,Attendance_Critical,ScreenTime_Critical
79.6,23.9,14.0,83.8,3.3,38.8,Combo_HighStudy_LowMarks,Attendance_Warning,Marks_Critical
58.5,79.9,11.0,48.6,4.6,58.1,Combo_HighScreen_LowHomework,Attendance_Critical,ScreenTime_Warning
76.8,36.6,7.9,85.8,1.1,99.4,Attendance_Warning,StudyHours_Critical,Marks_Critical
87.4,29.2,14.0,94.7,3.1,42.5,Combo_HighStudy_LowMarks,Marks_Critical,ScreenTime_Warning
87.7,62.9,11.7,58.6,4.6,48.9,Combo_HighScreen_LowHomework,ScreenTime_Warning,General_Balanced
90.3,30.7,2.2,40.6,4.5,22.1,Combo_LowStudy_LowConsistency,Combo_HighScreen_LowHomework,StudyHours_Critical
51.1,46.1,19.5,33.7,2.5,68.2,Combo_HighStudy_LowMarks,Attendance_Critical,StudyHours_Success
71.1,35.7,14.0,31.2,5.0,75.1,Combo_HighStudy_LowMarks,Combo_HighScreen_LowHomework,Attendance_Critical
62.5,87.7,4.0,66.8,2.5,74.7,Attendance_Critical,StudyHours_Critical,Marks_Success
69.1,67.3,9.3,42.6,5.2,73.8,Combo_HighScreen_LowHomework,Attendance_Critical,ScreenTime_Critical
80.7,85.3,4.1,56.3,6.1,53.3,Combo_HighScreen_LowHomework,Attendance_Warning,StudyHours_Critical
89.2,44.1,15.9,86.4,2.6,89.1,Combo_HighStudy_LowMarks,StudyHours_Success,Consistency_Success
99.9,20.8,12.9,85.6,4.5,15.4,Combo_HighStudy_LowMarks,Marks_Critical,ScreenTime_Warning
86.5,79.9,6.5,52.8,1.1,58.8,StudyHours_Critical,General_Balanced,General_Balanced
88.5,42.9,6.8,73.5,3.6,17.4,Combo_LowStudy_LowConsistency,StudyHours_Critical,ScreenTime_Warning
51.3,81.2,11.9,50.9,1.5,13.3,Attendance_Critical,Consistency_Warning,Marks_Success
74.4,91.4,18.1,70.9,2.2,14.5,Attendance_Critical,Consistency_Warning,StudyHours_Success
58.0,33.7,10.6,74.1,4.9,59.5,Attendance_Critical,Marks_Critical,ScreenTime_Warning
83.9,60.8,12.7,54.1,1.0,54.0,Attendance_Warning,General_Balanced,General_Balanced
63.8,44.3,18.7,34.9,3.2,43.3,Combo_HighStudy_LowMarks,Attendance_Critical,ScreenTime_Warning
99.0,46.3,5.6,92.5,4.4,99.5,StudyHours_Critical,ScreenTime_Warning,Attendance_Success
73.9,55.2,4.4,31.7,1.2,94.2,Attendance_Critical,StudyHours_Critical,Consistency_Success
58.3,72.3,7.8,50.1,7.4,29.3,Combo_LowStudy_LowConsistency,Combo_HighScreen_LowHomework,Attendance_Critical
97.8,51.3,6.6,91.7,3.4,28.6,Combo_LowStudy_LowConsistency,StudyHours_Critical,ScreenTime_Warning
88.6,84.6,12.5,59.7,6.2,46.7,Combo_HighScreen_LowHomework,ScreenTime_Critical,Marks_Success
60.1,74.7,6.8,79.2,2.6,60.7,Attendance_Critical,StudyHours_Critical,General_Balanced
92.9,80.1,3.8,65.3,1.4,24.7,Combo_LowStudy_LowConsistency,StudyHours_Critical,Consistency_Warning
62.7,37.2,6.7,58.7,4.4,27.1,Combo_LowStudy_LowConsistency,Combo_HighScreen_LowHomework,Attendance_Critical
89.1,37.1,13.4,74.6,1.5,40.4,Combo_HighStudy_LowMarks,Marks_Critical,General_Balanced
97.5,94.9,8.4,54.5,4.6,71.9,Combo_HighScreen_LowHomework,ScreenTime_Warning,Attendance_Success
59.1,22.7,8.3,96.6,2.8,57.1,Attendance_Critical,Marks_Critical,General_Balanced
55.9,41.3,14.2,34.0,6.8,35.0,Combo_HighStudy_LowMarks,Combo_HighScreen_LowHomework,Attendance_Critical
55.9,42.4,18.0,49.3,1.8,39.7,Combo_HighStudy_LowMarks,Attendance_Critical,Consistency_Warning
70.6,67.7,6.0,89.9,5.5,38.0,Combo_LowStudy_LowConsistency,Attendance_Critical,StudyHours_Critical
60.5,94.1,12.2,81.7,6.1,26.6,Attendance_Critical,ScreenTime_Critical,Consistency_Warning
55.4,78.2,11.1,97.6,4.1,92.1,Attendance_Critical,ScreenTime_Warning,Consistency_Success
60.7,46.4,11.7,73.3,3.8,77.0,Attendance_Critical,ScreenTime_Warning,General_Balanced
71.1,76.2,11.2,39.6,7.1,46.4,Combo_HighScreen_LowHomework,Attendance_Critical,ScreenTime_Critical
64.4,36.8,7.3,81.6,7.2,57.9,Attendance_Critical,StudyHours_Critical,Marks_Critical
92.9,69.1,5.8,40.2,8.0,51.7,Combo_HighScreen_LowHomework,StudyHours_Critical,ScreenTime_Critical
87.7,22.9,11.5,86.0,6.4,13.9,Marks_Critical,ScreenTime_Critical,Consistency_Warning
50.3,52.9,3.8,71.7,1.8,54.7,Attendance_Critical,StudyHours_Critical,General_Balanced
50.6,57.9,16.2,37.2,3.1,69.4,Attendance_Critical,ScreenTime_Warning,StudyHours_Success
63.4,73.7,8.3,73.9,7.5,91.2,Attendance_Critical,ScreenTime_Critical,Consistency_Success
58.9,31.2,4.9,93.9,3.5,84.1,Attendance_Critical,StudyHours_Critical,Marks_Critical
59.5,32.7,10.5,31.7,4.6,98.0,Combo_HighScreen_LowHomework,Attendance_Critical,Marks_Critical
70.2,69.3,2.7,60.0,6.4,95.7,Combo_HighScreen_LowHomework,Attendance_Critical,StudyHours_Critical
83.9,45.9,16.2,73.5,2.6,29.3,Combo_HighStudy_LowMarks,Attendance_Warning,Consistency_Warning
59.6,65.5,8.6,78.6,2.8,88.6,Attendance_Critical,Consistency_Success,General_Balanced
67.0,23.7,6.9,47.3,4.8,94.5,Combo_HighScreen_LowHomework,Attendance_Critical,StudyHours_Critical
94.3,84.7,11.3,90.5,5.2,14.5,ScreenTime_Critical,Consistency_Warning,Marks_Success
99.4,76.6,12.7,43.6,6.9,76.5,Combo_HighScreen_LowHomework,ScreenTime_Critical,Attendance_Success
82.7,58.3,11.8,59.1,1.2,45.1,Attendance_Warning,General_Balanced,General_Balanced
65.8,71.9,18.5,62.4,6.8,78.1,Combo_HighScreen_LowHomework,Attendance_Critical,ScreenTime_Critical
90.2,58.6,7.7,77.1,5.2,40.2,StudyHours_Critical,ScreenTime_Critical,General_Balanced
86.8,62.6,7.3,88.7,5.2,80.1,StudyHours_Critical,ScreenTime_Critical,Consistency_Success
85.5,35.1,15.1,33.8,2.5,19.1,Combo_HighStudy_LowMarks,Marks_Critical,Consistency_Warning
82.0,58.9,12.0,61.7,6.5,79.3,Combo_HighScreen_LowHomework,Attendance_Warning,ScreenTime_Critical
53.3,43.8,3.2,44.2,1.7,24.1,Combo_LowStudy_LowConsistency,Attendance_Critical,StudyHours_Critical
64.4,86.3,2.3,65.2,7.1,10.9,Combo_LowStudy_LowConsistency,Combo_HighScreen_LowHomework,Attendance_Critical
93.3,28.4,19.4,83.2,7.8,34.1,Combo_HighStudy_LowMarks,Marks_Critical,ScreenTime_Critical
79.4,33.8,6.4,84.3,5.5,10.4,Combo_LowStudy_LowConsistency,Attendance_Warning,StudyHours_Critical
53.0,25.9,9.0,53.4,2.3,94.8,Attendance_Critical,Marks_Critical,Consistency_Success
79.0,81.8,9.2,76.7,6.8,40.7,Attendance_Warning,ScreenTime_Critical,Marks_Success
67.1,76.7,10.1,80.9,1.7,26.7,Attendance_Critical,Consistency_Warning,General_Balanced
73.2,87.3,9.4,72.9,6.4,95.6,Attendance_Critical,ScreenTime_Critical,Marks_Success
50.2,81.6,5.2,58.3,2.0,60.9,Attendance_Critical,StudyHours_Critical,Marks_Success
87.3,33.5,17.9,63.4,6.1,87.5,Combo_HighStudy_LowMarks,Combo_HighScreen_LowHomework,Marks_Critical
96.0,46.6,5.8,41.4,3.5,28.9,Combo_LowStudy_LowConsistency,StudyHours_Critical,ScreenTime_Warning
52.8,67.3,3.5,92.9,5.1,98.6,Attendance_Critical,StudyHours_Critical,ScreenTime_Critical
97.5,89.4,12.6,68.5,3.4,71.8,ScreenTime_Warning,Attendance_Success,Marks_Success
85.0,72.4,11.8,30.2,7.8,52.4,Combo_HighScreen_LowHomework,Attendance_Warning,ScreenTime_Critical
61.5,64.6,2.0,51.3,5.7,85.3,Combo_HighScreen_LowHomework,Attendance_Critical,StudyHours_Critical
61.1,27.3,17.0,70.9,3.8,49.1,Combo_HighStudy_LowMarks,Attendance_Critical,Marks_Critical
86.4,24.9,8.9,40.3,1.3,11.2,Combo_LowStudy_LowConsistency,Marks_Critical,Consistency_Warning
57.7,50.4,10.2,60.6,2.7,14.6,Attendance_Critical,Consistency_Warning,General_Balanced
54.4,91.3,13.1,30.8,4.8,96.3,Combo_HighScreen_LowHomework,Attendance_Critical,ScreenTime_Warning
94.6,34.6,11.4,36.6,1.1,40.3,Marks_Critical,General_Balanced,General_Balanced
86.9,30.8,16.4,96.5,5.5,49.4,Combo_HighStudy_LowMarks,Marks_Critical,ScreenTime_Critical
87.3,67.6,9.2,82.6,4.0,49.8,ScreenTime_Warning,General_Balanced,General_Balanced
58.7,35.9,6.6,60.0,7.2,93.3,Combo_HighScreen_LowHomework,Attendance_Critical,StudyHours_Critical
85.3,84.7,17.9,43.3,3.5,31.1,ScreenTime_Warning,Consistency_Warning,StudyHours_Success
63.3,31.1,8.0,92.8,3.0,64.8,Attendance_Critical,StudyHours_Critical,Marks_Critical
70.8,78.1,9.5,93.2,6.4,72.5,Attendance_Critical,ScreenTime_Critical,General_Balanced
80.4,80.3,6.0,39.7,4.3,90.9,Combo_HighScreen_LowHomework,Attendance_Warning,StudyHours_Critical
87.9,75.7,16.0,33.2,6.5,22.4,Combo_HighScreen_LowHomework,ScreenTime_Critical,Consistency_Warning
74.7,89.0,10.9,32.2,1.6,92.2,Attendance_Critical,Marks_Success,Consistency_Success
66.2,46.8,11.9,37.2,2.0,73.3,Attendance_Critical,General_Balanced,General_Balanced
56.6,64.1,6.5,86.1,5.7,14.3,Combo_LowStudy_LowConsistency,Attendance_Critical,StudyHours_Critical
62.1,21.7,4.8,67.1,4.8,29.5,Combo_LowStudy_LowConsistency,Combo_HighScreen_LowHomework,Attendance_Critical
69.4,82.9,5.2,95.3,6.8,66.3,Attendance_Critical,StudyHours_Critical,ScreenTime_Critical
75.9,80.0,15.9,82.2,7.3,95.6,Attendance_Warning,ScreenTime_Critical,StudyHours_Success
58.9,27.5,6.6,70.7,4.0,46.2,Attendance_Critical,StudyHours_Critical,Marks_Critical
83.3,84.5,7.6,71.8,1.9,71.0,Attendance_Warning,StudyHours_Critical,Marks_Success
87.5,66.9,13.4,72.4,6.3,65.0,ScreenTime_Critical,General_Balanced,General_Balanced
60.6,84.9,7.5,54.2,4.2,31.3,Combo_LowStudy_LowConsistency,Combo_HighScreen_LowHomework,Attendance_Critical
69.5,32.6,13.0,68.3,5.9,91.8,Combo_HighStudy_LowMarks,Combo_HighScreen_LowHomework,Attendance_Critical
86.5,87.3,17.6,71.0,6.8,66.3,ScreenTime_Critical,StudyHours_Success,Marks_Success
84.2,55.6,19.4,73.9,3.7,41.2,Attendance_Warning,ScreenTime_Warning,StudyHours_Success
50.2,45.8,9.9,59.8,3.1,12.6,Combo_LowStudy_LowConsistency,Attendance_Critical,ScreenTime_Warning
88.7,48.0,14.4,96.5,6.9,82.3,Combo_HighStudy_LowMarks,ScreenTime_Critical,Consistency_Success
50.9,81.2,10.4,39.9,5.9,93.2,Combo_HighScreen_LowHomework,Attendance_Critical,ScreenTime_Critical
70.4,49.0,12.3,80.5,6.7,55.4,Combo_HighStudy_LowMarks,Attendance_Critical,ScreenTime_Critical
62.5,41.8,3.4,76.6,6.0,21.8,Combo_LowStudy_LowConsistency,Attendance_Critical,StudyHours_Critical
67.4,39.1,17.7,35.5,2.5,99.2,Combo_HighStudy_LowMarks,Attendance_Critical,Marks_Critical
74.3,30.4,6.5,64.1,3.4,71.2,Attendance_Critical,StudyHours_Critical,Marks_Critical
82.9,26.6,18.4,92.4,7.7,75.0,Combo_HighStudy_LowMarks,Attendance_Warning,Marks_Critical
52.8,94.1,18.7,64.1,2.5,61.4,Attendance_Critical,StudyHours_Success,Marks_Success
85.8,64.3,17.5,33.9,7.5,79.4,Combo_HighScreen_LowHomework,ScreenTime_Critical,StudyHours_Success
76.3,84.4,6.9,54.6,2.5,25.0,Combo_LowStudy_LowConsistency,Attendance_Warning,StudyHours_Critical
98.7,83.4,2.0,85.1,5.9,92.1,StudyHours_Critical,ScreenTime_Critical,Attendance_Success
97.7,26.6,12.7,60.9,2.1,23.3,Combo_HighStudy_LowMarks,Marks_Critical,Consistency_Warning
69.2,36.6,12.8,94.1,4.3,74.3,Combo_HighStudy_LowMarks,Attendance_Critical,Marks_Critical
51.8,58.7,19.3,34.3,6.5,41.6,Combo_HighScreen_LowHomework,Attendance_Critical,ScreenTime_Critical
74.6,22.6,3.9,61.6,5.7,80.3,Combo_HighScreen_LowHomework,Attendance_Critical,StudyHours_Critical
90.2,72.2,9.3,84.4,3.1,80.4,ScreenTime_Warning,Consistency_Success,General_Balanced
96.1,41.3,15.4,57.3,1.8,21.2,Combo_HighStudy_LowMarks,Consistency_Warning,Attendance_Success
85.4,40.1,7.4,61.5,2.8,30.1,Combo_LowStudy_LowConsistency,StudyHours_Critical,Consistency_Warning
56.6,51.7,8.0,90.3,7.8,76.6,Attendance_Critical,StudyHours_Critical,ScreenTime_Critical
51.9,32.4,9.1,47.1,6.0,76.8,Combo_HighScreen_LowHomework,Attendance_Critical,Marks_Critical
86.9,86.4,9.2,39.2,2.6,68.3,Marks_Success,General_Balanced,General_Balanced
78.5,21.9,14.2,91.5,4.5,81.2,Combo_HighStudy_LowMarks,Attendance_Warning,Marks_Critical
60.0,68.4,17.4,93.1,3.8,26.3,Attendance_Critical,ScreenTime_Warning,Consistency_Warning
74.7,47.5,19.4,92.0,2.9,38.6,Combo_HighStudy_LowMarks,Attendance_Critical,Consistency_Warning
87.6,53.6,2.0,76.3,3.3,58.8,StudyHours_Critical,ScreenTime_Warning,General_Balanced
61.7,61.2,5.9,92.2,5.3,55.5,Attendance_Critical,StudyHours_Critical,ScreenTime_Critical
86.9,36.8,11.3,82.1,4.1,42.1,Marks_Critical,ScreenTime_Warning,General_Balanced
80.7,24.4,8.3,48.3,2.8,99.4,Attendance_Warning,Marks_Critical,Consistency_Success
58.8,85.6,10.1,58.4,3.9,60.3,Attendance_Critical,ScreenTime_Warning,Marks_Success
60.0,49.1,3.8,59.3,5.4,33.0,Combo_LowStudy_LowConsistency,Combo_HighScreen_LowHomework,Attendance_Critical
81.1,70.4,4.2,90.9,6.4,96.9,Attendance_Warning,StudyHours_Critical,ScreenTime_Critical
66.7,78.5,9.1,79.3,5.5,34.2,Combo_LowStudy_LowConsistency,Attendance_Critical,ScreenTime_Critical
85.7,61.3,18.5,70.4,4.0,59.1,ScreenTime_Warning,StudyHours_Success,General_Balanced
78.8,24.4,12.7,78.0,7.0,38.4,Combo_HighStudy_LowMarks,Attendance_Warning,Marks_Critical
95.7,59.9,9.5,82.1,7.0,30.6,Combo_LowStudy_LowConsistency,ScreenTime_Critical,Consistency_Warning
68.0,53.1,9.6,48.2,2.4,35.0,Combo_LowStudy_LowConsistency,Attendance_Critical,Consistency_Warning
63.7,43.1,9.6,98.0,7.8,70.1,Attendance_Critical,ScreenTime_Critical,General_Balanced
63.4,82.6,17.6,32.9,7.5,91.1,Combo_HighScreen_LowHomework,Attendance_Critical,ScreenTime_Critical
80.1,48.8,11.8,95.4,3.4,50.2,Attendance_Warning,ScreenTime_Warning,General_Balanced
56.1,42.8,3.9,45.2,7.1,89.6,Combo_HighScreen_LowHomework,Attendance_Critical,StudyHours_Critical
64.9,76.7,5.6,70.0,7.3,89.9,Combo_HighScreen_LowHomework,Attendance_Critical,StudyHours_Critical
87.5,59.5,8.2,97.3,7.3,39.2,Combo_LowStudy_LowConsistency,ScreenTime_Critical,Consistency_Warning
90.0,85.1,17.9,55.4,3.1,26.3,ScreenTime_Warning,Consistency_Warning,StudyHours_Success
65.2,23.6,17.3,35.9,5.1,11.4,Combo_HighStudy_LowMarks,Combo_HighScreen_LowHomework,Attendance_Critical
54.9,85.0,9.0,84.9,4.9,73.9,Attendance_Critical,ScreenTime_Warning,Marks_Success
74.7,72.1,2.1,98.6,7.0,52.5,Attendance_Critical,StudyHours_Critical,ScreenTime_Critical
97.4,66.0,9.4,85.2,2.2,24.7,Combo_LowStudy_LowConsistency,Consistency_Warning,Attendance_Success
61.0,49.5,13.1,54.4,7.5,29.0,Combo_HighStudy_LowMarks,Combo_HighScreen_LowHomework,Attendance_Critical
71.7,91.7,14.1,31.8,3.1,49.8,Attendance_Critical,ScreenTime_Warning,Marks_Success
84.3,72.4,5.4,74.7,7.2,56.2,Attendance_Warning,StudyHours_Critical,ScreenTime_Critical
54.4,92.6,16.3,87.1,1.4,59.3,Attendance_Critical,StudyHours_Success,Marks_Success
71.1,25.7,19.5,84.3,7.1,38.9,Combo_HighStudy_LowMarks,Attendance_Critical,Marks_Critical
61.9,20.9,11.4,59.7,7.8,57.0,Combo_HighScreen_LowHomework,Attendance_Critical,Marks_Critical
85.7,48.9,6.7,41.8,8.0,34.1,Combo_LowStudy_LowConsistency,Combo_HighScreen_LowHomework,StudyHours_Critical
54.6,36.2,19.3,87.8,4.2,13.2,Combo_HighStudy_LowMarks,Attendance_Critical,Marks_Critical
67.7,23.9,3.4,98.5,7.7,95.0,Attendance_Critical,StudyHours_Critical,Marks_Critical
87.7,88.2,6.2,45.5,1.5,64.1,StudyHours_Critical,Marks_Success,General_Balanced
66.9,64.8,3.9,94.9,5.0,21.0,Combo_LowStudy_LowConsistency,Attendance_Critical,StudyHours_Critical
62.9,43.0,18.0,61.5,4.1,26.4,Combo_HighStudy_LowMarks,Combo_HighScreen_LowHomework,Attendance_Critical
76.1,50.3,5.5,64.0,7.6,46.2,Combo_HighScreen_LowHomework,Attendance_Warning,StudyHours_Critical
75.7,39.9,13.3,68.5,1.2,59.8,Combo_HighStudy_LowMarks,Attendance_Warning,Marks_Critical
87.6,77.0,7.6,49.8,4.7,79.8,Combo_HighScreen_LowHomework,StudyHours_Critical,ScreenTime_Warning
99.1,52.2,13.6,43.8,3.3,60.2,ScreenTime_Warning,Attendance_Success,General_Balanced
62.1,24.8,18.4,92.4,7.9,91.4,Combo_HighStudy_LowMarks,Attendance_Critical,Marks_Critical
82.4,48.5,19.5,49.0,1.3,94.1,Combo_HighStudy_LowMarks,Attendance_Warning,StudyHours_Success
67.4,79.3,5.3,79.3,3.7,50.0,Attendance_Critical,StudyHours_Critical,ScreenTime_Warning
91.6,52.3,10.3,74.5,4.4,23.1,ScreenTime_Warning,Consistency_Warning,General_Balanced
65.4,83.9,3.8,91.2,2.6,73.9,Attendance_Critical,StudyHours_Critical,Marks_Success
58.2,72.5,16.1,43.1,3.3,53.0,Attendance_Critical,ScreenTime_Warning,StudyHours_Success
84.3,72.1,11.2,75.9,3.3,76.9,Attendance_Warning,ScreenTime_Warning,General_Balanced
64.9,61.5,7.4,77.2,6.5,10.3,Combo_LowStudy_LowConsistency,Attendance_Critical,StudyHours_Critical
64.3,73.3,16.8,88.5,3.2,92.9,Attendance_Critical,ScreenTime_Warning,StudyHours_Success
89.8,69.2,18.5,53.1,1.7,99.3,StudyHours_Success,Consistency_Success,General_Balanced
73.8,42.1,15.9,55.5,1.7,89.9,Combo_HighStudy_LowMarks,Attendance_Critical,StudyHours_Success
95.9,21.7,4.9,74.1,1.4,25.1,Combo_LowStudy_LowConsistency,StudyHours_Critical,Marks_Critical
60.6,44.3,8.6,64.9,2.2,63.7,Attendance_Critical,General_Balanced,General_Balanced
79.9,28.7,7.2,48.3,6.8,37.9,Combo_LowStudy_LowConsistency,Combo_HighScreen_LowHomework,Attendance_Warning
90.9,91.1,18.3,83.4,1.6,76.6,StudyHours_Success,Marks_Success,General_Balanced
52.6,69.6,3.2,65.7,5.0,36.1,Combo_LowStudy_LowConsistency,Combo_HighScreen_LowHomework,Attendance_Critical
63.9,31.0,7.0,76.5,2.2,74.9,Attendance_Critical,StudyHours_Critical,Marks_Critical
79.4,23.4,8.2,91.8,5.3,20.8,Combo_LowStudy_LowConsistency,Attendance_Warning,Marks_Critical
73.3,71.1,6.7,50.3,2.4,45.9,Attendance_Critical,StudyHours_Critical,General_Balanced
50.9,68.5,2.7,94.7,6.0,51.4,Attendance_Critical,StudyHours_Critical,ScreenTime_Critical
72.2,57.0,2.3,92.8,7.0,23.1,Combo_LowStudy_LowConsistency,Attendance_Critical,StudyHours_Critical
85.1,81.0,9.1,74.8,1.8,53.9,Marks_Success,General_Balanced,General_Balanced
92.4,61.6,7.9,82.7,5.1,54.5,StudyHours_Critical,ScreenTime_Critical,General_Balanced
81.7,43.9,19.1,93.1,2.2,20.5,Combo_HighStudy_LowMarks,Attendance_Warning,Consistency_Warning
80.7,77.3,16.2,72.1,3.0,38.4,Attendance_Warning,ScreenTime_Warning,Consistency_Warning
71.3,94.4,9.3,81.9,5.3,82.4,Attendance_Critical,ScreenTime_Critical,Marks_Success
52.4,61.4,6.3,94.5,3.0,18.4,Combo_LowStudy_LowConsistency,Attendance_Critical,StudyHours_Critical
79.3,39.3,18.6,37.8,3.4,81.4,Combo_HighStudy_LowMarks,Attendance_Warning,Marks_Critical
88.5,73.0,15.0,81.7,1.1,45.3,StudyHours_Success,General_Balanced,General_Balanced
61.4,41.4,7.1,74.4,3.3,97.2,Attendance_Critical,StudyHours_Critical,ScreenTime_Warning
63.1,69.5,2.8,90.1,4.1,65.1,Attendance_Critical,StudyHours_Critical,ScreenTime_Warning
82.3,42.2,3.6,59.8,1.7,13.0,Combo_LowStudy_LowConsistency,Attendance_Warning,StudyHours_Critical
99.2,43.4,5.7,57.8,5.0,68.6,Combo_HighScreen_LowHomework,StudyHours_Critical,ScreenTime_Critical
57.1,86.1,3.0,57.4,7.2,32.6,Combo_LowStudy_LowConsistency,Combo_HighScreen_LowHomework,Attendance_Critical
63.4,88.1,11.9,67.2,4.0,59.8,Combo_HighScreen_LowHomework,Attendance_Critical,ScreenTime_Warning
70.5,81.5,2.7,58.3,6.0,57.5,Combo_HighScreen_LowHomework,Attendance_Critical,StudyHours_Critical
95.2,40.8,7.2,69.6,6.7,75.4,Combo_HighScreen_LowHomework,StudyHours_Critical,ScreenTime_Critical
91.8,67.5,12.0,37.9,6.4,13.6,Combo_HighScreen_LowHomework,ScreenTime_Critical,Consistency_Warning
57.8,89.9,14.7,34.6,3.2,90.0,Attendance_Critical,ScreenTime_Warning,Marks_Success
91.6,88.3,10.0,88.7,5.9,53.2,ScreenTime_Critical,Marks_Success,General_Balanced
70.0,41.4,15.2,64.4,4.6,78.1,Combo_HighStudy_LowMarks,Combo_HighScreen_LowHomework,Attendance_Critical
59.7,78.5,8.1,39.0,5.0,14.2,Combo_LowStudy_LowConsistency,Combo_HighScreen_LowHomework,Attendance_Critical
67.2,88.4,18.8,62.9,5.3,21.0,Combo_HighScreen_LowHomework,Attendance_Critical,ScreenTime_Critical
87.2,41.5,7.5,93.1,2.5,66.3,StudyHours_Critical,General_Balanced,General_Balanced
97.2,84.5,13.6,94.8,3.3,12.5,ScreenTime_Warning,Consistency_Warning,Attendance_Success
50.3,78.3,9.9,61.4,2.2,54.7,Attendance_Critical,General_Balanced,General_Balanced
80.1,53.7,12.9,89.0,4.7,93.5,Attendance_Warning,ScreenTime_Warning,Consistency_Success
52.5,93.6,18.8,38.5,4.8,51.2,Combo_HighScreen_LowHomework,Attendance_Critical,ScreenTime_Warning
85.2,80.9,11.7,78.2,3.2,85.8,ScreenTime_Warning,Marks_Success,Consistency_Success
62.2,33.1,19.5,87.3,1.5,22.0,Combo_HighStudy_LowMarks,Attendance_Critical,Marks_Critical
83.5,87.5,13.8,59.0,4.4,88.5,Combo_HighScreen_LowHomework,Attendance_Warning,ScreenTime_Warning
84.2,59.1,8.3,56.2,1.9,79.2,Attendance_Warning,General_Balanced,General_Balanced
67.3,68.2,8.6,50.5,1.7,81.0,Attendance_Critical,Consistency_Success,General_Balanced
52.5,93.4,5.3,80.0,4.8,56.8,Attendance_Critical,StudyHours_Critical,ScreenTime_Warning
98.1,44.4,10.3,62.5,7.1,13.2,Combo_HighScreen_LowHomework,ScreenTime_Critical,Consistency_Warning
82.7,24.5,9.6,37.3,1.3,53.7,Attendance_Warning,Marks_Critical,General_Balanced
94.8,70.9,16.4,40.7,1.1,35.4,Consistency_Warning,StudyHours_Success,General_Balanced
80.9,46.5,10.8,99.5,3.4,54.2,Attendance_Warning,ScreenTime_Warning,General_Balanced
91.1,70.2,3.2,60.9,6.3,79.3,Combo_HighScreen_LowHomework,StudyHours_Critical,ScreenTime_Critical
61.9,44.5,3.4,44.4,7.3,82.3,Combo_HighScreen_LowHomework,Attendance_Critical,StudyHours_Critical
84.0,87.5,4.9,46.7,4.2,87.3,Combo_HighScreen_LowHomework,Attendance_Warning,StudyHours_Critical
92.4,78.9,11.0,54.3,6.9,93.2,Combo_HighScreen_LowHomework,ScreenTime_Critical,Consistency_Success
97.6,58.2,13.0,100.0,1.1,55.5,Attendance_Success,General_Balanced,General_Balanced
96.2,47.2,12.2,90.0,6.2,25.1,Combo_HighStudy_LowMarks,ScreenTime_Critical,Consistency_Warning
90.0,36.4,14.9,35.2,4.5,80.3,Combo_HighStudy_LowMarks,Combo_HighScreen_LowHomework,Marks_Critical
68.1,77.6,18.2,82.4,1.3,43.9,Attendance_Critical,StudyHours_Success,General_Balanced
63.4,86.9,9.3,77.9,7.2,97.9,Attendance_Critical,ScreenTime_Critical,Marks_Success
93.8,45.8,4.9,56.4,7.8,13.1,Combo_LowStudy_LowConsistency,Combo_HighScreen_LowHomework,StudyHours_Critical
78.9,41.7,13.1,85.4,2.3,32.3,Combo_HighStudy_LowMarks,Attendance_Warning,Consistency_Warning
59.7,45.3,11.0,52.3,5.7,41.4,Combo_HighScreen_LowHomework,Attendance_Critical,ScreenTime_Critical
86.5,20.6,15.3,38.0,6.3,54.5,Combo_HighStudy_LowMarks,Combo_HighScreen_LowHomework,Marks_Critical
85.3,31.2,7.7,60.3,1.8,46.0,StudyHours_Critical,Marks_Critical,General_Balanced
91.1,62.1,12.7,56.3,2.9,99.9,Consistency_Success,General_Balanced,General_Balanced
85.9,64.2,13.5,65.7,7.3,51.4,Combo_HighScreen_LowHomework,ScreenTime_Critical,General_Balanced
81.1,37.1,17.7,96.4,1.9,39.1,Combo_HighStudy_LowMarks,Attendance_Warning,Marks_Critical
90.2,86.7,7.8,35.5,4.7,69.1,Combo_HighScreen_LowHomework,StudyHours_Critical,ScreenTime_Warning
62.3,67.4,14.9,76.5,5.1,74.1,Attendance_Critical,ScreenTime_Critical,General_Balanced
81.8,93.0,14.3,36.9,6.6,14.5,Combo_HighScreen_LowHomework,Attendance_Warning,ScreenTime_Critical
67.3,47.5,13.7,55.1,6.8,67.4,Combo_HighStudy_LowMarks,Combo_HighScreen_LowHomework,Attendance_Critical
74.5,46.0,16.3,44.6,5.0,31.3,Combo_HighStudy_LowMarks,Combo_HighScreen_LowHomework,Attendance_Critical
52.2,34.2,17.2,48.4,6.4,65.6,Combo_HighStudy_LowMarks,Combo_HighScreen_LowHomework,Attendance_Critical
77.0,52.6,8.3,96.7,7.6,16.9,Combo_LowStudy_LowConsistency,Attendance_Warning,ScreenTime_Critical
65.4,66.0,7.6,99.6,1.8,91.9,Attendance_Critical,StudyHours_Critical,Consistency_Success
68.8,36.0,7.6,74.5,7.4,66.1,Attendance_Critical,StudyHours_Critical,Marks_Critical
87.8,94.5,15.2,94.0,5.0,60.9,ScreenTime_Warning,StudyHours_Success,Marks_Success
67.4,46.3,2.3,70.4,4.7,98.9,Attendance_Critical,StudyHours_Critical,ScreenTime_Warning
94.5,29.9,3.0,69.8,5.7,74.2,Combo_HighScreen_LowHomework,StudyHours_Critical,Marks_Critical
79.3,66.8,18.3,36.9,7.9,19.0,Combo_HighScreen_LowHomework,Attendance_Warning,ScreenTime_Critical
65.7,68.7,16.9,88.6,3.9,29.9,Attendance_Critical,ScreenTime_Warning,Consistency_Warning
84.8,62.8,13.6,70.5,8.0,11.4,Attendance_Warning,ScreenTime_Critical,Consistency_Warning
60.8,83.3,19.6,46.4,1.7,58.5,Attendance_Critical,StudyHours_Success,Marks_Success
54.0,92.7,6.9,89.0,5.7,31.8,Combo_LowStudy_LowConsistency,Attendance_Critical,StudyHours_Critical
79.6,26.1,18.1,71.4,1.1,52.4,Combo_HighStudy_LowMarks,Attendance_Warning,Marks_Critical
52.8,55.3,8.5,35.7,3.4,58.0,Attendance_Critical,ScreenTime_Warning,General_Balanced
67.1,61.4,13.7,44.0,3.9,99.1,Attendance_Critical,ScreenTime_Warning,Consistency_Success
70.4,61.6,18.6,88.8,3.1,78.3,Attendance_Critical,ScreenTime_Warning,StudyHours_Success
54.2,72.3,12.6,74.2,2.7,56.7,Attendance_Critical,General_Balanced,General_Balanced
71.0,54.8,12.4,58.5,5.7,14.2,Combo_HighScreen_LowHomework,Attendance_Critical,ScreenTime_Critical
79.3,50.0,13.9,59.5,1.8,11.0,Attendance_Warning,Consistency_Warning,General_Balanced
98.6,47.8,14.6,51.4,3.3,60.6,Combo_HighStudy_LowMarks,ScreenTime_Warning,Attendance_Success
69.2,79.5,14.0,59.7,3.2,30.1,Attendance_Critical,ScreenTime_Warning,Consistency_Warning
95.4,33.2,5.4,45.2,1.0,90.2,StudyHours_Critical,Marks_Critical,Attendance_Success
61.9,57.5,4.3,64.1,3.3,14.6,Combo_LowStudy_LowConsistency,Attendance_Critical,StudyHours_Critical
99.7,82.1,17.3,89.0,1.9,28.1,Consistency_Warning,Attendance_Success,StudyHours_Success
90.5,69.5,15.4,42.9,5.9,48.4,Combo_HighScreen_LowHomework,ScreenTime_Critical,StudyHours_Success
81.0,34.6,6.5,37.6,7.3,99.9,Combo_HighScreen_LowHomework,Attendance_Warning,StudyHours_Critical
81.0,76.0,14.6,82.3,3.0,59.4,Attendance_Warning,ScreenTime_Warning,General_Balanced
97.7,45.8,19.0,83.3,6.7,12.1,Combo_HighStudy_LowMarks,ScreenTime_Critical,Consistency_Warning
52.1,41.0,3.4,89.8,5.1,81.6,Attendance_Critical,StudyHours_Critical,ScreenTime_Critical
70.3,42.0,3.7,90.0,2.6,57.5,Attendance_Critical,StudyHours_Critical,General_Balanced
71.9,57.6,10.5,89.9,1.5,18.5,Attendance_Critical,Consistency_Warning,General_Balanced
75.1,45.6,4.1,43.5,5.7,41.6,Combo_HighScreen_LowHomework,Attendance_Warning,StudyHours_Critical
63.2,60.8,5.2,83.3,1.9,98.3,Attendance_Critical,StudyHours_Critical,Consistency_Success
92.5,74.9,6.5,82.7,6.3,23.4,Combo_LowStudy_LowConsistency,StudyHours_Critical,ScreenTime_Critical
69.9,47.1,16.8,52.7,6.8,22.1,Combo_HighStudy_LowMarks,Combo_HighScreen_LowHomework,Attendance_Critical
87.0,72.3,2.5,62.5,5.6,53.4,Combo_HighScreen_LowHomework,StudyHours_Critical,ScreenTime_Critical
98.5,63.0,8.4,85.5,3.4,31.4,Combo_LowStudy_LowConsistency,ScreenTime_Warning,Consistency_Warning
78.2,79.4,18.2,40.3,6.2,33.6,Combo_HighScreen_LowHomework,Attendance_Warning,ScreenTime_Critical
50.8,63.9,8.3,90.6,6.3,84.5,Attendance_Critical,ScreenTime_Critical,Consistency_Success
71.5,36.8,11.7,69.2,2.3,25.0,Attendance_Critical,Marks_Critical,Consistency_Warning
96.1,53.7,18.8,75.2,7.3,55.7,ScreenTime_Critical,Attendance_Success,StudyHours_Success
73.5,24.1,10.2,75.2,4.9,68.4,Attendance_Critical,Marks_Critical,ScreenTime_Warning
99.3,81.5,16.1,31.3,1.7,46.7,Attendance_Success,StudyHours_Success,Marks_Success
92.4,72.6,16.7,94.2,3.5,58.3,ScreenTime_Warning,StudyHours_Success,General_Balanced
72.5,81.7,11.8,42.3,3.2,26.5,Attendance_Critical,ScreenTime_Warning,Consistency_Warning
82.3,32.8,13.3,80.6,4.9,78.0,Combo_HighStudy_LowMarks,Attendance_Warning,Marks_Critical
87.3,36.4,16.2,95.0,4.6,62.2,Combo_HighStudy_LowMarks,Marks_Critical,ScreenTime_Warning
52.2,89.9,11.1,47.8,5.9,42.0,Combo_HighScreen_LowHomework,Attendance_Critical,ScreenTime_Critical
58.6,32.4,14.2,76.0,2.6,54.1,Combo_HighStudy_LowMarks,Attendance_Critical,Marks_Critical
76.6,84.2,3.2,68.7,1.8,26.3,Combo_LowStudy_LowConsistency,Attendance_Warning,StudyHours_Critical
82.0,32.1,3.4,48.6,7.8,53.2,Combo_HighScreen_LowHomework,Attendance_Warning,StudyHours_Critical
86.6,27.9,5.5,96.9,3.1,51.7,StudyHours_Critical,Marks_Critical,ScreenTime_Warning
58.4,27.7,13.0,55.7,6.3,63.7,Combo_HighStudy_LowMarks,Combo_HighScreen_LowHomework,Attendance_Critical
56.4,86.7,14.5,54.4,6.1,51.1,Combo_HighScreen_LowHomework,Attendance_Critical,ScreenTime_Critical
67.6,26.5,16.1,31.2,4.2,61.1,Combo_HighStudy_LowMarks,Combo_HighScreen_LowHomework,Attendance_Critical
92.2,52.6,16.1,97.6,6.7,78.3,ScreenTime_Critical,StudyHours_Success,General_Balanced
53.2,90.3,6.8,77.5,1.9,39.8,Combo_LowStudy_LowConsistency,Attendance_Critical,StudyHours_Critical
52.2,38.7,2.6,80.4,3.2,57.2,Attendance_Critical,StudyHours_Critical,Marks_Critical
59.7,47.2,19.0,50.5,1.6,77.5,Combo_HighStudy_LowMarks,Attendance_Critical,StudyHours_Success
81.9,78.6,16.4,31.6,2.0,59.3,Attendance_Warning,StudyHours_Success,General_Balanced
91.6,58.1,2.2,31.7,7.5,46.3,Combo_HighScreen_LowHomework,StudyHours_Critical,ScreenTime_Critical
95.6,62.9,12.4,84.3,5.2,59.9,ScreenTime_Critical,Attendance_Success,General_Balanced
59.8,85.9,4.8,44.2,4.5,32.3,Combo_LowStudy_LowConsistency,Combo_HighScreen_LowHomework,Attendance_Critical
99.8,90.4,13.1,79.7,7.4,64.9,ScreenTime_Critical,Attendance_Success,Marks_Success
58.2,78.9,10.5,60.2,5.6,89.7,Combo_HighScreen_LowHomework,Attendance_Critical,ScreenTime_Critical
